Name;ESR_BC_1_359s_Y_gon_20dg_2

Recipe
Accumulations;5;Number of accumulations
RetryCount;0;Number of retries on error
AbortOnError;True;Abort on error
EnableQFactorMeasurement;False;Enable/Disable q-Factor measurement
Bfrom;313;B from
Bto;363;B to
SweepTime;60;Sweep time
Modulation;0.2;Modulation
ModulationFreq;100;Modulation
BHoldEnabled;False;B hold enabled
BHold;0;B hold
MicrowavePower;2;Microwave power
MarkerEnabled;False;
MarkerStartField;0;
MarkerEndField;0;
Mode;;
KineticGFact;0;
KineticTotalTransientTime;0;
KineticTimeResolution;0;
TempFrom;5;
TempUseSlope;False;
TempTo;5;
TempdT;1;
TempSetupTime;0;
GonFrom;0;
GonTo;180;
GonSteps;20;
XRayEnabled;False;
XRayTime;3;
XRayVoltage;40;
XRayCurrent;0.5;
UVEnabled;False;
UVIntensity;0;
UVTime;0;
UVLeadTime;0;
UVWavelength;0;
PowSweepFrom;1;
PowSweepTo;5;
PowSweepSteps;5;
AmpModSweepFrom;0;
AmpModSweepTo;1;
AmpModSweepSteps;10;
ExtTriggerEnabled;False;
ExtTrigLeadTime;0;
ExtTrigOnTime;5;

Meas
BField [mT];MW_Absorption []
313.028600997925;147.638692571149
313.050221309513;147.546313968044
313.071841621102;147.36250431179
313.09346193269;147.092295679322
313.115082244279;146.725068343821
313.136702555867;146.26818208473
313.158322867455;145.740746120221
313.179943179044;145.143557913139
313.201563490632;144.475473031726
313.223183802221;143.774158918372
313.244804113809;143.066598621673
313.266424425398;142.351264041667
313.288044736986;141.62825673883
313.309665048574;140.894872793133
313.331285360163;140.150150646935
313.352905671751;139.43806517206
313.37452598334;138.790269228113
313.396146294928;138.223592390262
313.417766606517;137.73088141967
313.439386918105;137.300237028942
313.461007229694;136.924208994872
313.482627541282;136.597400771982
313.50424785287;136.320269630058
313.525868164459;136.088024090231
313.547488476047;135.896298915801
313.569108787636;135.736143088696
313.590729099224;135.604546423197
313.612349410813;135.501494807026
313.633969722401;135.430021697019
313.655590033989;135.38949010904
313.677210345578;135.390549295786
313.698830657166;135.438404776868
313.720450968755;135.529473810402
313.742071280343;135.65013957856
313.763691591932;135.793055541695
313.78531190352;135.962353700337
313.806932215108;136.170378759435
313.828552526697;136.426217966821
313.850172838285;136.735684672087
313.871793149874;137.091252491539
313.893413461462;137.473815226147
313.915033773051;137.85498909135
313.936654084639;138.230073296382
313.958274396228;138.594531732216
313.979894707816;138.931256873587
314.001515019404;139.239002764014
314.023135330993;139.526300825659
314.044755642581;139.777004258149
314.06637595417;139.941600744215
314.087996265758;140.001405421268
314.109616577347;139.954465323229
314.131236888935;139.786976872792
314.152857200523;139.524593828358
314.174477512112;139.195444347519
314.1960978237;138.803048704123
314.217718135289;138.341521580291
314.239338446877;137.809639262375
314.260958758466;137.209244049789
314.282579070054;136.54564753143
314.304199381643;135.87267018157
314.325819693231;135.257424725704
314.347440004819;134.722331397017
314.369060316408;134.27448892319
314.390680627996;133.903792935795
314.412300939585;133.613653245991
314.433921251173;133.429667000137
314.455541562762;133.374280641439
314.47716187435;133.433157323436
314.498782185938;133.573442192753
314.520402497527;133.776188601698
314.542022809115;134.005783377975
314.563643120704;134.214012194917
314.585263432292;134.380159895325
314.606883743881;134.501638545934
314.628504055469;134.570994774414
314.650124367058;134.584970797936
314.671744678646;134.537709210878
314.693364990234;134.42005891551
314.714985301823;134.257628072035
314.736605613411;134.081464164561
314.758225925;133.888443174855
314.779846236588;133.676278257116
314.801466548177;133.456559656918
314.823086859765;133.275360529445
314.844707171353;133.15631364227
314.866327482942;133.093299004728
314.88794779453;133.077226915539
314.909568106119;133.09965579739
314.931188417707;133.144487523016
314.952808729296;133.197790751551
314.974429040884;133.245947185608
314.996049352472;133.278948276687
315.017669664061;133.285050266655
315.039289975649;133.253466430854
315.060910287238;133.171413318634
315.082530598826;133.024847038689
315.104150910415;132.847146364021
315.125771222003;132.664419096956
315.147391533592;132.480852134409
315.16901184518;132.295241723124
315.190632156768;132.104046834221
315.212252468357;131.906396867843
315.233872779945;131.715435825449
315.255493091534;131.539809232192
315.277113403122;131.369645759387
315.298733714711;131.188116896977
315.320354026299;130.988408749412
315.341974337887;130.772401879563
315.363594649476;130.535659052258
315.385214961064;130.288242158232
315.406835272653;130.032139708311
315.428455584241;129.766639511032
315.45007589583;129.498274989578
315.471696207418;129.23142007494
315.493316519007;128.974172913545
315.514936830595;128.732549916899
315.536557142183;128.500233868955
315.558177453772;128.27426746587
315.57979776536;128.08655653592
315.601418076949;127.947166107432
315.623038388537;127.838005168732
315.644658700126;127.749085999671
315.666279011714;127.680612343827
315.687899323302;127.634621362241
315.709519634891;127.610803826646
315.731139946479;127.602243366788
315.752760258068;127.6047509243
315.774380569656;127.614281674128
315.796000881245;127.623731794591
315.817621192833;127.624680270472
315.839241504421;127.612526565412
315.86086181601;127.574964410001
315.882482127598;127.500465227092
315.904102439187;127.383053460343
315.925722750775;127.219124628903
315.947343062364;127.000308055897
315.968963373952;126.734365846109
315.990583685541;126.441030174105
316.012203997129;126.120140487279
316.033824308717;125.777617944513
316.055444620306;125.402035424698
316.077064931894;124.996255031172
316.098685243483;124.617583407482
316.120305555071;124.292149253391
316.14192586666;124.01884405622
316.163546178248;123.787306189327
316.185166489836;123.589442930354
316.206786801425;123.427779914086
316.228407113013;123.305166426195
316.250027424602;123.215586619389
316.27164773619;123.13784162118
316.293268047779;123.049914723961
316.314888359367;122.936585896933
316.336508670955;122.789012202695
316.358128982544;122.600764204432
316.379749294132;122.358221206601
316.401369605721;122.063158975183
316.422989917309;121.7535539425
316.444610228898;121.43771095422
316.466230540486;121.101055967989
316.487850852075;120.741437939745
316.509471163663;120.378753961079
316.531091475251;120.032757952402
316.55271178684;119.725729564047
316.574332098428;119.465332428154
316.595952410017;119.241569645734
316.617572721605;119.059026440176
316.639193033194;118.935543999373
316.660813344782;118.866813133988
316.682433656371;118.841294930514
316.704053967959;118.849827494895
316.725674279547;118.888322569335
316.747294591136;118.949470793756
316.768914902724;119.019174425523
316.790535214313;119.084884376113
316.812155525901;119.136530864883
316.83377583749;119.161175955124
316.855396149078;119.144038936106
316.877016460666;119.073153810323
316.898636772255;118.940376468676
316.920257083843;118.734927082981
316.941877395432;118.448741442454
316.96349770702;118.108997685202
316.985118018609;117.764638481351
317.006738330197;117.431753947233
317.028358641785;117.111036668163
317.049978953374;116.820170874059
317.071599264962;116.559898494642
317.093219576551;116.320011964998
317.114839888139;116.0968090744
317.136460199728;115.902091511217
317.158080511316;115.736919082829
317.179700822905;115.584616501163
317.201321134493;115.431710087408
317.222941446081;115.278224778606
317.24456175767;115.126157537809
317.266182069258;114.980412412175
317.287802380847;114.842655889773
317.309422692435;114.719817002046
317.331043004024;114.620583889507
317.352663315612;114.563678585834
317.3742836272;114.560339334932
317.395903938789;114.610049976407
317.417524250377;114.706280813661
317.439144561966;114.83035900099
317.460764873554;114.963613514074
317.482385185143;115.091483398703
317.504005496731;115.201088199357
317.525625808319;115.285614504323
317.547246119908;115.326350456173
317.568866431496;115.303675300735
317.590486743085;115.204790900503
317.612107054673;115.042477713728
317.633727366262;114.846605099002
317.65534767785;114.63738210285
317.676967989439;114.410888148925
317.698588301027;114.163067455812
317.720208612615;113.919770874561
317.741828924204;113.708016448583
317.763449235792;113.534730676769
317.785069547381;113.407733225882
317.806689858969;113.322512526456
317.828310170558;113.274347555298
317.849930482146;113.268679151376
317.871550793734;113.310289394644
317.893171105323;113.40610163795
317.914791416911;113.553022899481
317.9364117285;113.745676693373
317.958032040088;113.986566926098
317.979652351677;114.272227780252
318.001272663265;114.594795348388
318.022892974854;114.947773517273
318.044513286442;115.325699682155
318.06613359803;115.730095351241
318.087753909619;116.205295224397
318.109374221207;116.793275601056
318.130994532796;117.498212004432
318.152614844384;118.196385274415
318.174235155973;118.841578183922
318.195855467561;119.421839499786
318.217475779149;119.921977079613
318.239096090738;120.335904700088
318.260716402326;120.657459756448
318.282336713915;120.871766247798
318.303957025503;120.967114330197
318.325577337092;120.950454640182
318.34719764868;120.829203362867
318.368817960268;120.599465200313
318.390438271857;120.284083433845
318.412058583445;119.929737110883
318.433678895034;119.553368347163
318.455299206622;119.151007380344
318.476919518211;118.735792416457
318.498539829799;118.342462378033
318.520160141388;117.993884557331
318.541780452976;117.702313351187
318.563400764564;117.472927422107
318.585021076153;117.294095023217
318.606641387741;117.141262714195
318.62826169933;116.987130508054
318.649882010918;116.806833378323
318.671502322507;116.583449209105
318.693122634095;116.305123020044
318.714742945683;115.957844678435
318.736363257272;115.540708661651
318.75798356886;115.081394262497
318.779603880449;114.588952578207
318.801224192037;114.049561366483
318.822844503626;113.469784444747
318.844464815214;112.874016909519
318.866085126802;112.271834229328
318.887705438391;111.675529666601
318.909325749979;111.138951817711
318.930946061568;110.699938181051
318.952566373156;110.33854147439
318.974186684745;110.012052178413
318.995806996333;109.690672059155
319.017427307922;109.364528390715
319.03904761951;109.043533857968
319.060667931098;108.735994458334
319.082288242687;108.421067895621
319.103908554275;108.071830089831
319.125528865864;107.674864115266
319.147149177452;107.255263966046
319.168769489041;106.855741128754
319.190389800629;106.501767591904
319.212010112218;106.191691683722
319.233630423806;105.904858886564
319.255250735394;105.616816945772
319.276871046983;105.336912006513
319.298491358571;105.110937672971
319.32011167016;104.947498028733
319.341731981748;104.83910527271
319.363352293337;104.772963462485
319.384972604925;104.759207368385
319.406592916513;104.811849737935
319.428213228102;104.95782508809
319.44983353969;105.164970217097
319.471453851279;105.402146862147
319.493074162867;105.658179186125
319.514694474456;105.96265666176
319.536314786044;106.316616180062
319.557935097632;106.693648495581
319.579555409221;107.070716601587
319.601175720809;107.419676385585
319.622796032398;107.702069364729
319.644416343986;107.914217130747
319.666036655575;108.075038986209
319.687656967163;108.190378292932
319.709277278752;108.256512117365
319.73089759034;108.281228935531
319.752517901928;108.278930168941
319.774138213517;108.254604970118
319.795758525105;108.206645980382
319.817378836694;108.129485673099
319.838999148282;108.028055374091
319.860619459871;107.904676782239
319.882239771459;107.750487551851
319.903860083047;107.552153684061
319.925480394636;107.270897722104
319.947100706224;106.88832608053
319.968721017813;106.421313753388
319.990341329401;105.890416744713
320.01196164099;105.340139114373
320.033581952578;104.791233883815
320.055202264167;104.22978245537
320.076822575755;103.635306649108
320.098442887343;103.033852675707
320.120063198932;102.451195609109
320.14168351052;101.896661537186
320.163303822109;101.376297397693
320.184924133697;100.896808835311
320.206544445286;100.47666994338
320.228164756874;100.120928108689
320.249785068462;99.8205598334753
320.271405380051;99.5766343242037
320.293025691639;99.3949510462658
320.314646003228;99.2715022115225
320.336266314816;99.2014894102947
320.357886626405;99.1783111490668
320.379506937993;99.2033930885791
320.401127249581;99.2702209088389
320.42274756117;99.3703122784964
320.444367872758;99.4916632473504
320.465988184347;99.6121423367325
320.487608495935;99.7210525849378
320.509228807524;99.8248687615174
320.530849119112;99.9283304781759
320.552469430701;100.036104839139
320.574089742289;100.15512469757
320.595710053877;100.292352237624
320.617330365466;100.445072975257
320.638950677054;100.60300387679
320.660570988643;100.764972952332
320.682191300231;100.929085006942
320.70381161182;101.093929751574
320.725431923408;101.25826001505
320.747052234996;101.417089528879
320.768672546585;101.566937745053
320.790292858173;101.70275614321
320.811913169762;101.822748431023
320.83353348135;101.929672390532
320.855153792939;102.035925551211
320.876774104527;102.157827739065
320.898394416115;102.309343523151
320.920014727704;102.476403358184
320.941635039292;102.633282197767
320.963255350881;102.773679374729
320.984875662469;102.897031018967
321.006495974058;102.995117132524
321.028116285646;103.040081417034
321.049736597235;103.01199001855
321.071356908823;102.908566239917
321.092977220411;102.728459325336
321.114597532;102.469255669771
321.136217843588;102.152802754576
321.157838155177;101.822297772019
321.179458466765;101.495708011946
321.201078778354;101.165443020537
321.222699089942;100.823028887943
321.24431940153;100.482310391553
321.265939713119;100.172717164584
321.287560024707;99.9029590250988
321.309180336296;99.6668491959276
321.330800647884;99.4525122085095
321.352420959473;99.2458173369231
321.374041271061;99.0347769117472
321.39566158265;98.8009445955493
321.417281894238;98.5171460380282
321.438902205826;98.1488250248323
321.460522517415;97.6804642878228
321.482142829003;97.1371177474089
321.503763140592;96.5256068465542
321.52538345218;95.8357096715058
321.547003763769;95.1088916620142
321.568624075357;94.4132863299989
321.590244386945;93.7402169090366
321.611864698534;93.0708289002554
321.633485010122;92.4249765139258
321.655105321711;91.8515441979328
321.676725633299;91.3678043273291
321.698345944888;90.9666660791583
321.719966256476;90.6660755787312
321.741586568065;90.5036006395271
321.763206879653;90.4626653379757
321.784827191241;90.5081258863399
321.80644750283;90.6031208584037
321.828067814418;90.7224571401603
321.849688126007;90.8564632597796
321.871308437595;90.9950959340366
321.892928749184;91.1174813087916
321.914549060772;91.2043619833679
321.93616937236;91.238523096847
321.957789683949;91.2190341256741
321.979409995537;91.1637716398173
322.001030307126;91.078927010704
322.022650618714;90.9715919627273
322.044270930303;90.8466840037051
322.065891241891;90.7126735358614
322.087511553479;90.5759034767819
322.109131865068;90.4377430549064
322.130752176656;90.2856121928029
322.152372488245;90.1134338018799
322.173992799833;89.9281801067534
322.195613111422;89.7416737691577
322.21723342301;89.5452004966902
322.238853734599;89.3195606607671
322.260474046187;89.053619588988
322.282094357775;88.7696700571927
322.303714669364;88.5072281654238
322.325334980952;88.2684614547313
322.346955292541;88.0450277673911
322.368575604129;87.8403455392567
322.390195915718;87.6638357413186
322.411816227306;87.5241913550731
322.433436538894;87.4374063310908
322.455056850483;87.4029889777967
322.476677162071;87.3989688170796
322.49829747366;87.4255214896749
322.519917785248;87.4793736106184
322.541538096837;87.5621389305636
322.563158408425;87.6766329909237
322.584778720014;87.8238732796443
322.606399031602;88.0024182925078
322.62801934319;88.2158864470353
322.649639654779;88.4757968704576
322.671259966367;88.759176990334
322.692880277956;89.0382927633253
322.714500589544;89.3177858178604
322.736120901133;89.6300521561923
322.757741212721;89.9862855028133
322.779361524309;90.3236596000876
322.800981835898;90.5522413911753
322.822602147486;90.6893784106457
322.844222459075;90.7403435809469
322.865842770663;90.688271476518
322.887463082252;90.5285222459243
322.90908339384;90.2975419735484
322.930703705428;90.0072986442361
322.952324017017;89.6579282095001
322.973944328605;89.2458331830323
322.995564640194;88.7916605681512
323.017184951782;88.3725344734678
323.038805263371;88.00898212711
323.060425574959;87.6772403292949
323.082045886548;87.3796627362434
323.103666198136;87.175216974924
323.125286509724;87.0527967848206
323.146906821313;86.9912994089667
323.168527132901;86.9818509656308
323.19014744449;87.0135297046431
323.211767756078;87.0743841477887
323.233388067667;87.1548069970089
323.255008379255;87.2470559387394
323.276628690843;87.3352459110708
323.298249002432;87.4082364235227
323.31986931402;87.4555577469656
323.341489625609;87.466015687332
323.363109937197;87.4210169195606
323.384730248786;87.3121056286047
323.406350560374;87.1302029581882
323.427970871962;86.8563377588719
323.449591183551;86.4840643964404
323.471211495139;86.0526619974244
323.492831806728;85.603268303945
323.514452118316;85.1465755531788
323.536072429905;84.6943210366557
323.557692741493;84.2589725717963
323.579313053082;83.8434326983635
323.60093336467;83.4846594013437
323.622553676258;83.2000498210764
323.644173987847;82.9647808666233
323.665794299435;82.7466211835175
323.687414611024;82.5205659703506
323.709034922612;82.2628197462861
323.730655234201;81.9638559588131
323.752275545789;81.5954077012245
323.773895857378;81.1191710653124
323.795516168966;80.4949566817845
323.817136480554;79.8232094305564
323.838756792143;79.138777440179
323.860377103731;78.4253448692547
323.88199741532;77.7096306238592
323.903617726908;77.0339985139672
323.925238038497;76.3797620158508
323.946858350085;75.739302082763
323.968478661673;75.1639733736276
323.990098973262;74.7112492468013
324.01171928485;74.3886093181909
324.033339596439;74.1659943269343
324.054959908027;74.0324483589765
324.076580219616;73.9656469200543
324.098200531204;73.957110579457
324.119820842792;74.0040658195704
324.141441154381;74.1073960429782
324.163061465969;74.253395618227
324.184681777558;74.3892481306765
324.206302089146;74.5177369958328
324.227922400735;74.6314321880297
324.249542712323;74.7154198532236
324.271163023912;74.7605403323976
324.2927833355;74.7637450347361
324.314403647088;74.7170620397913
324.336023958677;74.6207241411968
324.357644270265;74.4825955560259
324.379264581854;74.3239168968015
324.400884893442;74.1513282112296
324.422505205031;73.9666620943162
324.444125516619;73.7801233352613
324.465745828207;73.6091742084998
324.487366139796;73.4607243944276
324.508986451384;73.3382316603286
324.530606762973;73.243457674888
324.552227074561;73.1765207088974
324.57384738615;73.1367990313886
324.595467697738;73.1310034660363
324.617088009326;73.1607089275812
324.638708320915;73.2310303760631
324.660328632503;73.3471332818673
324.681948944092;73.5041944393043
324.70356925568;73.6759792049422
324.725189567269;73.8486541557598
324.746809878857;74.0238953379684
324.768430190446;74.207077752442
324.790050502034;74.4048677702169
324.811670813622;74.6272958449012
324.833291125211;74.8553943381428
324.854911436799;75.0663106355435
324.876531748388;75.2555946978111
324.898152059976;75.4316157863538
324.919772371565;75.5962126669597
324.941392683153;75.7508235387627
324.963012994741;75.8823789454857
324.98463330633;75.9764254759415
325.006253617918;76.0410297548447
325.027873929507;76.0702048919032
325.049494241095;76.0616539970146
325.071114552684;76.0087681722278
325.092734864272;75.9080266022606
325.114355175861;75.7700942787638
325.135975487449;75.6049162539098
325.157595799037;75.4143573494382
325.179216110626;75.2013858561496
325.200836422214;74.9711188902679
325.222456733803;74.7169829309094
325.244077045391;74.4332052351441
325.26569735698;74.114683210975
325.287317668568;73.7561184970748
325.308937980156;73.3355464832116
325.330558291745;72.8521637307211
325.352178603333;72.3722081584649
325.373798914922;71.9022459576295
325.39541922651;71.4080623238162
325.417039538099;70.8729433494369
325.438659849687;70.3153797500782
325.460280161275;69.7684149015492
325.481900472864;69.2465938368212
325.503520784452;68.7469785678973
325.525141096041;68.2537438461861
325.546761407629;67.7722983830119
325.568381719218;67.3324764350715
325.590002030806;66.9514903989495
325.611622342395;66.6404694223438
325.633242653983;66.391308777806
325.654862965571;66.1730208158847
325.67648327716;65.9756022986219
325.698103588748;65.7933968334411
325.719723900337;65.5911819259408
325.741344211925;65.3143336575653
325.762964523514;64.9325962156018
325.784584835102;64.4675550383764
325.80620514669;63.9201253427962
325.827825458279;63.2452598362843
325.849445769867;62.3985892640379
325.871066081456;61.459259438226
325.892686393044;60.5620069329282
325.914306704633;59.7082303870305
325.935927016221;58.8527274301101
325.957547327809;57.9515040460575
325.979167639398;57.0645585675996
326.000787950986;56.3337361252602
326.022408262575;55.7948247485743
326.044028574163;55.4143395538951
326.065648885752;55.1836981803487
326.08726919734;55.1082429170889
326.108889508929;55.1596321321464
326.130509820517;55.29737972565
326.152130132105;55.4944546874984
326.173750443694;55.7416769289552
326.195370755282;56.0102045915603
326.216991066871;56.2488130375118
326.238611378459;56.407419153819
326.260231690048;56.4679101049442
326.281852001636;56.4082563636477
326.303472313225;56.2180000117482
326.325092624813;55.9137490789734
326.346712936401;55.5221214848825
326.36833324799;55.062604865167
326.389953559578;54.5415978325682
326.411573871167;53.9880960588058
326.433194182755;53.4503051765298
326.454814494344;52.931482747933
326.476434805932;52.4317264681186
326.49805511752;51.9834348744878
326.519675429109;51.5913732934186
326.541295740697;51.2357091928917
326.562916052286;50.8908588305837
326.584536363874;50.5554858831582
326.606156675463;50.2462469778589
326.627776987051;49.9630648859217
326.649397298639;49.6918906729248
326.671017610228;49.4190978474455
326.692637921816;49.1340746529772
326.714258233405;48.8348123971305
326.735878544993;48.524751566351
326.757498856582;48.1952864811063
326.77911916817;47.8353159531546
326.800739479759;47.4788082595382
326.822359791347;47.2068709276357
326.843980102935;46.9947984840531
326.865600414524;46.8223312202042
326.887220726112;46.6878724198075
326.908841037701;46.6013443403434
326.930461349289;46.5600050722448
326.952081660878;46.5555943103
326.973701972466;46.5791068121962
326.995322284054;46.6189247819044
327.016942595643;46.6632562869697
327.038562907231;46.6982873562558
327.06018321882;46.7034778761443
327.081803530408;46.6695358900911
327.103423841997;46.5904577879027
327.125044153585;46.4561359357738
327.146664465174;46.2524079919226
327.168284776762;45.97002883215
327.18990508835;45.5934747417668
327.211525399939;45.1185665639799
327.233145711527;44.5413301109642
327.254766023116;43.868579406393
327.276386334704;43.1070443596665
327.298006646293;42.2571118840193
327.319626957881;41.3805977562515
327.341247269469;40.5551206992449
327.362867581058;39.7670166087937
327.384487892646;38.9629595433118
327.406108204235;38.1143777340953
327.427728515823;37.2884389475662
327.449348827412;36.5429416916516
327.470969139;35.8530010695158
327.492589450588;35.1681790570042
327.514209762177;34.4909792486886
327.535830073765;33.8806519545389
327.557450385354;33.3505303945945
327.579070696942;32.8691444745405
327.600691008531;32.401402517766
327.622311320119;31.9042824989887
327.643931631708;31.3613956698358
327.665551943296;30.8031287219618
327.687172254884;30.2472536879599
327.708792566473;29.6644756501771
327.730412878061;29.023071220374
327.75203318965;28.302649013646
327.773653501238;27.5427430648488
327.795273812827;26.8211275690137
327.816894124415;26.1532388325155
327.838514436003;25.4942495645792
327.860134747592;24.813743985397
327.88175505918;24.1445412864772
327.903375370769;23.5009282077091
327.924995682357;22.8627031764246
327.946615993946;22.2290208189201
327.968236305534;21.6660983121275
327.989856617122;21.19373014272
328.011476928711;20.7703985737813
328.033097240299;20.3687443021386
328.054717551888;20.0005795500403
328.076337863476;19.6723737839977
328.097958175065;19.3809798379712
328.119578486653;19.1399218287577
328.141198798242;18.9564105867406
328.16281910983;18.8239478671753
328.184439421418;18.7445787077665
328.206059733007;18.7361576864848
328.227680044595;18.7944808257558
328.249300356184;18.8996307612168
328.270920667772;19.0388203853606
328.292540979361;19.2060826382944
328.314161290949;19.3933295198083
328.335781602537;19.5696451362126
328.357401914126;19.6910042202235
328.379022225714;19.7405746318781
328.400642537303;19.7144791640599
328.422262848891;19.6030927482356
328.44388316048;19.4080290521752
328.465503472068;19.1394137094108
328.487123783657;18.7782820921373
328.508744095245;18.3223304771377
328.530364406833;17.7936611631026
328.551984718422;17.2260786920278
328.57360503001;16.6410347767878
328.595225341599;16.0878852823679
328.616845653187;15.5912469902725
328.638465964776;15.1343041333289
328.660086276364;14.7296865429819
328.681706587952;14.4060159958517
328.703326899541;14.1569023653386
328.724947211129;13.9691886174405
328.746567522718;13.8318544461829
328.768187834306;13.737338095267
328.789808145895;13.6778956067921
328.811428457483;13.645320058825
328.833048769072;13.6318183369939
328.85466908066;13.6295502310699
328.876289392248;13.6313297379994
328.897909703837;13.6294702243785
328.919530015425;13.618644380037
328.941150327014;13.5966683961126
328.962770638602;13.5635880551625
328.984390950191;13.51858315646
329.006011261779;13.4536517375458
329.027631573367;13.3601182345538
329.049251884956;13.2385155759707
329.070872196544;13.0820859563366
329.092492508133;12.8888311901295
329.114112819721;12.6577237902451
329.13573313131;12.3927401600904
329.157353442898;12.0987086814586
329.178973754486;11.7829676740327
329.200594066075;11.4567472030531
329.222214377663;11.1366795578258
329.243834689252;10.837733453372
329.26545500084;10.5696657241705
329.287075312429;10.3535067992912
329.308695624017;10.2092539699093
329.330315935606;10.1378805169262
329.351936247194;10.1313253514721
329.373556558782;10.1854676453857
329.395176870371;10.3105181073159
329.416797181959;10.5057631682238
329.438417493548;10.7050493190045
329.460037805136;10.8846890320933
329.481658116725;11.0459646895189
329.503278428313;11.1776881301159
329.524898739901;11.2442255014588
329.54651905149;11.2467750360411
329.568139363078;11.1914431281421
329.589759674667;11.075415193264
329.611379986255;10.9129555841782
329.633000297844;10.7266611065287
329.654620609432;10.5223065936586
329.676240921021;10.2921648700092
329.697861232609;10.0087675722348
329.719481544197;9.68370913406676
329.741101855786;9.39072205675248
329.762722167374;9.15482288438409
329.784342478963;8.94694542142364
329.805962790551;8.74691936026574
329.82758310214;8.54099620386287
329.849203413728;8.31405082871157
329.870823725316;8.05698976485692
329.892444036905;7.75530187454592
329.914064348493;7.4083644364249
329.935684660082;7.02938378784711
329.95730497167;6.62276438485597
329.978925283259;6.17769175634677
330.000545594847;5.69063106163327
330.022165906435;5.19797079443023
330.043786218024;4.73049619025375
330.065406529612;4.28264751086655
330.087026841201;3.84007582443965
330.108647152789;3.40875144510389
330.130267464378;3.00007858013393
330.151887775966;2.58600240902751
330.173508087555;2.15340699674809
330.195128399143;1.73871526699216
330.216748710731;1.38079573690268
330.23836902232;1.07289408290748
330.259989333908;0.798823055801705
330.281609645497;0.552261554033322
330.303229957085;0.350838814143515
330.324850268674;0.220894554838026
330.346470580262;0.170546225111622
330.36809089185;0.198120961378152
330.389711203439;0.295752332150386
330.411331515027;0.448966607671963
330.432951826616;0.64610501168778
330.454572138204;0.88000230992813
330.476192449793;1.13321064665837
330.497812761381;1.40286830380782
330.519433072969;1.68527886377743
330.541053384558;1.94951972641087
330.562673696146;2.18357898405498
330.584294007735;2.38019989839808
330.605914319323;2.50960138787272
330.627534630912;2.56146207617195
330.6491549425;2.53903856358406
330.670775254089;2.43940625083943
330.692395565677;2.27616693016901
330.714015877265;2.06680252108561
330.735636188854;1.82946503815657
330.757256500442;1.59903448912758
330.778876812031;1.40169747189182
330.800497123619;1.24644007917101
330.822117435208;1.14190858824111
330.843737746796;1.09626108361425
330.865358058384;1.12203465192428
330.886978369973;1.23814672404953
330.908598681561;1.47037756721042
330.93021899315;1.85682098533283
330.951839304738;2.29278148889753
330.973459616327;2.75892479078223
330.995079927915;3.26399370631816
331.016700239504;3.792411177025
331.038320551092;4.31571760390577
331.05994086268;4.79686830930493
331.081561174269;5.18774371512214
331.103181485857;5.46840405134603
331.124801797446;5.6369562602074
331.146422109034;5.68629733676113
331.168042420623;5.60418873859726
331.189662732211;5.38691207051653
331.211283043799;5.04174104434483
331.232903355388;4.5540173489722
331.254523666976;3.92423991509688
331.276143978565;3.21689787121167
331.297764290153;2.52248621726483
331.319384601742;1.8796240770582
331.34100491333;1.27945345770678
331.362625224919;0.699056452518164
331.384245536507;0.108977285504182
331.405865848095;-0.501823576873448
331.427486159684;-1.09082226829688
331.449106471272;-1.62235189440003
331.470726782861;-2.08542426608835
331.492347094449;-2.48911332013924
331.513967406038;-2.85927106099399
331.535587717626;-3.21589107612684
331.557208029214;-3.53582353457568
331.578828340803;-3.80064432311843
331.600448652391;-4.01482338917114
331.62206896398;-4.183448480452
331.643689275568;-4.29883640392359
331.665309587157;-4.3535862288029
331.686929898745;-4.32406295462039
331.708550210334;-4.16908538473851
331.730170521922;-3.88384357489724
331.75179083351;-3.5145618258224
331.773411145099;-3.07124441627292
331.795031456687;-2.54070497381261
331.816651768276;-1.93532847631948
331.838272079864;-1.29823325624471
331.859892391453;-0.678535282465276
331.881512703041;-0.111318596508823
331.903133014629;0.38117962158438
331.924753326218;0.782967133193864
331.946373637806;1.06006664868286
331.967993949395;1.13162403365584
331.989614260983;0.942686678056077
332.011234572572;0.530371563343891
332.03285488416;-0.10045845416073
332.054475195748;-1.03480185108631
332.076095507337;-2.30057264506482
332.097715818925;-3.70545543635947
332.119336130514;-5.17972579436608
332.140956442102;-6.78013793055641
332.162576753691;-8.49107916336706
332.184197065279;-10.1697803197684
332.205817376868;-11.7361452491024
332.227437688456;-13.1579812213144
332.249058000044;-14.4101479185259
332.270678311633;-15.4910484196647
332.292298623221;-16.3489578376121
332.31391893481;-16.9134753463171
332.335539246398;-17.2335310236185
332.357159557987;-17.3566044134824
332.378779869575;-17.3124541392983
332.400400181163;-17.1011749501632
332.422020492752;-16.7346851346248
332.44364080434;-16.2770938695884
332.465261115929;-15.7709099548107
332.486881427517;-15.2289108432511
332.508501739106;-14.6565220487636
332.530122050694;-14.1021891210674
332.551742362282;-13.6073405024307
332.573362673871;-13.1666441801991
332.594982985459;-12.7727789019066
332.616603297048;-12.4415368517125
332.638223608636;-12.1821966665272
332.659843920225;-11.9828649810017
332.681464231813;-11.8335953792293
332.703084543402;-11.7284963707296
332.72470485499;-11.6468102254587
332.746325166578;-11.5659769885706
332.767945478167;-11.4689403881968
332.789565789755;-11.3401175790487
332.811186101344;-11.1704081601268
332.832806412932;-10.9537173514932
332.854426724521;-10.6967249047089
332.876047036109;-10.4096495578066
332.897667347697;-10.1026913856451
332.919287659286;-9.78308231981532
332.940907970874;-9.46255074217044
332.962528282463;-9.15546632147672
332.984148594051;-8.88366962891706
333.00576890564;-8.65259345392937
333.027389217228;-8.45112469817929
333.049009528817;-8.28083544846086
333.070629840405;-8.12926880776183
333.092250151993;-7.98465123177868
333.113870463582;-7.83688700775213
333.13549077517;-7.67730247174657
333.157111086759;-7.49943939492221
333.178731398347;-7.26518838161761
333.200351709936;-6.93562901397939
333.221972021524;-6.53602290042443
333.243592333112;-6.09340926476088
333.265212644701;-5.58638688243749
333.286832956289;-4.96952825222897
333.308453267878;-4.23799910398435
333.330073579466;-3.41862323692069
333.351693891055;-2.50856986910736
333.373314202643;-1.47908681080548
333.394934514232;-0.329110204513256
333.41655482582;0.909443318580657
333.438175137408;2.17608927388864
333.459795448997;3.40512732221634
333.481415760585;4.58619554775549
333.503036072174;5.73099066844333
333.524656383762;6.85929027509437
333.546276695351;7.9191580707874
333.567897006939;8.82424472817397
333.589517318527;9.51831805209608
333.611137630116;10.0580638346692
333.632757941704;10.5001884817869
333.654378253293;10.8287075026578
333.675998564881;11.0265909343305
333.69761887647;11.1133173377119
333.719239188058;11.1147215217096
333.740859499646;11.06490563334
333.762479811235;10.9988556831653
333.784100122823;10.9510514550336
333.805720434412;10.9638598938747
333.827340746;11.067176331004
333.848961057589;11.2917749778754
333.870581369177;11.6553803791073
333.892201680766;12.1642104650148
333.913821992354;12.8492054758774
333.935442303942;13.7730443654139
333.957062615531;15.0308181488418
333.978682927119;16.5352240753142
334.000303238708;18.1065129340156
334.021923550296;19.7141775507795
334.043543861885;21.3968726356612
334.065164173473;23.0422901177804
334.086784485061;24.362577993271
334.10840479665;25.2765082511864
334.130025108238;25.7951216980982
334.151645419827;25.8533294473673
334.173265731415;25.2696476282683
334.194886043004;24.0097341653422
334.216506354592;22.1558232735003
334.238126666181;19.7196050686291
334.259746977769;16.6050385694705
334.281367289357;12.8627949514046
334.302987600946;8.80983233189403
334.324607912534;4.550702573047
334.346228224123;0.00878128250752752
334.367848535711;-4.58766121956506
334.3894688473;-8.75518779904496
334.411089158888;-12.1045868915994
334.432709470476;-14.4733947715132
334.454329782065;-15.9680012894217
334.475950093653;-16.635447839177
334.497570405242;-16.5400475838236
334.51919071683;-15.8002270452204
334.540811028419;-14.4653140650175
334.562431340007;-12.6132663761243
334.584051651595;-10.3986187728784
334.605671963184;-7.91201188421567
334.627292274772;-5.1499501183844
334.648912586361;-2.22045967503206
334.670532897949;0.78213133943197
334.692153209538;3.90073698726309
334.713773521126;7.10312500765215
334.735393832715;10.264581513262
334.757014144303;13.290867980008
334.778634455891;16.183417767498
334.80025476748;19.0395472342005
334.821875079068;21.9674909993596
334.843495390657;24.9488722983223
334.865115702245;27.8685082255694
334.886736013834;30.8023923698945
334.908356325422;33.9941056071962
334.92997663701;37.4984232884976
334.951596948599;41.0953966983662
334.973217260187;44.4662504181002
334.994837571776;47.5727426247179
335.016457883364;50.4554073147474
335.038078194953;53.2850733512526
335.059698506541;56.2061521692709
335.081318818129;59.1702498150682
335.102939129718;61.8560768764087
335.124559441306;64.2093302359063
335.146179752895;66.415136904013
335.167800064483;68.5805219814946
335.189420376072;70.6229434626465
335.21104068766;72.4217232237704
335.232660999249;74.0109516593827
335.254281310837;75.4211582356257
335.275901622425;76.5907362408473
335.297521934014;77.5067358589316
335.319142245602;78.2330408711451
335.340762557191;78.8175655713799
335.362382868779;79.2911349161554
335.384003180368;79.6707757513673
335.405623491956;79.9712416450892
335.427243803544;80.2212173378433
335.448864115133;80.4746274322074
335.470484426721;80.799365066473
335.49210473831;81.2641042154514
335.513725049898;81.9162635131057
335.535345361487;82.7483948656745
335.556965673075;83.7602895684909
335.578585984664;85.0121931803934
335.600206296252;86.6347775590406
335.62182660784;88.8989135617186
335.643446919429;92.0056866609301
335.665067231017;95.645297625402
335.686687542606;99.6356869856987
335.708307854194;104.254857068204
335.729928165783;109.903711640645
335.751548477371;116.845298724223
335.773168788959;124.646367186868
335.794789100548;133.013852566113
335.816409412136;142.284489183579
335.838029723725;152.707303598803
335.859650035313;164.284332517317
335.881270346902;177.393420733093
335.90289065849;193.269911817175
335.924510970079;212.64265131088
335.946131281667;233.650255608226
335.967751593255;255.686257075646
335.989371904844;280.201432408244
336.010992216432;307.969333095411
336.032612528021;338.605539782008
336.054232839609;372.742298176274
336.075853151198;411.947128530187
336.097473462786;457.629624358922
336.119093774374;511.756079779056
336.140714085963;576.335163929952
336.162334397551;650.28663213469
336.18395470914;730.160869375487
336.205575020728;814.680074464598
336.227195332317;907.266427117398
336.248815643905;1012.0198508958
336.270435955494;1126.53840829668
336.292056267082;1245.22540364345
336.31367657867;1370.94437960865
336.335296890259;1513.62278195815
336.356917201847;1671.38812871349
336.378537513436;1813.418516012
336.400157825024;1933.5032244277
336.421778136613;2039.49871608551
336.443398448201;2132.94887154221
336.465018759789;2202.87910828502
336.486639071378;2236.86372900574
336.508259382966;2225.24665745478
336.529879694555;2166.97360142409
336.551500006143;2072.75218430372
336.573120317732;1942.21521995383
336.59474062932;1765.96245783829
336.616360940908;1538.27334270914
336.637981252497;1285.89257049168
336.659601564085;1037.89545411967
336.681221875674;787.401595174927
336.702842187262;516.473316139025
336.724462498851;211.620791296494
336.746082810439;-95.1753859625771
336.767703122028;-383.999749423634
336.789323433616;-657.599977361376
336.810943745204;-905.57685190625
336.832564056793;-1113.37518470015
336.854184368381;-1284.97833575301
336.87580467997;-1425.4440087548
336.897424991558;-1528.16979472045
336.919045303147;-1593.32921418999
336.940665614735;-1627.6965962491
336.962285926323;-1635.04244018061
336.983906237912;-1619.33104744463
337.0055265495;-1585.94591289278
337.027146861089;-1539.99881311763
337.048767172677;-1486.7859071253
337.070387484266;-1428.21017759305
337.092007795854;-1362.26292875597
337.113628107442;-1291.76370116904
337.135248419031;-1223.51239094782
337.156868730619;-1161.42590263087
337.178489042208;-1106.84290706407
337.200109353796;-1059.07602570564
337.221729665385;-1016.29313179668
337.243349976973;-978.008496103555
337.264970288562;-945.415346513977
337.28659060015;-919.028243919767
337.308210911738;-898.950117588751
337.329831223327;-884.283300793275
337.351451534915;-873.617196464257
337.373071846504;-866.139078849541
337.394692158092;-861.062688929676
337.416312469681;-856.954236716876
337.437932781269;-852.636982452554
337.459553092857;-847.104061002646
337.481173404446;-839.430794383687
337.502793716034;-829.179628114406
337.524414027623;-815.96377234627
337.546034339211;-799.202426115674
337.5676546508;-778.721640789838
337.589274962388;-754.06160764662
337.610895273977;-725.261758146711
337.632515585565;-694.621996361116
337.654135897153;-662.972183228775
337.675756208742;-629.092006756472
337.69737652033;-592.782690605641
337.718996831919;-555.070832871637
337.740617143507;-516.91676126465
337.762237455096;-479.555694748296
337.783857766684;-443.227132315905
337.805478078272;-407.650074387625
337.827098389861;-374.327382391975
337.848718701449;-344.400151324792
337.870339013038;-317.85541569028
337.891959324626;-294.321423432552
337.913579636215;-273.076500002647
337.935199947803;-252.588599719085
337.956820259392;-231.056743172491
337.97844057098;-211.021187722087
338.000060882568;-194.966545176203
338.021681194157;-181.633646718276
338.043301505745;-169.822375657924
338.064921817334;-159.339439808944
338.086542128922;-150.018636204059
338.108162440511;-141.343953173267
338.129782752099;-132.736675784744
338.151403063687;-124.236732062659
338.173023375276;-116.896287973719
338.194643686864;-110.79576453316
338.216263998453;-105.350283951996
338.237884310041;-100.084475610611
338.25950462163;-94.7802996180025
338.281124933218;-89.4357090837953
338.302745244806;-83.851533373286
338.324365556395;-77.7687059378394
338.345985867983;-71.2866460156172
338.367606179572;-65.6066234387571
338.38922649116;-60.9485865009875
338.410846802749;-56.8828216597374
338.432467114337;-53.1534735184626
338.454087425926;-49.6474033131204
338.475707737514;-46.5364281609489
338.497328049102;-44.2069786297104
338.518948360691;-42.8427893988225
338.540568672279;-42.3717671769528
338.562188983868;-42.7532018472834
338.583809295456;-44.1249154074386
338.605429607045;-46.7266162552116
338.627049918633;-50.4464570863148
338.648670230221;-54.659203420264
338.67029054181;-58.9452675281014
338.691910853398;-63.3053507324882
338.713531164987;-67.8944711468996
338.735151476575;-72.8180092232667
338.756771788164;-77.4252166567573
338.778392099752;-81.1780112815214
338.800012411341;-84.0989092853979
338.821632722929;-86.5149217987323
338.843253034517;-88.2805746478308
338.864873346106;-88.9987143287542
338.886493657694;-88.8063538470409
338.908113969283;-87.8900099926643
338.929734280871;-86.4256711550876
338.95135459246;-84.664106793536
338.972974904048;-82.8120673628592
338.994595215636;-80.9114330645688
339.016215527225;-78.9070094540285
339.037835838813;-76.8732613544666
339.059456150402;-75.076702044128
339.08107646199;-73.6000778349889
339.102696773579;-72.4213109984167
339.124317085167;-71.471954430677
339.145937396755;-70.6884925581531
339.167557708344;-70.0483545462727
339.189178019932;-69.5294281395362
339.210798331521;-69.0749039568705
339.232418643109;-68.6084112617638
339.254038954698;-68.0468566292086
339.275659266286;-67.3472909698116
339.297279577875;-66.4556527955304
339.318899889463;-65.3773468562597
339.340520201051;-64.1907302520998
339.36214051264;-62.9689526816757
339.383760824228;-61.703832574146
339.405381135817;-60.3183276280919
339.427001447405;-58.7809540712923
339.448621758994;-57.1454909353756
339.470242070582;-55.4813644240792
339.49186238217;-53.9085593873929
339.513482693759;-52.4772838956797
339.535103005347;-51.103746306467
339.556723316936;-49.7280115148548
339.578343628524;-48.4322569649311
339.599963940113;-47.3102811472616
339.621584251701;-46.3554002203464
339.643204563289;-45.524159611998
339.664824874878;-44.7790953770167
339.686445186466;-44.0882898555847
339.708065498055;-43.4381901661772
339.729685809643;-42.8440078336509
339.751306121232;-42.3119752061074
339.77292643282;-41.8361971143309
339.794546744409;-41.3960575137639
339.816167055997;-40.9604833301857
339.837787367585;-40.5119248419142
339.859407679174;-40.0555087310001
339.881027990762;-39.5963049255787
339.902648302351;-39.1176389962744
339.924268613939;-38.6027730909669
339.945888925528;-38.0731384886782
339.967509237116;-37.6114185976637
339.989129548704;-37.230223171355
340.010749860293;-36.9380765178724
340.032370171881;-36.7340097920533
340.05399048347;-36.6085147980934
340.075610795058;-36.5652644000417
340.097231106647;-36.6050243444685
340.118851418235;-36.7481293861107
340.140471729824;-36.997629113514
340.162092041412;-37.3146809389531
340.183712353;-37.6590533391556
340.205332664589;-38.0252738975639
340.226952976177;-38.3891585453894
340.248573287766;-38.7291315543161
340.270193599354;-39.0253969611899
340.291813910943;-39.2319825296784
340.313434222531;-39.3252549628555
340.335054534119;-39.3092356162572
340.356674845708;-39.1853031547612
340.378295157296;-38.9331509921408
340.399915468885;-38.5199712263538
340.421535780473;-38.0090098731044
340.443156092062;-37.4503761262737
340.46477640365;-36.8286946984164
340.486396715239;-36.1161237030832
340.508017026827;-35.346343875211
340.529637338415;-34.5824061401921
340.551257650004;-33.8144675307028
340.572877961592;-33.0654603973582
340.594498273181;-32.3892667324027
340.616118584769;-31.8503858309613
340.637738896358;-31.5825875957192
340.659359207946;-31.5961380103104
340.680979519534;-31.880396539235
340.702599831123;-32.4857448958963
340.724220142711;-33.4292400791211
340.7458404543;-34.686937489767
340.767460765888;-36.2810378905102
340.789081077477;-38.2860148286078
340.810701389065;-40.6396234834573
340.832321700653;-43.0371748008797
340.853942012242;-45.363195940013
340.87556232383;-47.5980692724168
340.897182635419;-49.7620784811226
340.918802947007;-51.7839362201449
340.940423258596;-53.4566889374273
340.962043570184;-54.7635279321028
340.983663881773;-55.82476726283
341.005284193361;-56.686763203208
341.026904504949;-57.321365156899
341.048524816538;-57.7207251307578
341.070145128126;-57.9382483846365
341.091765439715;-58.0179669866853
341.113385751303;-57.9643550289982
341.135006062892;-57.806847126714
341.15662637448;-57.5931500416823
341.178246686068;-57.3285445384261
341.199866997657;-57.0133572361915
341.221487309245;-56.6637137285466
341.243107620834;-56.299508846842
341.264727932422;-55.938898534185
341.286348244011;-55.6004181568445
341.307968555599;-55.292089105783
341.329588867188;-55.009188062644
341.351209178776;-54.7766007808379
341.372829490364;-54.6213809024522
341.394449801953;-54.5303316438504
341.416070113541;-54.4914661615939
341.43769042513;-54.5076458646273
341.459310736718;-54.5743235467241
341.480931048307;-54.6870312016631
341.502551359895;-54.8429249252389
341.524171671483;-55.0332836439971
341.545791983072;-55.2627794404276
341.56741229466;-55.5382563637915
341.589032606249;-55.8329098795125
341.610652917837;-56.1238279403038
341.632273229426;-56.4435756295809
341.653893541014;-56.8103187396925
341.675513852602;-57.22443194158
341.697134164191;-57.683181307505
341.718754475779;-58.1985561569434
341.740374787368;-58.7840762869625
341.761995098956;-59.4381937655129
341.783615410545;-60.1473922132296
341.805235722133;-60.9075986747731
341.826856033722;-61.6726919666781
341.84847634531;-62.3877206773569
341.870096656898;-63.064795868886
341.891716968487;-63.7128848780212
341.913337280075;-64.3300091509767
341.934957591664;-64.9263701816177
341.956577903252;-65.5201262932698
341.978198214841;-66.1310483850529
341.999818526429;-66.7427688655432
342.021438838017;-67.3081115588479
342.043059149606;-67.8139276946667
342.064679461194;-68.269593523311
342.086299772783;-68.6948370192816
342.107920084371;-69.0939882560286
342.12954039596;-69.4719446412466
342.151160707548;-69.8461995231863
342.172781019136;-70.2360688723461
342.194401330725;-70.6526877846907
342.216021642313;-71.056783315746
342.237641953902;-71.3897849261998
342.25926226549;-71.657345668525
342.280882577079;-71.874032953403
342.302502888667;-72.0307307937904
342.324123200256;-72.1003166930166
342.345743511844;-72.0701300096639
342.367363823432;-71.9429217861372
342.388984135021;-71.7251375090863
342.410604446609;-71.4316466008331
342.432224758198;-71.074420321498
342.453845069786;-70.6474373844493
342.475465381375;-70.1350462996573
342.497085692963;-69.6075715563982
342.518706004551;-69.17154935171
342.54032631614;-68.8225319898994
342.561946627728;-68.5331461906686
342.583566939317;-68.2948064571939
342.605187250905;-68.131709544781
342.626807562494;-68.0810874055746
342.648427874082;-68.1457431610767
342.670048185671;-68.3095897753641
342.691668497259;-68.5651839866809
342.713288808847;-68.9102136438212
342.734909120436;-69.3492253542133
342.756529432024;-69.9118923681983
342.778149743613;-70.6338800145831
342.799770055201;-71.4492049039247
342.82139036679;-72.2563555414687
342.843010678378;-73.0744609664422
342.864630989966;-73.9563942118701
342.886251301555;-74.9339537411073
342.907871613143;-75.9618850454276
342.929491924732;-76.9500987908055
342.95111223632;-77.8977891705168
342.972732547909;-78.831959199259
342.994352859497;-79.7521750285848
343.015973171086;-80.6313266764452
343.037593482674;-81.4411422362126
343.059213794262;-82.1891629728525
343.080834105851;-82.8959127379889
343.102454417439;-83.5517959582948
343.124074729028;-84.12805847185
343.145695040616;-84.6285720041049
343.167315352205;-85.0773466783783
343.188935663793;-85.467070100553
343.210555975381;-85.7824734633813
343.23217628697;-86.0266626097505
343.253796598558;-86.2163144795951
343.275416910147;-86.3657671800199
343.297037221735;-86.4815781713725
343.318657533324;-86.570468327065
343.340277844912;-86.6381955146916
343.361898156501;-86.6848630913062
343.383518468089;-86.7111868978294
343.405138779677;-86.7068474512075
343.426759091266;-86.6629246066709
343.448379402854;-86.5818469406506
343.469999714443;-86.4634333146726
343.491620026031;-86.3067366152874
343.51324033762;-86.1072940173159
343.534860649208;-85.8521124719031
343.556480960796;-85.5103827975974
343.578101272385;-85.0746865614873
343.599721583973;-84.6226549821256
343.621341895562;-84.173440957904
343.64296220715;-83.7118484493273
343.664582518739;-83.2364786524925
343.686202830327;-82.7584834539914
343.707823141915;-82.2967731475476
343.729443453504;-81.8611056415178
343.751063765092;-81.4476566772197
343.772684076681;-81.04999758013
343.794304388269;-80.6691690629334
343.815924699858;-80.3052614589826
343.837545011446;-79.9770011742602
343.859165323035;-79.7051120866112
343.880785634623;-79.479368942666
343.902405946211;-79.2932314713073
343.9240262578;-79.1523805559213
343.945646569388;-79.0560031635564
343.967266880977;-79.0038542253532
343.988887192565;-78.9911935180015
344.010507504154;-79.0176656652656
344.032127815742;-79.0765988994388
344.05374812733;-79.1648667119251
344.075368438919;-79.2846874212626
344.096988750507;-79.4408088220313
344.118609062096;-79.629742010173
344.140229373684;-79.8395225153093
344.161849685273;-80.0760891006355
344.183469996861;-80.3655625045249
344.205090308449;-80.6778964625564
344.226710620038;-80.9336379740451
344.248330931626;-81.1394860428946
344.269951243215;-81.311771871005
344.291571554803;-81.4525612113602
344.313191866392;-81.5432776594098
344.33481217798;-81.5490428654474
344.356432489569;-81.4912782696087
344.378052801157;-81.3852948732989
344.399673112745;-81.2447259036622
344.421293424334;-81.0975883975843
344.442913735922;-80.9700928574681
344.464534047511;-80.8835232281713
344.486154359099;-80.847296989183
344.507774670688;-80.8586281556417
344.529394982276;-80.9148500917204
344.551015293864;-81.0125102373538
344.572635605453;-81.1432836665263
344.594255917041;-81.2949472024281
344.61587622863;-81.4570317020506
344.637496540218;-81.6129524499439
344.659116851807;-81.7428920031811
344.680737163395;-81.8331684324406
344.702357474984;-81.8956259043131
344.723977786572;-81.9357728143791
344.74559809816;-81.9611304451499
344.767218409749;-81.9751439308331
344.788838721337;-81.9819065776717
344.810459032926;-81.9831442689542
344.832079344514;-81.9784630567765
344.853699656103;-81.962757267188
344.875319967691;-81.9293789228371
344.896940279279;-81.8718690881809
344.918560590868;-81.7850101660907
344.940180902456;-81.6626655977273
344.961801214045;-81.50562214977
344.983421525633;-81.3204860682036
345.005041837222;-81.1125276515734
345.02666214881;-80.8683887398084
345.048282460398;-80.5882201472262
345.069902771987;-80.335331673661
345.091523083575;-80.1387651963072
345.113143395164;-79.9800546330159
345.134763706752;-79.8457719986349
345.156384018341;-79.728006358795
345.178004329929;-79.6215936422048
345.199624641518;-79.5197870418524
345.221244953106;-79.4045994336463
345.242865264694;-79.2618619350288
345.264485576283;-79.0771676728886
345.286105887871;-78.849057410842
345.30772619946;-78.5742367472533
345.329346511048;-78.2377004789126
345.350966822637;-77.823255576024
345.372587134225;-77.3537833182412
345.394207445813;-76.8628495609267
345.415827757402;-76.3684531455393
345.43744806899;-75.8935380741403
345.459068380579;-75.456342422494
345.480688692167;-75.0577937318355
345.502309003756;-74.6926364647014
345.523929315344;-74.3711958298648
345.545549626933;-74.129245823837
345.567169938521;-74.0034719851485
345.588790250109;-73.9560942043125
345.610410561698;-73.9782629854295
345.632030873286;-74.0770129470255
345.653651184875;-74.2622509266995
345.675271496463;-74.5089166425282
345.696891808052;-74.8147654876162
345.71851211964;-75.1820024359331
345.740132431228;-75.6004495882795
345.761752742817;-76.0696428330449
345.783373054405;-76.6053736881946
345.804993365994;-77.2119484176439
345.826613677582;-77.8267062844229
345.848233989171;-78.4107118515894
345.869854300759;-78.9778469511004
345.891474612348;-79.5179777283623
345.913094923936;-79.9747583366632
345.934715235524;-80.3509724800178
345.956335547113;-80.6654383765058
345.977955858701;-80.9261954181165
345.99957617029;-81.122658918148
346.021196481878;-81.2439796864431
346.042816793467;-81.2919232462853
346.064437105055;-81.2832219870523
346.086057416643;-81.2245797111048
346.107677728232;-81.1210340594841
346.12929803982;-80.9775097978571
346.150918351409;-80.8050167824538
346.172538662997;-80.6183636238935
346.194158974586;-80.4366540133154
346.215779286174;-80.2645178919779
346.237399597762;-80.1021559701083
346.259019909351;-79.9483073372644
346.280640220939;-79.8001299998027
346.302260532528;-79.6557245048007
346.323880844116;-79.5231354339665
346.345501155705;-79.4151851474273
346.367121467293;-79.3162510819234
346.388741778882;-79.2054349358648
346.41036209047;-79.0716576596066
346.431982402058;-78.9109401814868
346.453602713647;-78.7256645645347
346.475223025235;-78.5138366463052
346.496843336824;-78.2624714232298
346.518463648412;-77.9594947021084
346.540083960001;-77.6039397420408
346.561704271589;-77.2120292436501
346.583324583177;-76.8050886510135
346.604944894766;-76.387682633191
346.626565206354;-75.9470462233223
346.648185517943;-75.469716287169
346.669805829531;-74.9680116491245
346.69142614112;-74.4850097344337
346.713046452708;-74.0262150395253
346.734666764296;-73.5613560264857
346.756287075885;-73.0486278763944
346.777907387473;-72.4497345559653
346.799527699062;-71.8026973835677
346.82114801065;-71.2125175779646
346.842768322239;-70.6767250399889
346.864388633827;-70.1796244759175
346.886008945416;-69.738802416948
346.907629257004;-69.3472432776787
346.929249568592;-68.9971408452114
346.950869880181;-68.6931445504675
346.972490191769;-68.4421198108293
346.994110503358;-68.2497765777353
347.015730814946;-68.1294240784709
347.037351126535;-68.1083119244093
347.058971438123;-68.1837207546297
347.080591749711;-68.3221899190332
347.1022120613;-68.4802606257082
347.123832372888;-68.641785469882
347.145452684477;-68.8077051845103
347.167072996065;-68.9732123907839
347.188693307654;-69.1342486054822
347.210313619242;-69.2713279916119
347.231933930831;-69.3633260480728
347.253554242419;-69.417890511577
347.275174554007;-69.4451355389271
347.296794865596;-69.449606447738
347.318415177184;-69.4343918281667
347.340035488773;-69.4060388018644
347.361655800361;-69.3757009671064
347.38327611195;-69.3554696677645
347.404896423538;-69.3496073750218
347.426516735126;-69.3618871896151
347.448137046715;-69.3975224500751
347.469757358303;-69.4576431110148
347.491377669892;-69.5350674756412
347.51299798148;-69.6230435554149
347.534618293069;-69.7176038683005
347.556238604657;-69.8109806981811
347.577858916246;-69.8913526743037
347.599479227834;-69.9448859316452
347.621099539422;-69.9580006052036
347.642719851011;-69.9293662091533
347.664340162599;-69.867751324867
347.685960474188;-69.7873045823432
347.707580785776;-69.7029743311023
347.729201097365;-69.6207946906291
347.750821408953;-69.5472139989382
347.772441720541;-69.4859198545052
347.79406203213;-69.4395799427139
347.815682343718;-69.412845499981
347.837302655307;-69.4077459307167
347.858922966895;-69.4194096955486
347.880543278484;-69.436546439321
347.902163590072;-69.4471884520677
347.923783901661;-69.4428967662734
347.945404213249;-69.4093360021036
347.967024524837;-69.3321323532079
347.988644836426;-69.2106140174604
348.010265148014;-69.055416350962
348.031885459603;-68.8699232917024
348.053505771191;-68.6450788080338
348.07512608278;-68.3630708154591
348.096746394368;-68.0211026480834
348.118366705956;-67.6553125198554
348.139987017545;-67.2832013898968
348.161607329133;-66.888055519295
348.183227640722;-66.4469166761117
348.20484795231;-65.9748094032553
348.226468263899;-65.5268839651069
348.248088575487;-65.1256685356421
348.269708887075;-64.7703205247178
348.291329198664;-64.4665482395382
348.312949510252;-64.2328527482886
348.334569821841;-64.0870536536254
348.356190133429;-64.0241656550285
348.377810445018;-64.034532622649
348.399430756606;-64.1177713186472
348.421051068195;-64.2669493855815
348.442671379783;-64.4782487260866
348.464291691371;-64.7473929805076
348.48591200296;-65.0633181055695
348.507532314548;-65.4029033367893
348.529152626137;-65.7262107337688
348.550772937725;-65.9869744925092
348.572393249314;-66.181393834534
348.594013560902;-66.3230022442689
348.61563387249;-66.4081635952238
348.637254184079;-66.4155335189884
348.658874495667;-66.3326218638106
348.680494807256;-66.1708435388929
348.702115118844;-65.9336324555028
348.723735430433;-65.595558484715
348.745355742021;-65.1443206347967
348.766976053609;-64.6155477745691
348.788596365198;-64.0372777719784
348.810216676786;-63.4019709454799
348.831836988375;-62.729518656014
348.853457299963;-62.0757038071128
348.875077611552;-61.4642863590247
348.89669792314;-60.8496318233215
348.918318234729;-60.1947968231417
348.939938546317;-59.4882623801075
348.961558857905;-58.8535567168214
348.983179169494;-58.3681236941844
349.004799481082;-58.0016354912873
349.026419792671;-57.7190162203596
349.048040104259;-57.5142391623526
349.069660415848;-57.3987224300354
349.091280727436;-57.3939604629989
349.112901039024;-57.5499173947918
349.134521350613;-57.8975289461273
349.156141662201;-58.3362104770793
349.17776197379;-58.7920323025535
349.199382285378;-59.2640758879564
349.221002596967;-59.7743800269755
349.242622908555;-60.351213300058
349.264243220144;-60.9338411212293
349.285863531732;-61.460664997193
349.30748384332;-61.9139841795755
349.329104154909;-62.2320895705325
349.350724466497;-62.3946996651805
349.372344778086;-62.4234977700116
349.393965089674;-62.3254500604946
349.415585401263;-62.0911440480498
349.437205712851;-61.7207163948226
349.458826024439;-61.249760034525
349.480446336028;-60.7237841505955
349.502066647616;-60.1559280024063
349.523686959205;-59.5618890412167
349.545307270793;-58.9839386734965
349.566927582382;-58.4898589581096
349.58854789397;-58.1214841708947
349.610168205558;-57.8594719439266
349.631788517147;-57.6853239079873
349.653408828735;-57.6023069102521
349.675029140324;-57.6194034169258
349.696649451912;-57.7405312113829
349.718269763501;-57.9547941600908
349.739890075089;-58.2156330975498
349.761510386678;-58.5009496281142
349.783130698266;-58.8155188693365
349.804751009854;-59.169070366671
349.826371321443;-59.5352340214043
349.847991633031;-59.8854841449473
349.86961194462;-60.2097937987691
349.891232256208;-60.5228925976254
349.912852567797;-60.8258850558025
349.934472879385;-61.1165706037703
349.956093190973;-61.3790894802759
349.977713502562;-61.5826751892689
349.99933381415;-61.7242451791042
350.020954125739;-61.8228864322744
350.042574437327;-61.8836256016631
350.064194748916;-61.9023243175738
350.085815060504;-61.8821575197472
350.107435372093;-61.8303281354031
350.129055683681;-61.7496142904174
350.150675995269;-61.6564962368761
350.172296306858;-61.5619911143334
350.193916618446;-61.4639206995795
350.215536930035;-61.3637164549187
350.237157241623;-61.2749965943487
350.258777553212;-61.2213211647747
350.2803978648;-61.1976658242087
350.302018176388;-61.2036881224509
350.323638487977;-61.2427990277017
350.345258799565;-61.320442911238
350.366879111154;-61.4406628221174
350.388499422742;-61.5948518921639
350.410119734331;-61.7778650153718
350.431740045919;-61.9974109800252
350.453360357508;-62.2630409150761
350.474980669096;-62.5537212041215
350.496600980684;-62.8483241130983
350.518221292273;-63.1440985400626
350.539841603861;-63.4493477227466
350.56146191545;-63.7609669385054
350.583082227038;-64.0581007029535
350.604702538627;-64.3365107490417
350.626322850215;-64.5966594837997
350.647943161803;-64.820579889291
350.669563473392;-64.9859343271413
350.69118378498;-65.1075205208324
350.712804096569;-65.1980061568555
350.734424408157;-65.2592446749286
350.756044719746;-65.3042253503246
350.777665031334;-65.3360340860285
350.799285342922;-65.363359269098
350.820905654511;-65.3941916440702
350.842525966099;-65.4366485416369
350.864146277688;-65.4965177658794
350.885766589276;-65.5748575960982
350.907386900865;-65.6687466929566
350.929007212453;-65.7785159843985
350.950627524042;-65.9048901777844
350.97224783563;-66.0482913216954
350.993868147218;-66.2050771273191
351.015488458807;-66.3631172698491
351.037108770395;-66.5104965519954
351.058729081984;-66.634714484406
351.080349393572;-66.7325654244318
351.101969705161;-66.8051956067858
351.123590016749;-66.8490518814012
351.145210328337;-66.8610822180125
351.166830639926;-66.8354060407059
351.188450951514;-66.7583779026701
351.210071263103;-66.6344096214187
351.231691574691;-66.476856828329
351.25331188628;-66.2854227283961
351.274932197868;-66.0379373529887
351.296552509456;-65.6854833160077
351.318172821045;-65.2009748775908
351.339793132633;-64.6819575498945
351.361413444222;-64.1924245364715
351.38303375581;-63.7398302138623
351.404654067399;-63.3052653614776
351.426274378987;-62.8779309712948
351.447894690576;-62.462112070297
351.469515002164;-62.0922978056043
351.491135313752;-61.8069588833395
351.512755625341;-61.6026414283542
351.534375936929;-61.4661272858127
351.555996248518;-61.3931948188383
351.577616560106;-61.3704876426618
351.599236871695;-61.3769585967956
351.620857183283;-61.3839804900844
351.642477494871;-61.3609492817256
351.66409780646;-61.2826644905913
351.685718118048;-61.1240341904987
351.707338429637;-60.8672089582948
351.728958741225;-60.5065465268027
351.750579052814;-60.0348233298892
351.772199364402;-59.4588545992949
351.793819675991;-58.8249642574532
351.815439987579;-58.1654705235609
351.837060299167;-57.4666422446688
351.858680610756;-56.6839436408937
351.880300922344;-55.852696957905
351.901921233933;-55.0948664883978
351.923541545521;-54.4217681307846
351.94516185711;-53.7770186891246
351.966782168698;-53.1685505365544
351.988402480286;-52.6638730206613
352.010022791875;-52.2940210460034
352.031643103463;-52.0255375311557
352.053263415052;-51.8248979543876
352.07488372664;-51.6756947217546
352.096504038229;-51.565259862977
352.118124349817;-51.4763168076092
352.139744661406;-51.3952038965551
352.161364972994;-51.3151888095416
352.182985284582;-51.233990870927
352.204605596171;-51.1525699203646
352.226225907759;-51.0726461936741
352.247846219348;-50.9972268387741
352.269466530936;-50.9323485152012
352.291086842525;-50.8881379200247
352.312707154113;-50.8777795747476
352.334327465701;-50.9120289068225
352.35594777729;-50.9996041727416
352.377568088878;-51.1512632927767
352.399188400467;-51.3793164847985
352.420808712055;-51.6834790504346
352.442429023644;-52.0540862171021
352.464049335232;-52.4775881143573
352.485669646821;-52.936139470849
352.507289958409;-53.3977165869914
352.528910269997;-53.8390411968783
352.550530581586;-54.2612425536687
352.572150893174;-54.674359438824
352.593771204763;-55.0441325555434
352.615391516351;-55.3075102125169
352.63701182794;-55.4602436456006
352.658632139528;-55.5258174391202
352.680252451116;-55.499030633715
352.701872762705;-55.3570623057069
352.723493074293;-55.1125312916798
352.745113385882;-54.8076897187631
352.76673369747;-54.4613612313175
352.788354009059;-54.0696740868753
352.809974320647;-53.6279094894319
352.831594632235;-53.1547190168191
352.853214943824;-52.6875364464449
352.874835255412;-52.2743457836849
352.896455567001;-51.9584952353968
352.918075878589;-51.7643822040181
352.939696190178;-51.6810144601653
352.961316501766;-51.6891458985625
352.982936813355;-51.7795927103751
353.004557124943;-51.9519814024186
353.026177436531;-52.1992352617215
353.04779774812;-52.4997474694655
353.069418059708;-52.8353803285386
353.091038371297;-53.171020279577
353.112658682885;-53.4774591006712
353.134278994474;-53.7385608700391
353.155899306062;-53.9353997057585
353.17751961765;-54.0593432984133
353.199139929239;-54.1258403062157
353.220760240827;-54.1470937677794
353.242380552416;-54.1259452639353
353.264000864004;-54.0643324456696
353.285621175593;-53.9696890696323
353.307241487181;-53.8521834342183
353.328861798769;-53.7203343478838
353.350482110358;-53.5761802082987
353.372102421946;-53.4123499627531
353.393722733535;-53.231041808186
353.415343045123;-53.0353937063626
353.436963356712;-52.8130863495118
353.4585836683;-52.5494424200762
353.480203979889;-52.2688924555283
353.501824291477;-52.0004905880337
353.523444603065;-51.7401681081444
353.545064914654;-51.4704174795111
353.566685226242;-51.166287505531
353.588305537831;-50.848637634908
353.609925849419;-50.5486331946426
353.631546161008;-50.2623356516724
353.653166472596;-49.9806640968319
353.674786784184;-49.7050797266826
353.696407095773;-49.4258804222422
353.718027407361;-49.1371679137931
353.73964771895;-48.8900268309437
353.761268030538;-48.6915144773834
353.782888342127;-48.52904384006
353.804508653715;-48.3857951241189
353.826128965304;-48.2718271155964
353.847749276892;-48.1927212771992
353.86936958848;-48.1487628965895
353.890989900069;-48.1428727291678
353.912610211657;-48.1834673746984
353.934230523246;-48.2730351236514
353.955850834834;-48.4059943724724
353.977471146423;-48.5872623963201
353.999091458011;-48.818370334182
354.020711769599;-49.0981739630439
354.042332081188;-49.4454401520882
354.063952392776;-49.9161580191368
354.085572704365;-50.5392807290383
354.107193015953;-51.1579483982012
354.128813327542;-51.7610117793453
354.15043363913;-52.4194730956047
354.172053950718;-53.151393530469
354.193674262307;-53.8507125774763
354.215294573895;-54.4701160656552
354.236914885484;-55.0396730328622
354.258535197072;-55.5788021963164
354.280155508661;-56.0755586684141
354.301775820249;-56.4960536381142
354.323396131838;-56.7811565464571
354.345016443426;-56.9022354812096
354.366636755014;-56.883299499963
354.388257066603;-56.7556233796888
354.409877378191;-56.520490361135
354.43149768978;-56.1792223343654
354.453118001368;-55.7843919055363
354.474738312957;-55.3878062464483
354.496358624545;-55.0101976287999
354.517978936133;-54.6984262935072
354.539599247722;-54.4780575209271
354.56121955931;-54.3450512339617
354.582839870899;-54.3126398416704
354.604460182487;-54.3924632208086
354.626080494076;-54.5917952076627
354.647700805664;-54.9009020197775
354.669321117252;-55.2592530936276
354.690941428841;-55.6249639973912
354.712561740429;-56.0098387549168
354.734182052018;-56.4159016961785
354.755802363606;-56.8076906551805
354.777422675195;-57.1508877533528
354.799042986783;-57.4371228014038
354.820663298372;-57.6586472593693
354.84228360996;-57.8141206353581
354.863903921548;-57.9045617443382
354.885524233137;-57.9369555593024
354.907144544725;-57.917747628816
354.928764856314;-57.850920780712
354.950385167902;-57.7316820831352
354.972005479491;-57.5448680032058
354.993625791079;-57.2777567286579
355.015246102668;-56.9235386788293
355.036866414256;-56.4710658689962
355.058486725844;-55.9015911256515
355.080107037433;-55.2044573936528
355.101727349021;-54.4413467490255
355.12334766061;-53.6607794646801
355.144967972198;-52.8889483607252
355.166588283787;-52.1680148769498
355.188208595375;-51.4797369826206
355.209828906963;-50.8238508652361
355.231449218552;-50.229770222118
355.25306953014;-49.6961017520966
355.274689841729;-49.2108645817208
355.296310153317;-48.768577615583
355.317930464906;-48.3945962008902
355.339550776494;-48.090001254837
355.361171088082;-47.8226806579957
355.382791399671;-47.5820370217374
355.404411711259;-47.3708404497702
355.426032022848;-47.1958481628961
355.447652334436;-47.0574883741788
355.469272646025;-46.9571247674593
355.490892957613;-46.8984409654537
355.512513269202;-46.892844387119
355.53413358079;-46.9315642391797
355.555753892378;-47.0103726683774
355.577374203967;-47.1236135425467
355.598994515555;-47.2652603642145
355.620614827144;-47.4226712802532
355.642235138732;-47.5628019764752
355.663855450321;-47.6552203773411
355.685475761909;-47.6952930660475
355.707096073497;-47.6829589320388
355.728716385086;-47.6140075800888
355.750336696674;-47.4737124683019
355.771957008263;-47.248875653848
355.793577319851;-46.9754995156283
355.81519763144;-46.6916073159522
355.836817943028;-46.3979201682204
355.858438254616;-46.0961869663719
355.880058566205;-45.8084164834676
355.901678877793;-45.5421995283472
355.923299189382;-45.2955639773292
355.94491950097;-45.0712551659764
355.966539812559;-44.8761141144848
355.988160124147;-44.7063771847758
356.009780435736;-44.5498508620604
356.031400747324;-44.3955153038535
356.053021058912;-44.2373461026696
356.074641370501;-44.0666238585614
356.096261682089;-43.8742921530768
356.117881993678;-43.6617468410711
356.139502305266;-43.4463413543171
356.161122616855;-43.2365431723787
356.182742928443;-43.0388499139163
356.204363240031;-42.8747183766585
356.22598355162;-42.7678031511327
356.247603863208;-42.7243827132066
356.269224174797;-42.7566227774994
356.290844486385;-42.8667433950215
356.312464797974;-43.0379318390746
356.334085109562;-43.2731319864092
356.355705421151;-43.5800444262385
356.377325732739;-43.9345765266146
356.398946044327;-44.2980518541499
356.420566355916;-44.6506457730683
356.442186667504;-44.9587116867716
356.463806979093;-45.230704000068
356.485427290681;-45.4740056882138
356.50704760227;-45.6807344020785
356.528667913858;-45.8226092058545
356.550288225446;-45.8766513127065
356.571908537035;-45.8442413067222
356.593528848623;-45.7207711794713
356.615149160212;-45.492966191481
356.6367694718;-45.1823488478513
356.658389783389;-44.8471192222798
356.680010094977;-44.5341396641926
356.701630406565;-44.2618275493973
356.723250718154;-44.0327429235181
356.744871029742;-43.8463871648117
356.766491341331;-43.7177449599909
356.788111652919;-43.6713649667306
356.809731964508;-43.7003132371544
356.831352276096;-43.7730727864964
356.852972587685;-43.8619734799074
356.874592899273;-43.9512915575692
356.896213210861;-44.0241905808648
356.91783352245;-44.0671381224149
356.939453834038;-44.0728916137713
356.961074145627;-44.038737361772
356.982694457215;-43.9658240533901
357.004314768804;-43.8535655038918
357.025935080392;-43.6967774435309
357.047555391981;-43.4986348967554
357.069175703569;-43.3052498313204
357.090796015157;-43.1508510199887
357.112416326746;-43.0401913493255
357.134036638334;-42.9757615559214
357.155656949923;-42.9688592980346
357.177277261511;-43.0183445846985
357.1988975731;-43.1146425268714
357.220517884688;-43.2478122833071
357.242138196276;-43.4091708349605
357.263758507865;-43.5782836412687
357.285378819453;-43.7272009503901
357.306999131042;-43.8405824502396
357.32861944263;-43.9118634359448
357.350239754219;-43.9327073688722
357.371860065807;-43.8924361066709
357.393480377395;-43.78507368284
357.415100688984;-43.6094755966166
357.436721000572;-43.3713559405622
357.458341312161;-43.0790872767587
357.479961623749;-42.752672311279
357.501581935338;-42.4107057405309
357.523202246926;-42.0506441342557
357.544822558515;-41.6395576045175
357.566442870103;-41.1373106421784
357.588063181691;-40.5827005783511
357.60968349328;-40.017009539685
357.631303804868;-39.451285807415
357.652924116457;-38.9039398364257
357.674544428045;-38.3822733769198
357.696164739634;-37.8750291996962
357.717785051222;-37.3698307840691
357.73940536281;-36.8693271600845
357.761025674399;-36.3684509604004
357.782645985987;-35.8563641058421
357.804266297576;-35.3294964442783
357.825886609164;-34.8618564770673
357.847506920753;-34.50766547064
357.869127232341;-34.2432569769923
357.890747543929;-34.0612523686287
357.912367855518;-33.962272821974
357.933988167106;-33.9455361880955
357.955608478695;-34.0137448024749
357.977228790283;-34.1717298603902
357.998849101872;-34.4117379659694
358.02046941346;-34.7113256502708
358.042089725049;-35.0576545205339
358.063710036637;-35.4478717171943
358.085330348225;-35.8862115214555
358.106950659814;-36.3624766527589
358.128570971402;-36.8560800346242
358.150191282991;-37.332363649079
358.171811594579;-37.7889076532332
358.193431906168;-38.2361109720895
358.215052217756;-38.6696204152234
358.236672529344;-39.0657970049755
358.258292840933;-39.4269626628651
358.279913152521;-39.787000444187
358.30153346411;-40.1564503030481
358.323153775698;-40.492798748613
358.344774087287;-40.7603773594502
358.366394398875;-40.9604426883643
358.388014710463;-41.0920703773791
358.409635022052;-41.1543377616262
358.43125533364;-41.1292802115387
358.452875645229;-41.0020237857652
358.474495956817;-40.8057900033644
358.496116268406;-40.5688816592606
358.517736579994;-40.2992621679008
358.539356891583;-40.0077029439281
358.560977203171;-39.7090472716693
358.582597514759;-39.4113681654376
358.604217826348;-39.126790946917
358.625838137936;-38.8757040406536
358.647458449525;-38.672248932725
358.669078761113;-38.5247368234619
358.690699072702;-38.4388422135895
358.71231938429;-38.4051900685814
358.733939695878;-38.4046435252996
358.755560007467;-38.4256143984209
358.777180319055;-38.4600568929854
358.798800630644;-38.5070507615323
358.820420942232;-38.5626277847058
358.842041253821;-38.6280659107413
358.863661565409;-38.7013908386196
358.885281876998;-38.7852450601476
358.906902188586;-38.8824091187707
358.928522500174;-38.9926778740791
358.950142811763;-39.1160521023943
358.971763123351;-39.2606472860593
358.99338343494;-39.4345211689536
359.015003746528;-39.628223257483
359.036624058117;-39.8318111174271
359.058244369705;-40.0456185781698
359.079864681293;-40.2685004112861
359.101484992882;-40.4855107640926
359.12310530447;-40.6798843206636
359.144725616059;-40.8311488373791
359.166345927647;-40.9382476725631
359.187966239236;-41.0063113784669
359.209586550824;-41.0270016293105
359.231206862412;-40.9845604010206
359.252827174001;-40.8744089130703
359.274447485589;-40.6927100204712
359.296067797178;-40.4313021353022
359.317688108766;-40.0713148990489
359.339308420355;-39.6083836805433
359.360928731943;-39.0758004412457
359.382549043532;-38.4805907097456
359.40416935512;-37.8370217212184
359.425789666708;-37.1833627805879
359.447409978297;-36.5528931582872
359.469030289885;-35.9550761050247
359.490650601474;-35.3755534254032
359.512270913062;-34.8075233078029
359.533891224651;-34.2703115970068
359.555511536239;-33.7831978661319
359.577131847828;-33.3506785125603
359.598752159416;-32.9713366006003
359.620372471004;-32.6398005762659
359.641992782593;-32.3576164975803
359.663613094181;-32.1269922359936
359.68523340577;-31.9431214616551
359.706853717358;-31.8046531091181
359.728474028947;-31.7116285139971
359.750094340535;-31.682624280952
359.771714652123;-31.7225115708009
359.793334963712;-31.8396134857393
359.8149552753;-32.042110040952
359.836575586889;-32.3385885380908
359.858195898477;-32.7132604128392
359.879816210066;-33.1455493948718
359.901436521654;-33.6325653271894
359.923056833242;-34.1594284593239
359.944677144831;-34.6887901900736
359.966297456419;-35.1852130682354
359.987917768008;-35.6246449092625
360.009538079596;-36.001909897597
360.031158391185;-36.3230389560156
360.052778702773;-36.5857174833679
360.074399014362;-36.7909899433058
360.09601932595;-36.9492950647734
360.117639637538;-37.0688445664111
360.139259949127;-37.1557771720063
360.160880260715;-37.2184562411888
360.182500572304;-37.2634183046236
360.204120883892;-37.2998045798997
360.225741195481;-37.3247053152053
360.247361507069;-37.3390751183042
360.268981818657;-37.3406796282026
360.290602130246;-37.3248342603015
360.312222441834;-37.2914283119472
360.333842753423;-37.2349255359997
360.355463065011;-37.1518637171825
360.3770833766;-37.0384644827138
360.398703688188;-36.9009366764672
360.420323999776;-36.7492772953765
360.441944311365;-36.5862965028828
360.463564622953;-36.4048644177327
360.485184934542;-36.1974661849705
360.50680524613;-35.9535088136089
360.528425557719;-35.6557985529213
360.550045869307;-35.3209319659988
360.571666180896;-34.9702683460724
360.593286492484;-34.5796316484304
360.614906804072;-34.12703969893
360.636527115661;-33.6112573796522
360.658147427249;-33.0372243051057
360.679767738838;-32.3984105148731
360.701388050426;-31.6892629618
360.723008362015;-30.956934293986
360.744628673603;-30.2732310132777
360.766248985191;-29.610647779551
360.78786929678;-28.9446769600529
360.809489608368;-28.3301192345914
360.831109919957;-27.8392863628472
360.852730231545;-27.4728626546436
360.874350543134;-27.2189008564194
360.895970854722;-27.0827850343486
360.917591166311;-27.0568753019388
360.939211477899;-27.1386897999276
360.960831789487;-27.322069974711
360.982452101076;-27.576836336033
361.004072412664;-27.877166494373
361.025692724253;-28.2124987697018
361.047313035841;-28.5441609955509
361.06893334743;-28.8336996181638
361.090553659018;-29.0829616930374
361.112173970606;-29.2974383860394
361.133794282195;-29.4703985479682
361.155414593783;-29.5911019680713
361.177034905372;-29.6593759033233
361.19865521696;-29.6892302294307
361.220275528549;-29.6998223330042
361.241895840137;-29.7114620747422
361.263516151725;-29.7448919557206
361.285136463314;-29.8110388295231
361.306756774902;-29.9266412816696
361.328377086491;-30.1131171988932
361.349997398079;-30.3903061952622
361.371617709668;-30.7701195848855
361.393238021256;-31.2384579442906
361.414858332845;-31.7871720968838
361.436478644433;-32.4188417928036
361.458098956021;-33.1147878189488
361.47971926761;-33.7891041362907
361.501339579198;-34.3742993975432
361.522959890787;-34.8869818500078
361.544580202375;-35.3612228381369
361.566200513964;-35.8070328626636
361.587820825552;-36.1596648208876
361.60944113714;-36.3317760788612
361.631061448729;-36.3556579805158
361.652681760317;-36.2722584830996
361.674302071906;-36.0981295561403
361.695922383494;-35.8476997275572
361.717542695083;-35.5331149362873
361.739163006671;-35.1536037843653
361.76078331826;-34.6763975955872
361.782403629848;-34.1021845033079
361.804023941436;-33.4092110684863
361.825644253025;-32.5913789061091
361.847264564613;-31.7846193559402
361.868884876202;-31.069898644331
361.89050518779;-30.4254186599318
361.912125499379;-29.8150219964544
361.933745810967;-29.2205964331684
361.955366122555;-28.6495704664079
361.976986434144;-28.124647282747
361.998606745732;-27.6827233203241
362.020227057321;-27.3437118073571
362.041847368909;-27.1096465465855
362.063467680498;-26.9534034652136
362.085087992086;-26.8507441331646
362.106708303675;-26.7919242763369
362.128328615263;-26.7739730558477
362.149948926851;-26.7935793049184
362.17156923844;-26.847975446216
362.193189550028;-26.9379385558121
362.214809861617;-27.0705851417747
362.236430173205;-27.2444104421863
362.258050484794;-27.4451444915983
362.279670796382;-27.6709038363475
362.30129110797;-27.9466466014924
362.322911419559;-28.2454926829785
362.344531731147;-28.4911821090573
362.366152042736;-28.6779934654392
362.387772354324;-28.8179314158484
362.409392665913;-28.9073310423472
362.431012977501;-28.9345895833201
362.452633289089;-28.9015846888949
362.474253600678;-28.8174742361312
362.495873912266;-28.6801475682557
362.517494223855;-28.5043438413152
362.539114535443;-28.3116640016783
362.560734847032;-28.1171248498515
362.58235515862;-27.9519622461387
362.603975470209;-27.8538442239291
362.625595781797;-27.8302023363941
362.647216093385;-27.8909330252818
362.668836404974;-28.0408697737551
362.690456716562;-28.2368159747775
362.712077028151;-28.4473896824457
362.733697339739;-28.6687148902106
362.755317651328;-28.8956786804365
362.776937962916;-29.1056337196254
362.798558274504;-29.2695246547967
362.820178586093;-29.3830057318593
362.841798897681;-29.4235220502446
362.86341920927;-29.3719920319765
362.885039520858;-29.2488820354197
362.906659832447;-29.0805907283228
362.928280144035;-28.8770437431554
362.949900455623;-28.6339361079461
362.971520767212;-28.3307318588249
