Name;ESR_BC_1_Natural_Y_gon_80dg_result

Recipe
Accumulations;5;Number of accumulations
RetryCount;0;Number of retries on error
AbortOnError;True;Abort on error
EnableQFactorMeasurement;False;Enable/Disable q-Factor measurement
Bfrom;313;B from
Bto;363;B to
SweepTime;60;Sweep time
Modulation;0.2;Modulation
ModulationFreq;100;Modulation
BHoldEnabled;False;B hold enabled
BHold;0;B hold
MicrowavePower;2;Microwave power
MarkerEnabled;False;
MarkerStartField;0;
MarkerEndField;0;
Mode;;
KineticGFact;0;
KineticTotalTransientTime;0;
KineticTimeResolution;0;
TempFrom;5;
TempUseSlope;False;
TempTo;5;
TempdT;1;
TempSetupTime;0;
GonFrom;0;
GonTo;180;
GonSteps;20;
XRayEnabled;False;
XRayTime;3;
XRayVoltage;40;
XRayCurrent;0.5;
UVEnabled;False;
UVIntensity;0;
UVTime;0;
UVLeadTime;0;
UVWavelength;0;
PowSweepFrom;1;
PowSweepTo;5;
PowSweepSteps;5;
AmpModSweepFrom;0;
AmpModSweepTo;1;
AmpModSweepSteps;10;
ExtTriggerEnabled;False;
ExtTrigLeadTime;0;
ExtTrigOnTime;5;

Meas
BField [mT];MW_Absorption []
313.030683288574;171.385584192594
313.052309538295;170.717120059734
313.073935788015;169.957873898009
313.095562037736;169.06490476981
313.117188287457;168.070941596052
313.138814537177;167.059390067069
313.160440786898;166.056703896027
313.182067036618;165.057421912981
313.203693286339;164.068195116266
313.22531953606;163.115823649208
313.24694578578;162.235903329807
313.268572035501;161.453051165865
313.290198285221;160.795876784614
313.311824534942;160.262650678253
313.333450784663;159.830230725518
313.355077034383;159.501641968447
313.376703284104;159.27693291153
313.398329533824;159.130962137531
313.419955783545;159.040262500779
313.441582033266;158.99397815
313.463208282986;158.986423401046
313.484834532707;159.010268733548
313.506460782427;159.054276697949
313.528087032148;159.109365629225
313.549713281869;159.168023538583
313.571339531589;159.227967792493
313.59296578131;159.285594782519
313.61459203103;159.333856530325
313.636218280751;159.376022058001
313.657844530472;159.426719126598
313.679470780192;159.485035520699
313.701097029913;159.512578189794
313.722723279633;159.492364886552
313.744349529354;159.457315207222
313.765975779074;159.416404437716
313.787602028795;159.363150480085
313.809228278516;159.287246699303
313.830854528236;159.186331712638
313.852480777957;159.070370608921
313.874107027678;158.941305991577
313.895733277398;158.794051575886
313.917359527119;158.627423733915
313.938985776839;158.444127722904
313.96061202656;158.242203594661
313.982238276281;158.015094498562
314.003864526001;157.76211862108
314.025490775722;157.502400344343
314.047117025442;157.257864681945
314.068743275163;157.027638296556
314.090369524883;156.807791490348
314.111995774604;156.602072289906
314.133622024325;156.410661389387
314.155248274045;156.228574127847
314.176874523766;156.057597979491
314.198500773486;155.898716943192
314.220127023207;155.747135234008
314.241753272928;155.603357457451
314.263379522648;155.469564700871
314.285005772369;155.345435207821
314.306632022089;155.230648351505
314.32825827181;155.126266746704
314.349884521531;155.032619605527
314.371510771251;154.945637340187
314.393137020972;154.873330737609
314.414763270692;154.818877375236
314.436389520413;154.777182361295
314.458015770134;154.74047292818
314.479642019854;154.702921284194
314.501268269575;154.661512365412
314.522894519295;154.607439292297
314.544520769016;154.536327445977
314.566147018737;154.451882924249
314.587773268457;154.352804494453
314.609399518178;154.231010272527
314.631025767898;154.079188460931
314.652652017619;153.915344626818
314.67427826734;153.753604119514
314.69590451706;153.60181017472
314.717530766781;153.462933651572
314.739157016501;153.342804969457
314.760783266222;153.252609744589
314.782409515943;153.199293171564
314.804035765663;153.189284514778
314.825662015384;153.227295660342
314.847288265104;153.305847204324
314.868914514825;153.422402291599
314.890540764546;153.574557171239
314.912167014266;153.752705157763
314.933793263987;153.94698695724
314.955419513707;154.156468865521
314.977045763428;154.380799205585
314.998672013149;154.610938977192
315.020298262869;154.828502845676
315.04192451259;155.021524187402
315.06355076231;155.18544848738
315.085177012031;155.312354771597
315.106803261752;155.384024850525
315.128429511472;155.389438326846
315.150055761193;155.334512269044
315.171682010913;155.22174541959
315.193308260634;155.045289135607
315.214934510355;154.800432082875
315.236560760075;154.493457668443
315.258187009796;154.143444993807
315.279813259516;153.769589498709
315.301439509237;153.374304267278
315.323065758958;152.955267817754
315.344692008678;152.530340503053
315.366318258399;152.122912555362
315.387944508119;151.737599833428
315.40957075784;151.363390569367
315.43119700756;150.997777618188
315.452823257281;150.652769790948
315.474449507002;150.324887059857
315.496075756722;149.991897059203
315.517702006443;149.635616335405
315.539328256163;149.257795158966
315.560954505884;148.891192717282
315.582580755605;148.547737652086
315.604207005325;148.193933432819
315.625833255046;147.80853782162
315.647459504766;147.401916157173
315.669085754487;146.986885292425
315.690712004208;146.57522389558
315.712338253928;146.185265157955
315.733964503649;145.798357552941
315.755590753369;145.405213655855
315.77721700309;145.010438960323
315.798843252811;144.62277983081
315.820469502531;144.248216651362
315.842095752252;143.898020458678
315.863722001972;143.58669292687
315.885348251693;143.327371719647
315.906974501414;143.116519037474
315.928600751134;142.948318800062
315.950227000855;142.826537901167
315.971853250575;142.755258224458
315.993479500296;142.743164355667
316.015105750017;142.785645091802
316.036731999737;142.845435465961
316.058358249458;142.88706543549
316.079984499178;142.910065120908
316.101610748899;142.919878736604
316.12323699862;142.904946736345
316.14486324834;142.851962889074
316.166489498061;142.762605721646
316.188115747781;142.642741377086
316.209741997502;142.500537089894
316.231368247223;142.339663780827
316.252994496943;142.167020650532
316.274620746664;142.002699325473
316.296246996384;141.866845937609
316.317873246105;141.750416196893
316.339499495826;141.636112804973
316.361125745546;141.506337071529
316.382751995267;141.361379902385
316.404378244987;141.199442132033
316.426004494708;141.009726750205
316.447630744429;140.777435355607
316.469256994149;140.490447415367
316.49088324387;140.146163605954
316.51250949359;139.740011560187
316.534135743311;139.275055944102
316.555761993032;138.779398346921
316.577388242752;138.279147616355
316.599014492473;137.77938391868
316.620640742193;137.293373052473
316.642266991914;136.866816466797
316.663893241635;136.513798527199
316.685519491355;136.221911179431
316.707145741076;135.983363947837
316.728771990796;135.800389645187
316.750398240517;135.680775078211
316.772024490237;135.63142856106
316.793650739958;135.648553064644
316.815276989679;135.718461677111
316.836903239399;135.826751555563
316.85852948912;135.965192425772
316.88015573884;136.13502033966
316.901781988561;136.341835970634
316.923408238282;136.567466804075
316.945034488002;136.800868778308
316.966660737723;137.035262253139
316.988286987443;137.25362957694
317.009913237164;137.442482404622
317.031539486885;137.598679450166
317.053165736605;137.727763124325
317.074791986326;137.833970879776
317.096418236046;137.913251335788
317.118044485767;137.962063342106
317.139670735488;137.979075595837
317.161296985208;137.961445067562
317.182923234929;137.911794373109
317.204549484649;137.841177272167
317.22617573437;137.756941494518
317.247801984091;137.663137430056
317.269428233811;137.568708439261
317.291054483532;137.478298593026
317.312680733252;137.389281429925
317.334306982973;137.299205809917
317.355933232694;137.213936888319
317.377559482414;137.12632944239
317.399185732135;137.017631247709
317.420811981855;136.88218374698
317.442438231576;136.735518592822
317.464064481297;136.586277415944
317.485690731017;136.424542300746
317.507316980738;136.242753263987
317.528943230458;136.043701944725
317.550569480179;135.839211358643
317.5721957299;135.63484054533
317.59382197962;135.422233050393
317.615448229341;135.200495814752
317.637074479061;134.978448371563
317.658700728782;134.768814880205
317.680326978503;134.576920206336
317.701953228223;134.403617643044
317.723579477944;134.250411509506
317.745205727664;134.115060920219
317.766831977385;133.993425110317
317.788458227106;133.889801854943
317.810084476826;133.820831552881
317.831710726547;133.785929781241
317.853336976267;133.777466668309
317.874963225988;133.80895215905
317.896589475709;133.88624545631
317.918215725429;134.00244288655
317.93984197515;134.153355635854
317.96146822487;134.337283348501
317.983094474591;134.549144863549
318.004720724312;134.780821068512
318.026346974032;135.034062530824
318.047973223753;135.306164622389
318.069599473473;135.590091040783
318.091225723194;135.860043111919
318.112851972914;136.106600512344
318.134478222635;136.333227170068
318.156104472356;136.539097320242
318.177730722076;136.72362630252
318.199356971797;136.876500712244
318.220983221517;136.986334590801
318.242609471238;137.054276951259
318.264235720959;137.082128755031
318.285861970679;137.07971989288
318.3074882204;137.064303794061
318.32911447012;137.040560408567
318.350740719841;136.996666320885
318.372366969562;136.912775676895
318.393993219282;136.773503845959
318.415619469003;136.574002890368
318.437245718723;136.312634439632
318.458871968444;135.98892953247
318.480498218165;135.614002055154
318.502124467885;135.195165231001
318.523750717606;134.724608632007
318.545376967326;134.184881729903
318.567003217047;133.592994381989
318.588629466768;133.000002265712
318.610255716488;132.425341614492
318.631881966209;131.86537052654
318.653508215929;131.332622413952
318.67513446565;130.85028618751
318.696760715371;130.42584264571
318.718386965091;130.051153827966
318.740013214812;129.71800212263
318.761639464532;129.420119639834
318.783265714253;129.154292801888
318.804891963974;128.930248040932
318.826518213694;128.738981152264
318.848144463415;128.561640060028
318.869770713135;128.383331391997
318.891396962856;128.19699325297
318.913023212577;128.003598062632
318.934649462297;127.804360282778
318.956275712018;127.599254544231
318.977901961738;127.390282884588
318.999528211459;127.188035268903
319.02115446118;127.003754610873
319.0427807109;126.846825602221
319.064406960621;126.716024564756
319.086033210341;126.607710903664
319.107659460062;126.521972075834
319.129285709783;126.459663662204
319.150911959503;126.420064381831
319.172538209224;126.398506827818
319.194164458944;126.389703539573
319.215790708665;126.393256226956
319.237416958386;126.408559245446
319.259043208106;126.435908985082
319.280669457827;126.488183188013
319.302295707547;126.576981794079
319.323921957268;126.703581528105
319.345548206989;126.866607835976
319.367174456709;127.066993348111
319.38880070643;127.30594719891
319.41042695615;127.577459897074
319.432053205871;127.875297373849
319.453679455592;128.191997108348
319.475305705312;128.506655821127
319.496931955033;128.809414617182
319.518558204753;129.089583873364
319.540184454474;129.337968338362
319.561810704195;129.547239350198
319.583436953915;129.720505304017
319.605063203636;129.865532773351
319.626689453356;129.982702779805
319.648315703077;130.070510994053
319.669941952798;130.132195516034
319.691568202518;130.172203755618
319.713194452239;130.193229973518
319.734820701959;130.196686743399
319.75644695168;130.183420657862
319.7780732014;130.154161634092
319.799699451121;130.100574702182
319.821325700842;130.011087593186
319.842951950562;129.883378895553
319.864578200283;129.711352465119
319.886204450003;129.504874486697
319.907830699724;129.285882010345
319.929456949445;129.037711560153
319.951083199165;128.735810352813
319.972709448886;128.372555753936
319.994335698606;127.980357113063
320.015961948327;127.585950223668
320.037588198048;127.195205701846
320.059214447768;126.796398846702
320.080840697489;126.372408441363
320.102466947209;125.931771575423
320.12409319693;125.504586312301
320.145719446651;125.099140306839
320.167345696371;124.705329572365
320.188971946092;124.316909188006
320.210598195812;123.940357515982
320.232224445533;123.59091527647
320.253850695254;123.26774450074
320.275476944974;122.966864171633
320.297103194695;122.697879954774
320.318729444415;122.449085036373
320.340355694136;122.212042326659
320.361981943857;121.991688088331
320.383608193577;121.791389638924
320.405234443298;121.602373795543
320.426860693018;121.409440900823
320.448486942739;121.200643953435
320.47011319246;120.976213329648
320.49173944218;120.739676396399
320.513365691901;120.486308121032
320.534991941621;120.20213823429
320.556618191342;119.890604693399
320.578244441063;119.57581709513
320.599870690783;119.273735180366
320.621496940504;118.980465253061
320.643123190224;118.676917257392
320.664749439945;118.35093260456
320.686375689666;118.0223074765
320.708001939386;117.720319359233
320.729628189107;117.448135574361
320.751254438827;117.194882812197
320.772880688548;116.959944006287
320.794506938269;116.750779412301
320.816133187989;116.557775556491
320.83775943771;116.370898556237
320.85938568743;116.194268875334
320.881011937151;116.035541535267
320.902638186872;115.890028922147
320.924264436592;115.746061268867
320.945890686313;115.598008288696
320.967516936033;115.456246950908
320.989143185754;115.331528986407
321.010769435475;115.227423821379
321.032395685195;115.149628864979
321.054021934916;115.114055271433
321.075648184636;115.14090697696
321.097274434357;115.237339279546
321.118900684077;115.405057497349
321.140526933798;115.646486633841
321.162153183519;115.956703713547
321.183779433239;116.32559266383
321.20540568296;116.745326789683
321.22703193268;117.208229850419
321.248658182401;117.700033883473
321.270284432122;118.199759614351
321.291910681842;118.68504093408
321.313536931563;119.13449580661
321.335163181283;119.520764611335
321.356789431004;119.824814671585
321.378415680725;120.024895776154
321.400041930445;120.119420510324
321.421668180166;120.118693005801
321.443294429886;120.02341737036
321.464920679607;119.824210255363
321.486546929328;119.516728707367
321.508173179048;119.116997898418
321.529799428769;118.65072359271
321.551425678489;118.133181935398
321.57305192821;117.577552509033
321.594678177931;117.006863258479
321.616304427651;116.433495140806
321.637930677372;115.85696554843
321.659556927092;115.278394370216
321.681183176813;114.701423085244
321.702809426534;114.13800171535
321.724435676254;113.601957197342
321.746061925975;113.094022222621
321.767688175695;112.610780841502
321.789314425416;112.153606713964
321.810940675137;111.724638078721
321.832566924857;111.321384825835
321.854193174578;110.941157996826
321.875819424298;110.590564223794
321.897445674019;110.269614053066
321.91907192374;109.963254072134
321.94069817346;109.661797883305
321.962324423181;109.371247815158
321.983950672901;109.087993702289
322.005576922622;108.804701784157
322.027203172343;108.525263496186
322.048829422063;108.255274823875
322.070455671784;107.986992972605
322.092081921504;107.709313584101
322.113708171225;107.424018818429
322.135334420946;107.137216477119
322.156960670666;106.854096927699
322.178586920387;106.591346208102
322.200213170107;106.34987295901
322.221839419828;106.127329251102
322.243465669549;105.92572346821
322.265091919269;105.752544490591
322.28671816899;105.612761950087
322.30834441871;105.507855843277
322.329970668431;105.437722126597
322.351596918152;105.400923225401
322.373223167872;105.398896747384
322.394849417593;105.428819963434
322.416475667313;105.484468933106
322.438101917034;105.561567361983
322.459728166754;105.659539346719
322.481354416475;105.76910255343
322.502980666196;105.871267741196
322.524606915916;105.965497841657
322.546233165637;106.060408991731
322.567859415357;106.148583262757
322.589485665078;106.219306086193
322.611111914799;106.26886261807
322.632738164519;106.301477148212
322.65436441424;106.317415472639
322.67599066396;106.30599746555
322.697616913681;106.251077665419
322.719243163402;106.149742912693
322.740869413122;106.010715704601
322.762495662843;105.838292518432
322.784121912563;105.626257109996
322.805748162284;105.367748121451
322.827374412005;105.064435199011
322.849000661725;104.721854663065
322.870626911446;104.340561315279
322.892253161166;103.919374281932
322.913879410887;103.463342266865
322.935505660608;102.982999993593
322.957131910328;102.499211282001
322.978758160049;102.035192030521
323.000384409769;101.602568160393
323.02201065949;101.198338256056
323.043636909211;100.816758224447
323.065263158931;100.468002038756
323.086889408652;100.161604478148
323.108515658372;99.8926653386904
323.130141908093;99.6526505529406
323.151768157814;99.4453882600005
323.173394407534;99.2630393910252
323.195020657255;99.0887044422031
323.216646906975;98.9080787649771
323.238273156696;98.7170257124093
323.259899406417;98.5093451527075
323.281525656137;98.27937588748
323.303151905858;98.026062509332
323.324778155578;97.7535884521281
323.346404405299;97.471729720694
323.36803065502;97.182523205214
323.38965690474;96.8911694159771
323.411283154461;96.6074567258557
323.432909404181;96.3532528864265
323.454535653902;96.13340080289
323.476161903623;95.9372582471077
323.497788153343;95.7602686884325
323.519414403064;95.600292603566
323.541040652784;95.4467047955279
323.562666902505;95.285113668195
323.584293152226;95.1066562139863
323.605919401946;94.9093390485325
323.627545651667;94.6839195631097
323.649171901387;94.4300276948281
323.670798151108;94.1410361843989
323.692424400829;93.806515952744
323.714050650549;93.4264774406232
323.73567690027;93.0104269317219
323.75730314999;92.5734836778805
323.778929399711;92.1324711312818
323.800555649431;91.6931056980823
323.822181899152;91.2599745026091
323.843808148873;90.8305634777295
323.865434398593;90.4179102121456
323.887060648314;90.0489160975897
323.908686898034;89.7313090619779
323.930313147755;89.4583550058989
323.951939397476;89.2308934404573
323.973565647196;89.0534540554776
323.995191896917;88.9293005463896
324.016818146637;88.864192220454
324.038444396358;88.8575944406583
324.060070646079;88.8883726170977
324.081696895799;88.9287335074635
324.10332314552;88.9642405626284
324.12494939524;88.9885787569356
324.146575644961;89.0042065209479
324.168201894682;89.0062361708617
324.189828144402;88.9847205808942
324.211454394123;88.9433896161706
324.233080643843;88.88623403669
324.254706893564;88.8248434906415
324.276333143285;88.7626980596671
324.297959393005;88.6919919332563
324.319585642726;88.6123286028365
324.341211892446;88.5302816788245
324.362838142167;88.4509251721397
324.384464391888;88.3674490904045
324.406090641608;88.2702389719331
324.427716891329;88.1562782705613
324.449343141049;88.0258844987841
324.47096939077;87.879864223781
324.492595640491;87.7202589723468
324.514221890211;87.5532006449372
324.535848139932;87.3825180906218
324.557474389652;87.2074965795223
324.579100639373;87.0376825465809
324.600726889094;86.8828295265357
324.622353138814;86.7362347964699
324.643979388535;86.6001981566824
324.665605638255;86.4793706381161
324.687231887976;86.3627831028271
324.708858137697;86.2427318200942
324.730484387417;86.1215274263012
324.752110637138;85.9974106700801
324.773736886858;85.8612107036515
324.795363136579;85.6976517830457
324.8169893863;85.5096665997063
324.83861563602;85.314111539653
324.860241885741;85.1146102948364
324.881868135461;84.9221206818157
324.903494385182;84.7446533352765
324.925120634903;84.5799140265126
324.946746884623;84.4282365506994
324.968373134344;84.2982119637195
324.989999384064;84.1914429072114
325.011625633785;84.0972456676494
325.033251883506;84.0076527448135
325.054878133226;83.9135581927877
325.076504382947;83.8078714598676
325.098130632667;83.6811739495884
325.119756882388;83.5276837091172
325.141383132109;83.3467601427646
325.163009381829;83.1317496022417
325.18463563155;82.8796630046698
325.20626188127;82.5911432962457
325.227888130991;82.2566488288209
325.249514380712;81.8970677674975
325.271140630432;81.5306555215918
325.292766880153;81.1513362518586
325.314393129873;80.7545542071231
325.336019379594;80.3489709796161
325.357645629315;79.9312068256069
325.379271879035;79.4898105654463
325.400898128756;79.0231020838799
325.422524378476;78.5384721905406
325.444150628197;78.0293057932173
325.465776877917;77.5013986328772
325.487403127638;76.9813805590146
325.509029377359;76.4611897616348
325.530655627079;75.9127558399048
325.5522818768;75.3199948092765
325.57390812652;74.7054917938317
325.595534376241;74.0800954049169
325.617160625962;73.4373356791537
325.638786875682;72.7965213545772
325.660413125403;72.1791876954348
325.682039375123;71.5801847573459
325.703665624844;70.982571512902
325.725291874565;70.3820730211642
325.746918124285;69.7910715500904
325.768544374006;69.2432217330251
325.790170623726;68.739256925786
325.811796873447;68.2873049572572
325.833423123168;67.8840079340354
325.855049372888;67.5188154413577
325.876675622609;67.1866658486958
325.898301872329;66.8851717995588
325.91992812205;66.5951800984698
325.941554371771;66.3051674196863
325.963180621491;66.0030075932763
325.984806871212;65.6869396809409
326.006433120932;65.3563603252605
326.028059370653;65.0055485956063
326.049685620374;64.624568521071
326.071311870094;64.2043735012427
326.092938119815;63.7477568511202
326.114564369535;63.276395108512
326.136190619256;62.798263384302
326.157816868977;62.3090648450963
326.179443118697;61.820962282935
326.201069368418;61.3495230159995
326.222695618138;60.8978785577525
326.244321867859;60.4648328139125
326.26594811758;60.0541438271561
326.2875743673;59.6766262215929
326.309200617021;59.3343915845224
326.330826866741;59.0323174505819
326.352453116462;58.7902120372795
326.374079366183;58.6150796414295
326.395705615903;58.4871110563329
326.417331865624;58.392320047121
326.438958115344;58.3262432098514
326.460584365065;58.2809763535764
326.482210614786;58.24609260323
326.503836864506;58.2051718403264
326.525463114227;58.1410705248041
326.547089363947;58.0476604213813
326.568715613668;57.9239914467213
326.590341863389;57.7605245881216
326.611968113109;57.5357435343733
326.63359436283;57.2313082550341
326.65522061255;56.8695962647014
326.676846862271;56.4932041181713
326.698473111992;56.1053070814623
326.720099361712;55.6983711990451
326.741725611433;55.2786326219546
326.763351861153;54.8584759725069
326.784978110874;54.440902423358
326.806604360594;54.0176270568824
326.828230610315;53.588402067881
326.849856860036;53.1651827995422
326.871483109756;52.7502476852135
326.893109359477;52.3291733069338
326.914735609197;51.8973903104836
326.936361858918;51.4721368083438
326.957988108639;51.0557387992542
326.979614358359;50.6295693580865
327.00124060808;50.1802202556087
327.0228668578;49.735333029181
327.044493107521;49.3238136438419
327.066119357242;48.9347708635379
327.087745606962;48.5556807011965
327.109371856683;48.1827365487264
327.130998106403;47.8301735297687
327.152624356124;47.5051982375435
327.174250605845;47.195691745556
327.195876855565;46.8916957195911
327.217503105286;46.5787233090191
327.239129355006;46.2482262862595
327.260755604727;45.9063767622235
327.282381854448;45.556466876112
327.304008104168;45.19024891211
327.325634353889;44.7897856900099
327.347260603609;44.3664644485173
327.36888685333;43.943851567324
327.390513103051;43.5247719359435
327.412139352771;43.0938546625544
327.433765602492;42.6505608746809
327.455391852212;42.2110071890117
327.477018101933;41.7711099530583
327.498644351654;41.3208554645355
327.520270601374;40.8311537987486
327.541896851095;40.2854240381571
327.563523100815;39.7035093282434
327.585149350536;39.1085715515855
327.606775600257;38.4905636484716
327.628401849977;37.808053469166
327.650028099698;37.0769112119112
327.671654349418;36.3604748589366
327.693280599139;35.6565242529478
327.71490684886;34.9578251410499
327.73653309858;34.2971569547625
327.758159348301;33.6916461520705
327.779785598021;33.1251250382739
327.801411847742;32.5900337818265
327.823038097463;32.0911673171647
327.844664347183;31.6143113463629
327.866290596904;31.1336705524509
327.887916846624;30.6533106760201
327.909543096345;30.1835340444261
327.931169346066;29.7297000046358
327.952795595786;29.2848945523504
327.974421845507;28.8400387419799
327.996048095227;28.3855577167033
328.017674344948;27.9222245749584
328.039300594669;27.4803961820864
328.060926844389;27.0653177692161
328.08255309411;26.6625550021198
328.10417934383;26.2585994417581
328.125805593551;25.8496791308691
328.147431843271;25.4544277947284
328.169058092992;25.0999894449307
328.190684342713;24.78243737024
328.212310592433;24.4815255603815
328.233936842154;24.1849511573514
328.255563091874;23.8943759914309
328.277189341595;23.6121120650617
328.298815591316;23.3373030677203
328.320441841036;23.0755947721174
328.342068090757;22.8183512143838
328.363694340477;22.5500137288545
328.385320590198;22.2556273856748
328.406946839919;21.9315186969723
328.428573089639;21.580049092968
328.45019933936;21.2059646729515
328.47182558908;20.818126315745
328.493451838801;20.4234104613105
328.515078088522;20.0194704152714
328.536704338242;19.6127218752897
328.558330587963;19.2253249936383
328.579956837683;18.8725010958932
328.601583087404;18.5464006452243
328.623209337125;18.2421971790963
328.644835586845;17.9704667729403
328.666461836566;17.7404276921554
328.688088086286;17.5440050937499
328.709714336007;17.373656472767
328.731340585728;17.2299236018466
328.752966835448;17.1136402831521
328.774593085169;17.0187012053715
328.796219334889;16.9398604941145
328.81784558461;16.8661557520828
328.839471834331;16.7793459689058
328.861098084051;16.6655206925514
328.882724333772;16.5222827662621
328.904350583492;16.355765678373
328.925976833213;16.1614024059072
328.947603082934;15.9309807384878
328.969229332654;15.662365486644
328.990855582375;15.3548976936289
329.012481832095;15.002074104966
329.034108081816;14.5961611221184
329.055734331537;14.1388113574458
329.077360581257;13.6523425632413
329.098986830978;13.1770160685114
329.120613080698;12.7247599547842
329.142239330419;12.2859086835967
329.16386558014;11.8652168670521
329.18549182986;11.4728901312439
329.207118079581;11.100129382941
329.228744329301;10.7365293963404
329.250370579022;10.3861112561994
329.271996828743;10.0649241183243
329.293623078463;9.78780495380772
329.315249328184;9.56105027480893
329.336875577904;9.38786382866391
329.358501827625;9.2652586208597
329.380128077346;9.17546877792108
329.401754327066;9.10259872448489
329.423380576787;9.04787670498706
329.445006826507;9.01105257844327
329.466633076228;8.99028600590322
329.488259325948;8.98138767698657
329.509885575669;8.96720370290893
329.53151182539;8.9281380009518
329.55313807511;8.85681171824061
329.574764324831;8.74745416705878
329.596390574551;8.58686566666208
329.618016824272;8.37376980485007
329.639643073993;8.12113074701489
329.661269323713;7.83799303991808
329.682895573434;7.52856677870989
329.704521823154;7.19488652974067
329.726148072875;6.84459126231877
329.747774322596;6.49480136174793
329.769400572316;6.14119197303901
329.791026822037;5.77034996592721
329.812653071757;5.39866866586968
329.834279321478;5.06338229068379
329.855905571199;4.76790685442919
329.877531820919;4.49448690240862
329.89915807064;4.24578886720067
329.92078432036;4.04907643460655
329.942410570081;3.90417420970189
329.964036819802;3.7991326136484
329.985663069522;3.73124612412778
330.007289319243;3.71382539547869
330.028915568963;3.75942968897118
330.050541818684;3.84126304302131
330.072168068405;3.94479956460782
330.093794318125;4.06229867154232
330.115420567846;4.17359024025691
330.137046817566;4.26190260337694
330.158673067287;4.30254343965473
330.180299317008;4.28507614573405
330.201925566728;4.21608466516591
330.223551816449;4.0979282634751
330.245178066169;3.91878257170933
330.26680431589;3.67360121973465
330.288430565611;3.38949021641213
330.310056815331;3.09626213697661
330.331683065052;2.80964043981953
330.353309314772;2.54003444781793
330.374935564493;2.30859359840849
330.396561814214;2.11215008228058
330.418188063934;1.94262199382001
330.439814313655;1.80179519888966
330.461440563375;1.69196517507061
330.483066813096;1.61169281206679
330.504693062817;1.54889107294181
330.526319312537;1.49282540766191
330.547945562258;1.42590593603003
330.569571811978;1.33188706921464
330.591198061699;1.20003449669886
330.61282431142;1.03814509813665
330.63445056114;0.850307765600519
330.656076810861;0.632099578675508
330.677703060581;0.390327126419947
330.699329310302;0.150337264900401
330.720955560023;-0.0751845693684743
330.742581809743;-0.284655827016337
330.764208059464;-0.466749253904055
330.785834309184;-0.604227771471642
330.807460558905;-0.697677317578069
330.829086808626;-0.749579169110575
330.850713058346;-0.758659194739806
330.872339308067;-0.728161665848575
330.893965557787;-0.667596864066923
330.915591807508;-0.587032079668489
330.937218057229;-0.503635546842617
330.958844306949;-0.429195964493488
330.98047055667;-0.363343652178116
331.00209680639;-0.300996413626848
331.023723056111;-0.245111799912138
331.045349305832;-0.201341304099572
331.066975555552;-0.159342555182008
331.088601805273;-0.117729984540432
331.110228054993;-0.0806342478677209
331.131854304714;-0.0402415848791691
331.153480554434;0.00807810966560396
331.175106804155;0.0666425002625601
331.196733053876;0.137066019671835
331.218359303596;0.219884569384504
331.239985553317;0.310312544449232
331.261611803037;0.411961614066342
331.283238052758;0.525751529960871
331.304864302479;0.652782854522769
331.326490552199;0.792710120636883
331.34811680192;0.923624650195933
331.36974305164;1.02723554293851
331.391369301361;1.10336799606628
331.412995551082;1.1570620215619
331.434621800802;1.19676159657396
331.456248050523;1.21893765296556
331.477874300243;1.21981952982705
331.499500549964;1.20094373317636
331.521126799685;1.16615951116188
331.542753049405;1.12424939502196
331.564379299126;1.07113440448813
331.586005548846;0.997760120199473
331.607631798567;0.912485809133699
331.629258048288;0.828476073737193
331.650884298008;0.755568474228795
331.672510547729;0.701150892214713
331.694136797449;0.6772841053577
331.71576304717;0.694737655977292
331.737389296891;0.751700346303465
331.759015546611;0.847252570924923
331.780641796332;0.974653862071165
331.802268046052;1.11816207753489
331.823894295773;1.25788638977644
331.845520545494;1.37310598477399
331.867146795214;1.43921812729727
331.888773044935;1.40832322070509
331.910399294655;1.24027551743569
331.932025544376;0.877537800432719
331.953651794097;0.305404045024432
331.975278043817;-0.477256696646748
331.996904293538;-1.48018499261704
332.018530543258;-2.67969349859936
332.040156792979;-4.05322225794148
332.0617830427;-5.58412283163102
332.08340929242;-7.25178528175647
332.105035542141;-8.97538531970451
332.126661791861;-10.6057342861195
332.148288041582;-12.1271339481287
332.169914291303;-13.5200724136499
332.191540541023;-14.7083817311316
332.213166790744;-15.6368200495235
332.234793040464;-16.3225485030212
332.256419290185;-16.7786427757985
332.278045539906;-17.0117481775457
332.299671789626;-17.0195246404402
332.321298039347;-16.8090665249063
332.342924289067;-16.4384384961349
332.364550538788;-15.9808452876887
332.386176788509;-15.4789517941107
332.407803038229;-14.9453181307127
332.42942928795;-14.3743059147227
332.45105553767;-13.773747126268
332.472681787391;-13.2162962996635
332.494308037111;-12.719259275331
332.515934286832;-12.2717204548078
332.537560536553;-11.8691283975821
332.559186786273;-11.5129863944381
332.580813035994;-11.2158120754193
332.602439285714;-10.9826471484592
332.624065535435;-10.8076827098839
332.645691785156;-10.696465781129
332.667318034876;-10.6460745923639
332.688944284597;-10.6440177333771
332.710570534317;-10.6891884264144
332.732196784038;-10.7842277569594
332.753823033759;-10.9203547442741
332.775449283479;-11.0769950907429
332.7970755332;-11.2319005286672
332.81870178292;-11.3791708852122
332.840328032641;-11.5121485201134
332.861954282362;-11.6112337468107
332.883580532082;-11.6642132627082
332.905206781803;-11.6670771992394
332.926833031523;-11.6116724900466
332.948459281244;-11.4804213344195
332.970085530965;-11.279570094157
332.991711780685;-11.0262443513778
333.013338030406;-10.7182649171847
333.034964280126;-10.3477022966261
333.056590529847;-9.91570608646009
333.078216779568;-9.43525875017386
333.099843029288;-8.90796238853261
333.121469279009;-8.33162162071147
333.143095528729;-7.69809807885349
333.16472177845;-6.99815721834497
333.186348028171;-6.2290009044678
333.207974277891;-5.3869359594843
333.229600527612;-4.46868911570255
333.251226777332;-3.47834638378495
333.272853027053;-2.42022591978002
333.294479276774;-1.28923752288227
333.316105526494;-0.0767896269422295
333.337731776215;1.19062973361491
333.359358025935;2.46567311585642
333.380984275656;3.73525951880708
333.402610525377;5.00844350897248
333.424236775097;6.26285197239898
333.445863024818;7.4390981864197
333.467489274538;8.52844268159524
333.489115524259;9.52809641486775
333.51074177398;10.4393570997161
333.5323680237;11.2386786917018
333.553994273421;11.9264484036426
333.575620523141;12.4963323126118
333.597246772862;12.947875317353
333.618873022583;13.3019115567368
333.640499272303;13.5699937131194
333.662125522024;13.7564128748865
333.683751771744;13.8882108689214
333.705378021465;13.9975259762606
333.727004271186;14.1197702770844
333.748630520906;14.2848325296097
333.770256770627;14.5343435915471
333.791883020347;14.9420999793612
333.813509270068;15.5452218572647
333.835135519788;16.3656891385966
333.856761769509;17.4117194748765
333.87838801923;18.6622603025332
333.90001426895;20.1501014710299
333.921640518671;21.9100543619764
333.943266768391;23.8858766979614
333.964893018112;25.9871999424317
333.986519267833;28.156542640877
334.008145517553;30.3893010948469
334.029771767274;32.5661422184268
334.051398016994;34.3768979572046
334.073024266715;35.586575226579
334.094650516436;36.1326434256733
334.116276766156;36.0176564998113
334.137903015877;35.1426508554509
334.159529265597;33.3479483891054
334.181155515318;30.5785164464765
334.202781765039;26.892822361501
334.224408014759;22.3807174693404
334.24603426448;17.2909776565776
334.2676605142;12.0061335009966
334.289286763921;6.74792125706514
334.310913013642;1.63296666908701
334.332539263362;-3.22894312022163
334.354165513083;-7.7114861539726
334.375791762803;-11.6114202270203
334.397418012524;-14.8619332879314
334.419044262245;-17.3926089082619
334.440670511965;-19.1301705958092
334.462296761686;-20.1017886864794
334.483923011406;-20.4321868307771
334.505549261127;-20.2114139151448
334.527175510848;-19.5249569722813
334.548801760568;-18.3983441363445
334.570428010289;-16.8358540258055
334.592054260009;-14.9123738121221
334.61368050973;-12.7079136260898
334.635306759451;-10.3147170339354
334.656933009171;-7.82522510162778
334.678559258892;-5.22920882902284
334.700185508612;-2.48332162672514
334.721811758333;0.454377679076771
334.743438008054;3.55988295668223
334.765064257774;6.71369506834594
334.786690507495;9.83634845765346
334.808316757215;12.9287889420379
334.829943006936;16.0479281504753
334.851569256657;19.2846512994923
334.873195506377;22.6629508044828
334.894821756098;26.0774777467606
334.916448005818;29.4482136255718
334.938074255539;32.6622353429131
334.95970050526;35.7325701457251
334.98132675498;38.7295905583092
335.002953004701;41.6851231768975
335.024579254421;44.6161564626987
335.046205504142;47.5509124819468
335.067831753863;50.4817212471073
335.089458003583;53.3886382097129
335.111084253304;56.2250661606641
335.132710503024;58.9318421981324
335.154336752745;61.5248408761122
335.175963002465;63.9807786599869
335.197589252186;66.1924007797947
335.219215501907;68.1440440152546
335.240841751627;69.8868652274374
335.262468001348;71.4539559112669
335.284094251069;72.8374133906365
335.305720500789;74.0356367624344
335.32734675051;75.0782960191822
335.34897300023;75.960026759447
335.370599249951;76.6630980240914
335.392225499672;77.2235832904294
335.413851749392;77.7057409517471
335.435477999113;78.1633437117794
335.457104248833;78.6518156243043
335.478730498554;79.2366215661856
335.500356748274;80.0010271397207
335.521982997995;80.9985506977049
335.543609247716;82.2989543373784
335.565235497436;83.9669193767959
335.586861747157;86.0843280788606
335.608487996877;88.7738083957756
335.630114246598;92.1964180020633
335.651740496319;96.4486782571712
335.673366746039;101.525419236351
335.69499299576;107.438392744209
335.71661924548;114.31734590826
335.738245495201;122.344768914989
335.759871744922;131.521629491086
335.781497994642;141.75562069788
335.803124244363;153.105819821525
335.824750494083;165.757570559681
335.846376743804;179.58479998285
335.868002993525;194.336071112606
335.889629243245;210.455856543947
335.911255492966;228.237386254126
335.932881742686;247.30228327072
335.954507992407;267.43103568598
335.976134242128;289.144489883593
335.997760491848;313.235589185346
336.019386741569;340.304826775097
336.041012991289;371.310232977261
336.06263924101;407.795687307169
336.084265490731;450.226460994602
336.105891740451;497.039581413364
336.127517990172;547.927835865653
336.149144239892;605.202814052826
336.170770489613;670.943896539631
336.192396739334;744.685784730005
336.214022989054;824.051071482407
336.235649238775;905.645241374323
336.257275488495;988.839314729859
336.278901738216;1074.02367830999
336.300527987937;1160.94724333678
336.322154237657;1247.82175142626
336.343780487378;1331.99452113987
336.365406737098;1411.98427135502
336.387032986819;1483.42671191027
336.40865923654;1541.86113944466
336.43028548626;1585.36514230767
336.451911735981;1612.28239577454
336.473537985701;1619.72148690891
336.495164235422;1605.17474096519
336.516790485143;1567.55095313794
336.538416734863;1506.24035805967
336.560042984584;1421.4769818816
336.581669234304;1315.39479658384
336.603295484025;1191.57513948861
336.624921733746;1053.23406429365
336.646547983466;903.731382829034
336.668174233187;747.638692909113
336.689800482907;588.137290859232
336.711426732628;425.552153805949
336.733052982349;257.617325816473
336.754679232069;89.6315555511028
336.77630548179;-67.5036552337918
336.79793173151;-209.754476735329
336.819557981231;-339.470951606512
336.841184230951;-455.12963208282
336.862810480672;-554.095080121203
336.884436730393;-636.383586018699
336.906062980113;-704.152834839376
336.927689229834;-759.885870126898
336.949315479554;-805.626346620909
336.970941729275;-843.163706398065
336.992567978996;-873.666219252028
337.014194228716;-897.619279592092
337.035820478437;-916.726839258205
337.057446728157;-932.942450394061
337.079072977878;-947.813433785366
337.100699227599;-962.515344068586
337.122325477319;-978.18479686505
337.14395172704;-995.976253125038
337.16557797676;-1015.60640303354
337.187204226481;-1035.97981425406
337.208830476202;-1056.86797137226
337.230456725922;-1078.84670850732
337.252082975643;-1102.07707882301
337.273709225363;-1124.77302284286
337.295335475084;-1145.93838331942
337.316961724805;-1165.07626865356
337.338587974525;-1180.58297109735
337.360214224246;-1190.75209271797
337.381840473966;-1195.15711087077
337.403466723687;-1193.25380988469
337.425092973408;-1184.13337095967
337.446719223128;-1167.76983570877
337.468345472849;-1143.41204592105
337.489971722569;-1110.65960621715
337.51159797229;-1071.58560811144
337.533224222011;-1027.35122697719
337.554850471731;-977.17276881416
337.576476721452;-922.986068769344
337.598102971172;-868.741483477232
337.619729220893;-814.481691866345
337.641355470614;-757.414845692804
337.662981720334;-698.023949793816
337.684607970055;-640.255624796683
337.706234219775;-585.261025037841
337.727860469496;-532.694722333439
337.749486719217;-483.430333642425
337.771112968937;-438.795665128368
337.792739218658;-399.04689726511
337.814365468378;-362.122257411678
337.835991718099;-327.572528862137
337.85761796782;-297.413930422804
337.87924421754;-271.524294829519
337.900870467261;-248.577983257917
337.922496716981;-227.943419901325
337.944122966702;-209.784897180622
337.965749216423;-193.919897864436
337.987375466143;-179.740543538513
338.009001715864;-167.200610096127
338.030627965584;-156.228618420469
338.052254215305;-146.4201663721
338.073880465026;-137.444948954218
338.095506714746;-129.262372013849
338.117132964467;-121.795907884136
338.138759214187;-114.769275772912
338.160385463908;-107.885323650878
338.182011713628;-101.18581821552
338.203637963349;-94.835210022756
338.22526421307;-88.7221310031425
338.24689046279;-82.7748192256164
338.268516712511;-76.9220836712948
338.290142962231;-71.1585340318288
338.311769211952;-65.5352026548426
338.333395461673;-60.1426791770345
338.355021711393;-55.1843718875824
338.376647961114;-50.8895646884764
338.398274210834;-47.3807514517272
338.419900460555;-44.7011456310298
338.441526710276;-42.8460069260294
338.463152959996;-41.9052425045359
338.484779209717;-42.032831171534
338.506405459437;-43.3167046455302
338.528031709158;-45.7157522884492
338.549657958879;-49.1531970674179
338.571284208599;-53.4638439359079
338.59291045832;-58.6301357816958
338.61453670804;-64.5127792921653
338.636162957761;-70.5525631139561
338.657789207482;-76.2115111707293
338.679415457202;-81.2220348698103
338.701041706923;-85.6302311262061
338.722667956643;-89.4531163793866
338.744294206364;-92.6195963636886
338.765920456085;-94.9053631667909
338.787546705805;-96.1832822684601
338.809172955526;-96.4717487934378
338.830799205246;-95.9255172654799
338.852425454967;-94.7012830743263
338.874051704688;-92.9203003009223
338.895677954408;-90.7964590079082
338.917304204129;-88.5066305645381
338.938930453849;-86.1189252256789
338.96055670357;-83.6675446978008
338.982182953291;-81.2681535885162
339.003809203011;-79.0679631088977
339.025435452732;-77.1959571527678
339.047061702452;-75.6175316910919
339.068687952173;-74.2260228069316
339.090314201894;-72.9587162426264
339.111940451614;-71.8273846797807
339.133566701335;-70.8600749909762
339.155192951055;-70.0368191861401
339.176819200776;-69.2898123864672
339.198445450497;-68.5693609350953
339.220071700217;-67.8632266626747
339.241697949938;-67.1264918219675
339.263324199658;-66.3199618599487
339.284950449379;-65.4162568674014
339.3065766991;-64.3982821147858
339.32820294882;-63.2524857641965
339.349829198541;-62.0072807125319
339.371455448261;-60.7087873198132
339.393081697982;-59.3908089259075
339.414707947703;-58.0607738589842
339.436334197423;-56.7319211709291
339.457960447144;-55.4174193761454
339.479586696864;-54.1007431765832
339.501212946585;-52.8028137842523
339.522839196305;-51.5765305593758
339.544465446026;-50.4648545245253
339.566091695747;-49.4576110284174
339.587717945467;-48.5183701443467
339.609344195188;-47.6335721831666
339.630970444908;-46.8134452673444
339.652596694629;-46.0543421614416
339.67422294435;-45.3522637141515
339.69584919407;-44.7052477930515
339.717475443791;-44.1010923688548
339.739101693511;-43.5224447696291
339.760727943232;-42.9555591207481
339.782354192953;-42.4033021625483
339.803980442673;-41.8751510295682
339.825606692394;-41.3790175023776
339.847232942114;-40.9268064646022
339.868859191835;-40.5384789446706
339.890485441556;-40.2178917170702
339.912111691276;-39.9494294546577
339.933737940997;-39.7245139300696
339.955364190717;-39.556768515403
339.976990440438;-39.4685457650887
339.998616690159;-39.4597614269851
340.020242939879;-39.5155124323076
340.0418691896;-39.6183341771992
340.06349543932;-39.7680134749126
340.085121689041;-39.9566261127191
340.106747938762;-40.1556521174216
340.128374188482;-40.3458862379566
340.150000438203;-40.5152980237837
340.171626687923;-40.6343718263102
340.193252937644;-40.6926089244663
340.214879187365;-40.6780034298737
340.236505437085;-40.5683537621676
340.258131686806;-40.3484247464281
340.279757936526;-40.01066117717
340.301384186247;-39.5637142856642
340.323010435968;-39.0158526616882
340.344636685688;-38.3724559962375
340.366262935409;-37.6353900669158
340.387889185129;-36.8062784225446
340.40951543485;-35.9230384256968
340.431141684571;-35.0210865831106
340.452767934291;-34.1097110313374
340.474394184012;-33.2320018295201
340.496020433732;-32.457833659188
340.517646683453;-31.823620412918
340.539272933174;-31.3608762680877
340.560899182894;-31.1013707693162
340.582525432615;-31.0633113972288
340.604151682335;-31.2744938961219
340.625777932056;-31.7573310656866
340.647404181777;-32.5095292685269
340.669030431497;-33.5192920913496
340.690656681218;-34.7705039349636
340.712282930938;-36.2621045056747
340.733909180659;-37.9636941490736
340.75553543038;-39.770423348012
340.7771616801;-41.606739738378
340.798787929821;-43.3992418764124
340.820414179541;-45.0341547327039
340.842040429262;-46.4509028644547
340.863666678983;-47.6420789608075
340.885292928703;-48.5498336937226
340.906919178424;-49.1800540066029
340.928545428144;-49.5684814185391
340.950171677865;-49.7179307979074
340.971797927586;-49.634173939636
340.993424177306;-49.3484516588929
341.015050427027;-48.9085076949892
341.036676676747;-48.3599671334973
341.058302926468;-47.7492250590598
341.079929176189;-47.1117632132404
341.101555425909;-46.4638149236829
341.12318167563;-45.8369791751543
341.14480792535;-45.2887645163117
341.166434175071;-44.8483082031576
341.188060424791;-44.5121866172572
341.209686674512;-44.2567102571595
341.231312924233;-44.0596211839263
341.252939173953;-43.9033171171188
341.274565423674;-43.7619521586399
341.296191673394;-43.6131550099507
341.317817923115;-43.4426320145295
341.339444172836;-43.2445712842426
341.361070422556;-43.0160707305601
341.382696672277;-42.7443997747844
341.404322921997;-42.4059820365692
341.425949171718;-41.9918177290129
341.447575421439;-41.5221186203976
341.469201671159;-41.019751315666
341.49082792088;-40.5001701876604
341.5124541706;-39.9851701390127
341.534080420321;-39.5032053367442
341.555706670042;-39.0625995834183
341.577332919762;-38.6590893968958
341.598959169483;-38.2935044011454
341.620585419203;-37.9788019138618
341.642211668924;-37.729505994871
341.663837918645;-37.5502920598536
341.685464168365;-37.4295127069426
341.707090418086;-37.3583310024456
341.728716667806;-37.3303506492813
341.750342917527;-37.3335573841192
341.771969167248;-37.3550504587502
341.793595416968;-37.3845967642378
341.815221666689;-37.4113446757563
341.836847916409;-37.4250269123915
341.85847416613;-37.4239913088555
341.880100415851;-37.4132865357884
341.901726665571;-37.3986457845786
341.923352915292;-37.3707230746752
341.944979165012;-37.3301661418042
341.966605414733;-37.2993906114814
341.988231664454;-37.2933941277189
342.009857914174;-37.3171782976519
342.031484163895;-37.3613786434161
342.053110413615;-37.4245501985729
342.074736663336;-37.5129658934263
342.096362913057;-37.6395436093134
342.117989162777;-37.8102607394755
342.139615412498;-38.0234481169485
342.161241662218;-38.2739150499273
342.182867911939;-38.5503210039458
342.20449416166;-38.8438409385029
342.22612041138;-39.1462131970059
342.247746661101;-39.4626369427417
342.269372910821;-39.8016849936189
342.290999160542;-40.1640474776045
342.312625410263;-40.5389586313268
342.334251659983;-40.9018048523994
342.355877909704;-41.2454394048224
342.377504159424;-41.5720364574354
342.399130409145;-41.8843688541016
342.420756658866;-42.1900950850338
342.442382908586;-42.5005785412404
342.464009158307;-42.8215728862004
342.485635408027;-43.1376045170136
342.507261657748;-43.4407130111548
342.528887907468;-43.7397200983185
342.550514157189;-44.0357139768138
342.57214040691;-44.3252789377086
342.59376665663;-44.6195473892499
342.615392906351;-44.9269558495792
342.637019156071;-45.2428857951048
342.658645405792;-45.5649237903257
342.680271655513;-45.8927147731593
342.701897905233;-46.2253611906687
342.723524154954;-46.5739841785352
342.745150404674;-46.9535327577502
342.766776654395;-47.3639220140932
342.788402904116;-47.801971556193
342.810029153836;-48.2835222474807
342.831655403557;-48.8369330774198
342.853281653277;-49.4472287018771
342.874907902998;-50.0723107828757
342.896534152719;-50.7215452975137
342.918160402439;-51.4016559341488
342.93978665216;-52.1101390339542
342.96141290188;-52.8384983991721
342.983039151601;-53.577123368243
343.004665401322;-54.3211291626801
343.026291651042;-55.0744479724181
343.047917900763;-55.828162982637
343.069544150483;-56.5666686615835
343.091170400204;-57.2821357154082
343.112796649925;-57.9550359166423
343.134422899645;-58.581348818022
343.156049149366;-59.1673799004807
343.177675399086;-59.7292454147297
343.199301648807;-60.2974779406734
343.220927898528;-60.8858061017168
343.242554148248;-61.4867446113165
343.264180397969;-62.0946769471269
343.285806647689;-62.698843630381
343.30743289741;-63.2978259034519
343.329059147131;-63.8966285671683
343.350685396851;-64.5013613837096
343.372311646572;-65.1129477956993
343.393937896292;-65.7273538125376
343.415564146013;-66.3542005852224
343.437190395734;-67.0000527133963
343.458816645454;-67.653450677449
343.480442895175;-68.3008051435349
343.502069144895;-68.9365561593724
343.523695394616;-69.5593520207961
343.545321644337;-70.1711672135159
343.566947894057;-70.7855195034988
343.588574143778;-71.390021764553
343.610200393498;-71.9611629923742
343.631826643219;-72.4993831431527
343.65345289294;-73.0093117881439
343.67507914266;-73.4978832007915
343.696705392381;-73.9664105803593
343.718331642101;-74.3872989611046
343.739957891822;-74.7628370548236
343.761584141543;-75.1018346975743
343.783210391263;-75.4096674573764
343.804836640984;-75.693230194157
343.826462890704;-75.9683079753889
343.848089140425;-76.2465540992433
343.869715390145;-76.527887497371
343.891341639866;-76.8136466359342
343.912967889587;-77.1224451824143
343.934594139307;-77.4572050760459
343.956220389028;-77.812197514245
343.977846638748;-78.1928076101056
343.999472888469;-78.5829533725866
344.02109913819;-78.9535438514876
344.04272538791;-79.3158375767632
344.064351637631;-79.6803318501255
344.085977887351;-80.0480939865431
344.107604137072;-80.4190256627288
344.129230386793;-80.8034229959796
344.150856636513;-81.2120329547288
344.172482886234;-81.6530828591998
344.194109135954;-82.1378472463889
344.215735385675;-82.6476336443969
344.237361635396;-83.1698713015742
344.258987885116;-83.7171163455402
344.280614134837;-84.2816332147033
344.302240384557;-84.8523757021372
344.323866634278;-85.4264327659273
344.345492883999;-86.0034457366233
344.367119133719;-86.5732036901765
344.38874538344;-87.1354202944481
344.41037163316;-87.6558977182228
344.431997882881;-88.100581062269
344.453624132602;-88.4635457559236
344.475250382322;-88.7541716526397
344.496876632043;-88.9756918286321
344.518502881763;-89.118415364291
344.540129131484;-89.1856576970353
344.561755381205;-89.2059738663237
344.583381630925;-89.1984971256599
344.605007880646;-89.1709037490037
344.626634130366;-89.1265599738791
344.648260380087;-89.0798980866023
344.669886629808;-89.0374457276414
344.691512879528;-89.004875266282
344.713139129249;-88.9874030532235
344.734765378969;-88.9841556400296
344.75639162869;-88.9977888984031
344.778017878411;-89.0196935008591
344.799644128131;-89.0378005559068
344.821270377852;-89.0454837311859
344.842896627572;-89.043694732128
344.864522877293;-89.0265743720436
344.886149127014;-88.9856584757931
344.907775376734;-88.9206148237343
344.929401626455;-88.8394347561655
344.951027876175;-88.7512579114519
344.972654125896;-88.6524378819601
344.994280375617;-88.5371858385727
345.015906625337;-88.4166927885316
345.037532875058;-88.2984376169629
345.059159124778;-88.1735981161311
345.080785374499;-88.0366951819121
345.10241162422;-87.8927649346065
345.12403787394;-87.7603939388848
345.145664123661;-87.6418675169503
345.167290373381;-87.5281013201753
345.188916623102;-87.4076076612007
345.210542872822;-87.2877613483466
345.232169122543;-87.1850477588673
345.253795372264;-87.1035510003643
345.275421621984;-87.0408245526774
345.297047871705;-86.9918978048087
345.318674121425;-86.952447158905
345.340300371146;-86.9230657387187
345.361926620867;-86.9073750922706
345.383552870587;-86.9093982266333
345.405179120308;-86.9312450856059
345.426805370028;-86.9748459589766
345.448431619749;-87.0405617990425
345.47005786947;-87.1283519222193
345.49168411919;-87.237801909466
345.513310368911;-87.3680802985776
345.534936618631;-87.5183746367549
345.556562868352;-87.6881502633452
345.578189118073;-87.8741292810053
345.599815367793;-88.0680909052031
345.621441617514;-88.2635425886567
345.643067867234;-88.4575573656868
345.664694116955;-88.6503938978627
345.686320366676;-88.8428509601891
345.707946616396;-89.0376201667741
345.729572866117;-89.2360027789659
345.751199115837;-89.4337561420141
345.772825365558;-89.6256626569739
345.794451615279;-89.812962547314
345.816077864999;-90.0003094673539
345.83770411472;-90.1894373586957
345.85933036444;-90.3717803048733
345.880956614161;-90.5351424583275
345.902582863882;-90.6749376816664
345.924209113602;-90.7929673963827
345.945835363323;-90.8903594486158
345.967461613043;-90.9593765557918
345.989087862764;-90.9895319672237
346.010714112485;-90.9766867962342
346.032340362205;-90.912558502477
346.053966611926;-90.7810267334276
346.075592861646;-90.5832164580062
346.097219111367;-90.341541510017
346.118845361088;-90.0586889205835
346.140471610808;-89.7301737786905
346.162097860529;-89.368492195159
346.183724110249;-88.9857963476038
346.20535035997;-88.5744935000234
346.226976609691;-88.1279178656256
346.248602859411;-87.6665890080027
346.270229109132;-87.2092417305555
346.291855358852;-86.7612409581167
346.313481608573;-86.3334134105223
346.335107858294;-85.9407386149692
346.356734108014;-85.5828149511632
346.378360357735;-85.2503371506253
346.399986607455;-84.9443887126201
346.421612857176;-84.6815089524192
346.443239106897;-84.473273821282
346.464865356617;-84.3182672897942
346.486491606338;-84.2154141296833
346.508117856058;-84.1676982117264
346.529744105779;-84.1639278533463
346.5513703555;-84.1891823210952
346.57299660522;-84.2396215528105
346.594622854941;-84.3086145481994
346.616249104661;-84.3799657274735
346.637875354382;-84.4396010399807
346.659501604103;-84.4805916151932
346.681127853823;-84.4968658471116
346.702754103544;-84.4831708155884
346.724380353264;-84.4330648280603
346.746006602985;-84.3385749914031
346.767632852706;-84.2035806582507
346.789259102426;-84.0406409658571
346.810885352147;-83.8519750654601
346.832511601867;-83.6333986057246
346.854137851588;-83.3917887768849
346.875764101308;-83.1443002869931
346.897390351029;-82.8936798336485
346.91901660075;-82.6406498444394
346.94064285047;-82.3879839714905
346.962269100191;-82.1367739349918
346.983895349911;-81.8898506518529
347.005521599632;-81.6621754912573
347.027147849353;-81.4619042440655
347.048774099073;-81.2793666013647
347.070400348794;-81.1058982768057
347.092026598514;-80.9396085060933
347.113652848235;-80.7750777402142
347.135279097956;-80.6047978795646
347.156905347676;-80.4238452282374
347.178531597397;-80.2344477732202
347.200157847117;-80.0420799106579
347.221784096838;-79.8545409965591
347.243410346559;-79.6776301227743
347.265036596279;-79.503821296821
347.286662846;-79.3275837583063
347.30828909572;-79.1518119494815
347.329915345441;-78.9818599094902
347.351541595162;-78.8216062451124
347.373167844882;-78.6713718351151
347.394794094603;-78.527314654584
347.416420344323;-78.3922803825052
347.438046594044;-78.2684115580875
347.459672843765;-78.1617004672739
347.481299093485;-78.0811136209452
347.502925343206;-78.028443207766
347.524551592926;-77.9985288117396
347.546177842647;-77.9888091177131
347.567804092368;-78.0009806525536
347.589430342088;-78.0286331880803
347.611056591809;-78.0609140577687
347.632682841529;-78.0942479311872
347.65430909125;-78.1290968419819
347.675935340971;-78.1718325420037
347.697561590691;-78.2173737007566
347.719187840412;-78.2429451142471
347.740814090132;-78.2460571353481
347.762440339853;-78.2312238708887
347.784066589574;-78.1999694922133
347.805692839294;-78.1577232786109
347.827319089015;-78.1111345328904
347.848945338735;-78.0607661332561
347.870571588456;-78.0070542783232
347.892197838177;-77.9626199391479
347.913824087897;-77.9405151206357
347.935450337618;-77.9436851922729
347.957076587338;-77.9700498790682
347.978702837059;-78.0188198702192
348.00032908678;-78.089009206388
348.0219553365;-78.176875561875
348.043581586221;-78.2759902955773
348.065207835941;-78.3815594069698
348.086834085662;-78.4885153484165
348.108460335383;-78.5800607512016
348.130086585103;-78.636044680077
348.151712834824;-78.6560360137946
348.173339084544;-78.6483950858145
348.194965334265;-78.6196096252243
348.216591583985;-78.5729866280545
348.238217833706;-78.5193270536514
348.259844083427;-78.465946090279
348.281470333147;-78.4173693155375
348.303096582868;-78.3731901782066
348.324722832588;-78.3372674945568
348.346349082309;-78.3152529048525
348.36797533203;-78.3095946221101
348.38960158175;-78.3174581658492
348.411227831471;-78.3385498410689
348.432854081191;-78.3766457352581
348.454480330912;-78.4375110984269
348.476106580633;-78.5193312603883
348.497732830353;-78.6104254128969
348.519359080074;-78.6992676125998
348.540985329794;-78.7863282722311
348.562611579515;-78.8804904927264
348.584237829236;-78.9905576961253
348.605864078956;-79.0978186735843
348.627490328677;-79.1760751871151
348.649116578397;-79.2187111188135
348.670742828118;-79.2493407487691
348.692369077839;-79.2826509650442
348.713995327559;-79.3054664470335
348.73562157728;-79.2807659089913
348.757247827;-79.2015579814051
348.778874076721;-79.098345394968
348.800500326442;-78.980772195911
348.822126576162;-78.8386819696835
348.843752825883;-78.6515967338962
348.865379075603;-78.4209440763134
348.887005325324;-78.1756257112275
348.908631575045;-77.9392845160174
348.930257824765;-77.7048235843751
348.951884074486;-77.469894943859
348.973510324206;-77.2461404666502
348.995136573927;-77.0452214501505
349.016762823648;-76.8524568737729
349.038389073368;-76.6578183718397
349.060015323089;-76.4719580594566
349.081641572809;-76.3112883744223
349.10326782253;-76.1565390727532
349.124894072251;-75.9851264616984
349.146520321971;-75.7786726878672
349.168146571692;-75.536952901453
349.189772821412;-75.2594354556873
349.211399071133;-74.939796928187
349.233025320854;-74.560992051183
349.254651570574;-74.1141623493091
349.276277820295;-73.6389664838052
349.297904070015;-73.1729581035247
349.319530319736;-72.7110905716005
349.341156569457;-72.2290350570502
349.362782819177;-71.7300264975698
349.384409068898;-71.2605174193846
349.406035318618;-70.8570868473153
349.427661568339;-70.5038750649076
349.44928781806;-70.197964304563
349.47091406778;-69.9592382366144
349.492540317501;-69.7993593086719
349.514166567221;-69.7235288454621
349.535792816942;-69.7408498400765
349.557419066662;-69.8526791946194
349.579045316383;-70.0530796629624
349.600671566104;-70.3427178791168
349.622297815824;-70.7199964955195
349.643924065545;-71.1722231086916
349.665550315265;-71.6823296672667
349.687176564986;-72.220778232205
349.708802814707;-72.7739688270919
349.730429064427;-73.3442084499499
349.752055314148;-73.9271671372952
349.773681563868;-74.5014710650453
349.795307813589;-75.0339122280968
349.81693406331;-75.503286360116
349.83856031303;-75.9074707686005
349.860186562751;-76.2563703325152
349.881812812471;-76.5642813186961
349.903439062192;-76.8433765231742
349.925065311913;-77.0931001566727
349.946691561633;-77.3064946952044
349.968317811354;-77.4827872530747
349.989944061074;-77.6252798601489
350.011570310795;-77.7372553410164
350.033196560516;-77.8218465589526
350.054822810236;-77.8860291980078
350.076449059957;-77.9383501519451
350.098075309677;-77.9771145898523
350.119701559398;-77.99732801249
350.141327809119;-77.9962273118544
350.162954058839;-77.9727846286783
350.18458030856;-77.9297439271253
350.20620655828;-77.8682248753493
350.227832808001;-77.7845782781251
350.249459057722;-77.6735842498018
350.271085307442;-77.5414374852247
350.292711557163;-77.3954718644159
350.314337806883;-77.2300166407963
350.335964056604;-77.0335675417047
350.357590306325;-76.8162188890572
350.379216556045;-76.6079563958682
350.400842805766;-76.4168678728377
350.422469055486;-76.2390553092976
350.444095305207;-76.0805197393346
350.465721554928;-75.9543966431113
350.487347804648;-75.8672447118554
350.508974054369;-75.816089194984
350.530600304089;-75.8012278557901
350.55222655381;-75.8309031982674
350.573852803531;-75.9069145819336
350.595479053251;-76.0272189166863
350.617105302972;-76.1948514644472
350.638731552692;-76.4071315712555
350.660357802413;-76.6609514134653
350.681984052134;-76.9507299462139
350.703610301854;-77.2665967953967
350.725236551575;-77.5914315812456
350.746862801295;-77.9192572837622
350.768489051016;-78.2450388464289
350.790115300737;-78.5508049305559
350.811741550457;-78.8226055023984
350.833367800178;-79.0561113245594
350.854994049898;-79.2479059772453
350.876620299619;-79.3882391573962
350.898246549339;-79.4623444829725
350.91987279906;-79.4716678901744
350.941499048781;-79.4271111574832
350.963125298501;-79.3286691378875
350.984751548222;-79.1670788227776
351.006377797942;-78.9386462530175
351.028004047663;-78.642697462422
351.049630297384;-78.2870670442878
351.071256547104;-77.8807467404875
351.092882796825;-77.4242300437637
351.114509046545;-76.920719331448
351.136135296266;-76.3948250012534
351.157761545987;-75.866354411494
351.179387795707;-75.3374168920436
351.201014045428;-74.8069014996226
351.222640295148;-74.2753647469394
351.244266544869;-73.7604310992989
351.26589279459;-73.2868479432281
351.28751904431;-72.8551029867238
351.309145294031;-72.4690634210477
351.330771543751;-72.1441354619522
351.352397793472;-71.8885086953754
351.374024043193;-71.7003758152017
351.395650292913;-71.5720387239197
351.417276542634;-71.4975104403372
351.438902792354;-71.4673165702565
351.460529042075;-71.4731723452047
351.482155291796;-71.5182271173281
351.503781541516;-71.6043706105481
351.525407791237;-71.712506465706
351.547034040957;-71.819139164739
351.568660290678;-71.9139074348601
351.590286540399;-71.991053764467
351.611912790119;-72.0453800752293
351.63353903984;-72.0736843835727
351.65516528956;-72.076743575368
351.676791539281;-72.0648647935772
351.698417789002;-72.0584023318273
351.720044038722;-72.0664188952638
351.741670288443;-72.0902714596724
351.763296538163;-72.1333744092998
351.784922787884;-72.1987564585282
351.806549037605;-72.2894466029502
351.828175287325;-72.4149070762468
351.849801537046;-72.5814100621357
351.871427786766;-72.7919437584363
351.893054036487;-73.044790765442
351.914680286208;-73.3370239214981
351.936306535928;-73.6597183762152
351.957932785649;-73.992656393772
351.979559035369;-74.3198522612062
352.00118528509;-74.6285090278271
352.022811534811;-74.9086614843486
352.044437784531;-75.157417045116
352.066064034252;-75.3729634900886
352.087690283972;-75.5486234337402
352.109316533693;-75.6777886247814
352.130942783414;-75.7601543948577
352.152569033134;-75.7960066463017
352.174195282855;-75.7854706896173
352.195821532575;-75.7327283601346
352.217447782296;-75.6458505154092
352.239074032017;-75.526532086009
352.260700281737;-75.374022644096
352.282326531458;-75.1889904413948
352.303952781178;-74.966977297497
352.325579030899;-74.7029166173644
352.34720528062;-74.3991016966743
352.36883153034;-74.0583173047631
352.390457780061;-73.6859834928932
352.412084029781;-73.2988604449724
352.433710279502;-72.9135843474296
352.455336529223;-72.536560287095
352.476962778943;-72.1872400866188
352.498589028664;-71.8806477191252
352.520215278384;-71.6230209385647
352.541841528105;-71.4152578353876
352.563467777825;-71.2601608611403
352.585094027546;-71.163429621465
352.606720277267;-71.1259528906914
352.628346526987;-71.145673009146
352.649972776708;-71.2124619963688
352.671599026428;-71.3159771668449
352.693225276149;-71.4451029439669
352.71485152587;-71.5919594689936
352.73647777559;-71.7574544737444
352.758104025311;-71.9387869961119
352.779730275031;-72.1286263550985
352.801356524752;-72.3236056165037
352.822982774473;-72.5253275439826
352.844609024193;-72.7315752012803
352.866235273914;-72.9422423585654
352.887861523634;-73.158011025544
352.909487773355;-73.3797857573585
352.931114023076;-73.59447746922
352.952740272796;-73.7829113876784
352.974366522517;-73.9283979971174
352.995992772237;-74.0368348307921
353.017619021958;-74.1213079947167
353.039245271679;-74.1812968055043
353.060871521399;-74.211479646542
353.08249777112;-74.2209166005356
353.10412402084;-74.2201224771714
353.125750270561;-74.2087952340941
353.147376520282;-74.1810721429551
353.169002770002;-74.1352450545993
353.190629019723;-74.0853649422966
353.212255269443;-74.0423850056841
353.233881519164;-74.0039630240339
353.255507768885;-73.9544530103662
353.277134018605;-73.8726145650323
353.298760268326;-73.75746379306
353.320386518046;-73.6226989769026
353.342012767767;-73.4644038959845
353.363639017488;-73.2720610214083
353.385265267208;-73.0443465985142
353.406891516929;-72.7870621887712
353.428517766649;-72.5186947749795
353.45014401637;-72.2551537145465
353.471770266091;-71.9928065155796
353.493396515811;-71.7233925892091
353.515022765532;-71.4589795880883
353.536649015252;-71.2133368939288
353.558275264973;-70.9959478780273
353.579901514694;-70.8060922895531
353.601527764414;-70.6401433869331
353.623154014135;-70.4971877816103
353.644780263855;-70.3702741565077
353.666406513576;-70.2636847417383
353.688032763297;-70.1762326949532
353.709659013017;-70.0954284798977
353.731285262738;-70.0255551274061
353.752911512458;-69.9688641097431
353.774537762179;-69.9071661724869
353.7961640119;-69.8214002424712
353.81779026162;-69.7116027856539
353.839416511341;-69.597030537794
353.861042761061;-69.486319595775
353.882669010782;-69.378126115444
353.904295260502;-69.2660713783976
353.925921510223;-69.1469138266939
353.947547759944;-69.0335417533133
353.969174009664;-68.9326582563662
353.990800259385;-68.8368163304181
354.012426509105;-68.7447634122867
354.034052758826;-68.6640273285224
354.055679008547;-68.594997862514
354.077305258267;-68.5509500080665
354.098931507988;-68.53762822483
354.120557757708;-68.5447858777666
354.142184007429;-68.5607604435845
354.16381025715;-68.5884252891466
354.18543650687;-68.6327815738697
354.207062756591;-68.6955631687225
354.228689006311;-68.775759567785
354.250315256032;-68.8656058348895
354.271941505753;-68.9557796095499
354.293567755473;-69.0421175737837
354.315194005194;-69.1268562030348
354.336820254914;-69.2122602903649
354.358446504635;-69.2998853121938
354.380072754356;-69.3915246913553
354.401699004076;-69.4842552825204
354.423325253797;-69.5727848302941
354.444951503517;-69.6629292283521
354.466577753238;-69.7584789879449
354.488204002959;-69.8603297827829
354.509830252679;-69.9708467773809
354.5314565024;-70.0855934767089
354.55308275212;-70.1945717694851
354.574709001841;-70.2953720156551
354.596335251562;-70.3796820480879
354.617961501282;-70.4437106674445
354.639587751003;-70.4817779989487
354.661214000723;-70.4836602526146
354.682840250444;-70.4406372688525
354.704466500165;-70.3536594515101
354.726092749885;-70.2338271588629
354.747718999606;-70.0867373356122
354.769345249326;-69.9105083041754
354.790971499047;-69.7080749578848
354.812597748768;-69.4920531986452
354.834223998488;-69.2788360260085
354.855850248209;-69.0749180991266
354.877476497929;-68.8897200070274
354.89910274765;-68.7278862053751
354.920728997371;-68.5887496164074
354.942355247091;-68.4704195201174
354.963981496812;-68.3693343009638
354.985607746532;-68.2805352848596
355.007233996253;-68.1951504393952
355.028860245974;-68.111336085486
355.050486495694;-68.0319434876464
355.072112745415;-67.9609534739013
355.093738995135;-67.9011375941621
355.115365244856;-67.8490574516719
355.136991494577;-67.7984193496429
355.158617744297;-67.7495203188874
355.180243994018;-67.7076874615327
355.201870243738;-67.6766285705125
355.223496493459;-67.6561379071351
355.245122743179;-67.6560166989595
355.2667489929;-67.6872214523918
355.288375242621;-67.7421729019321
355.310001492341;-67.8045250982291
355.331627742062;-67.8612123947215
355.353253991782;-67.9169799837583
355.374880241503;-67.9715119742613
355.396506491224;-68.0166783562612
355.418132740944;-68.0469733708137
355.439758990665;-68.0646001146153
355.461385240385;-68.076851874377
355.483011490106;-68.0815438823708
355.504637739827;-68.072716626281
355.526263989547;-68.0524221437893
355.547890239268;-68.0210429048888
355.569516488988;-67.9722360037218
355.591142738709;-67.9001349652771
355.61276898843;-67.8039430919752
355.63439523815;-67.6871460853112
355.656021487871;-67.5462931418148
355.677647737591;-67.3707694858894
355.699273987312;-67.1525442473884
355.720900237033;-66.9001129758074
355.742526486753;-66.6298113891895
355.764152736474;-66.3465097726267
355.785778986194;-66.0487103258857
355.807405235915;-65.7394876681912
355.829031485636;-65.4316260522502
355.850657735356;-65.1400386449879
355.872283985077;-64.8707571675974
355.893910234797;-64.6262091735665
355.915536484518;-64.4213498005345
355.937162734239;-64.2663229235708
355.958788983959;-64.1588879246517
355.98041523368;-64.0943919456666
356.0020414834;-64.0690060244476
356.023667733121;-64.078385279494
356.045293982842;-64.1133569537313
356.066920232562;-64.1624279447887
356.088546482283;-64.217199764284
356.110172732003;-64.274791258389
356.131798981724;-64.3249714451611
356.153425231445;-64.3599964340404
356.175051481165;-64.3759830203227
356.196677730886;-64.374674404692
356.218303980606;-64.3647617577791
356.239930230327;-64.347958515395
356.261556480048;-64.317017279185
356.283182729768;-64.2622867478
356.304808979489;-64.1862966598733
356.326435229209;-64.0936988582263
356.34806147893;-63.9911732023083
356.369687728651;-63.8904605790393
356.391313978371;-63.7948860551115
356.412940228092;-63.6988238904753
356.434566477812;-63.5990224944109
356.456192727533;-63.4986188790937
356.477818977254;-63.4001286772725
356.499445226974;-63.3015473630705
356.521071476695;-63.1984870870711
356.542697726415;-63.0973435899745
356.564323976136;-63.0033279049841
356.585950225856;-62.915643823402
356.607576475577;-62.8312878947759
356.629202725298;-62.7453619319238
356.650828975018;-62.6539940947852
356.672455224739;-62.5583980137387
356.694081474459;-62.467019100113
356.71570772418;-62.3786765277294
356.737333973901;-62.2899217324074
356.758960223621;-62.199171714792
356.780586473342;-62.1052430954808
356.802212723063;-62.0040410775219
356.823838972783;-61.8943843573816
356.845465222504;-61.7757336039228
356.867091472224;-61.6460860321183
356.888717721945;-61.5025596612266
356.910343971665;-61.3458468223053
356.931970221386;-61.1700197381883
356.953596471107;-60.9736057920244
356.975222720827;-60.7569623325675
356.996848970548;-60.520342903976
357.018475220268;-60.269852830414
357.040101469989;-60.0151849799074
357.06172771971;-59.7574072083027
357.08335396943;-59.4693706703705
357.104980219151;-59.1332749960254
357.126606468871;-58.824129517627
357.148232718592;-58.5638099626488
357.169858968313;-58.3234377950963
357.191485218033;-58.0888599083451
357.213111467754;-57.8695231522056
357.234737717474;-57.6809572715774
357.256363967195;-57.5271381628163
357.277990216916;-57.4005307351054
357.299616466636;-57.2914743755404
357.321242716357;-57.192987088553
357.342868966077;-57.1043627624942
357.364495215798;-57.0341924616458
357.386121465519;-56.9845541781832
357.407747715239;-56.9496673689256
357.42937396496;-56.9270826973107
357.45100021468;-56.9082726233129
357.472626464401;-56.8932129504217
357.494252714122;-56.8974656700088
357.515878963842;-56.9270512892768
357.537505213563;-56.9579592171338
357.559131463283;-56.974411434996
357.580757713004;-56.9848394515857
357.602383962725;-57.000622377518
357.624010212445;-57.0275173175457
357.645636462166;-57.065502036534
357.667262711886;-57.1129401042485
357.688888961607;-57.1770265888185
357.710515211328;-57.2600366810814
357.732141461048;-57.3692520847913
357.753767710769;-57.5088483398573
357.775393960489;-57.668384025869
357.79702021021;-57.8435339135361
357.818646459931;-58.0482816719733
357.840272709651;-58.2851320676761
357.861898959372;-58.5424961734573
357.883525209092;-58.8007698175057
357.905151458813;-59.0468350142344
357.926777708534;-59.2793256204711
357.948403958254;-59.5039121742491
357.970030207975;-59.7177675846227
357.991656457695;-59.9100849721623
358.013282707416;-60.0739561467933
358.034908957137;-60.2082448571404
358.056535206857;-60.3062750850888
358.078161456578;-60.3593458644753
358.099787706298;-60.3708808384232
358.121413956019;-60.3468187175782
358.14304020574;-60.2921817759968
358.16466645546;-60.2063751114162
358.186292705181;-60.0925215647684
358.207918954901;-59.9607657526227
358.229545204622;-59.8296165258964
358.251171454342;-59.7135015453149
358.272797704063;-59.6142464567917
358.294423953784;-59.5350067158422
358.316050203504;-59.4812359915442
358.337676453225;-59.4506242266603
358.359302702945;-59.444682129062
358.380928952666;-59.4652341803585
358.402555202387;-59.5034491548629
358.424181452107;-59.5524344853877
358.445807701828;-59.5986083127412
358.467433951548;-59.6328985209499
358.489060201269;-59.6549863689436
358.51068645099;-59.6618853729719
358.53231270071;-59.6357104780331
358.553938950431;-59.5613295198962
358.575565200151;-59.4469056089898
358.597191449872;-59.3066633163359
358.618817699593;-59.1464321436643
358.640443949313;-58.9646503075065
358.662070199034;-58.7584292040923
358.683696448754;-58.5294782185969
358.705322698475;-58.2913887815149
358.726948948196;-58.0579873725011
358.748575197916;-57.834615869088
358.770201447637;-57.6209772889976
358.791827697357;-57.4166786031712
358.813453947078;-57.2232257388671
358.835080196799;-57.0423168349497
358.856706446519;-56.8761990780737
358.87833269624;-56.7181620573713
358.89995894596;-56.5586207041185
358.921585195681;-56.3946346814269
358.943211445402;-56.2231908950356
358.964837695122;-56.0438262731575
358.986463944843;-55.8619378189898
359.008090194563;-55.6927481057876
359.029716444284;-55.539159120264
359.051342694005;-55.3986048391312
359.072968943725;-55.2661377272239
359.094595193446;-55.1390680419068
359.116221443166;-55.0146970240837
359.137847692887;-54.8883437398304
359.159473942608;-54.7604829755549
359.181100192328;-54.6395640611537
359.202726442049;-54.5233304859579
359.224352691769;-54.396593597719
359.24597894149;-54.2525779193607
359.267605191211;-54.1018375857157
359.289231440931;-53.9656312201568
359.310857690652;-53.8642139610553
359.332483940372;-53.7956526351865
359.354110190093;-53.7497661092301
359.375736439814;-53.7238245482621
359.397362689534;-53.7258242566772
359.418988939255;-53.7691619738682
359.440615188975;-53.8597515534621
359.462241438696;-53.9794503808409
359.483867688417;-54.1120568540357
359.505493938137;-54.2595087269781
359.527120187858;-54.4291097862996
359.548746437578;-54.6175975451128
359.570372687299;-54.8120550731489
359.591998937019;-55.0080026708512
359.61362518674;-55.2080512992298
359.635251436461;-55.411248903645
359.656877686181;-55.6111744291876
359.678503935902;-55.8049024559798
359.700130185622;-55.9926534367102
359.721756435343;-56.1756134524989
359.743382685064;-56.3563554541585
359.765008934784;-56.538598889059
359.786635184505;-56.7269692304431
359.808261434225;-56.922009434342
359.829887683946;-57.1153428185739
359.851513933667;-57.2978020837578
359.873140183387;-57.4638021915345
359.894766433108;-57.6065536177883
359.916392682828;-57.7211630049905
359.938018932549;-57.8018095661109
359.95964518227;-57.8416545350056
359.98127143199;-57.8364431044951
360.002897681711;-57.7866754632163
360.024523931431;-57.6972144493003
360.046150181152;-57.5719552952341
360.067776430873;-57.4087420621556
360.089402680593;-57.2023644218333
360.111028930314;-56.9520468413089
360.132655180034;-56.6662769856536
360.154281429755;-56.3639652772937
360.175907679476;-56.0513154478065
360.197533929196;-55.7212481913746
360.219160178917;-55.3673975747654
360.240786428637;-54.9931111902585
360.262412678358;-54.6038115299034
360.284038928079;-54.1977583529616
360.305665177799;-53.7719356770478
360.32729142752;-53.3313356840356
360.34891767724;-52.8916546295059
360.370543926961;-52.4677670163259
360.392170176682;-52.0633656526429
360.413796426402;-51.6790393903212
360.435422676123;-51.3233248325275
360.457048925843;-51.0074781380746
360.478675175564;-50.7319574442297
360.500301425285;-50.4939284464016
360.521927675005;-50.2976859214713
360.543553924726;-50.1544763187406
360.565180174446;-50.0669978080246
360.586806424167;-50.0186676486085
360.608432673888;-49.987171258143
360.630058923608;-49.9571989617105
360.651685173329;-49.9367321670293
360.673311423049;-49.9268648806802
360.69493767277;-49.9329111855744
360.716563922491;-49.95477865321
360.738190172211;-49.9798027092268
360.759816421932;-49.992148932059
360.781442671652;-49.9868840919758
360.803068921373;-49.9755209637878
360.824695171094;-49.966211369229
360.846321420814;-49.9583168548796
360.867947670535;-49.9576347206072
360.889573920255;-49.9783895147761
360.911200169976;-50.0366453625954
360.932826419696;-50.1224743222348
360.954452669417;-50.2284230420144
360.976078919138;-50.3595895131537
360.997705168858;-50.5265574795081
361.019331418579;-50.7359753545734
361.040957668299;-50.9676464694555
361.06258391802;-51.2099009272525
361.084210167741;-51.4630169138499
361.105836417461;-51.7118454498149
361.127462667182;-51.9467972805446
361.149088916902;-52.1719869951891
361.170715166623;-52.3760931551273
361.192341416344;-52.5392763152056
361.213967666064;-52.6574569252369
361.235593915785;-52.7504872302215
361.257220165505;-52.8338237518096
361.278846415226;-52.9013636301734
361.300472664947;-52.9403305549954
361.322098914667;-52.9517841731999
361.343725164388;-52.9362428955107
361.365351414108;-52.9009278931552
361.386977663829;-52.8640915216717
361.40860391355;-52.8295943268844
361.43023016327;-52.7995051135862
361.451856412991;-52.7724069349694
361.473482662711;-52.7493101621365
361.495108912432;-52.7390605718676
361.516735162153;-52.7510434588513
361.538361411873;-52.7861351745568
361.559987661594;-52.8386924842929
361.581613911314;-52.8970122231074
361.603240161035;-52.9576840875062
361.624866410756;-53.0198145807487
361.646492660476;-53.0781484401527
361.668118910197;-53.125893065289
361.689745159917;-53.157447651545
361.711371409638;-53.1711556988247
361.732997659359;-53.1640068005869
361.754623909079;-53.1294095559107
361.7762501588;-53.0620743263789
361.79787640852;-52.9579552162807
361.819502658241;-52.8200102896368
361.841128907962;-52.6507811706875
361.862755157682;-52.4533163007808
361.884381407403;-52.2365955079832
361.906007657123;-52.0113489101168
361.927633906844;-51.7765153851961
361.949260156565;-51.5257332629958
361.970886406285;-51.2553926191404
361.992512656006;-50.9652844940461
362.014138905726;-50.6724327726782
362.035765155447;-50.3974827959871
362.057391405168;-50.1412470944328
362.079017654888;-49.8973040494516
362.100643904609;-49.6699403767169
362.122270154329;-49.4670220594517
362.14389640405;-49.2891660331715
362.165522653771;-49.1367972259177
362.187148903491;-49.0148645041409
362.208775153212;-48.9335957189777
362.230401402932;-48.8893788372503
362.252027652653;-48.8641197957555
362.273653902374;-48.8514959539471
362.295280152094;-48.8545911394701
362.316906401815;-48.8698760004098
362.338532651535;-48.8977576101184
362.360158901256;-48.9366839393251
362.381785150977;-48.9763161947605
362.403411400697;-49.0060041578952
362.425037650418;-49.0233272359818
362.446663900138;-49.0236626497092
362.468290149859;-48.9994787998144
362.48991639958;-48.9456159436911
362.5115426493;-48.8584307766756
362.533168899021;-48.7347595132141
362.554795148741;-48.5721007287747
362.576421398462;-48.3686258772914
362.598047648182;-48.1245472648002
362.619673897903;-47.8435661568097
362.641300147624;-47.5274770204312
362.662926397344;-47.1903348185836
362.684552647065;-46.8536979826201
362.706178896785;-46.5177457669402
362.727805146506;-46.1744274166459
362.749431396227;-45.8253761571223
362.771057645947;-45.4766268254911
362.792683895668;-45.1400217105962
362.814310145388;-44.823657910427
362.835936395109;-44.5189499621561
362.85756264483;-44.2088507196028
362.87918889455;-43.8898415844163
362.900815144271;-43.5703748623715
362.922441393991;-43.2636902622552
362.944067643712;-42.9581495545917
362.965693893433;-42.8284826962697
