Name;ESR_BC_1_Natural_Z_gon_100dg_result

Recipe
Accumulations;5;Number of accumulations
RetryCount;0;Number of retries on error
AbortOnError;True;Abort on error
EnableQFactorMeasurement;False;Enable/Disable q-Factor measurement
Bfrom;313;B from
Bto;363;B to
SweepTime;60;Sweep time
Modulation;0.2;Modulation
ModulationFreq;100;Modulation
BHoldEnabled;False;B hold enabled
BHold;0;B hold
MicrowavePower;2;Microwave power
MarkerEnabled;False;
MarkerStartField;0;
MarkerEndField;0;
Mode;;
KineticGFact;0;
KineticTotalTransientTime;0;
KineticTimeResolution;0;
TempFrom;5;
TempUseSlope;False;
TempTo;5;
TempdT;1;
TempSetupTime;0;
GonFrom;0;
GonTo;180;
GonSteps;20;
XRayEnabled;False;
XRayTime;3;
XRayVoltage;40;
XRayCurrent;0.5;
UVEnabled;False;
UVIntensity;0;
UVTime;0;
UVLeadTime;0;
UVWavelength;0;
PowSweepFrom;1;
PowSweepTo;5;
PowSweepSteps;5;
AmpModSweepFrom;0;
AmpModSweepTo;1;
AmpModSweepSteps;10;
ExtTriggerEnabled;False;
ExtTrigLeadTime;0;
ExtTrigOnTime;5;

Meas
BField [mT];MW_Absorption []
313.018575210571;60.7388609459886
313.040200795425;60.1070775371107
313.06182638028;59.5483621721144
313.083451965134;59.0719854096441
313.105077549988;58.6888315273951
313.126703134842;58.3931996842211
313.148328719696;58.1927318188422
313.169954304551;58.0909581385753
313.191579889405;58.0832507926198
313.213205474259;58.1583757705144
313.234831059113;58.3073147551644
313.256456643967;58.5295823658158
313.278082228822;58.8027105005497
313.299707813676;59.1121889302058
313.32133339853;59.4441380236046
313.342958983384;59.7749073464782
313.364584568238;60.0909329693564
313.386210153093;60.3932381498566
313.407835737947;60.6880578042137
313.429461322801;60.9705934280854
313.451086907655;61.2483454696971
313.472712492509;61.5291006574185
313.494338077364;61.81180866647
313.515963662218;62.1020841785158
313.537589247072;62.3992776147787
313.559214831926;62.6961109348445
313.58084041678;62.9945804546147
313.602466001634;63.3040905301656
313.624091586489;63.6279038451411
313.645717171343;63.9488036882622
313.667342756197;64.2467205709902
313.688968341051;64.5128232696002
313.710593925905;64.7330286323659
313.73221951076;64.9178159319536
313.753845095614;65.0839740199725
313.775470680468;65.2309034735106
313.797096265322;65.3524415990076
313.818721850176;65.4745650463995
313.840347435031;65.6365300146977
313.861973019885;65.822589059027
313.883598604739;66.0019642016163
313.905224189593;66.1879514393491
313.926849774447;66.3894694082609
313.948475359302;66.6126402159335
313.970100944156;66.8571351705938
313.99172652901;67.1073174989597
314.013352113864;67.3470538409033
314.034977698718;67.5726038650146
314.056603283572;67.779011588162
314.078228868427;67.9590905639093
314.099854453281;68.103134487378
314.121480038135;68.2087139936684
314.143105622989;68.2769739182908
314.164731207843;68.2999748907792
314.186356792698;68.2791656481793
314.207982377552;68.2354719251196
314.229607962406;68.1790588454136
314.25123354726;68.1074472596178
314.272859132114;68.0276135751053
314.294484716969;67.9567040825885
314.316110301823;67.9072126901965
314.337735886677;67.8865428081826
314.359361471531;67.8968735617637
314.380987056385;67.9363211537454
314.40261264124;67.9975908410194
314.424238226094;68.0749659791205
314.445863810948;68.1622268813594
314.467489395802;68.2535524099796
314.489114980656;68.3496381880291
314.510740565511;68.4486572197536
314.532366150365;68.5322052360207
314.553991735219;68.5919838298921
314.575617320073;68.6298670036055
314.597242904927;68.6485169313903
314.618868489782;68.644906862558
314.640494074636;68.614985206999
314.66211965949;68.5635788028798
314.683745244344;68.4930787372086
314.705370829198;68.3972857629835
314.726996414052;68.2789724368157
314.748621998907;68.1446096992806
314.770247583761;68.0006808169106
314.791873168615;67.8531050082812
314.813498753469;67.7097386494575
314.835124338323;67.5861572445088
314.856749923178;67.4913318779513
314.878375508032;67.4248786722264
314.900001092886;67.3814609461063
314.92162667774;67.3552486222329
314.943252262594;67.343430687962
314.964877847449;67.3417846527081
314.986503432303;67.3442641490039
315.008129017157;67.343076017849
315.029754602011;67.3297049260644
315.051380186865;67.3022191695938
315.07300577172;67.2626862639187
315.094631356574;67.2066527627288
315.116256941428;67.1316494563708
315.137882526282;67.0465245374448
315.159508111136;66.9544232646763
315.18113369599;66.8550928338598
315.202759280845;66.7479533870224
315.224384865699;66.6217554053658
315.246010450553;66.4831150794668
315.267636035407;66.3499218008451
315.289261620261;66.2141043730462
315.310887205116;66.0734045655977
315.33251278997;65.9265869964481
315.354138374824;65.7621100414007
315.375763959678;65.5649568996006
315.397389544532;65.3328005958457
315.419015129387;65.0846946512596
315.440640714241;64.8388013332075
315.462266299095;64.6056596193049
315.483891883949;64.382025826911
315.505517468803;64.1649317608868
315.527143053658;63.9757253102854
315.548768638512;63.8383623655308
315.570394223366;63.7480344118427
315.59201980822;63.6935970304232
315.613645393074;63.6735989037149
315.635270977928;63.6879576584614
315.656896562783;63.7305812881452
315.678522147637;63.7900387293189
315.700147732491;63.8506164598936
315.721773317345;63.8987521193469
315.743398902199;63.9324382058408
315.765024487054;63.9524817157462
315.786650071908;63.9672196022049
315.808275656762;63.9817167922972
315.829901241616;63.9941776965722
315.85152682647;64.0148743475008
315.873152411325;64.0586272099943
315.894777996179;64.1447325333891
315.916403581033;64.27010322587
315.938029165887;64.4054897846935
315.959654750741;64.5568696311977
315.981280335596;64.7378059173044
316.00290592045;64.9596330352755
316.024531505304;65.2084219404624
316.046157090158;65.4581219832368
316.067782675012;65.7052776653355
316.089408259867;65.9498522885347
316.111033844721;66.187307922832
316.132659429575;66.4150718209756
316.154285014429;66.6360213329117
316.175910599283;66.8475875901489
316.197536184138;67.0470251905563
316.219161768992;67.2315810233123
316.240787353846;67.3946451715585
316.2624129387;67.5347550073239
316.284038523554;67.6552387688237
316.305664108408;67.7567276146342
316.327289693263;67.8310261203998
316.348915278117;67.8726453831376
316.370540862971;67.8851696423498
316.392166447825;67.8709230931388
316.413792032679;67.8350080143277
316.435417617534;67.7835814294074
316.457043202388;67.7187631164397
316.478668787242;67.6364058221513
316.500294372096;67.5394146297984
316.52191995695;67.4328540429008
316.543545541805;67.3124883899946
316.565171126659;67.1792828726649
316.586796711513;67.0385153423199
316.608422296367;66.8848736714825
316.630047881221;66.7083177626545
316.651673466076;66.50846686046
316.67329905093;66.2810615139493
316.694924635784;66.0227956288232
316.716550220638;65.7357985117051
316.738175805492;65.4308417568467
316.759801390346;65.1239192046481
316.781426975201;64.8407288068843
316.803052560055;64.5924670468949
316.824678144909;64.3682616616513
316.846303729763;64.1720770855704
316.867929314617;64.029046977071
316.889554899472;63.9423252494194
316.911180484326;63.9012907480003
316.93280606918;63.9013861384234
316.954431654034;63.9315643897625
316.976057238888;63.9705591500545
316.997682823743;64.006572801174
317.019308408597;64.0395191718133
317.040933993451;64.0696658323322
317.062559578305;64.095304477143
317.084185163159;64.1165091290182
317.105810748014;64.1358268965372
317.127436332868;64.1554049786469
317.149061917722;64.177155957788
317.170687502576;64.2043291284082
317.19231308743;64.2348511957214
317.213938672285;64.2666003305841
317.235564257139;64.300552953343
317.257189841993;64.3370167356368
317.278815426847;64.3721073395384
317.300441011701;64.4060809497341
317.322066596555;64.4378568368138
317.34369218141;64.4655316311904
317.365317766264;64.4902713541029
317.386943351118;64.5091042466845
317.408568935972;64.5213824304412
317.430194520826;64.53585954479
317.451820105681;64.5597691751485
317.473445690535;64.5896510776736
317.495071275389;64.6195947149893
317.516696860243;64.653887629316
317.538322445097;64.7055005696428
317.559948029952;64.785088771353
317.581573614806;64.8873651653327
317.60319919966;64.9759482596793
317.624824784514;65.0354401442198
317.646450369368;65.0724647689579
317.668075954223;65.0925010359974
317.689701539077;65.0847818122766
317.711327123931;65.0461784903683
317.732952708785;64.9681114442231
317.754578293639;64.8308079361249
317.776203878494;64.6367168923869
317.797829463348;64.3928131852648
317.819455048202;64.101592058686
317.841080633056;63.7744419519867
317.86270621791;63.4288738958614
317.884331802764;63.0749128890273
317.905957387619;62.7112986333177
317.927582972473;62.3521868199396
317.949208557327;62.0336161648521
317.970834142181;61.7832705425374
317.992459727035;61.6068557724272
318.01408531189;61.4927560026878
318.035710896744;61.4291735654912
318.057336481598;61.4139751361302
318.078962066452;61.4440478311997
318.100587651306;61.5000604905719
318.122213236161;61.5636714143569
318.143838821015;61.6295794017714
318.165464405869;61.6937014064495
318.187089990723;61.7433947405411
318.208715575577;61.7721769837438
318.230341160432;61.7908754902795
318.251966745286;61.8020496971815
318.27359233014;61.8028689958943
318.295217914994;61.7963447656666
318.316843499848;61.7985781206567
318.338469084703;61.8272282747716
318.360094669557;61.8883585153305
318.381720254411;61.9979179182999
318.403345839265;62.1570275709375
318.424971424119;62.3432175457278
318.446597008973;62.536296623329
318.468222593828;62.7228944307501
318.489848178682;62.9007039783951
318.511473763536;63.0725142151754
318.53309934839;63.2327161143814
318.554724933244;63.3648393969964
318.576350518099;63.4584090909952
318.597976102953;63.5121112417103
318.619601687807;63.5320531161527
318.641227272661;63.5288705129472
318.662852857515;63.5107546393857
318.68447844237;63.4727469247231
318.706104027224;63.4111418367533
318.727729612078;63.3292327272941
318.749355196932;63.2331692925337
318.770980781786;63.1251601170293
318.792606366641;63.0046029914498
318.814231951495;62.8735998435846
318.835857536349;62.7348814917528
318.857483121203;62.5889429506889
318.879108706057;62.4257966176076
318.900734290911;62.2425377419501
318.922359875766;62.0460030084793
318.94398546062;61.8387108975491
318.965611045474;61.6139304624008
318.987236630328;61.361400248079
319.008862215182;61.0884924192295
319.030487800037;60.7964173288986
319.052113384891;60.480434053394
319.073738969745;60.141618886593
319.095364554599;59.7819996136472
319.116990139453;59.3992593525289
319.138615724308;58.9996056200449
319.160241309162;58.5927812801234
319.181866894016;58.18405802704
319.20349247887;57.7857743012061
319.225118063724;57.4044695110289
319.246743648579;57.0315299588626
319.268369233433;56.671526750788
319.289994818287;56.3447832221976
319.311620403141;56.0741370940777
319.333245987995;55.8676040353725
319.35487157285;55.7156444846704
319.376497157704;55.608609584721
319.398122742558;55.53517836337
319.419748327412;55.5015815217887
319.441373912266;55.5009999101836
319.462999497121;55.5249012736551
319.484625081975;55.5652548237072
319.506250666829;55.6132247446125
319.527876251683;55.6685636347815
319.549501836537;55.7279401376636
319.571127421391;55.7856254548392
319.592753006246;55.8386225552297
319.6143785911;55.8842735350076
319.636004175954;55.9135065830935
319.657629760808;55.9113536630593
319.679255345662;55.8704152213331
319.700880930517;55.7968009850398
319.722506515371;55.7082163433854
319.744132100225;55.6069527138332
319.765757685079;55.4894805636433
319.787383269933;55.3472904977323
319.809008854788;55.2064969450789
319.830634439642;55.0910874574994
319.852260024496;55.0004555116107
319.87388560935;54.9345773266076
319.895511194204;54.8974258027886
319.917136779059;54.8807839051853
319.938762363913;54.8834846711031
319.960387948767;54.8979916202336
319.982013533621;54.9145238465676
320.003639118475;54.944409685828
320.025264703329;54.9972134245091
320.046890288184;55.0619688570846
320.068515873038;55.1270283988401
320.090141457892;55.1983895882452
320.111767042746;55.2720437911694
320.1333926276;55.3440010765755
320.155018212455;55.4298262803733
320.176643797309;55.5276006945109
320.198269382163;55.6204888757314
320.219894967017;55.7023611349718
320.241520551871;55.774959183891
320.263146136726;55.8373592278311
320.28477172158;55.891385673113
320.306397306434;55.9282951631637
320.328022891288;55.9326387416632
320.349648476142;55.8929503001568
320.371274060997;55.8130427207313
320.392899645851;55.7058335445761
320.414525230705;55.5782085990752
320.436150815559;55.4261027040551
320.457776400413;55.2438210663472
320.479401985268;55.0418019834656
320.501027570122;54.8297477812939
320.522653154976;54.6006043383344
320.54427873983;54.3454651857918
320.565904324684;54.0693807842042
320.587529909538;53.7818651701889
320.609155494393;53.4797997708028
320.630781079247;53.1652581709527
320.652406664101;52.8356282094794
320.674032248955;52.4819539655058
320.695657833809;52.1066139048247
320.717283418664;51.7247178099781
320.738909003518;51.3465147409658
320.760534588372;50.9707711476677
320.782160173226;50.5932260014485
320.80378575808;50.2416578552645
320.825411342935;49.9470513875335
320.847036927789;49.7112068379158
320.868662512643;49.5348556153411
320.890288097497;49.4129382823877
320.911913682351;49.3716439586296
320.933539267206;49.453104257735
320.95516485206;49.6359711639595
320.976790436914;49.8926722659058
320.998416021768;50.2066496128862
321.020041606622;50.568899799318
321.041667191477;50.9616732884126
321.063292776331;51.3605354504396
321.084918361185;51.7488229990087
321.106543946039;52.1150389991342
321.128169530893;52.4458720222162
321.149795115747;52.729546756105
321.171420700602;52.9610799486706
321.193046285456;53.1397427486428
321.21467187031;53.2590441871743
321.236297455164;53.3171968190275
321.257923040018;53.3260044582519
321.279548624873;53.2951452437667
321.301174209727;53.2299863166667
321.322799794581;53.1405510185712
321.344425379435;53.0386537293612
321.366050964289;52.9341155899644
321.387676549144;52.8315059840057
321.409302133998;52.725252814344
321.430927718852;52.6113442749797
321.452553303706;52.5019477437352
321.47417888856;52.4086009161536
321.495804473415;52.3278176891324
321.517430058269;52.2416805420146
321.539055643123;52.1387961384871
321.560681227977;52.0303041729676
321.582306812831;51.9263839292392
321.603932397686;51.8276912652299
321.62555798254;51.7349798688575
321.647183567394;51.6609995360047
321.668809152248;51.6232748460758
321.690434737102;51.6292353269477
321.712060321956;51.6771528442225
321.733685906811;51.7596056205956
321.755311491665;51.8673643304136
321.776937076519;51.9958015708712
321.798562661373;52.1372609141601
321.820188246227;52.2769194999166
321.841813831082;52.3981835022781
321.863439415936;52.4894691655393
321.88506500079;52.5409141083507
321.906690585644;52.5341015824526
321.928316170498;52.4526378405554
321.949941755353;52.2990301532738
321.971567340207;52.0743737607709
321.993192925061;51.7851168102752
322.014818509915;51.4472884551762
322.036444094769;51.0648239830813
322.058069679624;50.637545916199
322.079695264478;50.1799639823731
322.101320849332;49.7018882015419
322.122946434186;49.1998362606478
322.14457201904;48.6803112401079
322.166197603894;48.1587260507544
322.187823188749;47.638790895323
322.209448773603;47.1126697087792
322.231074358457;46.5960044631701
322.252699943311;46.1112085908346
322.274325528165;45.6647769078254
322.29595111302;45.2740345039796
322.317576697874;44.9575030112753
322.339202282728;44.7113054889116
322.360827867582;44.5171827167007
322.382453452436;44.3668123563944
322.404079037291;44.2586356728153
322.425704622145;44.1871941909028
322.447330206999;44.1438685475996
322.468955791853;44.1129532894857
322.490581376707;44.0759860588169
322.512206961562;44.0263283259011
322.533832546416;43.9710559502072
322.55545813127;43.9070000351876
322.577083716124;43.8327308541492
322.598709300978;43.7468662366605
322.620334885833;43.6539087639696
322.641960470687;43.5634981761348
322.663586055541;43.4825339167689
322.685211640395;43.4166829947549
322.706837225249;43.3689508251539
322.728462810104;43.3355162440771
322.750088394958;43.3182862521085
322.771713979812;43.3229096238391
322.793339564666;43.3424145264749
322.81496514952;43.3621645716632
322.836590734374;43.3807895251878
322.858216319229;43.4037149480901
322.879841904083;43.4374601836777
322.901467488937;43.4851214006177
322.923093073791;43.536066134029
322.944718658645;43.5871468039679
322.9663442435;43.6393562717931
322.987969828354;43.6970404766213
323.009595413208;43.7738764987154
323.031220998062;43.8661504227564
323.052846582916;43.9571448355276
323.074472167771;44.0439707646064
323.096097752625;44.1305466267564
323.117723337479;44.2098132403067
323.139348922333;44.2758863721638
323.160974507187;44.3310199605112
323.182600092042;44.3858230224657
323.204225676896;44.4580765613041
323.22585126175;44.5461075605526
323.247476846604;44.6521562416009
323.269102431458;44.784829074731
323.290728016312;44.9589088973676
323.312353601167;45.1814358364163
323.333979186021;45.4447281616629
323.355604770875;45.7325894112669
323.377230355729;46.0538245556642
323.398855940583;46.4136972968755
323.420481525438;46.8042752106086
323.442107110292;47.2165882352868
323.463732695146;47.6421882678466
323.48535828;48.0725536926471
323.506983864854;48.4859834599006
323.528609449709;48.867138720386
323.550235034563;49.2098740179984
323.571860619417;49.509034538838
323.593486204271;49.7643121456786
323.615111789125;49.9793254381962
323.63673737398;50.1516593894886
323.658362958834;50.2697203659812
323.679988543688;50.3254545663446
323.701614128542;50.3163091487424
323.723239713396;50.2429177026617
323.744865298251;50.1204448195599
323.766490883105;49.9478142470048
323.788116467959;49.7238731090377
323.809742052813;49.4493458472411
323.831367637667;49.1010510185857
323.852993222521;48.700023433086
323.874618807376;48.2701171786934
323.89624439223;47.8207049200988
323.917869977084;47.3538744261894
323.939495561938;46.8793513812842
323.961121146792;46.4111693471978
323.982746731647;45.9638340611181
324.004372316501;45.5459487616654
324.025997901355;45.1598453724422
324.047623486209;44.809790151896
324.069249071063;44.5009726944925
324.090874655918;44.2347938798199
324.112500240772;44.0014294009747
324.134125825626;43.7925994845637
324.15575141048;43.6354573368342
324.177376995334;43.5385276429507
324.199002580189;43.4755941947057
324.220628165043;43.4462022467776
324.242253749897;43.4475407293096
324.263879334751;43.4593294932768
324.285504919605;43.47535590439
324.30713050446;43.5061233539019
324.328756089314;43.539187448779
324.350381674168;43.5594315447586
324.372007259022;43.576575751704
324.393632843876;43.5835445627568
324.41525842873;43.5618135441846
324.436884013585;43.516745036083
324.458509598439;43.464491424457
324.480135183293;43.4089417002382
324.501760768147;43.3369111610246
324.523386353001;43.2489667248355
324.545011937856;43.1574286624477
324.56663752271;43.071222622437
324.588263107564;42.9961133030715
324.609888692418;42.9311199626174
324.631514277272;42.8728807503502
324.653139862127;42.8185153632834
324.674765446981;42.7637421083287
324.696391031835;42.7040052395713
324.718016616689;42.6348891831189
324.739642201543;42.5520576161112
324.761267786398;42.4545640518725
324.782893371252;42.3408537808911
324.804518956106;42.2088327115467
324.82614454096;42.0581500194115
324.847770125814;41.8928290887161
324.869395710669;41.7145969513182
324.891021295523;41.528685386299
324.912646880377;41.3420944876308
324.934272465231;41.1603119048965
324.955898050085;40.9818693657043
324.977523634939;40.7964994525347
324.999149219794;40.5936277158871
325.020774804648;40.3788744610735
325.042400389502;40.167029389033
325.064025974356;39.9512084077953
325.08565155921;39.7161262441083
325.107277144065;39.4535826652441
325.128902728919;39.1656312443434
325.150528313773;38.8567234328025
325.172153898627;38.5323833262678
325.193779483481;38.2008382843089
325.215405068336;37.859490647422
325.23703065319;37.5022980210797
325.258656238044;37.1263882216061
325.280281822898;36.741025584193
325.301907407752;36.3728542465934
325.323532992607;36.0212307106353
325.345158577461;35.6682592510909
325.366784162315;35.3072683203854
325.388409747169;34.95421097781
325.410035332023;34.6174516273781
325.431660916877;34.2948260002314
325.453286501732;33.9849446060768
325.474912086586;33.6957747891145
325.49653767144;33.4299610612122
325.518163256294;33.1873417521935
325.539788841148;32.966519331918
325.561414426003;32.7678315009258
325.583040010857;32.5839901177256
325.604665595711;32.4109702887083
325.626291180565;32.24305119654
325.647916765419;32.0677535280972
325.669542350274;31.8769097650719
325.691167935128;31.6725906477514
325.712793519982;31.4468512114268
325.734419104836;31.1905327728046
325.75604468969;30.8943371735923
325.777670274545;30.5577890310617
325.799295859399;30.1884512747573
325.820921444253;29.8122572493537
325.842547029107;29.456131786388
325.864172613961;29.1252801001433
325.885798198816;28.822366341594
325.90742378367;28.5454282007886
325.929049368524;28.2884571869399
325.950674953378;28.0529908402427
325.972300538232;27.8459767835166
325.993926123087;27.675898846959
326.015551707941;27.5422720163782
326.037177292795;27.444326760041
326.058802877649;27.3845870883936
326.080428462503;27.3622815047437
326.102054047357;27.3684620475708
326.123679632212;27.3982294039096
326.145305217066;27.44665632102
326.16693080192;27.5065922671846
326.188556386774;27.5782093261125
326.210181971628;27.671303205554
326.231807556483;27.7863144740652
326.253433141337;27.920468261999
326.275058726191;28.0672596860062
326.296684311045;28.2248523941817
326.318309895899;28.3847778076742
326.339935480754;28.5380730340274
326.361561065608;28.6807027483131
326.383186650462;28.8122982738019
326.404812235316;28.9316420016078
326.42643782017;29.0377529089393
326.448063405025;29.1199183430746
326.469688989879;29.1619823083842
326.491314574733;29.1752485773388
326.512940159587;29.1732915160206
326.534565744441;29.1642581903351
326.556191329295;29.1452982305879
326.57781691415;29.1173100516918
326.599442499004;29.0863779587932
326.621068083858;29.0621715876135
326.642693668712;29.0522501050936
326.664319253566;29.0477981924642
326.685944838421;29.0392629392977
326.707570423275;29.0208985359261
326.729196008129;28.9891970100452
326.750821592983;28.9362823579375
326.772447177837;28.8465411987055
326.794072762692;28.7103556334068
326.815698347546;28.517510497269
326.8373239324;28.275279040887
326.858949517254;27.9939772466222
326.880575102108;27.6834898829018
326.902200686963;27.353934856623
326.923826271817;27.009218753949
326.945451856671;26.6500534953396
326.967077441525;26.2799025010236
326.988703026379;25.9159597257057
327.010328611233;25.5631069010822
327.031954196088;25.2186289193898
327.053579780942;24.8928270168374
327.075205365796;24.5812575550003
327.09683095065;24.2705631443534
327.118456535504;23.960960928051
327.140082120359;23.652250074163
327.161707705213;23.337842000552
327.183333290067;23.0271233685272
327.204958874921;22.7325933474817
327.226584459775;22.4493746515974
327.24821004463;22.1739387275536
327.269835629484;21.9011970011104
327.291461214338;21.625403949087
327.313086799192;21.3481564084132
327.334712384046;21.0843048892107
327.356337968901;20.852012094928
327.377963553755;20.6401854136933
327.399589138609;20.4281104084616
327.421214723463;20.2109590381127
327.442840308317;19.9982444032497
327.464465893172;19.7897479862606
327.486091478026;19.575614073199
327.50771706288;19.3468763879173
327.529342647734;19.1042489085556
327.550968232588;18.8506559269966
327.572593817443;18.5898856267954
327.594219402297;18.3318509003559
327.615844987151;18.0828286662634
327.637470572005;17.8440457974057
327.659096156859;17.6160917096975
327.680721741713;17.3908142620741
327.702347326568;17.1650948902
327.723972911422;16.9460397011244
327.745598496276;16.7414004449129
327.76722408113;16.5377855875434
327.788849665984;16.3208999872222
327.810475250839;16.0896553093179
327.832100835693;15.855166342836
327.853726420547;15.6222746661835
327.875352005401;15.3836541212761
327.896977590255;15.1357543091222
327.91860317511;14.8761106758596
327.940228759964;14.6058211202679
327.961854344818;14.3318165373375
327.983479929672;14.0642061061888
328.005105514526;13.8022135024315
328.026731099381;13.5379295796754
328.048356684235;13.2670609804176
328.069982269089;12.986139654883
328.091607853943;12.6975943108651
328.113233438797;12.4069999799414
328.134859023652;12.1120854222046
328.156484608506;11.80564977963
328.17811019336;11.4801254500524
328.199735778214;11.1550940639053
328.221361363068;10.8514107014772
328.242986947922;10.5611785963089
328.264612532777;10.2733757728342
328.286238117631;10.000275749277
328.307863702485;9.76221243883382
328.329489287339;9.56104587599055
328.351114872193;9.40005096515853
328.372740457048;9.2813698941582
328.394366041902;9.21342796207861
328.415991626756;9.21146199395626
328.43761721161;9.28241933940631
328.459242796464;9.4078087053717
328.480868381319;9.58173763670966
328.502493966173;9.80535640965313
328.524119551027;10.0748861771265
328.545745135881;10.3762734159778
328.567370720735;10.6854869966483
328.58899630559;10.9788928657584
328.610621890444;11.2508804298494
328.632247475298;11.4819768045022
328.653873060152;11.6681361941672
328.675498645006;11.8082868549397
328.69712422986;11.8960156796568
328.718749814715;11.9323967303621
328.740375399569;11.9139189210693
328.762000984423;11.8377222164276
328.783626569277;11.7069551860916
328.805252154131;11.5310712087505
328.826877738986;11.3156744470154
328.84850332384;11.0737864911293
328.870128908694;10.8176567757368
328.891754493548;10.5586816713281
328.913380078402;10.3064528757476
328.935005663257;10.0592028872682
328.956631248111;9.81814902598985
328.978256832965;9.60013534394794
328.999882417819;9.41968346201352
329.021508002673;9.27856839031997
329.043133587528;9.17083656427442
329.064759172382;9.08835558485589
329.086384757236;9.02745005972273
329.10801034209;8.98699295542556
329.129635926944;8.95749089188342
329.151261511799;8.92874880071636
329.172887096653;8.89267642862213
329.194512681507;8.84985410754352
329.216138266361;8.80530605036282
329.237763851215;8.75655864844111
329.25938943607;8.70601974289518
329.281015020924;8.66533875056768
329.302640605778;8.64292007602833
329.324266190632;8.63928744971097
329.345891775486;8.65331901725776
329.36751736034;8.6882383342688
329.389142945195;8.74790268628238
329.410768530049;8.8320239773145
329.432394114903;8.93170162348923
329.454019699757;9.03219060770392
329.475645284611;9.12166924918943
329.497270869466;9.18710636668652
329.51889645432;9.20924101114849
329.540522039174;9.15845357528998
329.562147624028;9.03656433309207
329.583773208882;8.83832794767207
329.605398793737;8.57811679086168
329.627024378591;8.2563501920806
329.648649963445;7.8548424461136
329.670275548299;7.38609321269526
329.691901133153;6.88463533263533
329.713526718008;6.37272814952675
329.735152302862;5.85898472973966
329.756777887716;5.35030903617758
329.77840347257;4.85545599666513
329.800029057424;4.38647179126107
329.821654642278;3.96023599396057
329.843280227133;3.59340206955572
329.864905811987;3.29327854088675
329.886531396841;3.04981726397946
329.908156981695;2.85109466116779
329.929782566549;2.69308355860625
329.951408151404;2.5919949678255
329.973033736258;2.55516325976349
329.994659321112;2.57082594665322
330.016284905966;2.63610955510605
330.03791049082;2.75349749355754
330.059536075675;2.92395312618728
330.081161660529;3.14327316876095
330.102787245383;3.4008070445354
330.124412830237;3.68604984461447
330.146038415091;3.99084051459512
330.167663999946;4.30545146936204
330.1892895848;4.62371702715823
330.210915169654;4.9443832075912
330.232540754508;5.2596025376887
330.254166339362;5.55461437135401
330.275791924216;5.80672160059729
330.297417509071;5.99661550832804
330.319043093925;6.12792547973196
330.340668678779;6.20646757415945
330.362294263633;6.22592076506715
330.383919848487;6.18745753711833
330.405545433342;6.10451347423874
330.427171018196;5.98821597764152
330.44879660305;5.85812140502068
330.470422187904;5.73003028377047
330.492047772758;5.61463298629806
330.513673357613;5.52021252036394
330.535298942467;5.45549514326102
330.556924527321;5.43172489314311
330.578550112175;5.45354631465867
330.600175697029;5.52962253946267
330.621801281884;5.67086931457084
330.643426866738;5.87531028115598
330.665052451592;6.11515058825373
330.686678036446;6.384759424214
330.7083036213;6.68927186137144
330.729929206155;7.01275393281196
330.751554791009;7.33745785841889
330.773180375863;7.64984856729721
330.794805960717;7.94343847667025
330.816431545571;8.21679430102972
330.838057130426;8.46827257013516
330.85968271528;8.70104299367122
330.881308300134;8.90211060169244
330.902933884988;9.05094717126747
330.924559469842;9.14857949275894
330.946185054696;9.21308023621769
330.967810639551;9.26021975541312
330.989436224405;9.30137466353558
331.011061809259;9.33742834159494
331.032687394113;9.36653634922012
331.054312978967;9.39048620463412
331.075938563822;9.41896418332604
331.097564148676;9.45851143315471
331.11918973353;9.5103199326333
331.140815318384;9.58455064956363
331.162440903238;9.68681506371983
331.184066488093;9.80779891500438
331.205692072947;9.94494213374634
331.227317657801;10.089519926652
331.248943242655;10.2418533137779
331.270568827509;10.3924064260383
331.292194412364;10.5300112563496
331.313819997218;10.6491596771421
331.335445582072;10.7533518311121
331.357071166926;10.8517257442677
331.37869675178;10.9532415683065
331.400322336634;11.0633027975952
331.421947921489;11.1882194609893
331.443573506343;11.3492017870513
331.465199091197;11.5731453419851
331.486824676051;11.8483383282242
331.508450260905;12.1757515822221
331.53007584576;12.5590594335413
331.551701430614;12.9963272467442
331.573327015468;13.4748198392601
331.594952600322;13.9762865485592
331.616578185176;14.4773955052174
331.638203770031;14.9136006824405
331.659829354885;15.2377770627372
331.681454939739;15.3884558381198
331.703080524593;15.3165877798905
331.724706109447;14.9786457427909
331.746331694302;14.3112660439744
331.767957279156;13.259910804095
331.78958286401;11.8750550736754
331.811208448864;10.2232355108244
331.832834033718;8.3303554944459
331.854459618573;6.2225488721648
331.876085203427;4.03332102509446
331.897710788281;1.87642160191697
331.919336373135;-0.221202640498745
331.940961957989;-2.16332475247349
331.962587542843;-3.89901980578276
331.984213127698;-5.36770299850402
332.005838712552;-6.51780132258712
332.027464297406;-7.37616145268093
332.04908988226;-7.97172435565716
332.070715467114;-8.32188670697559
332.092341051969;-8.43850692328026
332.113966636823;-8.3490400810052
332.135592221677;-8.1017687077041
332.157217806531;-7.74453638692121
332.178843391385;-7.31880070321378
332.20046897624;-6.87683022238687
332.222094561094;-6.43291607696506
332.243720145948;-5.97817552673679
332.265345730802;-5.51154857822124
332.286971315656;-5.07410336039426
332.308596900511;-4.6767620358866
332.330222485365;-4.2996122378115
332.351848070219;-3.92465473403459
332.373473655073;-3.54808850748098
332.395099239927;-3.16907847350014
332.416724824782;-2.77334795105519
332.438350409636;-2.35043680128663
332.45997599449;-1.9149832098723
332.481601579344;-1.47178861986716
332.503227164198;-1.00371882065141
332.524852749052;-0.504100233795128
332.546478333907;0.0331053237583063
332.568103918761;0.614234237037607
332.589729503615;1.22652701691435
332.611355088469;1.84754164506301
332.632980673323;2.47430072165613
332.654606258178;3.12099853760252
332.676231843032;3.79051274969109
332.697857427886;4.46368019848221
332.71948301274;5.11121546374085
332.741108597594;5.72524093335684
332.762734182449;6.30898133873101
332.784359767303;6.83305731041087
332.805985352157;7.26751779186411
332.827610937011;7.61091713091614
332.849236521865;7.87595886266534
332.87086210672;8.08288097414176
332.892487691574;8.24809213416929
332.914113276428;8.38698543601456
332.935738861282;8.52034355500884
332.957364446136;8.67914235389524
332.978990030991;8.87558091928942
333.000615615845;9.12398054964952
333.022241200699;9.45646833415863
333.043866785553;9.90525857242334
333.065492370407;10.485260815412
333.087117955261;11.1892947901266
333.108743540116;11.9894039530315
333.13036912497;12.892255534125
333.151994709824;13.9293162573023
333.173620294678;15.1249442102238
333.195245879532;16.419915086906
333.216871464387;17.7642913832196
333.238497049241;19.1803167489441
333.260122634095;20.6398940708886
333.281748218949;22.1157402825506
333.303373803803;23.5991247024716
333.324999388658;25.0281378929546
333.346624973512;26.3191035598858
333.368250558366;27.4667696272937
333.38987614322;28.4895862438429
333.411501728074;29.3844394381663
333.433127312929;30.1531403431231
333.454752897783;30.8224431681786
333.476378482637;31.4128315328502
333.498004067491;31.9472138342251
333.519629652345;32.4477710784147
333.541255237199;32.9624509028532
333.562880822054;33.5546273778982
333.584506406908;34.2960915297747
333.606131991762;35.246146079884
333.627757576616;36.4312389554404
333.649383161471;37.8375869847033
333.671008746325;39.4120957747893
333.692634331179;41.1601314311548
333.714259916033;43.1271651512651
333.735885500887;45.305578637967
333.757511085741;47.5262648028794
333.779136670596;49.597370476603
333.80076225545;51.4048322364614
333.822387840304;52.8456029912592
333.844013425158;53.7394563101798
333.865639010012;53.9072719789472
333.887264594867;53.2578578969977
333.908890179721;51.7537891323787
333.930515764575;49.3722524816684
333.952141349429;46.1126116402025
333.973766934283;41.9827789397878
333.995392519138;36.9895093741646
334.017018103992;31.2954639227385
334.038643688846;25.1667064777506
334.0602692737;18.8246953099159
334.081894858554;12.5739398921765
334.103520443409;6.76501884515884
334.125146028263;1.74014879483628
334.146771613117;-2.39818047483733
334.168397197971;-5.76971072061647
334.190022782825;-8.46283303034851
334.211648367679;-10.4055752214596
334.233273952534;-11.4680115586322
334.254899537388;-11.6580947191316
334.276525122242;-11.1458511721307
334.298150707096;-10.0581291663065
334.31977629195;-8.47146048566023
334.341401876805;-6.50939748488955
334.363027461659;-4.24291843588723
334.384653046513;-1.62498202914904
334.406278631367;1.2796942164557
334.427904216221;4.31299968063569
334.449529801076;7.40260279789047
334.47115538593;10.6166110249037
334.492780970784;13.9831189338163
334.514406555638;17.3975860693419
334.536032140492;20.8064811904704
334.557657725347;24.2563290344618
334.579283310201;27.6555790815287
334.600908895055;30.9204762220613
334.622534479909;34.1038237562834
334.644160064763;37.296175561022
334.665785649617;40.5419785811941
334.687411234472;43.8126613981434
334.709036819326;47.1762892097918
334.73066240418;50.7854655064546
334.752287989034;54.546545730849
334.773913573888;58.2081454071392
334.795539158743;61.6272203337258
334.817164743597;64.8425101108988
334.838790328451;67.9400440074786
334.860415913305;70.9828841919642
334.882041498159;74.0033457559276
334.903667083014;77.021894875915
334.925292667868;79.9190622951873
334.946918252722;82.5530436002365
334.968543837576;84.9467084349039
334.99016942243;87.1512103141446
335.011795007285;89.1692453046669
335.033420592139;90.9481635796914
335.055046176993;92.457001692703
335.076671761847;93.7099965003927
335.098297346701;94.7262764515268
335.119922931556;95.5270381964037
335.14154851641;96.1082475948002
335.163174101264;96.4934684352697
335.184799686118;96.7393598320077
335.206425270972;96.8943020480985
335.228050855827;97.0042837079567
335.249676440681;97.1308987477071
335.271302025535;97.3504996056444
335.292927610389;97.7509030186786
335.314553195243;98.4340645916435
335.336178780097;99.4732594099541
335.357804364952;100.923028556745
335.379429949806;102.931367672462
335.40105553466;105.717607960715
335.422681119514;109.449650212516
335.444306704368;114.111473279638
335.465932289223;119.520327454229
335.487557874077;125.637894878679
335.509183458931;132.647898734576
335.530809043785;140.838697521223
335.552434628639;150.49700078652
335.574060213494;161.75501979161
335.595685798348;174.38248635145
335.617311383202;188.242804057745
335.638936968056;203.484523571993
335.66056255291;220.304103891523
335.682188137765;238.495192868018
335.703813722619;257.804071039251
335.725439307473;278.553681224112
335.747064892327;301.551931008756
335.768690477181;327.670840519599
335.790316062035;357.254689205553
335.81194164689;390.654989960909
335.833567231744;428.319163544254
335.855192816598;470.220778461323
335.876818401452;516.586832930951
335.898443986306;568.886828783653
335.920069571161;629.402200605998
335.941695156015;699.826099098544
335.963320740869;779.760319248887
335.984946325723;867.005580794005
336.006571910577;961.699675803407
336.028197495432;1066.13214671913
336.049823080286;1177.69092021268
336.07144866514;1289.71605110483
336.093074249994;1399.90502856666
336.114699834848;1508.78231847724
336.136325419703;1616.79407749424
336.157951004557;1721.98741310278
336.179576589411;1816.92886810606
336.201202174265;1892.67141451164
336.222827759119;1945.71806680418
336.244453343974;1978.76410241137
336.266078928828;1991.88405059438
336.287704513682;1982.5947669706
336.309330098536;1947.76485006963
336.33095568339;1888.27305835242
336.352581268244;1804.17459285259
336.374206853099;1695.1191030809
336.395832437953;1563.17656203793
336.417458022807;1413.07279724613
336.439083607661;1244.79854427147
336.460709192515;1060.35714076189
336.48233477737;867.734657474648
336.503960362224;672.174894384956
336.525585947078;473.936239676362
336.547211531932;277.626617504051
336.568837116786;89.6927304009302
336.590462701641;-86.7560539308617
336.612088286495;-250.356492611594
336.633713871349;-399.498424883798
336.655339456203;-534.478225404569
336.676965041057;-658.451364405871
336.698590625912;-775.140230100571
336.720216210766;-884.577172079525
336.74184179562;-981.357090947861
336.763467380474;-1064.32916526316
336.785092965328;-1136.70879953751
336.806718550183;-1200.94275730122
336.828344135037;-1257.60086183083
336.849969719891;-1307.13469585582
336.871595304745;-1350.96378068006
336.893220889599;-1390.84858792578
336.914846474453;-1427.1734463918
336.936472059308;-1458.22019777994
336.958097644162;-1483.37405490537
336.979723229016;-1503.06590301254
337.00134881387;-1517.70547388901
337.022974398724;-1526.8314280356
337.044599983579;-1529.59719192934
337.066225568433;-1526.0303092135
337.087851153287;-1516.73268231015
337.109476738141;-1502.01861026426
337.131102322995;-1481.61078350965
337.15272790785;-1455.0004069097
337.174353492704;-1422.35250487804
337.195979077558;-1384.3833356335
337.217604662412;-1341.16475374176
337.239230247266;-1292.17823375397
337.260855832121;-1237.23678259597
337.282481416975;-1177.21441031607
337.304107001829;-1113.23342726773
337.325732586683;-1046.50359018239
337.347358171537;-978.653048364117
337.368983756392;-910.512523923016
337.390609341246;-844.05160898302
337.4122349261;-780.249528042576
337.433860510954;-718.525454480468
337.455486095808;-659.128790284669
337.477111680662;-602.479166691791
337.498737265517;-548.848152531929
337.520362850371;-498.463541452064
337.541988435225;-451.468781973114
337.563614020079;-408.341444958982
337.585239604933;-369.294452085109
337.606865189788;-334.508610071313
337.628490774642;-303.835453752059
337.650116359496;-276.736695452526
337.67174194435;-252.793817622647
337.693367529204;-231.682705592965
337.714993114059;-212.883885124884
337.736618698913;-195.674557133166
337.758244283767;-179.777342881536
337.779869868621;-165.58991926426
337.801495453475;-153.138515452936
337.82312103833;-142.173610830148
337.844746623184;-132.424491383868
337.866372208038;-123.553220809066
337.887997792892;-115.320198840622
337.909623377746;-107.573170879081
337.9312489626;-100.177355716609
337.952874547455;-92.993868198764
337.974500132309;-85.9422719519421
337.996125717163;-79.0100342092831
338.017751302017;-72.3067210640384
338.039376886871;-65.7977605798319
338.061002471726;-59.4815141571658
338.08262805658;-53.5600731436245
338.104253641434;-48.1246466228558
338.125879226288;-43.1644481378597
338.147504811142;-38.593415074041
338.169130395997;-34.429375170815
338.190755980851;-31.0061673150745
338.212381565705;-28.6291353737662
338.234007150559;-27.339033061994
338.255632735413;-27.2833806054345
338.277258320268;-28.5548016616759
338.298883905122;-31.0791522511646
338.320509489976;-34.6928117211521
338.34213507483;-39.2272319764604
338.363760659684;-44.6451924525039
338.385386244539;-50.8420063921908
338.407011829393;-57.3982405842818
338.428637414247;-63.7706183179401
338.450262999101;-69.7039071551624
338.471888583955;-75.1568817304953
338.49351416881;-80.0408879296371
338.515139753664;-84.1679846770609
338.536765338518;-87.3579849484392
338.558390923372;-89.3831714483035
338.580016508226;-90.3199052043323
338.60164209308;-90.3135671997885
338.623267677935;-89.516432858314
338.644893262789;-88.0547446349369
338.666518847643;-86.0482783234473
338.688144432497;-83.6674430505093
338.709770017351;-81.0868702553642
338.731395602206;-78.399834135596
338.75302118706;-75.7329559128493
338.774646771914;-73.2690278737931
338.796272356768;-71.0964407337058
338.817897941622;-69.1965108307975
338.839523526477;-67.5384340486973
338.861149111331;-66.0984102852152
338.882774696185;-64.8252309407921
338.904400281039;-63.7134064274399
338.926025865893;-62.7676092076225
338.947651450748;-61.9631872618454
338.969277035602;-61.2074727487689
338.990902620456;-60.4248392240192
339.01252820531;-59.5542845559283
339.034153790164;-58.5680605509235
339.055779375018;-57.4708990683144
339.077404959873;-56.2311906565595
339.099030544727;-54.8400985785625
339.120656129581;-53.3867218077725
339.142281714435;-51.9529468652576
339.163907299289;-50.5296136970322
339.185532884144;-49.0731163059021
339.207158468998;-47.5836282304794
339.228784053852;-46.1457655201558
339.250409638706;-44.8308554041279
339.27203522356;-43.6324212435767
339.293660808415;-42.5163539010033
339.315286393269;-41.4706392920967
339.336911978123;-40.5192046337763
339.358537562977;-39.6593901082651
339.380163147831;-38.8574268526672
339.401788732686;-38.0736346725038
339.42341431754;-37.3177500775617
339.445039902394;-36.6301982609787
339.466665487248;-35.9993586169589
339.488291072102;-35.3803339207833
339.509916656957;-34.7593780542624
339.531542241811;-34.1495419233046
339.553167826665;-33.5488718091174
339.574793411519;-32.9524841401502
339.596418996373;-32.3812392451884
339.618044581227;-31.8304365005137
339.639670166082;-31.278063925483
339.661295750936;-30.7173027579184
339.68292133579;-30.164580791016
339.704546920644;-29.6397339411894
339.726172505498;-29.1446423023076
339.747798090353;-28.6862636399212
339.769423675207;-28.2793928226671
339.791049260061;-27.9237294224541
339.812674844915;-27.5988973606588
339.834300429769;-27.300120113703
339.855926014624;-27.0477301972667
339.877551599478;-26.8569128476929
339.899177184332;-26.721078950747
339.920802769186;-26.6304254833093
339.94242835404;-26.5779291483274
339.964053938895;-26.5465384139959
339.985679523749;-26.516496593802
340.007305108603;-26.4789317107409
340.028930693457;-26.4261384843046
340.050556278311;-26.3247845545682
340.072181863166;-26.1445618758249
340.09380744802;-25.8707346227565
340.115433032874;-25.4858034005779
340.137058617728;-24.9782505034532
340.158684202582;-24.3571212550876
340.180309787436;-23.6549389936218
340.201935372291;-22.8913616967395
340.223560957145;-22.0253445046729
340.245186541999;-21.0524753046264
340.266812126853;-20.0593178476847
340.288437711707;-19.1417914075057
340.310063296562;-18.3612026063133
340.331688881416;-17.7516693401929
340.35331446627;-17.3703585082703
340.374940051124;-17.3101570449253
340.396565635978;-17.6321629477316
340.418191220833;-18.3059046752304
340.439816805687;-19.2958926915355
340.461442390541;-20.6098959111769
340.483067975395;-22.2672038591665
340.504693560249;-24.2664211417812
340.526319145104;-26.5429229454298
340.547944729958;-28.942777711075
340.569570314812;-31.2356299641296
340.591195899666;-33.3170742296775
340.61282148452;-35.1185282901105
340.634447069375;-36.6637212142648
340.656072654229;-37.9009322431819
340.677698239083;-38.7836947309459
340.699323823937;-39.3171114331183
340.720949408791;-39.5275850298127
340.742574993645;-39.4427575653195
340.7642005785;-39.1165237447734
340.785826163354;-38.5969846736165
340.807451748208;-37.9323999433184
340.829077333062;-37.1861630968064
340.850702917916;-36.4115907612748
340.872328502771;-35.680143544568
340.893954087625;-35.0373474913208
340.915579672479;-34.4746485693319
340.937205257333;-33.983677754499
340.958830842187;-33.5852179212479
340.980456427042;-33.2868155778995
341.002082011896;-33.0641078967267
341.02370759675;-32.8955372619015
341.045333181604;-32.7713770657353
341.066958766458;-32.6908266908708
341.088584351313;-32.6492762413683
341.110209936167;-32.6327651564293
341.131835521021;-32.6178232278111
341.153461105875;-32.5914688965365
341.175086690729;-32.5559789683423
341.196712275583;-32.5124395405798
341.218337860438;-32.4570997110043
341.239963445292;-32.3892487059627
341.261589030146;-32.3084771811874
341.283214615;-32.2139526127471
341.304840199854;-32.1116603285106
341.326465784709;-32.0064544259789
341.348091369563;-31.9024392011937
341.369716954417;-31.8015470515405
341.391342539271;-31.701857871141
341.412968124125;-31.6005969280095
341.43459370898;-31.4989572107393
341.456219293834;-31.39266726185
341.477844878688;-31.2784394133863
341.499470463542;-31.1603564362153
341.521096048396;-31.0346323148117
341.542721633251;-30.8948002544481
341.564347218105;-30.735140052326
341.585972802959;-30.5544138939255
341.607598387813;-30.3654101886971
341.629223972667;-30.1772559948436
341.650849557522;-29.9911165724215
341.672475142376;-29.8082565199725
341.69410072723;-29.6388909931245
341.715726312084;-29.5015477672696
341.737351896938;-29.4033281935252
341.758977481793;-29.3443199831862
341.780603066647;-29.3092165760362
341.802228651501;-29.2936139070834
341.823854236355;-29.3097918630626
341.845479821209;-29.358950061327
341.867105406063;-29.4391126983705
341.888730990918;-29.5306903170888
341.910356575772;-29.619675227192
341.931982160626;-29.707114383712
341.95360774548;-29.7939276361305
341.975233330334;-29.8794059768565
341.996858915189;-29.9705563489271
342.018484500043;-30.0713965942911
342.040110084897;-30.1796415649579
342.061735669751;-30.2866098732693
342.083361254605;-30.3809243913588
342.10498683946;-30.4595047497445
342.126612424314;-30.5266002795032
342.148238009168;-30.585188814284
342.169863594022;-30.6287273912605
342.191489178876;-30.6472933810652
342.213114763731;-30.6382144349482
342.234740348585;-30.6057964668973
342.256365933439;-30.5514993698113
342.277991518293;-30.4707539524128
342.299617103147;-30.3649094504236
342.321242688001;-30.2458137885939
342.342868272856;-30.115956886148
342.36449385771;-29.9693382464248
342.386119442564;-29.8084433979789
342.407745027418;-29.6436415983023
342.429370612272;-29.4950736313919
342.450996197127;-29.3662843843516
342.472621781981;-29.2495548788543
342.494247366835;-29.1369594625928
342.515872951689;-29.0250437631047
342.537498536543;-28.9181442670608
342.559124121398;-28.8217940097819
342.580749706252;-28.7479394046122
342.602375291106;-28.7026004898098
342.62400087596;-28.6805427091951
342.645626460814;-28.6745749359098
342.667252045669;-28.6799127439596
342.688877630523;-28.6912984458351
342.710503215377;-28.705470698395
342.732128800231;-28.7240313969765
342.753754385085;-28.7467721620881
342.77537996994;-28.7780252213597
342.797005554794;-28.8228472576347
342.818631139648;-28.8828403232273
342.840256724502;-28.9627760427683
342.861882309356;-29.0706127723224
342.88350789421;-29.1942600199312
342.905133479065;-29.321852845341
342.926759063919;-29.4665774008383
342.948384648773;-29.6439083325494
342.970010233627;-29.8555767089125
342.991635818481;-30.0876298723237
343.013261403336;-30.3318542385343
343.03488698819;-30.584405063805
343.056512573044;-30.8452357364556
343.078138157898;-31.115744662949
343.099763742752;-31.4027753022543
343.121389327607;-31.7019987469935
343.143014912461;-31.99837001743
343.164640497315;-32.2907998399086
343.186266082169;-32.5744713923545
343.207891667023;-32.8364063739047
343.229517251878;-33.0653879800137
343.251142836732;-33.2627800951123
343.272768421586;-33.4342803603917
343.29439400644;-33.5899559928196
343.316019591294;-33.7263238866696
343.337645176149;-33.8242808096438
343.359270761003;-33.883805517595
343.380896345857;-33.9168039035466
343.402521930711;-33.9255850933023
343.424147515565;-33.9063298588489
343.445773100419;-33.8568868470697
343.467398685274;-33.7826839131208
343.489024270128;-33.6918810854659
343.510649854982;-33.5878610215739
343.532275439836;-33.4678081505293
343.55390102469;-33.3332739019827
343.575526609545;-33.1883953756857
343.597152194399;-33.044841568882
343.618777779253;-32.9167650031743
343.640403364107;-32.804911314477
343.662028948961;-32.6975147586268
343.683654533816;-32.5879667299186
343.70528011867;-32.4900911661223
343.726905703524;-32.4206289758994
343.748531288378;-32.384285318683
343.770156873232;-32.3719077889858
343.791782458087;-32.3586095127599
343.813408042941;-32.3367145890058
343.835033627795;-32.3078440062106
343.856659212649;-32.2739427274379
343.878284797503;-32.2459571946953
343.899910382358;-32.2301632501849
343.921535967212;-32.2231017824435
343.943161552066;-32.2222092946163
343.96478713692;-32.232030579775
343.986412721774;-32.2630507106916
344.008038306628;-32.3177297323787
344.029663891483;-32.3995342877118
344.051289476337;-32.5102675774344
344.072915061191;-32.6563739951136
344.094540646045;-32.8280875222593
344.116166230899;-33.0021969682492
344.137791815754;-33.1694514554565
344.159417400608;-33.340831386998
344.181042985462;-33.528189222373
344.202668570316;-33.7245298002695
344.22429415517;-33.9161501074879
344.245919740025;-34.1057490486496
344.267545324879;-34.3013447150035
344.289170909733;-34.5006003340496
344.310796494587;-34.6888397129565
344.332422079441;-34.8470834235078
344.354047664296;-34.9730964246381
344.37567324915;-35.0675429341383
344.397298834004;-35.1392403202423
344.418924418858;-35.1869298269346
344.440550003712;-35.1911092557718
344.462175588566;-35.1457691794564
344.483801173421;-35.060418376918
344.505426758275;-34.9461070470006
344.527052343129;-34.8069098214095
344.548677927983;-34.6380029868404
344.570303512837;-34.4402553871331
344.591929097692;-34.2234406391201
344.613554682546;-34.0027630438451
344.6351802674;-33.7943541290991
344.656805852254;-33.6037818809627
344.678431437108;-33.4251352897522
344.700057021963;-33.2555529616414
344.721682606817;-33.0952347556299
344.743308191671;-32.947105423055
344.764933776525;-32.8124569114559
344.786559361379;-32.690038052726
344.808184946234;-32.5711423400226
344.829810531088;-32.4448350424229
344.851436115942;-32.2994396050295
344.873061700796;-32.1360171922748
344.89468728565;-31.9757120787717
344.916312870505;-31.8219965188111
344.937938455359;-31.6603909334099
344.959564040213;-31.4775501808092
344.981189625067;-31.2806299120924
345.002815209921;-31.0951990933873
345.024440794776;-30.9292190630024
345.04606637963;-30.7630906376096
345.067691964484;-30.5953519398716
345.089317549338;-30.4455083038455
345.110943134192;-30.3240284480722
345.132568719046;-30.2350636848084
345.154194303901;-30.1818222060979
345.175819888755;-30.1609677639194
345.197445473609;-30.1697381942942
345.219071058463;-30.2074595650965
345.240696643317;-30.2732465367277
345.262322228172;-30.365972442548
345.283947813026;-30.479245887624
345.30557339788;-30.6034898842997
345.327198982734;-30.7344025980583
345.348824567588;-30.8727269575627
345.370450152443;-31.019059871148
345.392075737297;-31.1647619201111
345.413701322151;-31.3004134532964
345.435326907005;-31.4253862093372
345.456952491859;-31.540428872209
345.478578076714;-31.6407761625177
345.500203661568;-31.7278860704373
345.521829246422;-31.8076113323242
345.543454831276;-31.888617109858
345.56508041613;-31.975273825345
345.586706000984;-32.0701905612122
345.608331585839;-32.1764123070698
345.629957170693;-32.2936032457376
345.651582755547;-32.4244714650899
345.673208340401;-32.5665927586174
345.694833925255;-32.7109314747668
345.71645951011;-32.8477190157705
345.738085094964;-32.9738037048292
345.759710679818;-33.0906102454509
345.781336264672;-33.1943386969398
345.802961849526;-33.2816930031382
345.824587434381;-33.3493907797943
345.846213019235;-33.3942795933235
345.867838604089;-33.4179460725977
345.889464188943;-33.4123095651154
345.911089773797;-33.3660351079247
345.932715358652;-33.2910120822252
345.954340943506;-33.1971690728982
345.97596652836;-33.0942519824355
345.997592113214;-32.9861469611684
346.019217698068;-32.8762049360584
346.040843282922;-32.7606110205095
346.062468867777;-32.6436787686308
346.084094452631;-32.5423040984372
346.105720037485;-32.4661409330453
346.127345622339;-32.4173986338729
346.148971207193;-32.3918287354
346.170596792048;-32.3826353262111
346.192222376902;-32.390517332422
346.213847961756;-32.4202746163599
346.23547354661;-32.4770813370548
346.257099131464;-32.5555372184548
346.278724716319;-32.6399511805619
346.300350301173;-32.7260072623942
346.321975886027;-32.8177024254629
346.343601470881;-32.9119227676553
346.365227055735;-32.9967404072839
346.38685264059;-33.0592603408672
346.408478225444;-33.1013914890627
346.430103810298;-33.1186100891132
346.451729395152;-33.1131500863935
346.473354980006;-33.0902029628707
346.494980564861;-33.0402370478733
346.516606149715;-32.9621820812042
346.538231734569;-32.860441471864
346.559857319423;-32.733004109023
346.581482904277;-32.584571842494
346.603108489132;-32.4351231420711
346.624734073986;-32.2973287787913
346.64635965884;-32.1606266816632
346.667985243694;-32.0159018204065
346.689610828548;-31.8620449651988
346.711236413402;-31.7060147083652
346.732861998257;-31.5490535123579
346.754487583111;-31.3904022668845
346.776113167965;-31.2216980893218
346.797738752819;-31.0354822816879
346.819364337673;-30.8403185017649
346.840989922528;-30.646850114011
346.862615507382;-30.4475624380659
346.884241092236;-30.2507019004888
346.90586667709;-30.0930252797047
346.927492261944;-29.9870159600819
346.949117846799;-29.9231652874996
346.970743431653;-29.8989937270989
346.992369016507;-29.9127061628691
347.013994601361;-29.9520742238989
347.035620186215;-30.0059924322536
347.05724577107;-30.0712977443243
347.078871355924;-30.1420430233263
347.100496940778;-30.2100288321682
347.122122525632;-30.2681741883396
347.143748110486;-30.3096211275544
347.16537369534;-30.3356678280628
347.186999280195;-30.3476846992588
347.208624865049;-30.342350126605
347.230250449903;-30.3240954230137
347.251876034757;-30.3054037288456
347.273501619611;-30.295320656761
347.295127204466;-30.2922488861679
347.31675278932;-30.2972755638424
347.338378374174;-30.3191316502828
347.360003959028;-30.3670912346712
347.381629543882;-30.4438809997217
347.403255128737;-30.5457930725359
347.424880713591;-30.6668801045281
347.446506298445;-30.8042588590303
347.468131883299;-30.9567531962206
347.489757468153;-31.1161162533974
347.511383053008;-31.2677218926431
347.533008637862;-31.4046506985627
347.554634222716;-31.5360231334533
347.57625980757;-31.6608422457742
347.597885392424;-31.7704948433469
347.619510977279;-31.8504237029701
347.641136562133;-31.8978176865278
347.662762146987;-31.9199794143729
347.684387731841;-31.9225589035825
347.706013316695;-31.9103302446099
347.727638901549;-31.8901018973639
347.749264486404;-31.8708215245711
347.770890071258;-31.8546860635435
347.792515656112;-31.8445134317157
347.814141240966;-31.8478947706995
347.83576682582;-31.8756803919697
347.857392410675;-31.9306304437139
347.879017995529;-32.0124167261521
347.900643580383;-32.1184786380607
347.922269165237;-32.2377339744345
347.943894750091;-32.3583810569485
347.965520334946;-32.4741176760889
347.9871459198;-32.58073322425
348.008771504654;-32.6736696667079
348.030397089508;-32.7585963132351
348.052022674362;-32.8392295585069
348.073648259217;-32.9057056651614
348.095273844071;-32.9547288574745
348.116899428925;-32.9930716636609
348.138525013779;-33.0297400611821
348.160150598633;-33.0628861356913
348.181776183488;-33.0882001508818
348.203401768342;-33.1159916073197
348.225027353196;-33.1544837791964
348.24665293805;-33.1940486667167
348.268278522904;-33.2173650649143
348.289904107759;-33.2225426462859
348.311529692613;-33.2141855837797
348.333155277467;-33.1895195761795
348.354780862321;-33.1352587149778
348.376406447175;-33.034930121322
348.398032032029;-32.880718350771
348.419657616884;-32.6739006119648
348.441283201738;-32.4082159876748
348.462908786592;-32.0701607643402
348.484534371446;-31.6531758145108
348.5061599563;-31.1708226142004
348.527785541155;-30.6337926267271
348.549411126009;-30.0285990667725
348.571036710863;-29.3866358157947
348.592662295717;-28.7432152683089
348.614287880571;-28.1192147675835
348.635913465426;-27.5157813527636
348.65753905028;-26.9160872047303
348.679164635134;-26.328620253454
348.700790219988;-25.7935580383339
348.722415804842;-25.3220401049545
348.744041389697;-24.9052590677484
348.765666974551;-24.5355539029236
348.787292559405;-24.2031691479263
348.808918144259;-23.8985005198526
348.830543729113;-23.6237518448085
348.852169313967;-23.3888807993164
348.873794898822;-23.1918393910261
348.895420483676;-23.0251374321117
348.91704606853;-22.8821433118454
348.938671653384;-22.7454862227601
348.960297238238;-22.5966142472489
348.981922823093;-22.4507148939709
349.003548407947;-22.3163194591672
349.025173992801;-22.1908233046355
349.046799577655;-22.0826346156756
349.068425162509;-22.0034701810397
349.090050747364;-21.9545066689915
349.111676332218;-21.9422290733055
349.133301917072;-21.9784852100374
349.154927501926;-22.0694598528766
349.17655308678;-22.2134705643818
349.198178671635;-22.4128135741862
349.219804256489;-22.6717777742568
349.241429841343;-22.9895982488943
349.263055426197;-23.3583331218506
349.284681011051;-23.7734292909089
349.306306595905;-24.2420023330369
349.32793218076;-24.7662991274948
349.349557765614;-25.320136262875
349.371183350468;-25.8823830963292
349.392808935322;-26.4527244823589
349.414434520176;-27.0369748089867
349.436060105031;-27.6334196775367
349.457685689885;-28.2275291214958
349.479311274739;-28.8095363743804
349.500936859593;-29.3832706039252
349.522562444447;-29.9499484116048
349.544188029302;-30.4700275580001
349.565813614156;-30.9269321888703
349.58743919901;-31.3271384918862
349.609064783864;-31.6809575778986
349.630690368718;-31.9919932646213
349.652315953573;-32.2457406069157
349.673941538427;-32.4477731274525
349.695567123281;-32.6254451115529
349.717192708135;-32.7658175377934
349.738818292989;-32.8573684173986
349.760443877844;-32.910274771054
349.782069462698;-32.9340930117476
349.803695047552;-32.9333770486949
349.825320632406;-32.9130011669106
349.84694621726;-32.8871839988212
349.868571802115;-32.8722198325716
349.890197386969;-32.876056696033
349.911822971823;-32.8984707581686
349.933448556677;-32.938000701124
349.955074141531;-32.9952117681539
349.976699726385;-33.0771524173087
349.99832531124;-33.1915728621932
350.019950896094;-33.33612555092
350.041576480948;-33.5100816855591
350.063202065802;-33.7142393959955
350.084827650656;-33.9359530375563
350.106453235511;-34.1596329961228
350.128078820365;-34.3763345496866
350.149704405219;-34.5918677000162
350.171329990073;-34.8184609165675
350.192955574927;-35.0594094343162
350.214581159782;-35.2927948891029
350.236206744636;-35.5034975915865
350.25783232949;-35.6782710564966
350.279457914344;-35.8229038835426
350.301083499198;-35.9427663975426
350.322709084053;-36.0337517444332
350.344334668907;-36.0905014694347
350.365960253761;-36.1039813131714
350.387585838615;-36.0800911585723
350.409211423469;-36.0295081262221
350.430837008323;-35.9542128585778
350.452462593178;-35.850115261363
350.474088178032;-35.7165371492969
350.495713762886;-35.5626890314481
350.51733934774;-35.4001857103564
350.538964932594;-35.2286559230279
350.560590517449;-35.0463269703438
350.582216102303;-34.856906614761
350.603841687157;-34.6661711512403
350.625467272011;-34.48648869117
350.647092856865;-34.3261231836885
350.66871844172;-34.1884961554725
350.690344026574;-34.0680985125915
350.711969611428;-33.9694196435852
350.733595196282;-33.9014763609476
350.755220781136;-33.87206794613
350.776846365991;-33.8729513192055
350.798471950845;-33.8963187054634
350.820097535699;-33.939635689303
350.841723120553;-34.0010788219574
350.863348705407;-34.0756493944843
350.884974290262;-34.1406205256505
350.906599875116;-34.179303125157
350.92822545997;-34.1991876545713
350.949851044824;-34.1969384387173
350.971476629678;-34.1587824407751
350.993102214532;-34.0928857994327
351.014727799387;-34.0084789103304
351.036353384241;-33.9080048263854
351.057978969095;-33.7863156281314
351.079604553949;-33.6463360297755
351.101230138803;-33.4890507209308
351.122855723658;-33.3212492302489
351.144481308512;-33.1546927409943
351.166106893366;-32.9925592542432
351.18773247822;-32.8299642018718
351.209358063074;-32.6714402812145
351.230983647929;-32.5317766172434
351.252609232783;-32.4120228219549
351.274234817637;-32.310536319787
351.295860402491;-32.2294222580334
351.317485987345;-32.167374438652
351.3391115722;-32.1132440883663
351.360737157054;-32.0527638899087
351.382362741908;-31.9769259301879
351.403988326762;-31.8780467480867
351.425613911616;-31.7499938253196
351.447239496471;-31.5894376728269
351.468865081325;-31.3944996876735
351.490490666179;-31.1612188017582
351.512116251033;-30.8903441171008
351.533741835887;-30.5902120616645
351.555367420742;-30.2720663536346
351.576993005596;-29.9416079953956
351.59861859045;-29.6026001035308
351.620244175304;-29.2577567273428
351.641869760158;-28.9049167270305
351.663495345012;-28.550436051866
351.685120929867;-28.2316483396728
351.706746514721;-27.9672155476016
351.728372099575;-27.7537332965536
351.749997684429;-27.5888435430768
351.771623269283;-27.4720606207667
351.793248854138;-27.4104590262602
351.814874438992;-27.4071325869346
351.836500023846;-27.4568878359683
351.8581256087;-27.5559388878431
351.879751193554;-27.704541164828
351.901376778409;-27.8993499040403
351.923002363263;-28.132000934087
351.944627948117;-28.3918475933658
351.966253532971;-28.6651094438615
351.987879117825;-28.9409287558124
352.00950470268;-29.2243933178716
352.031130287534;-29.5177649622845
352.052755872388;-29.8023756908011
352.074381457242;-30.0607263711625
352.096007042096;-30.2898804042851
352.11763262695;-30.4962880305276
352.139258211805;-30.6851598664456
352.160883796659;-30.8578177986163
352.182509381513;-31.0049675201232
352.204134966367;-31.1173590180562
352.225760551221;-31.1972238509071
352.247386136076;-31.248936511503
352.26901172093;-31.2698134138816
352.290637305784;-31.2484160916599
352.312262890638;-31.17979359899
352.333888475492;-31.0775815669154
352.355514060347;-30.9484238756858
352.377139645201;-30.796765829141
352.398765230055;-30.6297138799016
352.420390814909;-30.4562891303581
352.442016399763;-30.2857067372611
352.463641984618;-30.127366649251
352.485267569472;-29.9926488938724
352.506893154326;-29.8900765038282
352.52851873918;-29.8236544708971
352.550144324034;-29.7897344642226
352.571769908888;-29.7771885846992
352.593395493743;-29.7751980372617
352.615021078597;-29.7778463816972
352.636646663451;-29.7821413171579
352.658272248305;-29.7793729112499
352.679897833159;-29.7551273603121
352.701523418014;-29.6942254107005
352.723149002868;-29.5931594881826
352.744774587722;-29.4682125777652
352.766400172576;-29.3300291631283
352.78802575743;-29.1804903252489
352.809651342285;-29.0209206961293
352.831276927139;-28.8560462487306
352.852902511993;-28.695372441977
352.874528096847;-28.5457405145293
352.896153681701;-28.4089305858305
352.917779266556;-28.2833365083928
352.93940485141;-28.1620634648202
352.961030436264;-28.0434927243826
352.982656021118;-27.9277264485158
353.004281605972;-27.8152340884371
353.025907190827;-27.7020316282414
353.047532775681;-27.5831588716461
353.069158360535;-27.4598533236758
353.090783945389;-27.3315523472246
353.112409530243;-27.2020153100831
353.134035115098;-27.0861155233225
353.155660699952;-26.9896044956366
353.177286284806;-26.9216862560113
353.19891186966;-26.9017010543674
353.220537454514;-26.9364926882319
353.242163039368;-27.022008303947
353.263788624223;-27.1519131289452
353.285414209077;-27.3234480775186
353.307039793931;-27.5401056955792
353.328665378785;-27.8011050617579
353.350290963639;-28.0854229144991
353.371916548494;-28.367834423868
353.393542133348;-28.6379831764322
353.415167718202;-28.8930722628341
353.436793303056;-29.13057219241
353.45841888791;-29.3375736044969
353.480044472765;-29.5037724149832
353.501670057619;-29.6255373911522
353.523295642473;-29.7024079007279
353.544921227327;-29.7375153707584
353.566546812181;-29.7385899431273
353.588172397036;-29.712923864687
353.60979798189;-29.6594205673786
353.631423566744;-29.5723181499528
353.653049151598;-29.463458909342
353.674674736452;-29.3542133760384
353.696300321306;-29.2600103413928
353.717925906161;-29.1963138430093
353.739551491015;-29.1781650711107
353.761177075869;-29.2169915633293
353.782802660723;-29.3153425300909
353.804428245577;-29.4739017752013
353.826053830432;-29.6912357807989
353.847679415286;-29.9616335148598
353.86930500014;-30.2767729831649
353.890930584994;-30.6178451417033
353.912556169848;-30.9685321554945
353.934181754703;-31.3191917764977
353.955807339557;-31.6471316818398
353.977432924411;-31.9227551688317
353.999058509265;-32.1431459366763
354.020684094119;-32.3116783709554
354.042309678974;-32.4313227832549
354.063935263828;-32.5050241394867
354.085560848682;-32.5359786547351
354.107186433536;-32.5391367069836
354.12881201839;-32.5316537874087
354.150437603245;-32.5154867326773
354.172063188099;-32.4863973633149
354.193688772953;-32.4384945507573
354.215314357807;-32.3674162424684
354.236939942661;-32.2723101897044
354.258565527515;-32.1532425303433
354.28019111237;-32.0096468205327
354.301816697224;-31.8482388280864
354.323442282078;-31.6774698900195
354.345067866932;-31.4849928131472
354.366693451786;-31.2667224269398
354.388319036641;-31.0315822716235
354.409944621495;-30.8047994511893
354.431570206349;-30.5990014754033
354.453195791203;-30.42135213199
354.474821376057;-30.274351513743
354.496446960912;-30.17169949135
354.518072545766;-30.1315799560294
354.53969813062;-30.1478874136678
354.561323715474;-30.1973253550855
354.582949300328;-30.2708862625504
354.604574885183;-30.3679573892242
354.626200470037;-30.4905899815212
354.647826054891;-30.6350948376489
354.669451639745;-30.7838465984372
354.691077224599;-30.9128466009678
354.712702809454;-31.014860028175
354.734328394308;-31.0927941839604
354.755953979162;-31.1489513791785
354.777579564016;-31.1879322555692
354.79920514887;-31.2188150501648
354.820830733724;-31.2523433777823
354.842456318579;-31.2862289545658
354.864081903433;-31.316280852655
354.885707488287;-31.3484906704283
354.907333073141;-31.387890005103
354.928958657995;-31.427668820853
354.95058424285;-31.4683309766725
354.972209827704;-31.5112946184106
354.993835412558;-31.5478442615271
355.015460997412;-31.5721923057679
355.037086582266;-31.5777221324974
355.058712167121;-31.5668020962729
355.080337751975;-31.5434846969689
355.101963336829;-31.5124272549168
355.123588921683;-31.4713055849992
355.145214506537;-31.4229061704514
355.166840091392;-31.36874627838
355.188465676246;-31.3159403488301
355.2100912611;-31.2761038862218
355.231716845954;-31.2539558534551
355.253342430808;-31.2465335839827
355.274968015663;-31.2480953233145
355.296593600517;-31.2555360692872
355.318219185371;-31.2647423249915
355.339844770225;-31.2770961211589
355.361470355079;-31.2829838809461
355.383095939933;-31.2735682470782
355.404721524788;-31.241412649227
355.426347109642;-31.1778847304939
355.447972694496;-31.0719065782305
355.46959827935;-30.9225328474378
355.491223864204;-30.7501506905935
355.512849449059;-30.5635869488907
355.534475033913;-30.356139702375
355.556100618767;-30.1369235693278
355.577726203621;-29.9096209602751
355.599351788475;-29.6760416330745
355.62097737333;-29.448350982104
355.642602958184;-29.2323475454738
355.664228543038;-29.0265418932742
355.685854127892;-28.8290839236586
355.707479712746;-28.6443277400768
355.729105297601;-28.4746101347485
355.750730882455;-28.3156420438438
355.772356467309;-28.1618651412168
355.793982052163;-28.0144910408726
355.815607637017;-27.8767110498773
355.837233221871;-27.7447500657633
355.858858806726;-27.6193563298255
355.88048439158;-27.5083538384989
355.902109976434;-27.4191789550085
355.923735561288;-27.3518193159392
355.945361146142;-27.3038082126553
355.966986730997;-27.2799916553124
355.988612315851;-27.2786700412511
356.010237900705;-27.2879079096718
356.031863485559;-27.2967758546066
356.053489070413;-27.2971987161895
356.075114655268;-27.2773125821682
356.096740240122;-27.225353984206
356.118365824976;-27.1398633389595
356.13999140983;-27.0200023735695
356.161616994684;-26.8624975498276
356.183242579539;-26.6651621214307
356.204868164393;-26.4401536846406
356.226493749247;-26.2047607994855
356.248119334101;-25.9669303445195
356.269744918955;-25.7253449893853
356.29137050381;-25.4852409303001
356.312996088664;-25.2685136221641
356.334621673518;-25.1006804769479
356.356247258372;-24.9869730401485
356.377872843226;-24.9171849976511
356.399498428081;-24.8832346260103
356.421124012935;-24.8827934921986
356.442749597789;-24.9160691992968
356.464375182643;-24.9775004196377
356.486000767497;-25.0452684383763
356.507626352351;-25.1096022351756
356.529251937206;-25.174163097482
356.55087752206;-25.2401015028695
356.572503106914;-25.3084756266829
356.594128691768;-25.3763533832615
356.615754276622;-25.4414594138959
356.637379861477;-25.5028442225666
356.659005446331;-25.5602747499803
356.680631031185;-25.6097799548018
356.702256616039;-25.6478832168753
356.723882200893;-25.6688728061273
356.745507785748;-25.6718800250056
356.767133370602;-25.667880731951
356.788758955456;-25.6640155626508
356.81038454031;-25.6666095794723
356.832010125164;-25.6882151777385
356.853635710019;-25.7320173977363
356.875261294873;-25.7939923912302
356.896886879727;-25.8795897276205
356.918512464581;-26.0032858569247
356.940138049435;-26.174809732205
356.961763634289;-26.3865962944056
356.983389219144;-26.6333998728507
357.005014803998;-26.9200289569182
357.026640388852;-27.2424424630518
357.048265973706;-27.5845545882517
357.06989155856;-27.934239491369
357.091517143415;-28.2845172573495
357.113142728269;-28.6293435138629
357.134768313123;-28.9612597788031
357.156393897977;-29.2727249255897
357.178019482831;-29.5593822563847
357.199645067686;-29.8264460028932
357.22127065254;-30.0846087853758
357.242896237394;-30.3306932641687
357.264521822248;-30.5564004521485
357.286147407102;-30.7518656457878
357.307772991957;-30.9066100036318
357.329398576811;-31.0354618060748
357.351024161665;-31.1451850253417
357.372649746519;-31.2330681315452
357.394275331373;-31.2979770761345
357.415900916228;-31.3377769801459
357.437526501082;-31.350417399667
357.459152085936;-31.3371026697696
357.48077767079;-31.3040310551453
357.502403255644;-31.2562325309186
357.524028840498;-31.1917113025327
357.545654425353;-31.1045486163249
357.567280010207;-30.991934096817
357.588905595061;-30.8557675776426
357.610531179915;-30.6971364762215
357.632156764769;-30.5115958844294
357.653782349624;-30.298075165767
357.675407934478;-30.073820239486
357.697033519332;-29.8493995001134
357.718659104186;-29.6192766643233
357.74028468904;-29.3768613235533
357.761910273895;-29.1271502517544
357.783535858749;-28.8751240132077
357.805161443603;-28.6308227531273
357.826787028457;-28.4034860023024
357.848412613311;-28.196048320223
357.870038198166;-28.0099813393051
357.89166378302;-27.8477140587377
357.913289367874;-27.7146808032716
357.934914952728;-27.6137760866752
357.956540537582;-27.5404714936633
357.978166122437;-27.4951678623635
357.999791707291;-27.4760085503624
358.021417292145;-27.4825202950682
358.043042876999;-27.5170689463606
358.064668461853;-27.5804538757245
358.086294046707;-27.6720254037257
358.107919631562;-27.7887988862633
358.129545216416;-27.9171526251984
358.15117080127;-28.0280513379921
358.172796386124;-28.1027740622799
358.194421970978;-28.1324828100831
358.216047555833;-28.1055190067324
358.237673140687;-28.0156160773256
358.259298725541;-27.8552327127563
358.280924310395;-27.6159232103999
358.302549895249;-27.3077777856805
358.324175480104;-26.9532398302401
358.345801064958;-26.5517345808404
358.367426649812;-26.0986629786256
358.389052234666;-25.618394892026
358.41067781952;-25.1485001951161
358.432303404375;-24.7018123406072
358.453928989229;-24.2778608562299
358.475554574083;-23.8799249180705
358.497180158937;-23.5213367713913
358.518805743791;-23.2034397820284
358.540431328646;-22.9209309937018
358.5620569135;-22.6692894744119
358.583682498354;-22.4514289156192
358.605308083208;-22.2737173102081
358.626933668062;-22.1334424767827
358.648559252916;-22.0306502309445
358.670184837771;-21.9704233787625
358.691810422625;-21.9609903542411
358.713436007479;-22.0121211594554
358.735061592333;-22.121234117615
358.756687177187;-22.284465678674
358.778312762042;-22.5082285438544
358.799938346896;-22.7886994469932
358.82156393175;-23.1203180264453
358.843189516604;-23.507334354609
358.864815101458;-23.9311452446502
358.886440686313;-24.3526083868228
358.908066271167;-24.747556565855
358.929691856021;-25.1042428007627
358.951317440875;-25.4081707512228
358.972943025729;-25.6476023083865
358.994568610584;-25.8203059198972
359.016194195438;-25.933831081627
359.037819780292;-25.9847596550889
359.059445365146;-25.930738265213
359.08107095;-25.8053599321057
359.102696534854;-25.6283854265709
359.124322119709;-25.4151135163505
359.145947704563;-25.1819723600744
359.167573289417;-24.9382039150861
359.189198874271;-24.6944846881298
359.210824459125;-24.470674385184
359.23245004398;-24.285239912673
359.254075628834;-24.1530929703121
359.275701213688;-24.0840255863328
359.297326798542;-24.0858721296949
359.318952383396;-24.1508609618521
359.340577968251;-24.2675841333558
359.362203553105;-24.4328453298911
359.383829137959;-24.6436282103748
359.405454722813;-24.8978983889028
359.427080307667;-25.1721357831462
359.448705892522;-25.4360947629655
359.470331477376;-25.6819987881684
359.49195706223;-25.9025533968763
359.513582647084;-26.0921843406756
359.535208231938;-26.2445445964239
359.556833816793;-26.3518336647578
359.578459401647;-26.4026356700055
359.600084986501;-26.4072572927611
359.621710571355;-26.3734077919901
359.643336156209;-26.3064844502058
359.664961741064;-26.2173961364313
359.686587325918;-26.1163694970217
359.708212910772;-26.0052190791165
359.729838495626;-25.8876604165199
359.75146408048;-25.7673546914164
359.773089665334;-25.646449842007
359.794715250189;-25.5385303593631
359.816340835043;-25.4592165124343
359.837966419897;-25.4101310928238
359.859592004751;-25.3843453699413
359.881217589605;-25.3879366891907
359.90284317446;-25.4373020605163
359.924468759314;-25.5437824308326
359.946094344168;-25.7083977020687
359.967719929022;-25.9247161944378
359.989345513876;-26.1959027674652
360.010971098731;-26.5284639983315
360.032596683585;-26.9057395082947
360.054222268439;-27.3127714437582
360.075847853293;-27.737627088249
360.097473438147;-28.1496159826193
360.119099023002;-28.54499232067
360.140724607856;-28.9148885121597
360.16235019271;-29.2479508340597
360.183975777564;-29.5486850061378
360.205601362418;-29.8056716802949
360.227226947272;-29.9914156268457
360.248852532127;-30.0951601509174
360.270478116981;-30.1028197255396
360.292103701835;-30.0283214112164
360.313729286689;-29.8983457971204
360.335354871543;-29.7051694898818
360.356980456398;-29.4519394566999
360.378606041252;-29.1575056955464
360.400231626106;-28.8278153949479
360.42185721096;-28.4637997770657
360.443482795814;-28.0757954152413
360.465108380669;-27.6936210346452
360.486733965523;-27.3261508542543
360.508359550377;-26.9646328231445
360.529985135231;-26.6149182258018
360.551610720085;-26.2816774029771
360.57323630494;-25.9590136935434
360.594861889794;-25.6285910391345
360.616487474648;-25.2700227577587
360.638113059502;-24.9039104947986
360.659738644356;-24.5672032188526
360.68136422921;-24.2540952994982
360.702989814065;-23.9484845112777
360.724615398919;-23.6520017129976
360.746240983773;-23.3794713991733
360.767866568627;-23.1488899917212
360.789492153481;-22.9631176069695
360.811117738336;-22.8222993452317
360.83274332319;-22.7305196065219
360.854368908044;-22.6872318396288
360.875994492898;-22.6904026414825
360.897620077752;-22.7394833692341
360.919245662607;-22.8311531830938
360.940871247461;-22.9531391358714
360.962496832315;-23.0881975054474
360.984122417169;-23.2253173759537
361.005748002023;-23.3608323405978
361.027373586878;-23.4866257600201
361.048999171732;-23.595526937369
361.070624756586;-23.673289200215
361.09225034144;-23.7075726435144
361.113875926294;-23.6986030073687
361.135501511149;-23.6493555537824
361.157127096003;-23.5616915298352
361.178752680857;-23.4452030351629
361.200378265711;-23.3099683968234
361.222003850565;-23.1613033697144
361.24362943542;-23.0073009149083
361.265255020274;-22.8671487731554
361.286880605128;-22.7543443835726
361.308506189982;-22.6715344862785
361.330131774836;-22.6205678413586
361.35175735969;-22.6014818916933
361.373382944545;-22.6124618700773
361.395008529399;-22.6566465229001
361.416634114253;-22.733122540133
361.438259699107;-22.8299009887588
361.459885283961;-22.9432307717323
361.481510868816;-23.0712017951361
361.50313645367;-23.2056025816288
361.524762038524;-23.3377222654903
361.546387623378;-23.4485862453903
361.568013208232;-23.528105163916
361.589638793087;-23.5819223996818
361.611264377941;-23.6157909988313
361.632889962795;-23.6312984332695
361.654515547649;-23.6278752818729
361.676141132503;-23.6052979098709
361.697766717358;-23.5717800864362
361.719392302212;-23.5376760394961
361.741017887066;-23.508720893941
361.76264347192;-23.4916791222256
361.784269056774;-23.4953811811122
361.805894641628;-23.5180075279411
361.827520226483;-23.5574731702373
361.849145811337;-23.6139769476726
361.870771396191;-23.6765057317834
361.892396981045;-23.7470644507474
361.914022565899;-23.8323732971256
361.935648150754;-23.9311549776903
361.957273735608;-24.0368660601172
361.978899320462;-24.1419526563352
362.000524905316;-24.2477711572927
362.02215049017;-24.3550729177094
362.043776075025;-24.4601543328431
362.065401659879;-24.5620574898426
362.087027244733;-24.6633567788808
362.108652829587;-24.769076762356
362.130278414441;-24.8872767748198
362.151903999296;-25.0219241240583
362.17352958415;-25.1617573124505
362.195155169004;-25.2918671245997
362.216780753858;-25.405792660035
362.238406338712;-25.5018640898055
362.260031923567;-25.5764733551403
362.281657508421;-25.6200309530963
362.303283093275;-25.6225784720399
362.324908678129;-25.5796619992765
362.346534262983;-25.4869779875314
362.368159847837;-25.3472246165934
362.389785432692;-25.1738798641859
362.411411017546;-24.9730689018002
362.4330366024;-24.7420859590517
362.454662187254;-24.4689279285038
362.476287772108;-24.1641625646006
362.497913356963;-23.8604596610758
362.519538941817;-23.569165469997
362.541164526671;-23.292534089726
362.562790111525;-23.0199910822507
362.584415696379;-22.7414964073771
362.606041281234;-22.4630581685558
362.627666866088;-22.1945375707006
362.649292450942;-21.9426504281523
362.670918035796;-21.7054718191317
362.69254362065;-21.4780904652833
362.714169205505;-21.2548619785268
362.735794790359;-21.0448532084838
362.757420375213;-20.8550208652972
362.779045960067;-20.6949053123268
362.800671544921;-20.5704376462038
362.822297129776;-20.4650944256182
362.84392271463;-20.369075080909
362.865548299484;-20.2866808204223
362.887173884338;-20.2228307666466
362.908799469192;-20.1757571639671
362.930425054047;-20.1420725660052
362.952050638901;-20.1239766543476
362.973676223755;-20.1269197094762
