Name;ESR_BC_1_Natural_gon_0dg_result

Recipe
Accumulations;5;Number of accumulations
RetryCount;0;Number of retries on error
AbortOnError;True;Abort on error
EnableQFactorMeasurement;False;Enable/Disable q-Factor measurement
Bfrom;313;B from
Bto;363;B to
SweepTime;60;Sweep time
Modulation;0.2;Modulation
ModulationFreq;100;Modulation
BHoldEnabled;False;B hold enabled
BHold;0;B hold
MicrowavePower;2;Microwave power
MarkerEnabled;False;
MarkerStartField;0;
MarkerEndField;0;
Mode;;
KineticGFact;0;
KineticTotalTransientTime;0;
KineticTimeResolution;0;
TempFrom;5;
TempUseSlope;False;
TempTo;5;
TempdT;1;
TempSetupTime;0;
GonFrom;0;
GonTo;180;
GonSteps;20;
XRayEnabled;False;
XRayTime;3;
XRayVoltage;40;
XRayCurrent;0.5;
UVEnabled;False;
UVIntensity;0;
UVTime;0;
UVLeadTime;0;
UVWavelength;0;
PowSweepFrom;1;
PowSweepTo;5;
PowSweepSteps;5;
AmpModSweepFrom;0;
AmpModSweepTo;1;
AmpModSweepSteps;10;
ExtTriggerEnabled;False;
ExtTrigLeadTime;0;
ExtTrigOnTime;5;

Meas
BField [mT];MW_Absorption []
313.030108642578;517.069720157198
313.051730768773;516.72479368803
313.073352894969;516.426663623468
313.094975021164;516.161463939309
313.116597147359;515.906971485476
313.138219273555;515.672914471928
313.15984139975;515.474958193372
313.181463525946;515.314666869909
313.203085652141;515.176790336877
313.224707778336;515.044357309158
313.246329904531;514.907716703711
313.267952030727;514.757131235375
313.289574156922;514.578498817234
313.311196283118;514.349654733897
313.332818409313;514.05097114892
313.354440535508;513.668740291946
313.376062661704;513.189558558955
313.397684787899;512.61171009182
313.419306914094;511.965931578447
313.44092904029;511.250325920591
313.462551166485;510.442406443643
313.48417329268;509.574602286579
313.505795418876;508.709099927282
313.527417545071;507.840399634213
313.549039671266;506.942888218325
313.570661797462;506.032428619036
313.592283923657;505.137872454416
313.613906049852;504.268878423264
313.635528176048;503.438791911998
313.657150302243;502.647639205487
313.678772428438;501.892179814843
313.700394554634;501.161846803994
313.722016680829;500.451019006282
313.743638807024;499.765962213321
313.76526093322;499.111848451473
313.786883059415;498.508221555947
313.80850518561;497.961319418545
313.830127311806;497.473700761953
313.851749438001;497.045163556077
313.873371564196;496.663271407915
313.894993690392;496.312433199443
313.916615816587;495.981556377857
313.938237942782;495.657404728893
313.959860068978;495.332002803389
313.981482195173;495.007482348627
314.003104321368;494.668824358161
314.024726447564;494.297878819824
314.046348573759;493.911418507626
314.067970699954;493.513859413895
314.08959282615;493.092950164074
314.111214952345;492.647553089781
314.13283707854;492.183550748972
314.154459204736;491.694656272821
314.176081330931;491.180493969378
314.197703457126;490.665212718056
314.219325583322;490.147461240218
314.240947709517;489.59024780193
314.262569835712;489.003061785452
314.284191961908;488.420630758764
314.305814088103;487.841509693115
314.327436214298;487.241716228058
314.349058340494;486.615356915685
314.370680466689;485.962427687538
314.392302592884;485.265340763512
314.41392471908;484.518009507483
314.435546845275;483.75519920069
314.45716897147;482.98599988662
314.478791097666;482.186027725802
314.500413223861;481.381618771401
314.522035350056;480.611989230472
314.543657476252;479.852416190439
314.565279602447;479.072653180391
314.586901728642;478.278594663614
314.608523854838;477.49690207622
314.630145981033;476.744797968915
314.651768107228;476.031947313612
314.673390233424;475.340808592237
314.695012359619;474.650005929175
314.716634485815;473.970888655872
314.73825661201;473.288388999301
314.759878738205;472.571518541406
314.7815008644;471.83429969386
314.803122990596;471.142747862491
314.824745116791;470.498315426679
314.846367242987;469.874306094007
314.867989369182;469.251915187862
314.889611495377;468.625347698672
314.911233621573;468.003649767452
314.932855747768;467.39731268003
314.954477873963;466.821216771688
314.976100000159;466.256597072807
314.997722126354;465.686841494966
315.019344252549;465.113302929976
315.040966378745;464.545465680535
315.06258850494;463.984612736591
315.084210631135;463.426903414694
315.105832757331;462.872642479266
315.127454883526;462.313819576876
315.149077009721;461.762675035451
315.170699135917;461.255358022254
315.192321262112;460.792762909344
315.213943388307;460.360142327378
315.235565514503;459.958341927959
315.257187640698;459.599940436367
315.278809766893;459.291870584387
315.300431893089;459.015383580404
315.322054019284;458.755115079928
315.343676145479;458.515326342963
315.365298271675;458.291012805212
315.38692039787;458.068903267267
315.408542524065;457.812651665224
315.430164650261;457.489198489318
315.451786776456;457.097666836521
315.473408902651;456.642253585362
315.495031028847;456.11732416604
315.516653155042;455.521725549626
315.538275281237;454.85681201745
315.559897407433;454.125267903083
315.581519533628;453.352555425784
315.603141659823;452.523893864572
315.624763786019;451.595431460009
315.646385912214;450.615441785604
315.668008038409;449.655144662076
315.689630164605;448.716479280682
315.7112522908;447.770803214996
315.732874416995;446.820897763086
315.754496543191;445.883745863659
315.776118669386;444.961607174653
315.797740795581;444.055305799933
315.819362921777;443.163011679848
315.840985047972;442.29812193897
315.862607174167;441.443177134736
315.884229300363;440.56493696966
315.905851426558;439.67028182046
315.927473552753;438.781323526009
315.949095678949;437.873620224473
315.970717805144;436.931275079113
315.992339931339;435.972913785558
316.013962057535;435.006834199136
316.03558418373;434.039795521718
316.057206309925;433.092822051685
316.078828436121;432.203272762924
316.100450562316;431.396481227574
316.122072688511;430.661482400367
316.143694814707;429.970779977801
316.165316940902;429.308426548753
316.186939067097;428.677572393511
316.208561193293;428.10872609723
316.230183319488;427.624867489959
316.251805445683;427.212113825082
316.273427571879;426.843966809199
316.295049698074;426.500050269048
316.316671824269;426.185024212047
316.338293950465;425.915907318395
316.35991607666;425.691421980483
316.381538202856;425.501797305508
316.403160329051;425.348165433712
316.424782455246;425.234487944692
316.446404581441;425.154609882601
316.468026707637;425.105994658302
316.489648833832;425.086657293152
316.511270960028;425.078817357462
316.532893086223;425.067667654974
316.554515212418;425.040366990036
316.576137338614;424.981979140536
316.597759464809;424.878169859806
316.619381591004;424.720065265394
316.6410037172;424.498669345285
316.662625843395;424.195129983181
316.68424796959;423.792420430548
316.705870095786;423.311429358724
316.727492221981;422.791291121784
316.749114348176;422.236422593783
316.770736474372;421.63752643948
316.792358600567;420.999828526668
316.813980726762;420.357390040441
316.835602852958;419.7237968182
316.857224979153;419.088193017796
316.878847105348;418.450621830627
316.900469231544;417.850017461974
316.922091357739;417.311920761334
316.943713483934;416.842630331365
316.96533561013;416.446961915937
316.986957736325;416.116500739857
317.00857986252;415.844787757824
317.030201988716;415.63149983028
317.051824114911;415.465911776735
317.073446241106;415.333218467002
317.095068367302;415.223591972443
317.116690493497;415.123446353905
317.138312619692;415.020584184207
317.159934745888;414.911266819782
317.181556872083;414.792934495838
317.203178998278;414.652849631503
317.224801124474;414.477419758944
317.246423250669;414.26703767569
317.268045376864;414.028069649586
317.28966750306;413.769127830786
317.311289629255;413.499662919511
317.33291175545;413.216640006963
317.354533881646;412.906685794073
317.376156007841;412.563997859878
317.397778134036;412.204154918933
317.419400260232;411.838901503304
317.441022386427;411.449966056531
317.462644512622;411.003427813831
317.484266638818;410.492202074865
317.505888765013;409.930245251752
317.527510891208;409.305617070008
317.549133017404;408.588958815668
317.570755143599;407.782484401691
317.592377269794;406.929575985067
317.61399939599;406.045231802141
317.635621522185;405.12931455358
317.65724364838;404.189185696156
317.678865774576;403.221719329709
317.700487900771;402.220898675855
317.722110026966;401.186283311087
317.743732153162;400.123786968432
317.765354279357;399.039893894024
317.786976405552;397.953880186245
317.808598531748;396.896666731044
317.830220657943;395.873485269308
317.851842784138;394.875265699221
317.873464910334;393.889322022115
317.895087036529;392.910350929014
317.916709162724;391.955770926277
317.93833128892;391.051724279904
317.959953415115;390.202169537046
317.98157554131;389.393629018167
318.003197667506;388.613351297477
318.024819793701;387.855018723399
318.046441919896;387.117441931425
318.068064046092;386.404673613826
318.089686172287;385.708282125048
318.111308298483;385.008491099409
318.132930424678;384.301451488283
318.154552550873;383.603044707343
318.176174677069;382.922599419991
318.197796803264;382.262890441826
318.219418929459;381.625418906642
318.241041055655;381.012488989188
318.26266318185;380.4217886084
318.284285308045;379.855176995021
318.305907434241;379.317983253471
318.327529560436;378.806165272973
318.349151686631;378.316726045816
318.370773812827;377.838009225051
318.392395939022;377.387981076714
318.414018065217;376.994478881021
318.435640191413;376.644319090023
318.457262317608;376.309036717612
318.478884443803;375.970255680324
318.500506569999;375.629699242108
318.522128696194;375.293875386942
318.543750822389;374.961693902601
318.565372948585;374.624378496493
318.58699507478;374.264630522741
318.608617200975;373.877303454383
318.630239327171;373.481076262911
318.651861453366;373.100644516678
318.673483579561;372.74515895614
318.695105705757;372.412369446651
318.716727831952;372.099492702335
318.738349958147;371.802288959732
318.759972084343;371.524544394774
318.781594210538;371.283537294545
318.803216336733;371.076364429905
318.824838462929;370.889343703186
318.846460589124;370.723787960984
318.868082715319;370.617553260967
318.889704841515;370.559035306388
318.91132696771;370.521742417139
318.932949093905;370.489108929209
318.954571220101;370.452917495992
318.976193346296;370.40473927873
318.997815472491;370.331077516778
319.019437598687;370.214176269055
319.041059724882;370.04665387026
319.062681851077;369.827826897182
319.084303977273;369.573518609603
319.105926103468;369.289815765282
319.127548229663;368.973565292353
319.149170355859;368.627151578224
319.170792482054;368.260247417413
319.192414608249;367.89100637864
319.214036734445;367.535541936123
319.23565886064;367.19854936541
319.257280986835;366.875960493349
319.278903113031;366.564794493471
319.300525239226;366.277302316355
319.322147365421;366.023121924835
319.343769491617;365.799778732965
319.365391617812;365.59909383985
319.387013744007;365.412856077986
319.408635870203;365.237987935497
319.430257996398;365.078661306565
319.451880122593;364.943184878389
319.473502248789;364.821515996015
319.495124374984;364.699314348482
319.516746501179;364.586894706142
319.538368627375;364.492423184148
319.55999075357;364.396210088403
319.581612879765;364.28971723976
319.603235005961;364.174924888836
319.624857132156;364.048147708004
319.646479258352;363.899459868376
319.668101384547;363.727274271869
319.689723510742;363.526071436498
319.711345636937;363.287710522287
319.732967763133;363.013851231647
319.754589889328;362.698090751875
319.776212015524;362.337825889185
319.797834141719;361.948188139924
319.819456267914;361.541828665935
319.84107839411;361.117755559903
319.862700520305;360.675943181368
319.8843226465;360.215454659825
319.905944772696;359.726671253361
319.927566898891;359.223879286175
319.949189025086;358.745636983924
319.970811151282;358.301637051545
319.992433277477;357.906280556914
320.014055403672;357.558863524334
320.035677529868;357.24246596345
320.057299656063;356.951606445941
320.078921782258;356.699419274594
320.100543908454;356.504806332077
320.122166034649;356.37416370602
320.143788160844;356.320502292412
320.16541028704;356.355800942491
320.187032413235;356.475699121389
320.20865453943;356.679158290876
320.230276665626;356.961706541184
320.251898791821;357.302414074915
320.273520918016;357.674192904959
320.295143044212;358.052284154364
320.316765170407;358.407641880007
320.338387296602;358.704172473646
320.360009422798;358.903270705772
320.381631548993;358.977336485444
320.403253675188;358.897409831721
320.424875801384;358.636456320862
320.446497927579;358.180060995278
320.468120053774;357.525922019113
320.48974217997;356.659986385114
320.511364306165;355.596233554301
320.53298643236;354.385811215912
320.554608558556;353.077938373185
320.576230684751;351.683470843358
320.597852810946;350.197397901257
320.619474937142;348.632206281192
320.641097063337;347.035323327324
320.662719189532;345.486562700598
320.684341315728;344.058517374476
320.705963441923;342.775387771429
320.727585568118;341.637652036876
320.749207694314;340.661775099506
320.770829820509;339.843464569509
320.792451946704;339.161938646353
320.8140740729;338.594246093406
320.835696199095;338.116726164178
320.85731832529;337.709938838199
320.878940451486;337.347930704628
320.900562577681;337.000277268644
320.922184703876;336.645059881797
320.943806830072;336.267648943257
320.965428956267;335.843328910232
320.987051082462;335.347628499245
321.008673208658;334.759644592191
321.030295334853;334.047859805351
321.051917461048;333.195997206758
321.073539587244;332.229331702679
321.095161713439;331.167367329449
321.116783839634;329.980811468395
321.13840596583;328.630499704982
321.160028092025;327.136272765725
321.181650218221;325.626102236324
321.203272344416;324.198726739545
321.224894470611;322.837847048041
321.246516596806;321.550709293905
321.268138723002;320.353825108554
321.289760849197;319.24586664843
321.311382975393;318.216337769862
321.333005101588;317.326868114511
321.354627227783;316.655320697472
321.376249353979;316.174233139836
321.397871480174;315.846285133034
321.419493606369;315.656790440562
321.441115732565;315.60178513281
321.46273785876;315.661081052826
321.484359984955;315.818983532411
321.505982111151;316.065042629116
321.527604237346;316.392258900429
321.549226363541;316.786059845167
321.570848489737;317.215756321524
321.592470615932;317.655668207904
321.614092742127;318.109437223287
321.635714868323;318.57529200263
321.657336994518;319.038459563541
321.678959120713;319.494059396154
321.700581246909;319.933807842497
321.722203373104;320.338427372559
321.743825499299;320.698011480284
321.765447625495;321.017551974805
321.78706975169;321.297149481151
321.808691877885;321.536055351704
321.830314004081;321.73350408418
321.851936130276;321.88154326181
321.873558256471;321.980505772131
321.895180382667;322.037209567184
321.916802508862;322.06922079825
321.938424635057;322.085791323351
321.960046761253;322.0899044547
321.981668887448;322.075034226338
322.003291013643;322.045794023043
322.024913139839;322.017431313
322.046535266034;321.986301091346
322.068157392229;321.941541234593
322.089779518425;321.894497226651
322.11140164462;321.851766505785
322.133023770815;321.813610054832
322.154645897011;321.781760926918
322.176268023206;321.757460591737
322.197890149401;321.743102199731
322.219512275597;321.745923503204
322.241134401792;321.770000292821
322.262756527987;321.816481351865
322.284378654183;321.876867322429
322.306000780378;321.937446766638
322.327622906573;321.993661894244
322.349245032769;322.041005441317
322.370867158964;322.074798525594
322.392489285159;322.084946062829
322.414111411355;322.059838133002
322.43573353755;321.99404226908
322.457355663745;321.889206306098
322.478977789941;321.743099143357
322.500599916136;321.551066652493
322.522222042331;321.299275843245
322.543844168527;320.967307279196
322.565466294722;320.547511769958
322.587088420917;320.046026656549
322.608710547113;319.464222475709
322.630332673308;318.809779874904
322.651954799503;318.09208490093
322.673576925699;317.304880014921
322.695199051894;316.436893255887
322.71682117809;315.472267879026
322.738443304285;314.399668192116
322.76006543048;313.229422237978
322.781687556675;311.976607589806
322.803309682871;310.684578826538
322.824931809066;309.369543101247
322.846553935262;308.060435996556
322.868176061457;306.751357009319
322.889798187652;305.413533939845
322.911420313848;304.095538814121
322.933042440043;302.827167105473
322.954664566238;301.59436703774
322.976286692434;300.390756268063
322.997908818629;299.236294273615
323.019530944824;298.142310171113
323.04115307102;297.112737290427
323.062775197215;296.156315082298
323.08439732341;295.282508432367
323.106019449606;294.470260911735
323.127641575801;293.687248644923
323.149263701996;292.929182646285
323.170885828192;292.219624053659
323.192507954387;291.574760631745
323.214130080582;291.005119977496
323.235752206778;290.520845498281
323.257374332973;290.098775447703
323.278996459168;289.719654402915
323.300618585364;289.404957086444
323.322240711559;289.171342502858
323.343862837754;289.002034872823
323.36548496395;288.884182284855
323.387107090145;288.825440526076
323.40872921634;288.81580467257
323.430351342536;288.835615669818
323.451973468731;288.88322405411
323.473595594926;288.970014514894
323.495217721122;289.099321416791
323.516839847317;289.260768759524
323.538461973512;289.451820902396
323.560084099708;289.670720468521
323.581706225903;289.91700918306
323.603328352098;290.19855746837
323.624950478294;290.519955955804
323.646572604489;290.868713076135
323.668194730684;291.217662373835
323.68981685688;291.555165804681
323.711438983075;291.87819789133
323.73306110927;292.187171117388
323.754683235466;292.477817923936
323.776305361661;292.730211434303
323.797927487856;292.919441910924
323.819549614052;293.031394163067
323.841171740247;293.061474949447
323.862793866442;293.001235467612
323.884415992638;292.845581235099
323.906038118833;292.60530853
323.927660245028;292.298564769573
323.949282371224;291.933885351472
323.970904497419;291.503706831999
323.992526623614;291.006784920677
324.01414874981;290.465857925838
324.035770876005;289.886502477001
324.0573930022;289.261419211784
324.079015128396;288.573843698696
324.100637254591;287.80047149502
324.122259380786;286.94379421224
324.143881506982;286.030829236802
324.165503633177;285.068071550147
324.187125759372;284.047969563622
324.208747885568;282.977958752314
324.230370011763;281.863476592583
324.251992137959;280.695612247157
324.273614264154;279.466681071323
324.295236390349;278.182688225509
324.316858516544;276.878405116037
324.33848064274;275.595293073072
324.360102768935;274.322607237676
324.381724895131;273.024575725874
324.403347021326;271.673511353971
324.424969147521;270.293601212186
324.446591273717;268.932361555829
324.468213399912;267.622447110714
324.489835526107;266.393007315887
324.511457652303;265.235954610099
324.533079778498;264.116203349267
324.554701904693;263.023553577848
324.576324030889;261.954796494335
324.597946157084;260.904096417999
324.619568283279;259.855109572778
324.641190409475;258.803073638174
324.66281253567;257.73347656568
324.684434661865;256.621783215265
324.706056788061;255.489179814586
324.727678914256;254.395619529292
324.749301040451;253.35671898876
324.770923166647;252.316793905104
324.792545292842;251.248817214172
324.814167419037;250.180201251415
324.835789545233;249.121654391502
324.857411671428;248.060331181722
324.879033797623;246.991272589339
324.900655923819;245.952947353834
324.922278050014;244.947127085019
324.943900176209;243.95899491283
324.965522302405;243.000270364215
324.9871444286;242.091253050879
325.008766554795;241.21957239588
325.030388680991;240.375268211369
325.052010807186;239.57102091827
325.073632933381;238.813542738224
325.095255059577;238.087803897388
325.116877185772;237.442928400658
325.138499311967;236.883254432935
325.160121438163;236.380491258445
325.181743564358;235.920070085106
325.203365690553;235.508979001055
325.224987816749;235.162406923973
325.246609942944;234.895447941781
325.268232069139;234.705253423175
325.289854195335;234.573698637381
325.31147632153;234.486385220632
325.333098447725;234.441705960702
325.354720573921;234.438865720349
325.376342700116;234.463919154298
325.397964826311;234.492910988369
325.419586952507;234.509881102107
325.441209078702;234.499465222344
325.462831204897;234.452160359577
325.484453331093;234.363732182537
325.506075457288;234.232782064752
325.527697583483;234.057122513439
325.549319709679;233.829363127667
325.570941835874;233.545504681311
325.592563962069;233.216793483181
325.614186088265;232.863310019249
325.63580821446;232.507817512503
325.657430340655;232.156729858092
325.679052466851;231.801046668315
325.700674593046;231.436003694859
325.722296719241;231.061574102479
325.743918845437;230.672921525149
325.765540971632;230.260704434182
325.787163097827;229.813077569343
325.808785224023;229.325711879347
325.830407350218;228.784893858172
325.852029476413;228.162037769187
325.873651602609;227.432511957917
325.895273728804;226.606157455752
325.916895855;225.705162909756
325.938517981195;224.706247328983
325.96014010739;223.595140221234
325.981762233586;222.428444854338
326.003384359781;221.275217757055
326.025006485976;220.136535494416
326.046628612172;218.974029257226
326.068250738367;217.801658536333
326.089872864562;216.684759485906
326.111494990758;215.655174607424
326.133117116953;214.699124349942
326.154739243148;213.793463081473
326.176361369344;212.926822995771
326.197983495539;212.102250461195
326.219605621734;211.310851278705
326.24122774793;210.53974466003
326.262849874125;209.789121771866
326.28447200032;209.038078615488
326.306094126516;208.255257736501
326.327716252711;207.416275760858
326.349338378906;206.507876537306
326.370960505102;205.540758972178
326.392582631297;204.526451204393
326.414204757492;203.462445453433
326.435826883688;202.337919531136
326.457449009883;201.137798148124
326.479071136078;199.848847534543
326.500693262274;198.498438780651
326.522315388469;197.120663852333
326.543937514664;195.767736818587
326.56555964086;194.448803449499
326.587181767055;193.153629039522
326.60880389325;191.847752870547
326.630426019446;190.540513241169
326.652048145641;189.268030960921
326.673670271836;188.038553300523
326.695292398032;186.841751118393
326.716914524227;185.673112273029
326.738536650422;184.540410069665
326.760158776618;183.447995780499
326.781780902813;182.38670916942
326.803403029008;181.339742568189
326.825025155204;180.283911352877
326.846647281399;179.195519282009
326.868269407594;178.079123747093
326.88989153379;176.957630181763
326.911513659985;175.826142819317
326.93313578618;174.654884632921
326.954757912376;173.426771473754
326.976380038571;172.150677746724
326.998002164766;170.860723436849
327.019624290962;169.57238736112
327.041246417157;168.293548118397
327.062868543352;167.019307607561
327.084490669548;165.738124485994
327.106112795743;164.458110606605
327.127734921938;163.183079799802
327.149357048134;161.905957146687
327.170979174329;160.619287819665
327.192601300524;159.329521657556
327.21422342672;158.052284592301
327.235845552915;156.782847409556
327.25746767911;155.514330227154
327.279089805306;154.259947178365
327.300711931501;153.034724338978
327.322334057696;151.814848242684
327.343956183892;150.583299656818
327.365578310087;149.328894683753
327.387200436282;148.091361394685
327.408822562478;146.919279995103
327.430444688673;145.826874912681
327.452066814868;144.805333686495
327.473688941064;143.839029897415
327.495311067259;142.924202472998
327.516933193455;142.063181134657
327.53855531965;141.232813332277
327.560177445845;140.404663130586
327.581799572041;139.570031828216
327.603421698236;138.763000857947
327.625043824431;138.015480742716
327.646665950627;137.315918265201
327.668288076822;136.637890449615
327.689910203017;135.95437259711
327.711532329213;135.245669614474
327.733154455408;134.507483529131
327.754776581603;133.754130408906
327.776398707799;132.980545722767
327.798020833994;132.179495303482
327.819642960189;131.375050222427
327.841265086385;130.572469966009
327.86288721258;129.743283852117
327.884509338775;128.885838044167
327.906131464971;128.02455828027
327.927753591166;127.160188334305
327.949375717361;126.27681790417
327.970997843557;125.362222919806
327.992619969752;124.422897388782
328.014242095947;123.476754198837
328.035864222143;122.534139447439
328.057486348338;121.573256832002
328.079108474533;120.569481271726
328.100730600729;119.547309528186
328.122352726924;118.528998196532
328.143974853119;117.496203961577
328.165596979315;116.461906145633
328.18721910551;115.463273142261
328.208841231705;114.511512025254
328.230463357901;113.591071405052
328.252085484096;112.696825726976
328.273707610291;111.831152487448
328.295329736487;111.002860143597
328.316951862682;110.227098085934
328.338573988877;109.503403552959
328.360196115073;108.816563975257
328.381818241268;108.161042743799
328.403440367463;107.542366606033
328.425062493659;106.974168377658
328.446684619854;106.462920340736
328.468306746049;106.003048172055
328.489928872245;105.590352412604
328.51155099844;105.228324867035
328.533173124635;104.920187349152
328.554795250831;104.65625236417
328.576417377026;104.433180233673
328.598039503221;104.250379331023
328.619661629417;104.100967736745
328.641283755612;103.975452761174
328.662905881807;103.869587999573
328.684528008003;103.779791820972
328.706150134198;103.696184850919
328.727772260393;103.602389102912
328.749394386589;103.477529877084
328.771016512784;103.305587314175
328.792638638979;103.078880594675
328.814260765175;102.789547692236
328.83588289137;102.425712680033
328.857505017565;101.974346570559
328.879127143761;101.415859576087
328.900749269956;100.727774575617
328.922371396151;99.9003438736427
328.943993522347;98.9635443622632
328.965615648542;97.9584122059363
328.987237774737;96.9138897945029
329.008859900933;95.8494725308881
329.030482027128;94.7730984961401
329.052104153324;93.6904266841923
329.073726279519;92.624941248742
329.095348405714;91.6170456170682
329.116970531909;90.6793612702939
329.138592658105;89.8181104904195
329.1602147843;89.0647493463291
329.181836910496;88.4552552241097
329.203459036691;87.9513632730099
329.225081162886;87.5342002919525
329.246703289082;87.2404923359213
329.268325415277;87.0792800513562
329.289947541472;87.0190341820992
329.311569667668;87.0405997326443
329.333191793863;87.1384843701092
329.354813920058;87.3085007666814
329.376436046254;87.5227558590996
329.398058172449;87.7434458033518
329.419680298644;87.9445116613013
329.44130242484;88.1119259131366
329.462924551035;88.2280056626844
329.48454667723;88.2627994824045
329.506168803426;88.1954195741885
329.527790929621;88.018189041611
329.549413055816;87.7084473018827
329.571035182012;87.2467645502853
329.592657308207;86.6596987789962
329.614279434402;85.9780632932358
329.635901560598;85.2044484815206
329.657523686793;84.3472880288388
329.679145812988;83.4543816480173
329.700767939184;82.5663496829575
329.722390065379;81.7001720631479
329.744012191574;80.8666901896793
329.76563431777;80.0822163319486
329.787256443965;79.3771611839555
329.80887857016;78.7615931309978
329.830500696356;78.2374411695351
329.852122822551;77.7833161929136
329.873744948746;77.3787562662976
329.895367074942;77.013736035608
329.916989201137;76.6827786182265
329.938611327332;76.3664937560741
329.960233453528;76.029665129568
329.981855579723;75.6431118799786
330.003477705918;75.2086469572592
330.025099832114;74.7325135931757
330.046721958309;74.2021244678734
330.068344084504;73.6021342962317
330.0899662107;72.9499989102157
330.111588336895;72.2695043333626
330.13321046309;71.5616549534827
330.154832589286;70.822596152817
330.176454715481;70.0624412922842
330.198076841676;69.290744472877
330.219698967872;68.4872461501883
330.241321094067;67.6411460694655
330.262943220262;66.7805347649265
330.284565346458;65.937385142805
330.306187472653;65.1031355533616
330.327809598848;64.2582967578264
330.349431725044;63.4064853873841
330.371053851239;62.5767150313976
330.392675977434;61.7790624353025
330.41429810363;60.9829550582314
330.435920229825;60.1695851703466
330.45754235602;59.3640389515831
330.479164482216;58.5799979206811
330.500786608411;57.8184904123522
330.522408734606;57.1061956666692
330.544030860802;56.4727983289117
330.565652986997;55.9228801006637
330.587275113192;55.443754633565
330.608897239388;55.0222183343437
330.630519365583;54.658100817357
330.652141491778;54.3544050702248
330.673763617974;54.1098085720254
330.695385744169;53.9209274174302
330.717007870365;53.7966180628496
330.73862999656;53.7440589034664
330.760252122755;53.7540836753525
330.78187424895;53.8096270902587
330.803496375146;53.8897964222532
330.825118501341;53.9643270801109
330.846740627537;54.0036387663638
330.868362753732;53.9789212913278
330.889984879927;53.8516134472618
330.911607006123;53.5706072163095
330.933229132318;53.0811270059746
330.954851258513;52.336195632349
330.976473384709;51.2910103934706
330.998095510904;49.9206418160308
331.019717637099;48.2749923079504
331.041339763295;46.434297291381
331.06296188949;44.4014242306455
331.084584015685;42.133309429521
331.106206141881;39.6729847751441
331.127828268076;37.1382858711052
331.149450394271;34.6020246052535
331.171072520467;32.1557993340247
331.192694646662;29.920687821436
331.214316772857;27.9573824106838
331.235938899053;26.2627627863745
331.257561025248;24.8134226254144
331.279183151443;23.6255571643624
331.300805277639;22.7374826858562
331.322427403834;22.1283422577332
331.344049530029;21.7407292820162
331.365671656225;21.5193358839057
331.38729378242;21.4285123302997
331.408915908615;21.4409355250062
331.430538034811;21.5252489781244
331.452160161006;21.6410588877475
331.473782287201;21.753564205049
331.495404413397;21.8475506983254
331.517026539592;21.9137569674807
331.538648665787;21.9407163807801
331.560270791983;21.9254451087647
331.581892918178;21.8722272751988
331.603515044373;21.7806742748666
331.625137170569;21.6262847474515
331.646759296764;21.4001642690506
331.668381422959;21.0995583489886
331.690003549155;20.7211276257919
331.71162567535;20.2829390446051
331.733247801545;19.8144054802058
331.754869927741;19.3150041439862
331.776492053936;18.7952939869876
331.798114180131;18.3177417502527
331.819736306327;17.9162104850985
331.841358432522;17.5939547418265
331.862980558717;17.3550330246102
331.884602684913;17.2100073360913
331.906224811108;17.1857106153649
331.927846937303;17.3021836291015
331.949469063499;17.5453702319717
331.971091189694;17.8794521792746
331.992713315889;18.2746028849392
332.014335442085;18.714906862349
332.03595756828;19.1935002218079
332.057579694475;19.7063106485572
332.079201820671;20.2368480535773
332.100823946866;20.7438426817056
332.122446073061;21.2041552083343
332.144068199257;21.6289448446091
332.165690325452;22.0382691308791
332.187312451647;22.4508865589543
332.208934577843;22.862837774227
332.230556704038;23.275001404005
332.252178830234;23.6978620135174
332.273800956429;24.136300384594
332.295423082624;24.6167552008899
332.317045208819;25.1664557290369
332.338667335015;25.788125930282
332.36028946121;26.4569504325701
332.381911587406;27.1707453572358
332.403533713601;27.9345622855154
332.425155839796;28.7188052757264
332.446777965992;29.490177800922
332.468400092187;30.2318964690712
332.490022218382;30.9297438323102
332.511644344578;31.57157251524
332.533266470773;32.1373661923548
332.554888596968;32.600293734176
332.576510723164;32.9635610561959
332.598132849359;33.2003430636693
332.619754975554;33.30714012218
332.64137710175;33.2898871272662
332.662999227945;33.1714619975111
332.68462135414;32.9729047535108
332.706243480336;32.7243801889185
332.727865606531;32.4724854397346
332.749487732726;32.2660087449554
332.771109858922;32.1553161000612
332.792731985117;32.1949158179518
332.814354111312;32.4361638156784
332.835976237508;32.9183032392941
332.857598363703;33.6748302183599
332.879220489898;34.7449483931605
332.900842616094;36.1642472858183
332.922464742289;37.8874848166163
332.944086868484;39.824410888711
332.96570899468;41.8454477988347
332.987331120875;43.8820745437698
333.00895324707;45.8732081175125
333.030575373266;47.7038416301613
333.052197499461;49.2029205816887
333.073819625656;50.1866735640048
333.095441751852;50.484395459056
333.117063878047;49.9579808848027
333.138686004242;48.537712156008
333.160308130438;46.1604059970264
333.181930256633;42.7827773861198
333.203552382828;38.4174138029661
333.225174509024;33.0930863218258
333.246796635219;27.0131319249595
333.268418761414;20.33629753935
333.29004088761;13.2342007747683
333.311663013805;6.39236749545216
333.33328514;0.138645705030513
333.354907266196;-5.53738590205933
333.376529392391;-10.6975103229387
333.398151518586;-15.2665276851733
333.419773644782;-19.0098648851728
333.441395770977;-21.8352637247808
333.463017897172;-23.7498664241182
333.484640023368;-24.8387421765336
333.506262149563;-25.1283231902145
333.527884275758;-24.6300528941234
333.549506401954;-23.6220835966715
333.571128528149;-22.1981763693951
333.592750654344;-20.364308451686
333.61437278054;-18.1091701131794
333.635994906735;-15.5775027115061
333.65761703293;-12.8626334168607
333.679239159126;-9.89348673397387
333.700861285321;-6.62833256646343
333.722483411516;-3.23084222347109
333.744105537712;0.124056541599657
333.765727663907;3.46492002198727
333.787349790103;6.91590513326457
333.808971916298;10.4821820584528
333.830594042493;14.1433182458058
333.852216168688;17.9160056715101
333.873838294884;21.8126992458542
333.895460421079;25.8080232526693
333.917082547275;29.7929319631393
333.93870467347;33.7942551241462
333.960326799665;37.869296573147
333.981948925861;42.0612310551678
334.003571052056;46.3090255997899
334.025193178251;50.4606271004338
334.046815304447;54.5320075055881
334.068437430642;58.618874398263
334.090059556837;62.7152118053976
334.111681683033;66.7053660475676
334.133303809228;70.5353683398718
334.154925935423;74.2952611935401
334.176548061619;77.9586715196145
334.198170187814;81.4907778710964
334.219792314009;84.8601537505309
334.241414440205;88.1626203383045
334.2630365664;91.490988956225
334.284658692595;94.806660967133
334.306280818791;98.0731822615717
334.327902944986;101.328409518066
334.349525071181;104.58840007225
334.371147197377;107.797183160056
334.392769323572;110.940515288611
334.414391449767;114.115381110767
334.436013575963;117.327321501105
334.457635702158;120.596357859827
334.479257828353;124.048842776305
334.500879954549;127.80779834991
334.522502080744;131.952662385201
334.544124206939;136.522432469082
334.565746333135;141.539985383731
334.58736845933;147.139041996787
334.608990585525;153.530052320629
334.630612711721;160.673041564231
334.652234837916;168.57538658112
334.673856964111;177.29200371925
334.695479090307;186.967959514624
334.717101216502;198.08710221305
334.738723342697;210.917347562901
334.760345468893;225.31446495915
334.781967595088;240.579612319379
334.803589721283;256.630407751056
334.825211847479;274.09467726975
334.846833973674;293.099718990818
334.868456099869;313.56649513488
334.890078226065;335.263332583542
334.91170035226;358.10098317511
334.933322478455;381.950393488416
334.954944604651;406.61114606766
334.976566730846;432.103023737584
334.998188857041;459.011870858387
335.019810983237;488.514742151897
335.041433109432;521.528831456414
335.063055235627;557.582586544497
335.084677361823;595.578973303039
335.106299488018;635.945417407027
335.127921614213;680.30778726876
335.149543740409;729.788544471067
335.171165866604;784.904861726538
335.192787992799;846.092917108166
335.214410118995;914.404657002145
335.23603224519;991.44813732725
335.257654371385;1075.13068365106
335.279276497581;1159.94338974259
335.300898623776;1245.00238093834
335.322520749971;1329.27306642962
335.344142876167;1409.35437610196
335.365765002362;1482.23105043255
335.387387128557;1547.27149466493
335.409009254753;1603.64042225523
335.430631380948;1649.81740965076
335.452253507144;1684.49154468089
335.473875633339;1705.38590604455
335.495497759534;1708.79320666179
335.51711988573;1692.98615411704
335.538742011925;1659.12939690511
335.56036413812;1606.70615201985
335.581986264316;1533.85720262133
335.603608390511;1438.80660403374
335.625230516706;1326.05570482493
335.646852642902;1203.07825130542
335.668474769097;1069.01991716788
335.690096895292;921.38231849837
335.711719021488;760.867807148402
335.733341147683;590.494921813395
335.754963273878;416.991006649779
335.776585400074;245.6522622022
335.798207526269;79.1560157548127
335.819829652464;-76.8365618953711
335.84145177866;-219.60442971956
335.863073904855;-354.689206040054
335.88469603105;-484.86218066407
335.906318157246;-609.764022381932
335.927940283441;-726.288897098482
335.949562409636;-832.384528885232
335.971184535832;-928.640447052816
335.992806662027;-1016.83372844323
336.014428788222;-1097.90844048727
336.036050914418;-1172.12357279281
336.057673040613;-1239.07139644806
336.079295166808;-1298.86783103744
336.100917293004;-1352.98768890537
336.122539419199;-1403.64488071619
336.144161545394;-1452.02482546239
336.16578367159;-1498.14939276434
336.187405797785;-1541.17867545641
336.20902792398;-1579.61968548595
336.230650050176;-1612.89492263423
336.252272176371;-1641.90462049391
336.273894302566;-1667.84215983564
336.295516428762;-1690.30558549522
336.317138554957;-1707.78130532118
336.338760681152;-1719.21739094346
336.360382807348;-1723.8882504344
336.382004933543;-1720.95435576878
336.403627059738;-1710.05760805231
336.425249185934;-1690.97917032086
336.446871312129;-1663.88151709996
336.468493438324;-1628.89459331155
336.49011556452;-1586.0539479778
336.511737690715;-1535.7560103542
336.53335981691;-1478.18757803111
336.554981943106;-1412.96219213186
336.576604069301;-1339.94788794391
336.598226195496;-1262.19024650417
336.619848321692;-1184.08205861935
336.641470447887;-1107.34120005244
336.663092574082;-1031.76732786835
336.684714700278;-956.52482775986
336.706336826473;-883.054213567542
336.727958952668;-814.819745960136
336.749581078864;-752.256081196994
336.771203205059;-693.637254009618
336.792825331254;-638.821797846646
336.81444745745;-589.479436221248
336.836069583645;-546.328761440559
336.85769170984;-507.601241337361
336.879313836036;-472.349717212863
336.900935962231;-440.855449222546
336.922558088426;-413.000669080888
336.944180214622;-387.970509891661
336.965802340817;-365.590024634103
336.987424467012;-346.209862203638
337.009046593208;-329.4742322943
337.030668719403;-314.371147070118
337.052290845599;-300.544564412341
337.073912971794;-288.019131790338
337.095535097989;-276.928496157112
337.117157224185;-267.222887543581
337.13877935038;-258.468055734787
337.160401476575;-250.289545136671
337.182023602771;-242.541519659625
337.203645728966;-235.181145203238
337.225267855161;-228.095645418001
337.246889981357;-221.15602249298
337.268512107552;-214.297565169794
337.290134233747;-207.536829302001
337.311756359943;-201.041029473535
337.333378486138;-195.000640578886
337.355000612333;-189.437200129639
337.376622738529;-184.318276993492
337.398244864724;-179.812228248718
337.419866990919;-176.123106333904
337.441489117115;-173.293057353251
337.46311124331;-171.37024219006
337.484733369505;-170.514098757951
337.506355495701;-170.976807744681
337.527977621896;-172.824910466659
337.549599748091;-175.980861844288
337.571221874287;-180.385312910591
337.592844000482;-185.88582187297
337.614466126677;-192.117630108293
337.636088252873;-198.672744862718
337.657710379068;-205.342205377567
337.679332505263;-211.976296722406
337.700954631459;-218.338293728612
337.722576757654;-224.15920960319
337.744198883849;-229.153329967534
337.765821010045;-233.086804294406
337.78744313624;-235.924698318122
337.809065262435;-237.762753329284
337.830687388631;-238.658878175495
337.852309514826;-238.662370927735
337.873931641021;-237.938424379402
337.895553767217;-236.668484156042
337.917175893412;-234.964939406262
337.938798019607;-232.915452087186
337.960420145803;-230.655992144549
337.982042271998;-228.405662334015
338.003664398193;-226.338330133073
338.025286524389;-224.484566764833
338.046908650584;-222.820638439556
338.068530776779;-221.343737567061
338.090152902975;-220.088015017215
338.11177502917;-219.058461513394
338.133397155365;-218.213703335276
338.155019281561;-217.49506560739
338.176641407756;-216.832648702651
338.198263533951;-216.161481694169
338.219885660147;-215.426594589933
338.241507786342;-214.585772196754
338.263129912537;-213.642564594093
338.284752038733;-212.614216564955
338.306374164928;-211.483022341516
338.327996291123;-210.228642274298
338.349618417319;-208.853921516991
338.371240543514;-207.35892062446
338.392862669709;-205.759645137904
338.414484795905;-204.101068838626
338.4361069221;-202.397092558294
338.457729048295;-200.656812191204
338.479351174491;-198.921821665764
338.500973300686;-197.21201593755
338.522595426881;-195.531232678762
338.544217553077;-193.896325779177
338.565839679272;-192.329739994369
338.587461805468;-190.827327746943
338.609083931663;-189.369283040883
338.630706057858;-187.947960000365
338.652328184053;-186.593541200045
338.673950310249;-185.350186116154
338.695572436444;-184.231301943219
338.71719456264;-183.224682712492
338.738816688835;-182.321006092322
338.76043881503;-181.530527880077
338.782060941226;-180.849299807298
338.803683067421;-180.260539720292
338.825305193616;-179.740939026255
338.846927319812;-179.280504596828
338.868549446007;-178.90671196771
338.890171572202;-178.649999479541
338.911793698398;-178.520539534495
338.933415824593;-178.509773078017
338.955037950788;-178.613069720623
338.976660076984;-178.841652744208
338.998282203179;-179.199636054355
339.019904329374;-179.666269454119
339.04152645557;-180.228295118801
339.063148581765;-180.886712166655
339.08477070796;-181.631249063533
339.106392834156;-182.429801445455
339.128014960351;-183.231834449124
339.149637086546;-184.015721926366
339.171259212742;-184.778495186181
339.192881338937;-185.511626386238
339.214503465132;-186.20676977011
339.236125591328;-186.847579011291
339.257747717523;-187.417625740669
339.279369843718;-187.897305705333
339.300991969914;-188.231254724939
339.322614096109;-188.41249029326
339.344236222304;-188.454588007124
339.3658583485;-188.368521732409
339.387480474695;-188.148939036265
339.40910260089;-187.799410038317
339.430724727086;-187.343618674494
339.452346853281;-186.814133629442
339.473968979476;-186.251381831136
339.495591105672;-185.689319092072
339.517213231867;-185.181198783588
339.538835358062;-184.787519177784
339.560457484258;-184.55220120594
339.582079610453;-184.546217297616
339.603701736648;-184.842063610345
339.625323862844;-185.487251570802
339.646945989039;-186.516600267286
339.668568115234;-187.913644129724
339.69019024143;-189.633806063028
339.711812367625;-191.654622233924
339.73343449382;-193.983522973344
339.755056620016;-196.640307994995
339.776678746211;-199.583568052439
339.798300872406;-202.565893549301
339.819922998602;-205.284396147233
339.841545124797;-207.767328902333
339.863167250992;-210.059284013222
339.884789377188;-212.162900601259
339.906411503383;-213.999462642364
339.928033629578;-215.496297661064
339.949655755774;-216.656597258751
339.971277881969;-217.513435512345
339.992900008164;-218.079947125371
340.01452213436;-218.368986022867
340.036144260555;-218.421121187806
340.05776638675;-218.305135863234
340.079388512946;-218.075960850274
340.101010639141;-217.783732943427
340.122632765336;-217.47520270513
340.144254891532;-217.178800860877
340.165877017727;-216.90773343586
340.187499143922;-216.665644406221
340.209121270118;-216.461600820723
340.230743396313;-216.296983634786
340.252365522509;-216.150068257032
340.273987648704;-216.001153651592
340.295609774899;-215.831545544669
340.317231901095;-215.638887158968
340.33885402729;-215.416281993739
340.360476153485;-215.143999785974
340.382098279681;-214.816179696628
340.403720405876;-214.451266107237
340.425342532071;-214.049996010659
340.446964658267;-213.62232349475
340.468586784462;-213.181979545419
340.490208910657;-212.723124785491
340.511831036853;-212.247602276906
340.533453163048;-211.787192009129
340.555075289243;-211.352868133853
340.576697415439;-210.941314356897
340.598319541634;-210.553693274754
340.619941667829;-210.196125370902
340.641563794025;-209.876084635773
340.66318592022;-209.59105622654
340.684808046415;-209.345558768115
340.706430172611;-209.148242160746
340.728052298806;-208.991301809747
340.749674425001;-208.877635952655
340.771296551197;-208.81076013262
340.792918677392;-208.792905469484
340.814540803587;-208.828214785876
340.836162929783;-208.915300323693
340.857785055978;-209.052782885104
340.879407182173;-209.237840482214
340.901029308369;-209.451556627297
340.922651434564;-209.668313614782
340.944273560759;-209.879293234705
340.965895686955;-210.084474100211
340.98751781315;-210.287404097926
341.009139939345;-210.48270710907
341.030762065541;-210.662880992484
341.052384191736;-210.8453430663
341.074006317931;-211.046953767021
341.095628444127;-211.272208550209
341.117250570322;-211.526397173946
341.138872696517;-211.809382854184
341.160494822713;-212.112658687644
341.182116948908;-212.435980602697
341.203739075103;-212.784388115744
341.225361201299;-213.156222792741
341.246983327494;-213.540311965806
341.268605453689;-213.920345561823
341.290227579885;-214.283979734359
341.31184970608;-214.629914973727
341.333471832275;-214.960391906439
341.355093958471;-215.274742615158
341.376716084666;-215.57322095064
341.398338210861;-215.857781411201
341.419960337057;-216.132767107295
341.441582463252;-216.398865063192
341.463204589447;-216.661538189135
341.484826715643;-216.929659688811
341.506448841838;-217.205982154322
341.528070968033;-217.493845456404
341.549693094229;-217.791854607489
341.571315220424;-218.08766004679
341.592937346619;-218.374824207492
341.614559472815;-218.652305175652
341.63618159901;-218.924008876893
341.657803725205;-219.192060625344
341.679425851401;-219.448998342663
341.701047977596;-219.691022365658
341.722670103791;-219.933552649818
341.744292229987;-220.198748235246
341.765914356182;-220.503329657487
341.787536482378;-220.837821239717
341.809158608573;-221.18898865687
341.830780734768;-221.57061092722
341.852402860963;-221.999123866925
341.874024987159;-222.470013453564
341.895647113354;-222.968444606897
341.91726923955;-223.482841611173
341.938891365745;-224.008195307512
341.96051349194;-224.536851339216
341.982135618136;-225.05280869575
342.003757744331;-225.540999447791
342.025379870526;-225.989898909826
342.047001996722;-226.389523637406
342.068624122917;-226.736404339233
342.090246249112;-227.026460401944
342.111868375308;-227.255333490444
342.133490501503;-227.422077109075
342.155112627698;-227.542135746721
342.176734753894;-227.634200324278
342.198356880089;-227.711497339487
342.219979006284;-227.777596223963
342.24160113248;-227.822753904573
342.263223258675;-227.851092367525
342.28484538487;-227.870473065153
342.306467511066;-227.885232900052
342.328089637261;-227.893229348918
342.349711763456;-227.887637661745
342.371333889652;-227.871015558142
342.392956015847;-227.849780056504
342.414578142042;-227.821722288172
342.436200268238;-227.783185711624
342.457822394433;-227.735597101947
342.479444520628;-227.682121906803
342.501066646824;-227.623761044815
342.522688773019;-227.56107296578
342.544310899214;-227.495954444998
342.56593302541;-227.429364302636
342.587555151605;-227.361332055111
342.6091772778;-227.292840679561
342.630799403996;-227.224161636723
342.652421530191;-227.155795065059
342.674043656386;-227.08874014373
342.695665782582;-227.023947078039
342.717287908777;-226.959922355137
342.738910034972;-226.894123008352
342.760532161168;-226.842286048074
342.782154287363;-226.811683875936
342.803776413558;-226.802170952696
342.825398539754;-226.824755601651
342.847020665949;-226.891862431623
342.868642792144;-227.000817596959
342.89026491834;-227.152986085841
342.911887044535;-227.35364676707
342.93350917073;-227.604427419063
342.955131296926;-227.900953611288
342.976753423121;-228.225492171148
342.998375549316;-228.559059806408
343.019997675512;-228.891185150381
343.041619801707;-229.212767298177
343.063241927902;-229.517549684347
343.084864054098;-229.809397353589
343.106486180293;-230.086348710452
343.128108306488;-230.333057395693
343.149730432684;-230.548038646705
343.171352558879;-230.755648581255
343.192974685074;-230.974204017106
343.21459681127;-231.202615753731
343.236218937465;-231.438909731528
343.25784106366;-231.691034608483
343.279463189856;-231.97522526988
343.301085316051;-232.303533148564
343.322707442247;-232.679353755152
343.344329568442;-233.104121478983
343.365951694637;-233.576080067193
343.387573820832;-234.079251045612
343.409195947028;-234.5999210362
343.430818073223;-235.138098240346
343.452440199419;-235.69921109202
343.474062325614;-236.285012568915
343.495684451809;-236.885640165615
343.517306578005;-237.471747351985
343.5389287042;-238.004609072084
343.560550830395;-238.484024267843
343.582172956591;-238.931346411864
343.603795082786;-239.358135915514
343.625417208981;-239.766931969644
343.647039335177;-240.168911689378
343.668661461372;-240.562519129859
343.690283587567;-240.927784287755
343.711905713763;-241.263152191396
343.733527839958;-241.573601377183
343.755149966153;-241.849283130377
343.776772092349;-242.077901482466
343.798394218544;-242.249750387102
343.820016344739;-242.35399972849
343.841638470935;-242.394939489654
343.86326059713;-242.392232391543
343.884882723325;-242.345903177215
343.906504849521;-242.253205369229
343.928126975716;-242.111548288483
343.949749101911;-241.91812883344
343.971371228107;-241.688535927292
343.992993354302;-241.463749736559
344.014615480497;-241.256173442675
344.036237606693;-241.053877260711
344.057859732888;-240.870740916815
344.079481859083;-240.732801127686
344.101103985279;-240.646544574043
344.122726111474;-240.604740530899
344.144348237669;-240.607744649839
344.165970363865;-240.667382749186
344.18759249006;-240.806695138159
344.209214616255;-241.011295895507
344.230836742451;-241.279622212758
344.252458868646;-241.616056759646
344.274080994841;-242.017061746188
344.295703121037;-242.46783766009
344.317325247232;-242.959617562034
344.338947373427;-243.476950513315
344.360569499623;-244.010347873526
344.382191625818;-244.550631498898
344.403813752013;-245.083040772444
344.425435878209;-245.586902453332
344.447058004404;-246.029727961831
344.468680130599;-246.397604563433
344.490302256795;-246.704294596427
344.51192438299;-246.952729223629
344.533546509185;-247.112071288351
344.555168635381;-247.162983803265
344.576790761576;-247.127954348923
344.598412887771;-247.032054811353
344.620035013967;-246.881468565571
344.641657140162;-246.681203957579
344.663279266357;-246.454672590915
344.684901392553;-246.212050743846
344.706523518748;-245.95309908362
344.728145644943;-245.683456105182
344.749767771139;-245.430988028946
344.771389897334;-245.233892145015
344.793012023529;-245.099383239331
344.814634149725;-245.014910703917
344.83625627592;-244.973131827965
344.857878402115;-244.980189930337
344.879500528311;-245.037434833461
344.901122654506;-245.13731134053
344.922744780701;-245.272416993173
344.944366906897;-245.43568355775
344.965989033092;-245.61353298899
344.987611159288;-245.786841032132
345.009233285483;-245.939910661476
345.030855411678;-246.071656313703
345.052477537874;-246.18496353354
345.074099664069;-246.276359186594
345.095721790264;-246.338308225912
345.11734391646;-246.365461317602
345.138966042655;-246.360721525258
345.16058816885;-246.335265430511
345.182210295046;-246.292416099161
345.203832421241;-246.239030921758
345.225454547436;-246.191575746235
345.247076673632;-246.165728387616
345.268698799827;-246.168598478523
345.290320926022;-246.202760970196
345.311943052218;-246.275642028476
345.333565178413;-246.392184807192
345.355187304608;-246.544072615745
345.376809430804;-246.725156237812
345.398431556999;-246.938413557274
345.420053683194;-247.173132532792
345.44167580939;-247.408779758785
345.463297935585;-247.629957877627
345.48492006178;-247.832432720327
345.506542187976;-248.004588404918
345.528164314171;-248.126949373953
345.549786440366;-248.190292584994
345.571408566562;-248.198908021543
345.593030692757;-248.157304261704
345.614652818952;-248.061816343876
345.636274945148;-247.908711178152
345.657897071343;-247.713624021514
345.679519197538;-247.506075742028
345.701141323734;-247.306540308934
345.722763449929;-247.112880398012
345.744385576124;-246.92126761327
345.76600770232;-246.746594459425
345.787629828515;-246.606030226815
345.80925195471;-246.499315439892
345.830874080906;-246.42342146692
345.852496207101;-246.383189251403
345.874118333296;-246.37820209807
345.895740459492;-246.403404386586
345.917362585687;-246.450892228644
345.938984711882;-246.520203364976
345.960606838078;-246.613781236106
345.982228964273;-246.718544230714
346.003851090468;-246.830629433829
346.025473216664;-246.950189042672
346.047095342859;-247.079590802785
346.068717469054;-247.224834374779
346.09033959525;-247.384258730954
346.111961721445;-247.548869589909
346.13358384764;-247.712101047235
346.155205973836;-247.882502731953
346.176828100031;-248.071070093004
346.198450226226;-248.280817606562
346.220072352422;-248.5094895024
346.241694478617;-248.748025062882
346.263316604812;-248.987811698214
346.284938731008;-249.222065732579
346.306560857203;-249.437039948544
346.328182983398;-249.618943626572
346.349805109594;-249.762852912636
346.371427235789;-249.872852454352
346.393049361984;-249.953450706911
346.41467148818;-249.997975982282
346.436293614375;-250.003828407238
346.45791574057;-249.980539828695
346.479537866766;-249.93942927404
346.501159992961;-249.882700104645
346.522782119156;-249.826063266031
346.544404245352;-249.786637279595
346.566026371547;-249.767107769641
346.587648497743;-249.771086085374
346.609270623938;-249.799362259142
346.630892750133;-249.849487287964
346.652514876329;-249.918282679074
346.674137002524;-250.002793039501
346.695759128719;-250.098098103537
346.717381254915;-250.197235506805
346.73900338111;-250.291620941702
346.760625507305;-250.377933038719
346.782247633501;-250.456651946021
346.803869759696;-250.524366759072
346.825491885891;-250.576010240922
346.847114012087;-250.607955991895
346.868736138282;-250.616743745123
346.890358264477;-250.600099720073
346.911980390673;-250.557018158103
346.933602516868;-250.48893492011
346.955224643063;-250.39938692227
346.976846769259;-250.283134436817
346.998468895454;-250.131362227682
347.020091021649;-249.937541409317
347.041713147845;-249.692222624864
347.06333527404;-249.386791981945
347.084957400235;-249.021618084671
347.106579526431;-248.615731844382
347.128201652626;-248.184520192837
347.149823778821;-247.725806015573
347.171445905017;-247.242809854841
347.193068031212;-246.755418713621
347.214690157407;-246.258735588589
347.236312283603;-245.745097398892
347.257934409798;-245.222023728675
347.279556535993;-244.685964041621
347.301178662189;-244.138823050118
347.322800788384;-243.595041812011
347.344422914579;-243.063445637809
347.366045040775;-242.532797400839
347.38766716697;-241.99930362428
347.409289293165;-241.475755301487
347.430911419361;-240.975057738029
347.452533545556;-240.501212824704
347.474155671751;-240.062580366205
347.495777797947;-239.652450968019
347.517399924142;-239.269428402757
347.539022050337;-238.942123574256
347.560644176533;-238.684835740158
347.582266302728;-238.484850731639
347.603888428923;-238.335199666536
347.625510555119;-238.234540295053
347.647132681314;-238.17927338573
347.668754807509;-238.166657165713
347.690376933705;-238.189616434924
347.7119990599;-238.241984271048
347.733621186095;-238.322016589437
347.755243312291;-238.429659384192
347.776865438486;-238.558390456254
347.798487564681;-238.703335072459
347.820109690877;-238.863317443528
347.841731817072;-239.031483126662
347.863353943267;-239.195065332599
347.884976069463;-239.343877691354
347.906598195658;-239.477902362169
347.928220321853;-239.604351671188
347.949842448049;-239.73315821821
347.971464574244;-239.866712310028
347.993086700439;-239.998776869116
348.014708826635;-240.128218765637
348.03633095283;-240.260783229505
348.057953079025;-240.411239052944
348.079575205221;-240.596765383848
348.101197331416;-240.810195500992
348.122819457612;-241.037368305145
348.144441583807;-241.273008105125
348.166063710002;-241.518086517624
348.187685836197;-241.770112630586
348.209307962393;-242.003352546009
348.230930088588;-242.187813867151
348.252552214784;-242.307375809735
348.274174340979;-242.344937831782
348.295796467174;-242.285935800875
348.31741859337;-242.133186864622
348.339040719565;-241.880849084055
348.36066284576;-241.526619048484
348.382284971956;-241.075887208235
348.403907098151;-240.538211480362
348.425529224346;-239.949777000886
348.447151350542;-239.358388836236
348.468773476737;-238.802904419441
348.490395602932;-238.303344516334
348.512017729128;-237.866362541404
348.533639855323;-237.497952647677
348.555261981518;-237.227826638953
348.576884107714;-237.110768339768
348.598506233909;-237.166368790184
348.620128360104;-237.385445320416
348.6417504863;-237.748598901804
348.663372612495;-238.238894657215
348.68499473869;-238.868590016324
348.706616864886;-239.662707984941
348.728238991081;-240.552719165684
348.749861117276;-241.48032321325
348.771483243472;-242.43100779073
348.793105369667;-243.37686397039
348.814727495862;-244.309536346171
348.836349622058;-245.205769060582
348.857971748253;-246.027843240386
348.879593874448;-246.754736602847
348.901216000644;-247.379771898681
348.922838126839;-247.907015565655
348.944460253034;-248.331884872302
348.96608237923;-248.633918439691
348.987704505425;-248.813534519613
349.00932663162;-248.888521694391
349.030948757816;-248.875166521179
349.052570884011;-248.790105406832
349.074193010206;-248.649469804585
349.095815136402;-248.471712288959
349.117437262597;-248.273098546757
349.139059388792;-248.064154686739
349.160681514988;-247.848209950914
349.182303641183;-247.634428285071
349.203925767378;-247.425669432255
349.225547893574;-247.225083372606
349.247170019769;-247.041204377034
349.268792145964;-246.873319180897
349.29041427216;-246.715768892663
349.312036398355;-246.56666951525
349.33365852455;-246.42302292563
349.355280650746;-246.29260483773
349.376902776941;-246.197220728587
349.398524903136;-246.150679052386
349.420147029332;-246.145848008399
349.441769155527;-246.16690571689
349.463391281722;-246.224008812841
349.485013407918;-246.330464829046
349.506635534113;-246.477348336125
349.528257660308;-246.658523740948
349.549879786504;-246.860519213954
349.571501912699;-247.057258007737
349.593124038894;-247.233391459714
349.61474616509;-247.389181837661
349.636368291285;-247.52478454517
349.657990417481;-247.645624022815
349.679612543676;-247.742614892244
349.701234669871;-247.810055261802
349.722856796066;-247.851054828116
349.744478922262;-247.865775816068
349.766101048457;-247.859529998858
349.787723174653;-247.846237687896
349.809345300848;-247.841655490016
349.830967427043;-247.839326128811
349.852589553239;-247.835594928093
349.874211679434;-247.832911182718
349.895833805629;-247.829985113386
349.917455931825;-247.815943642294
349.93907805802;-247.777690405705
349.960700184215;-247.70522290252
349.982322310411;-247.601504274857
350.003944436606;-247.460752734132
350.025566562801;-247.260144676048
350.047188688997;-246.984439830818
350.068810815192;-246.652359504844
350.090432941387;-246.265307925281
350.112055067583;-245.816245309366
350.133677193778;-245.329276332579
350.155299319973;-244.822208820662
350.176921446169;-244.290158641842
350.198543572364;-243.722385930949
350.220165698559;-243.136835258865
350.241787824755;-242.569639162518
350.26340995095;-242.023249253286
350.285032077145;-241.484504993521
350.306654203341;-240.937024669034
350.328276329536;-240.37470376405
350.349898455731;-239.815954642461
350.371520581927;-239.301809322398
350.393142708122;-238.832938369341
350.414764834317;-238.392140100521
350.436386960513;-237.966651764343
350.458009086708;-237.547293769015
350.479631212903;-237.137495186161
350.501253339099;-236.735749998654
350.522875465294;-236.337176049476
350.544497591489;-235.935038691411
350.566119717685;-235.520748839706
350.58774184388;-235.093039201359
350.609363970075;-234.665930924326
350.630986096271;-234.235221336795
350.652608222466;-233.782832147411
350.674230348661;-233.310351719824
350.695852474857;-232.841796446445
350.717474601052;-232.395619561454
350.739096727247;-231.967596156732
350.760718853443;-231.548158725058
350.782340979638;-231.130971187038
350.803963105833;-230.718608693197
350.825585232029;-230.329452708144
350.847207358224;-229.970927746831
350.868829484419;-229.644814783089
350.890451610615;-229.353652249347
350.91207373681;-229.0859831168
350.933695863005;-228.833582618066
350.955317989201;-228.597755769198
350.976940115396;-228.378102328074
350.998562241591;-228.161809869366
351.020184367787;-227.935524698661
351.041806493982;-227.68653767673
351.063428620177;-227.400026345289
351.085050746373;-227.061470153729
351.106672872568;-226.669752663936
351.128294998763;-226.245918057896
351.149917124959;-225.801621273995
351.171539251154;-225.340177058854
351.19316137735;-224.857417957948
351.214783503545;-224.360322176625
351.23640562974;-223.866187617375
351.258027755935;-223.371303020821
351.279649882131;-222.866084895042
351.301272008326;-222.348980675364
351.322894134522;-221.830498518285
351.344516260717;-221.318706503044
351.366138386912;-220.816986503577
351.387760513108;-220.339617865551
351.409382639303;-219.914475928232
351.431004765498;-219.560924509575
351.452626891694;-219.281031890809
351.474249017889;-219.066867519347
351.495871144084;-218.913772226349
351.51749327028;-218.835906015988
351.539115396475;-218.857178607684
351.56073752267;-218.961670887108
351.582359648866;-219.113303392531
351.603981775061;-219.302699574084
351.625603901256;-219.539247929979
351.647226027452;-219.825961386966
351.668848153647;-220.151951881567
351.690470279842;-220.499617730654
351.712092406038;-220.852080813778
351.733714532233;-221.200944395045
351.755336658428;-221.536407570136
351.776958784624;-221.8527225711
351.798580910819;-222.143119075851
351.820203037014;-222.393819497756
351.84182516321;-222.597042869451
351.863447289405;-222.75423193727
351.8850694156;-222.867791668765
351.906691541796;-222.940975259425
351.928313667991;-222.979134594558
351.949935794186;-222.993128879335
351.971557920382;-222.984453258256
351.993180046577;-222.958637424431
352.014802172772;-222.927764695749
352.036424298968;-222.900745920582
352.058046425163;-222.876989573685
352.079668551358;-222.8507125064
352.101290677554;-222.817049010026
352.122912803749;-222.768085646573
352.144534929944;-222.692287786037
352.16615705614;-222.597128737599
352.187779182335;-222.489644978371
352.20940130853;-222.359817594333
352.231023434726;-222.190626088473
352.252645560921;-221.953375522822
352.274267687116;-221.660014180752
352.295889813312;-221.339334873883
352.317511939507;-220.996820988685
352.339134065702;-220.6189424952
352.360756191898;-220.186619443333
352.382378318093;-219.692243129373
352.404000444288;-219.158121604806
352.425622570484;-218.613355625111
352.447244696679;-218.051698591501
352.468866822874;-217.47705219486
352.49048894907;-216.897182731711
352.512111075265;-216.310875506918
352.53373320146;-215.710380181484
352.555355327656;-215.095425128257
352.576977453851;-214.476803452864
352.598599580046;-213.872263117904
352.620221706242;-213.311092245789
352.641843832437;-212.812464382008
352.663465958632;-212.363420462498
352.685088084828;-211.965088305971
352.706710211023;-211.613500083218
352.728332337218;-211.305821254478
352.749954463414;-211.025813116262
352.771576589609;-210.760708242926
352.793198715804;-210.505624156571
352.814820842;-210.255051097113
352.836442968195;-210.000941454207
352.858065094391;-209.739430417087
352.879687220586;-209.469799269206
352.901309346781;-209.19067333536
352.922931472977;-208.899256760889
352.944553599172;-208.598038184783
352.966175725367;-208.297103929332
352.987797851563;-208.006592064589
353.009419977758;-207.73181195573
353.031042103953;-207.485338374896
353.052664230149;-207.279375501121
353.074286356344;-207.112107832906
353.095908482539;-206.973474459566
353.117530608735;-206.861738382855
353.13915273493;-206.794709291378
353.160774861125;-206.770817331535
353.182396987321;-206.772107376063
353.204019113516;-206.800896801111
353.225641239711;-206.853367183357
353.247263365907;-206.913165801155
353.268885492102;-206.967350861718
353.290507618297;-207.014564641277
353.312129744493;-207.045560469187
353.333751870688;-207.060214004381
353.355373996883;-207.061600533121
353.376996123079;-207.053832098814
353.398618249274;-207.044367715601
353.420240375469;-207.039653957971
353.441862501665;-207.044248659219
353.46348462786;-207.066467303958
353.485106754055;-207.107073224268
353.506728880251;-207.165413719526
353.528351006446;-207.245529087071
353.549973132641;-207.355604261243
353.571595258837;-207.496002662216
353.593217385032;-207.660407192406
353.614839511227;-207.841655702845
353.636461637423;-208.040927176902
353.658083763618;-208.247155566881
353.679705889813;-208.440721543361
353.701328016009;-208.618520911199
353.722950142204;-208.790579787023
353.744572268399;-208.946916242289
353.766194394595;-209.070674278953
353.78781652079;-209.156856165931
353.809438646985;-209.208140221646
353.831060773181;-209.215763509193
353.852682899376;-209.15864735488
353.874305025571;-209.036365008293
353.895927151767;-208.874752291079
353.917549277962;-208.683107886139
353.939171404157;-208.456264287045
353.960793530353;-208.20219744052
353.982415656548;-207.92864180008
354.004037782743;-207.631814955636
354.025659908939;-207.309417670517
354.047282035134;-206.965026184981
354.068904161329;-206.604559664149
354.090526287525;-206.223348801081
354.11214841372;-205.806302391812
354.133770539915;-205.354911379059
354.155392666111;-204.905555309019
354.177014792306;-204.489222445235
354.198636918501;-204.109426203305
354.220259044697;-203.759281470719
354.241881170892;-203.428124558243
354.263503297087;-203.126176853962
354.285125423283;-202.862048918254
354.306747549478;-202.637677233
354.328369675673;-202.447593709569
354.349991801869;-202.285657175515
354.371613928064;-202.151680051494
354.393236054259;-202.048689753069
354.414858180455;-201.968536418777
354.43648030665;-201.895054876715
354.458102432846;-201.82334553371
354.479724559041;-201.758467596443
354.501346685236;-201.698719454034
354.522968811432;-201.639025033126
354.544590937627;-201.573660650406
354.566213063822;-201.494728040051
354.587835190018;-201.38831548736
354.609457316213;-201.249411828751
354.631079442408;-201.073980749177
354.652701568604;-200.85121340027
354.674323694799;-200.556204691134
354.695945820994;-200.170645196249
354.71756794719;-199.704347960607
354.739190073385;-199.159940134823
354.76081219958;-198.53979141733
354.782434325776;-197.867187552873
354.804056451971;-197.170506771828
354.825678578166;-196.461780352981
354.847300704362;-195.747302693266
354.868922830557;-195.035026937828
354.890544956752;-194.327681554543
354.912167082948;-193.628496826573
354.933789209143;-192.937023006276
354.955411335338;-192.301986245343
354.977033461534;-191.753455970566
354.998655587729;-191.268360118722
355.020277713924;-190.830314080681
355.04189984012;-190.42940649136
355.063521966315;-190.058857308214
355.08514409251;-189.713970950968
355.106766218706;-189.392350617262
355.128388344901;-189.095380819034
355.150010471096;-188.820605543583
355.171632597292;-188.562300767841
355.193254723487;-188.316342762201
355.214876849682;-188.080972597966
355.236498975878;-187.858048100827
355.258121102073;-187.642446314606
355.279743228268;-187.425581444934
355.301365354464;-187.205699340942
355.322987480659;-186.988449685802
355.344609606854;-186.766774899798
355.36623173305;-186.528116407038
355.387853859245;-186.263564497967
355.40947598544;-185.974173082558
355.431098111636;-185.661632219869
355.452720237831;-185.326664302543
355.474342364026;-184.973940610764
355.495964490222;-184.614205176343
355.517586616417;-184.254127810219
355.539208742612;-183.902999270661
355.560830868808;-183.571498584797
355.582452995003;-183.262942014072
355.604075121198;-182.984004537129
355.625697247394;-182.726771456787
355.647319373589;-182.48614690085
355.668941499784;-182.261568275405
355.69056362598;-182.045743974548
355.712185752175;-181.82965327215
355.73380787837;-181.612856558847
355.755430004566;-181.395581822991
355.777052130761;-181.172523078355
355.798674256956;-180.931327883837
355.820296383152;-180.674356895789
355.841918509347;-180.415120307464
355.863540635542;-180.162828363805
355.885162761738;-179.931064168657
355.906784887933;-179.740399372277
355.928407014128;-179.598406392079
355.950029140324;-179.503470066277
355.971651266519;-179.45850508088
355.993273392714;-179.453494474957
356.01489551891;-179.474285026126
356.036517645105;-179.517506017982
356.0581397713;-179.583693336337
356.079761897496;-179.656099040057
356.101384023691;-179.706317100954
356.123006149887;-179.726687390447
356.144628276082;-179.713282538657
356.166250402277;-179.657939254482
356.187872528473;-179.554179026852
356.209494654668;-179.401718202495
356.231116780863;-179.200803806714
356.252738907059;-178.950735963093
356.274361033254;-178.655052508308
356.295983159449;-178.315497157318
356.317605285645;-177.923914394974
356.33922741184;-177.47675661684
356.360849538035;-176.993829152645
356.382471664231;-176.507034051655
356.404093790426;-176.041913010179
356.425715916621;-175.60207393394
356.447338042817;-175.172916826903
356.468960169012;-174.731618084185
356.490582295207;-174.279295340028
356.512204421403;-173.850835888416
356.533826547598;-173.455511005877
356.555448673793;-173.079114805833
356.577070799989;-172.71779982877
356.598692926184;-172.380814005804
356.620315052379;-172.067567869399
356.641937178575;-171.767363815113
356.66355930477;-171.470756930555
356.685181430965;-171.175649200821
356.706803557161;-170.886858087437
356.728425683356;-170.607596488509
356.750047809551;-170.328953533532
356.771669935747;-170.044220154503
356.793292061942;-169.757311440971
356.814914188137;-169.470684586405
356.836536314333;-169.186397481187
356.858158440528;-168.90399715402
356.879780566723;-168.620788821715
356.901402692919;-168.330012573911
356.923024819114;-168.027178049767
356.944646945309;-167.710857731546
356.966269071505;-167.384497787129
356.9878911977;-167.056587183907
357.009513323895;-166.728236505302
357.031135450091;-166.395592082989
357.052757576286;-166.051193842107
357.074379702481;-165.691957917714
357.096001828677;-165.324547435824
357.117623954872;-164.949758475452
357.139246081067;-164.55653387488
357.160868207263;-164.142414985496
357.182490333458;-163.721470417019
357.204112459653;-163.310789305845
357.225734585849;-162.921537577619
357.247356712044;-162.556036161592
357.268978838239;-162.210955836032
357.290600964435;-161.886931610116
357.31222309063;-161.609015828084
357.333845216825;-161.3830447349
357.355467343021;-161.199517512554
357.377089469216;-161.058139554613
357.398711595411;-160.948715327879
357.420333721607;-160.850773314558
357.441955847802;-160.756494170283
357.463577973997;-160.66791557162
357.485200100193;-160.585027054689
357.506822226388;-160.507883356954
357.528444352583;-160.438002057297
357.550066478779;-160.376339012186
357.571688604974;-160.316774309673
357.593310731169;-160.261094421394
357.614932857365;-160.206877939259
357.63655498356;-160.145950114531
357.658177109756;-160.073836208989
357.679799235951;-159.988043064269
357.701421362146;-159.88742029384
357.723043488341;-159.763711909512
357.744665614537;-159.608459220765
357.766287740732;-159.417553700216
357.787909866928;-159.188128050946
357.809531993123;-158.927831337948
357.831154119318;-158.649707275841
357.852776245514;-158.362831005909
357.874398371709;-158.072753915942
357.896020497904;-157.780694151886
357.9176426241;-157.485202492291
357.939264750295;-157.185362706608
357.96088687649;-156.879010222721
357.982509002686;-156.562085252653
358.004131128881;-156.226983154528
358.025753255076;-155.872197658842
358.047375381272;-155.510739727494
358.068997507467;-155.144839498793
358.090619633662;-154.770854650788
358.112241759858;-154.365538723424
358.133863886053;-153.901447966573
358.155486012248;-153.40420540956
358.177108138444;-152.922497545281
358.198730264639;-152.465968008552
358.220352390834;-152.009014690513
358.24197451703;-151.536035799146
358.263596643225;-151.06217671025
358.28521876942;-150.601360253923
358.306840895616;-150.16385632157
358.328463021811;-149.762996780449
358.350085148006;-149.386376477602
358.371707274202;-149.014111269139
358.393329400397;-148.653366697427
358.414951526592;-148.31699757098
358.436573652788;-148.018778259985
358.458195778983;-147.773118051752
358.479817905178;-147.5917847108
358.501440031374;-147.475585841639
358.523062157569;-147.420807319881
358.544684283764;-147.428306990691
358.56630640996;-147.494468324932
358.587928536155;-147.598846863518
358.60955066235;-147.726245351226
358.631172788546;-147.864379375182
358.652794914741;-147.999734163372
358.674417040936;-148.122642147138
358.696039167132;-148.204837771972
358.717661293327;-148.229957032781
358.739283419522;-148.185534449418
358.760905545718;-148.068272913291
358.782527671913;-147.88167995432
358.804149798108;-147.6294240058
358.825771924304;-147.316127621013
358.847394050499;-146.942693406614
358.869016176694;-146.504331234865
358.89063830289;-145.996281806235
358.912260429085;-145.436160386412
358.93388255528;-144.860903689086
358.955504681476;-144.282950563042
358.977126807671;-143.69413872346
358.998748933866;-143.094642454509
359.020371060062;-142.496058763094
359.041993186257;-141.898498183679
359.063615312452;-141.296895015016
359.085237438648;-140.69500913744
359.106859564843;-140.104698796875
359.128481691038;-139.537504135524
359.150103817234;-139.000785795687
359.171725943429;-138.497453415381
359.193348069625;-138.018008919027
359.21497019582;-137.556148115544
359.236592322015;-137.117561520565
359.25821444821;-136.702376724341
359.279836574406;-136.30255712767
359.301458700601;-135.915279174039
359.323080826797;-135.533820125901
359.344702952992;-135.140187219686
359.366325079187;-134.724491544374
359.387947205383;-134.276354762328
359.409569331578;-133.78786745123
359.431191457773;-133.264001274965
359.452813583969;-132.716099688274
359.474435710164;-132.132182721101
359.496057836359;-131.505197596309
359.517679962555;-130.846927645524
359.53930208875;-130.161974168509
359.560924214945;-129.438692698245
359.582546341141;-128.677532699603
359.604168467336;-127.916870573923
359.625790593531;-127.167666392959
359.647412719727;-126.420034811075
359.669034845922;-125.676285250396
359.690656972117;-124.934912937702
359.712279098313;-124.187821130383
359.733901224508;-123.454536562189
359.755523350703;-122.794401114199
359.777145476899;-122.255984123009
359.798767603094;-121.831021240008
359.820389729289;-121.490717188356
359.842011855485;-121.233358278025
359.86363398168;-121.06654994931
359.885256107875;-120.995931612002
359.906878234071;-121.022036690419
359.928500360266;-121.140950258868
359.950122486461;-121.342444447186
359.971744612657;-121.619930961551
359.993366738852;-121.962268657295
360.014988865047;-122.346971436933
360.036610991243;-122.752641009005
360.058233117438;-123.182809051701
360.079855243633;-123.654671843544
360.101477369829;-124.155314118455
360.123099496024;-124.640279510323
360.144721622219;-125.077471137185
360.166343748415;-125.457775196705
360.18796587461;-125.778202344481
360.209588000805;-126.036724118599
360.231210127001;-126.233984521426
360.252832253196;-126.369003955831
360.274454379391;-126.443144900963
360.296076505587;-126.461525437825
360.317698631782;-126.428678777473
360.339320757977;-126.343398486854
360.360942884173;-126.21524400654
360.382565010368;-126.067896066836
360.404187136563;-125.901426031417
360.425809262759;-125.71080641488
360.447431388954;-125.507605518599
360.469053515149;-125.303471747761
360.490675641345;-125.098105962129
360.51229776754;-124.883583614277
360.533919893735;-124.651316189514
360.555542019931;-124.405024809808
360.577164146126;-124.150045440847
360.598786272321;-123.886357450212
360.620408398517;-123.602690663403
360.642030524712;-123.293855013253
360.663652650907;-122.961948968781
360.685274777103;-122.603999313267
360.706896903298;-122.220981504044
360.728519029494;-121.817013997187
360.750141155689;-121.393875154033
360.771763281884;-120.952319234922
360.793385408079;-120.489756823139
360.815007534275;-120.014889255539
360.83662966047;-119.549633650208
360.858251786666;-119.101189292286
360.879873912861;-118.662011178794
360.901496039056;-118.232975256022
360.923118165252;-117.824875984711
360.944740291447;-117.443648179711
360.966362417642;-117.088689931142
360.987984543838;-116.756623474505
361.009606670033;-116.436293639174
361.031228796228;-116.116432099005
361.052850922424;-115.801447758989
361.074473048619;-115.499568642248
361.096095174814;-115.196848721946
361.11771730101;-114.873225633331
361.139339427205;-114.521489999989
361.1609615534;-114.141119971886
361.182583679596;-113.738346268705
361.204205805791;-113.316744844648
361.225827931986;-112.872442147784
361.247450058182;-112.396378850771
361.269072184377;-111.882395497892
361.290694310572;-111.337342868965
361.312316436768;-110.781133106945
361.333938562963;-110.23714800438
361.355560689158;-109.706454847229
361.377182815354;-109.178657543739
361.398804941549;-108.649059902919
361.420427067744;-108.127308572596
361.44204919394;-107.629371868572
361.463671320135;-107.157752178588
361.48529344633;-106.712270529997
361.506915572526;-106.290438178061
361.528537698721;-105.887126368373
361.550159824916;-105.504214704112
361.571781951112;-105.148157557009
361.593404077307;-104.805534300404
361.615026203502;-104.457453671268
361.636648329698;-104.091320100902
361.658270455893;-103.69579105147
361.679892582088;-103.276026804318
361.701514708284;-102.865553516293
361.723136834479;-102.477812711277
361.744758960674;-102.106826363843
361.76638108687;-101.742352130056
361.788003213065;-101.387216553228
361.80962533926;-101.044228831535
361.831247465456;-100.700486556223
361.852869591651;-100.354204853502
361.874491717846;-100.020750668119
361.896113844042;-99.7255503709829
361.917735970237;-99.4746111293556
361.939358096432;-99.2587705668319
361.960980222628;-99.0718042456837
361.982602348823;-98.9087379010167
362.004224475018;-98.7754227617968
362.025846601214;-98.6764468973529
362.047468727409;-98.6013092343193
362.069090853604;-98.5318139639173
362.0907129798;-98.4538218565953
362.112335105995;-98.3543564950044
362.13395723219;-98.2231740962125
362.155579358386;-98.0586860075327
362.177201484581;-97.8550992200495
362.198823610776;-97.6171355449924
362.220445736972;-97.341655170473
362.242067863167;-97.0445121608309
362.263689989362;-96.7394707981812
362.285312115558;-96.4307531100643
362.306934241753;-96.118157367942
362.328556367948;-95.808034677309
362.350178494144;-95.5022156038574
362.371800620339;-95.2069982786211
362.393422746535;-94.9465312593757
362.41504487273;-94.7382203152965
362.436666998925;-94.560886648998
362.458289125121;-94.3953966863941
362.479911251316;-94.2299115084902
362.501533377511;-94.0602863463062
362.523155503707;-93.8920035819389
362.544777629902;-93.7281774568821
362.566399756097;-93.5570355684915
362.588021882293;-93.3661297340404
362.609644008488;-93.1540603698817
362.631266134683;-92.9314419737791
362.652888260879;-92.7245937465157
362.674510387074;-92.5228946715696
362.696132513269;-92.3101446621605
362.717754639465;-92.0675192358323
362.73937676566;-91.8002339817698
362.760998891855;-91.5258234724729
362.782621018051;-91.233700941527
362.804243144246;-90.9078130265502
362.825865270441;-90.5436945067247
362.847487396637;-90.1342686818454
362.869109522832;-89.6642889597205
362.890731649027;-89.1300339257815
362.912353775223;-88.5528185712072
362.933975901418;-87.9505885496197
362.955598027613;-87.3288416885201
362.977220153809;-86.7009411636435
