Name;ESR_BC_1_Natural_gon_40dg_result

Recipe
Accumulations;5;Number of accumulations
RetryCount;0;Number of retries on error
AbortOnError;True;Abort on error
EnableQFactorMeasurement;False;Enable/Disable q-Factor measurement
Bfrom;313;B from
Bto;363;B to
SweepTime;60;Sweep time
Modulation;0.2;Modulation
ModulationFreq;100;Modulation
BHoldEnabled;False;B hold enabled
BHold;0;B hold
MicrowavePower;2;Microwave power
MarkerEnabled;False;
MarkerStartField;0;
MarkerEndField;0;
Mode;;
KineticGFact;0;
KineticTotalTransientTime;0;
KineticTimeResolution;0;
TempFrom;5;
TempUseSlope;False;
TempTo;5;
TempdT;1;
TempSetupTime;0;
GonFrom;0;
GonTo;180;
GonSteps;20;
XRayEnabled;False;
XRayTime;3;
XRayVoltage;40;
XRayCurrent;0.5;
UVEnabled;False;
UVIntensity;0;
UVTime;0;
UVLeadTime;0;
UVWavelength;0;
PowSweepFrom;1;
PowSweepTo;5;
PowSweepSteps;5;
AmpModSweepFrom;0;
AmpModSweepTo;1;
AmpModSweepSteps;10;
ExtTriggerEnabled;False;
ExtTrigLeadTime;0;
ExtTrigOnTime;5;

Meas
BField [mT];MW_Absorption []
313.012315063477;626.55233449037
313.033937129735;626.363540627013
313.055559195993;625.905289175906
313.077181262252;625.38591852048
313.09880332851;624.830170492274
313.120425394769;624.260521872334
313.142047461027;623.674668969988
313.163669527286;623.062714198767
313.185291593544;622.426924784124
313.206913659803;621.768667478349
313.228535726061;621.07421623582
313.25015779232;620.32499726689
313.271779858578;619.556872501763
313.293401924836;618.802671594142
313.315023991095;618.062442834292
313.336646057353;617.332591134558
313.358268123612;616.605783041452
313.37989018987;615.865561861362
313.401512256129;615.120094885364
313.423134322387;614.400328017419
313.444756388646;613.720024162518
313.466378454904;613.084111911747
313.488000521163;612.492940541076
313.509622587421;611.9366512623
313.531244653679;611.40209686217
313.552866719938;610.892771346587
313.574488786196;610.401114138184
313.596110852455;609.914763507388
313.617732918713;609.432254158744
313.639354984972;608.944221966297
313.66097705123;608.431308542216
313.682599117489;607.885645141656
313.704221183747;607.319669164663
313.725843250006;606.720040377829
313.747465316264;606.076303003586
313.769087382522;605.383948378422
313.790709448781;604.638597517691
313.812331515039;603.855096918499
313.833953581298;603.03507247021
313.855575647556;602.14273954191
313.877197713815;601.152147666496
313.898819780073;600.097510726549
313.920441846332;599.016619621756
313.94206391259;597.909409272624
313.963685978849;596.764125364347
313.985308045107;595.561607293038
314.006930111365;594.32728002036
314.028552177624;593.095316836168
314.050174243882;591.846905549619
314.071796310141;590.555421914902
314.093418376399;589.260017414551
314.115040442658;588.039123513516
314.136662508916;586.908935726701
314.158284575175;585.824187559087
314.179906641433;584.764269362422
314.201528707692;583.739274484521
314.22315077395;582.726737418066
314.244772840209;581.717048526055
314.266394906467;580.725473883228
314.288016972725;579.754836947202
314.309639038984;578.825693711914
314.331261105242;577.939420390081
314.352883171501;577.010545738707
314.374505237759;576.015269157963
314.396127304018;575.006900003434
314.417749370276;573.977279388491
314.439371436535;572.92704882416
314.460993502793;571.873961319547
314.482615569052;570.825576598463
314.50423763531;569.789926665615
314.525859701568;568.780035996048
314.547481767827;567.812754554401
314.569103834085;566.900204856231
314.590725900344;566.020412955277
314.612347966602;565.167289302583
314.633970032861;564.361944064415
314.655592099119;563.615266893088
314.677214165378;562.918539271606
314.698836231636;562.252790075976
314.720458297895;561.600173678104
314.742080364153;560.962934718248
314.763702430411;560.357672175211
314.78532449667;559.801704420753
314.806946562928;559.292173309418
314.828568629187;558.806269698848
314.850190695445;558.330245461162
314.871812761704;557.852006268797
314.893434827962;557.349533389975
314.915056894221;556.806685311693
314.936678960479;556.258470700178
314.958301026738;555.727904613856
314.979923092996;555.194284666897
315.001545159254;554.636157908557
315.023167225513;554.056611642906
315.044789291771;553.473881334064
315.06641135803;552.905712729172
315.088033424288;552.362030284368
315.109655490547;551.846233185492
315.131277556805;551.362737193277
315.152899623064;550.920183416825
315.174521689322;550.523491460293
315.196143755581;550.174920891517
315.217765821839;549.879370166082
315.239387888097;549.648202204436
315.261009954356;549.49175707037
315.282632020614;549.393714150129
315.304254086873;549.323939054887
315.325876153131;549.256377593501
315.34749821939;549.16912244628
315.369120285648;549.034284462823
315.390742351907;548.827353460563
315.412364418165;548.540186506128
315.433986484424;548.160953206671
315.455608550682;547.670600176775
315.47723061694;547.053260298425
315.498852683199;546.294757475008
315.520474749457;545.402662318275
315.542096815716;544.408577879453
315.563718881974;543.333083493564
315.585340948233;542.195837125582
315.606963014491;540.998289557803
315.62858508075;539.734245286294
315.650207147008;538.415482110251
315.671829213267;537.078096045575
315.693451279525;535.788859874064
315.715073345783;534.579761013701
315.736695412042;533.425230553371
315.7583174783;532.296616148579
315.779939544559;531.207703477558
315.801561610817;530.184689082559
315.823183677076;529.232574920948
315.844805743334;528.343690518649
315.866427809593;527.519902213941
315.888049875851;526.733953997161
315.90967194211;525.938581066272
315.931294008368;525.129759749015
315.952916074627;524.322202160948
315.974538140885;523.520626712722
315.996160207143;522.731679390962
316.017782273402;521.944013231724
316.03940433966;521.152566772095
316.061026405919;520.359911527548
316.082648472177;519.551809573267
316.104270538436;518.709094886138
316.125892604694;517.824587989696
316.147514670953;516.937699482399
316.169136737211;516.091682325026
316.19075880347;515.30059412401
316.212380869728;514.563065059503
316.234002935986;513.865977704061
316.255625002245;513.188695239372
316.277247068503;512.515739734604
316.298869134762;511.864303761673
316.32049120102;511.261122001546
316.342113267279;510.695736254906
316.363735333537;510.147163733389
316.385357399796;509.612412440558
316.406979466054;509.101458689388
316.428601532313;508.616717369703
316.450223598571;508.150351163204
316.471845664829;507.703120510729
316.493467731088;507.278745193715
316.515089797346;506.865915690718
316.536711863605;506.437105204585
316.558333929863;505.971913859852
316.579955996122;505.484021483498
316.60157806238;504.98041415146
316.623200128639;504.45611442555
316.644822194897;503.90243568922
316.666444261156;503.310486731458
316.688066327414;502.697108258272
316.709688393672;502.089415637083
316.731310459931;501.482375769004
316.752932526189;500.848029789712
316.774554592448;500.169044559908
316.796176658706;499.446066165546
316.817798724965;498.706572416674
316.839420791223;497.999674181014
316.861042857482;497.348804050367
316.88266492374;496.741397718973
316.904286989999;496.17023691329
316.925909056257;495.624697158061
316.947531122515;495.089730601797
316.969153188774;494.570856329942
316.990775255032;494.082744219437
317.012397321291;493.610966796993
317.034019387549;493.11198054965
317.055641453808;492.538075840209
317.077263520066;491.866005987398
317.098885586325;491.149505791706
317.120507652583;490.449989048866
317.142129718842;489.750108157527
317.1637517851;489.022308648496
317.185373851358;488.261473195453
317.206995917617;487.463892348681
317.228617983875;486.649083890359
317.250240050134;485.866299702909
317.271862116392;485.121064847089
317.293484182651;484.388015317768
317.315106248909;483.677202333361
317.336728315168;483.033757970645
317.358350381426;482.472014458505
317.379972447685;481.972250072187
317.401594513943;481.51286578643
317.423216580201;481.089863039111
317.44483864646;480.706603819749
317.466460712718;480.360109274195
317.488082778977;480.040494441259
317.509704845235;479.732934495073
317.531326911494;479.419852598308
317.552948977752;479.089426398438
317.574571044011;478.736212212151
317.596193110269;478.350327747703
317.617815176528;477.916353250443
317.639437242786;477.427146239856
317.661059309045;476.884534284847
317.682681375303;476.284783430763
317.704303441561;475.6234358541
317.72592550782;474.902965688765
317.747547574078;474.131579268011
317.769169640337;473.325190782843
317.790791706595;472.447602990972
317.812413772854;471.468832812436
317.834035839112;470.427501273272
317.855657905371;469.365455299724
317.877279971629;468.27488476211
317.898902037888;467.121414158351
317.920524104146;465.94892692304
317.942146170404;464.840202897721
317.963768236663;463.810661736469
317.985390302921;462.814680617048
318.00701236918;461.83572763603
318.028634435438;460.88400478335
318.050256501697;459.945102835559
318.071878567955;459.00257627022
318.093500634214;458.057130829803
318.115122700472;457.127390879527
318.136744766731;456.22079198965
318.158366832989;455.334872786664
318.179988899247;454.461752316632
318.201610965506;453.591488415508
318.223233031764;452.709041994627
318.244855098023;451.81743318304
318.266477164281;450.931859057389
318.28809923054;450.079074125159
318.309721296798;449.298233038591
318.331343363057;448.611566501876
318.352965429315;448.007206760844
318.374587495574;447.460161910376
318.396209561832;446.949967420599
318.41783162809;446.463945200292
318.439453694349;445.987845395996
318.461075760607;445.519899950075
318.482697826866;445.06560958163
318.504319893124;444.615719516013
318.525941959383;444.159363867147
318.547564025641;443.697490772685
318.5691860919;443.225981496693
318.590808158158;442.740066150928
318.612430224417;442.238450986374
318.634052290675;441.714503441195
318.655674356933;441.160417348441
318.677296423192;440.593929564875
318.69891848945;440.058690314143
318.720540555709;439.569530124525
318.742162621967;439.127452181541
318.763784688226;438.724149856721
318.785406754484;438.349867136918
318.807028820743;438.015961980091
318.828650887001;437.742159002304
318.85027295326;437.530763306535
318.871895019518;437.376810143212
318.893517085776;437.26467731356
318.915139152035;437.187184141622
318.936761218293;437.137869907444
318.958383284552;437.102804818213
318.98000535081;437.062833768805
319.001627417069;436.99667750244
319.023249483327;436.879638328385
319.044871549586;436.685509716218
319.066493615844;436.39148557877
319.088115682103;436.019249371245
319.109737748361;435.601972927945
319.131359814619;435.136096422206
319.152981880878;434.609321137966
319.174603947136;434.031785487019
319.196226013395;433.422806242396
319.217848079653;432.791751442113
319.239470145912;432.14787255223
319.26109221217;431.509388373104
319.282714278429;430.917643777697
319.304336344687;430.380606915838
319.325958410946;429.884225392111
319.347580477204;429.431635513844
319.369202543463;429.046363583849
319.390824609721;428.740645225327
319.412446675979;428.498743272086
319.434068742238;428.30290542681
319.455690808496;428.143120090972
319.477312874755;428.00574464863
319.498934941013;427.874760318193
319.520557007272;427.734338566393
319.54217907353;427.569173530742
319.563801139789;427.360647289934
319.585423206047;427.092796427612
319.607045272306;426.763659726265
319.628667338564;426.392097259309
319.650289404822;425.988847049766
319.671911471081;425.561537791795
319.693533537339;425.11411690267
319.715155603598;424.640561266677
319.736777669856;424.145182942871
319.758399736115;423.647590926336
319.780021802373;423.160063188193
319.801643868632;422.688618377357
319.82326593489;422.235221007802
319.844888001149;421.79065875411
319.866510067407;421.351247368024
319.888132133665;420.947144493627
319.909754199924;420.5915593034
319.931376266182;420.276111015923
319.952998332441;420.004539152721
319.974620398699;419.788794233348
319.996242464958;419.622391612301
320.017864531216;419.497884548477
320.039486597475;419.421368370576
320.061108663733;419.405414826639
320.082730729992;419.446542777615
320.10435279625;419.532458767469
320.125974862508;419.661912888477
320.147596928767;419.840638530849
320.169218995025;420.064682118327
320.190841061284;420.305779443958
320.212463127542;420.54290389325
320.234085193801;420.777197772985
320.255707260059;421.00503861333
320.277329326318;421.201342599642
320.298951392576;421.336963802989
320.320573458835;421.393532291124
320.342195525093;421.353513816444
320.363817591351;421.209677937569
320.38543965761;420.950162851904
320.407061723868;420.534423413463
320.428683790127;419.891564540771
320.450305856385;419.02547706377
320.471927922644;417.984826835701
320.493549988902;416.781182758305
320.515172055161;415.387826791785
320.536794121419;413.782498503549
320.558416187678;412.025333782505
320.580038253936;410.186006882633
320.601660320194;408.28367043549
320.623282386453;406.296361583712
320.644904452711;404.217578175534
320.66652651897;402.143904893517
320.688148585228;400.198226545982
320.709770651487;398.397098945223
320.731392717745;396.698778634511
320.753014784004;395.06914675286
320.774636850262;393.527171009238
320.796258916521;392.093357057837
320.817880982779;390.75012817399
320.839503049037;389.487509615915
320.861125115296;388.293029803781
320.882747181554;387.12248248681
320.904369247813;385.954227868393
320.925991314071;384.841581504696
320.94761338033;383.79131374198
320.969235446588;382.742977512888
320.990857512847;381.672902941888
321.012479579105;380.590097563545
321.034101645364;379.47915676088
321.055723711622;378.320048001893
321.077345777881;377.107559541221
321.098967844139;375.845451438235
321.120589910397;374.531681284481
321.142211976656;373.143709657412
321.163834042914;371.661506478484
321.185456109173;370.110459399167
321.207078175431;368.578599777493
321.22870024169;367.133665507428
321.250322307948;365.767184536466
321.271944374207;364.457736424718
321.293566440465;363.220027984249
321.315188506724;362.069168398128
321.336810572982;361.023470103925
321.35843263924;360.103624897275
321.380054705499;359.335839561978
321.401676771757;358.745081134333
321.423298838016;358.344860153218
321.444920904274;358.12759453361
321.466542970533;358.070265732218
321.488165036791;358.145224949724
321.50978710305;358.327898761841
321.531409169308;358.598232184636
321.553031235567;358.929465808515
321.574653301825;359.300510451493
321.596275368083;359.687772640051
321.617897434342;360.063598836826
321.6395195006;360.382554017089
321.661141566859;360.620899043926
321.682763633117;360.765479409277
321.704385699376;360.81228741387
321.726007765634;360.74216430856
321.747629831893;360.559810924892
321.769251898151;360.294310266403
321.79087396441;359.958854277696
321.812496030668;359.543369340861
321.834118096926;359.040062580696
321.855740163185;358.454615081761
321.877362229443;357.801632115096
321.898984295702;357.106789923769
321.92060636196;356.390308215716
321.942228428219;355.643463143675
321.963850494477;354.851537493913
321.985472560736;354.019871050709
322.007094626994;353.180580104488
322.028716693253;352.351270298118
322.050338759511;351.51399965025
322.071960825769;350.648845471136
322.093582892028;349.753066913333
322.115204958286;348.856839300406
322.136827024545;348.001217187058
322.158449090803;347.193169549378
322.180071157062;346.443763185989
322.20169322332;345.765789077246
322.223315289579;345.159520047482
322.244937355837;344.629880123266
322.266559422096;344.171757331152
322.288181488354;343.802294731562
322.309803554612;343.525199131733
322.331425620871;343.31012560512
322.353047687129;343.125832520971
322.374669753388;342.970969993637
322.396291819646;342.830730352596
322.417913885905;342.671507408498
322.439535952163;342.468403900118
322.461158018422;342.207444915672
322.48278008468;341.879997990379
322.504402150939;341.48799754508
322.526024217197;341.031495606542
322.547646283455;340.504369899938
322.569268349714;339.91132620726
322.590890415972;339.256617737423
322.612512482231;338.528702663083
322.634134548489;337.717918566048
322.655756614748;336.847119399077
322.677378681006;335.915864458829
322.699000747265;334.944848270626
322.720622813523;333.965965219953
322.742244879782;332.984776152974
322.76386694604;332.004149698001
322.785489012299;331.041358023313
322.807111078557;330.110481030652
322.828733144815;329.188693889925
322.850355211074;328.245178157361
322.871977277332;327.26886952815
322.893599343591;326.300593598762
322.915221409849;325.392627506135
322.936843476108;324.557163066277
322.958465542366;323.795486203255
322.980087608625;323.103920018308
323.001709674883;322.469190348098
323.023331741142;321.879891557942
323.0449538074;321.333517811814
323.066575873658;320.827573791492
323.088197939917;320.36620967924
323.109820006175;319.948208227839
323.131442072434;319.555493740083
323.153064138692;319.164471678826
323.174686204951;318.775959543279
323.196308271209;318.396351113414
323.217930337468;318.004214468238
323.239552403726;317.59420093023
323.261174469985;317.16960417324
323.282796536243;316.735825119633
323.304418602501;316.288212009602
323.32604066876;315.808192533909
323.347662735018;315.278013777659
323.369284801277;314.695118751775
323.390906867535;314.081771929913
323.412528933794;313.437894964131
323.434151000052;312.752988021899
323.455773066311;312.023290711783
323.477395132569;311.242283990145
323.499017198828;310.43168689818
323.520639265086;309.619325309132
323.542261331344;308.812684230163
323.563883397603;308.005371485563
323.585505463861;307.232809550987
323.60712753012;306.507409606165
323.628749596378;305.809114246273
323.650371662637;305.156567155995
323.671993728895;304.56655473299
323.693615795154;304.039750591863
323.715237861412;303.571018592836
323.736859927671;303.156619984949
323.758481993929;302.785051398446
323.780104060187;302.441298323161
323.801726126446;302.12017573903
323.823348192704;301.830917816915
323.844970258963;301.554564177005
323.866592325221;301.261956804648
323.88821439148;300.9515569372
323.909836457738;300.623574854875
323.931458523997;300.26800099044
323.953080590255;299.875344885463
323.974702656514;299.441161015863
323.996324722772;298.965308328622
324.01794678903;298.455358563005
324.039568855289;297.911028016019
324.061190921547;297.330163771782
324.082812987806;296.711800761404
324.104435054064;296.057380308739
324.126057120323;295.38616170757
324.147679186581;294.698213387018
324.16930125284;293.965990187462
324.190923319098;293.164834685104
324.212545385357;292.310902881009
324.234167451615;291.44907166646
324.255789517874;290.560247857627
324.277411584132;289.614614203509
324.29903365039;288.632754401582
324.320655716649;287.650744103789
324.342277782907;286.663853387245
324.363899849166;285.639165163152
324.385521915424;284.561084968557
324.407143981683;283.441348953516
324.428766047941;282.286918670979
324.4503881142;281.072031937842
324.472010180458;279.775978235024
324.493632246717;278.43158393674
324.515254312975;277.111945891588
324.536876379233;275.797648121705
324.558498445492;274.478640145328
324.58012051175;273.179754970219
324.601742578009;271.884134289735
324.623364644267;270.545503991397
324.644986710526;269.136787706408
324.666608776784;267.698819922515
324.688230843043;266.304351812371
324.709852909301;264.968238994374
324.731474975559;263.681372441465
324.753097041818;262.419872817623
324.774719108076;261.132204438502
324.796341174335;259.767496761588
324.817963240593;258.314980903428
324.839585306852;256.843277994171
324.86120737311;255.426202805704
324.882829439369;254.083180084816
324.904451505627;252.792744641093
324.926073571886;251.515105112252
324.947695638144;250.240894213208
324.969317704403;248.990679578335
324.990939770661;247.779680922645
325.012561836919;246.622132472228
325.034183903178;245.512034355403
325.055805969436;244.422012250704
325.077428035695;243.335420307642
325.099050101953;242.233634255576
325.120672168212;241.109713282641
325.14229423447;239.937085608386
325.163916300729;238.710324694177
325.185538366987;237.447429189398
325.207160433246;236.161713775034
325.228782499504;234.898684251107
325.250404565762;233.660446359068
325.272026632021;232.410749431589
325.293648698279;231.133772487846
325.315270764538;229.850601518186
325.336892830796;228.605623565123
325.358514897055;227.442849784127
325.380136963313;226.354220907744
325.401759029572;225.303706240128
325.42338109583;224.30970171113
325.445003162089;223.408911044875
325.466625228347;222.640074954242
325.488247294605;221.987992054968
325.509869360864;221.413697413899
325.531491427122;220.90678426102
325.553113493381;220.464791651504
325.574735559639;220.072375595082
325.596357625898;219.711141185688
325.617979692156;219.358814163392
325.639601758415;218.996159585404
325.661223824673;218.596860829065
325.682845890932;218.138272404655
325.70446795719;217.604817764353
325.726090023448;216.980962690149
325.747712089707;216.255304537055
325.769334155965;215.426814328787
325.790956222224;214.504809544055
325.812578288482;213.51881407649
325.834200354741;212.490213374399
325.855822420999;211.421214215626
325.877444487258;210.302677236919
325.899066553516;209.148166829164
325.920688619775;208.00543545235
325.942310686033;206.896324254532
325.963932752292;205.796111433976
325.98555481855;204.679257838619
326.007176884808;203.563110727039
326.028798951067;202.492454760188
326.050421017325;201.462061407174
326.072043083584;200.458569701454
326.093665149842;199.459165200939
326.115287216101;198.446358245199
326.136909282359;197.417116301609
326.158531348618;196.395654718469
326.180153414876;195.380922171642
326.201775481134;194.348809738238
326.223397547393;193.299386775735
326.245019613651;192.246289694514
326.26664167991;191.194666701429
326.288263746168;190.109884473966
326.309885812427;188.952878127816
326.331507878685;187.771219768687
326.353129944944;186.603827953381
326.374752011202;185.443344047652
326.396374077461;184.318561902765
326.417996143719;183.240939441254
326.439618209977;182.178998341709
326.461240276236;181.103423254658
326.482862342494;180.015164292396
326.504484408753;178.944355688755
326.526106475011;177.924492658726
326.54772854127;176.941365808327
326.569350607528;175.967356073891
326.590972673787;175.009136857596
326.612594740045;174.090178921459
326.634216806304;173.182286384961
326.655838872562;172.224813810209
326.677460938821;171.219986189497
326.699083005079;170.208791680874
326.720705071337;169.216175204483
326.742327137596;168.228659687064
326.763949203854;167.221777188486
326.785571270113;166.185289924945
326.807193336371;165.112409230456
326.82881540263;163.985672168494
326.850437468888;162.790780929541
326.872059535147;161.54728791395
326.893681601405;160.289977790508
326.915303667664;159.011563747985
326.936925733922;157.671742835741
326.95854780018;156.237085485616
326.980169866439;154.690303541786
327.001791932697;153.077150602689
327.023413998956;151.463174736649
327.045036065214;149.837381812369
327.066658131473;148.183006785243
327.088280197731;146.527301358719
327.10990226399;144.878871811294
327.131524330248;143.222094549857
327.153146396507;141.535028385409
327.174768462765;139.798080127721
327.196390529023;138.01075580598
327.218012595282;136.240366554182
327.23963466154;134.571505539443
327.261256727799;133.021949984966
327.282878794057;131.557113702427
327.304500860316;130.133416591637
327.326122926574;128.732517356327
327.347744992833;127.381104930604
327.369367059091;126.11492223383
327.39098912535;124.949240576954
327.412611191608;123.879526902069
327.434233257866;122.906651818945
327.455855324125;122.01333367956
327.477477390383;121.16249446243
327.499099456642;120.331738128635
327.5207215229;119.540190912997
327.542343589159;118.802278361504
327.563965655417;118.113172660469
327.585587721676;117.460950095339
327.607209787934;116.833173092291
327.628831854193;116.214930316245
327.650453920451;115.599228663069
327.67207598671;114.991968613411
327.693698052968;114.398447175238
327.715320119226;113.826749855572
327.736942185485;113.280945061884
327.758564251743;112.747115677835
327.780186318002;112.203341711044
327.80180838426;111.64066157472
327.823430450519;111.06847126181
327.845052516777;110.486852254694
327.866674583036;109.880001085151
327.888296649294;109.239924192259
327.909918715552;108.570166804898
327.931540781811;107.875237664445
327.953162848069;107.154895195659
327.974784914328;106.401386559929
327.996406980586;105.611996022407
328.018029046845;104.79797994257
328.039651113103;103.978002685513
328.061273179362;103.165944090196
328.08289524562;102.360581312494
328.104517311879;101.554082418642
328.126139378137;100.75422945022
328.147761444395;99.9663722686469
328.169383510654;99.1991802459042
328.191005576912;98.4701450391286
328.212627643171;97.7816286152565
328.234249709429;97.1157208978354
328.255871775688;96.440022108279
328.277493841946;95.7211746379445
328.299115908205;94.9833785425288
328.320737974463;94.2778523157634
328.342360040722;93.6205964173945
328.36398210698;93.0045288159793
328.385604173239;92.4195545978262
328.407226239497;91.8613591601277
328.428848305755;91.3319201742706
328.450470372014;90.8390184235668
328.472092438272;90.3968018358038
328.493714504531;90.0117270352578
328.515336570789;89.6795825366545
328.536958637048;89.3962989920025
328.558580703306;89.1604007170898
328.580202769565;88.9687284492662
328.601824835823;88.8214520284644
328.623446902082;88.7135957628519
328.64506896834;88.6254711831689
328.666691034598;88.5343674645335
328.688313100857;88.4220955828392
328.709935167115;88.2708079632276
328.731557233374;88.0684205950687
328.753179299632;87.8035251859433
328.774801365891;87.4516439998756
328.796423432149;86.9817230601694
328.818045498408;86.3749248021001
328.839667564666;85.6342201873314
328.861289630925;84.7714590470104
328.882911697183;83.7644279679561
328.904533763441;82.6114315593576
328.9261558297;81.3701062566685
328.947777895958;80.0781614621142
328.969399962217;78.7359598659825
328.991022028475;77.3554497796247
329.012644094734;75.9552063957183
329.034266160992;74.5687906255218
329.055888227251;73.221849446125
329.077510293509;71.9523219561141
329.099132359768;70.7591714630421
329.120754426026;69.6444593922207
329.142376492284;68.6429388582976
329.163998558543;67.7622652966669
329.185620624801;66.9897476691326
329.20724269106;66.3189296401843
329.228864757318;65.7490430623191
329.250486823577;65.2738177973322
329.272108889835;64.8873402873176
329.293730956094;64.5921492972548
329.315353022352;64.3910213831003
329.336975088611;64.2785320134161
329.358597154869;64.2500954028243
329.380219221127;64.2952227298276
329.401841287386;64.3972987496137
329.423463353644;64.5513628329416
329.445085419903;64.751054715503
329.466707486161;64.9701112891671
329.48832955242;65.1731872390745
329.509951618678;65.324831304884
329.531573684937;65.3909618110137
329.553195751195;65.3501963908113
329.574817817454;65.1838790123378
329.596439883712;64.866593621162
329.61806194997;64.392788219535
329.639684016229;63.7804937064217
329.661306082487;63.0416601632159
329.682928148746;62.1888996407206
329.704550215004;61.2337433821616
329.726172281263;60.1767985995175
329.747794347521;58.9745131846594
329.76941641378;57.6725684902574
329.791038480038;56.415837598504
329.812660546297;55.205868052215
329.834282612555;54.0021178395311
329.855904678813;52.8154268203007
329.877526745072;51.690283189498
329.89914881133;50.6290939205378
329.920770877589;49.6096037583835
329.942392943847;48.6184499109423
329.964015010106;47.6572464379252
329.985637076364;46.7299490616089
330.007259142623;45.8300336449714
330.028881208881;44.9505508342852
330.05050327514;44.0878860448142
330.072125341398;43.2293598074028
330.093747407657;42.3579759046329
330.115369473915;41.4812213438229
330.136991540173;40.6174543118839
330.158613606432;39.7779165187803
330.18023567269;38.9777496263365
330.201857738949;38.2293112724101
330.223479805207;37.5384935740517
330.245101871466;36.9138399367737
330.266723937724;36.360559953333
330.288346003983;35.8708000353395
330.309968070241;35.4328034440917
330.3315901365;35.0360850502785
330.353212202758;34.6765251575912
330.374834269016;34.3474057392864
330.396456335275;34.0317041393672
330.418078401533;33.7137011086277
330.439700467792;33.3782964893157
330.46132253405;33.0053338992883
330.482944600309;32.583802163402
330.504566666567;32.1103973570956
330.526188732826;31.5852817004753
330.547810799084;31.0138607657748
330.569432865343;30.422893211655
330.591054931601;29.8328018239882
330.612676997859;29.2373336789511
330.634299064118;28.6388768830826
330.655921130376;28.0951306899906
330.677543196635;27.6511830401687
330.699165262893;27.3002203004672
330.720787329152;27.0340275281393
330.74240939541;26.8503800347841
330.764031461669;26.7748813535732
330.785653527927;26.8292751477395
330.807275594186;26.9912337771131
330.828897660444;27.2286204836988
330.850519726702;27.5030715941371
330.872141792961;27.7830347252849
330.893763859219;28.0419559893727
330.915385925478;28.2465386699899
330.937007991736;28.3389948556961
330.958630057995;28.2571632531287
330.980252124253;27.9496345807082
331.001874190512;27.3645147603512
331.02349625677;26.468339313485
331.045118323029;25.2530332518016
331.066740389287;23.709698095504
331.088362455545;21.8096539493409
331.109984521804;19.5372382614898
331.131606588062;16.9787596915962
331.153228654321;14.3059731647855
331.174850720579;11.6306676606183
331.196472786838;8.98595705096136
331.218094853096;6.39077455956226
331.239716919355;3.88152189048185
331.261338985613;1.52906821573367
331.282961051872;-0.571933452789949
331.30458311813;-2.37950968729115
331.326205184388;-3.87367417878022
331.347827250647;-5.03888947255427
331.369449316905;-5.93053420359934
331.391071383164;-6.61831608728971
331.412693449422;-7.1621193117461
331.434315515681;-7.61146158052486
331.455937581939;-7.994362873265
331.477559648198;-8.3340338536666
331.499181714456;-8.66562871712836
331.520803780715;-9.02083155618925
331.542425846973;-9.4233543614107
331.564047913231;-9.87709662542989
331.58566997949;-10.3734184260267
331.607292045748;-10.9093354130673
331.628914112007;-11.5029462388583
331.650536178265;-12.1764117919585
331.672158244524;-12.9141177443414
331.693780310782;-13.6736025681251
331.715402377041;-14.4559117952233
331.737024443299;-15.2857712510349
331.758646509558;-16.1394265918976
331.780268575816;-16.9840308570184
331.801890642075;-17.8345872477786
331.823512708333;-18.6909065762985
331.845134774591;-19.5273598257882
331.86675684085;-20.3192604234353
331.888378907108;-21.0582691756042
331.910000973367;-21.7487359114023
331.931623039625;-22.3893489140012
331.953245105884;-22.9697757574783
331.974867172142;-23.473843888044
331.996489238401;-23.8997528209164
332.018111304659;-24.248999689426
332.039733370918;-24.5301834201463
332.061355437176;-24.7571274221438
332.082977503434;-24.9429884276134
332.104599569693;-25.0886097796925
332.126221635951;-25.1801497088645
332.14784370221;-25.2109976543593
332.169465768468;-25.1813426834107
332.191087834727;-25.0863830421448
332.212709900985;-24.9168673502274
332.234331967244;-24.6621697992133
332.255954033502;-24.3245779582644
332.277576099761;-23.8928956141546
332.299198166019;-23.3500732914972
332.320820232277;-22.6834119044585
332.342442298536;-21.8811190860602
332.364064364794;-20.9614677749829
332.385686431053;-20.0043354631342
332.407308497311;-19.0400345754682
332.42893056357;-18.0415463189744
332.450552629828;-16.9792996991736
332.472174696087;-15.8739809995068
332.493796762345;-14.802015978701
332.515418828604;-13.8192911774844
332.537040894862;-12.9334812379403
332.55866296112;-12.1336665258095
332.580285027379;-11.4175067760484
332.601907093637;-10.8144465917084
332.623529159896;-10.3190299372807
332.645151226154;-9.93595417819427
332.666773292413;-9.69628544694808
332.688395358671;-9.57362967653341
332.71001742493;-9.52679074350704
332.731639491188;-9.53357463732186
332.753261557447;-9.58217217640504
332.774883623705;-9.6468296179545
332.796505689963;-9.68464066603417
332.818127756222;-9.63726328496398
332.83974982248;-9.45868773574352
332.861371888739;-9.10866692193986
332.882993954997;-8.53281724310978
332.904616021256;-7.68452077823429
332.926238087514;-6.51384882587354
332.947860153773;-5.01685988718793
332.969482220031;-3.26142309982856
332.99110428629;-1.33323885735695
333.012726352548;0.735204161573165
333.034348418806;2.94889576120443
333.055970485065;5.2182903569834
333.077592551323;7.30877903679846
333.099214617582;8.96057486765574
333.12083668384;10.0500326982877
333.142458750099;10.485528041738
333.164080816357;10.1121206642397
333.185702882616;8.81290235710901
333.207324948874;6.51362723742568
333.228947015133;3.22696706989586
333.250569081391;-0.907688070230734
333.272191147649;-5.86962329072617
333.293813213908;-11.6048267640247
333.315435280166;-17.7875950194616
333.337057346425;-24.119781530842
333.358679412683;-30.4603877751798
333.380301478942;-36.4857461953221
333.4019235452;-41.9707565576264
333.423545611459;-46.7924618717684
333.445167677717;-50.7022091372713
333.466789743976;-53.6793087693078
333.488411810234;-55.7649026857036
333.510033876493;-57.0557135471961
333.531655942751;-57.4953443766765
333.553278009009;-57.1401551229385
333.574900075268;-55.9550756930803
333.596522141526;-54.035347361935
333.618144207785;-51.6713534941521
333.639766274043;-49.0106954497167
333.661388340302;-46.0809988583552
333.68301040656;-42.864382616831
333.704632472819;-39.3937865180116
333.726254539077;-35.8235376444021
333.747876605336;-32.2832343859252
333.769498671594;-28.7322009676298
333.791120737852;-25.0390796280703
333.812742804111;-21.2417146538735
333.834364870369;-17.343442506569
333.855986936628;-13.3945385429128
333.877609002886;-9.49410654198743
333.899231069145;-5.63693358689
333.920853135403;-1.86627762386343
333.942475201662;1.77324227354768
333.96409726792;5.2610050610009
333.985719334179;8.60097267334982
334.007341400437;11.8577020385911
334.028963466695;15.0976207251405
334.050585532954;18.3395385298691
334.072207599212;21.5522470617381
334.093829665471;24.7035509636845
334.115451731729;27.8160939426069
334.137073797988;30.8589239746005
334.158695864246;33.8395091444685
334.180317930505;36.8006273862635
334.201939996763;39.8130138403318
334.223562063022;42.911813177913
334.24518412928;45.9832054069051
334.266806195538;48.9505144061797
334.288428261797;51.9224944694904
334.310050328055;54.9333287319379
334.331672394314;57.9250889990381
334.353294460572;60.7586387430683
334.374916526831;63.443729981764
334.396538593089;66.0837809793746
334.418160659348;68.8091540575588
334.439782725606;71.6835176686805
334.461404791865;74.7543762819747
334.483026858123;78.1085893857667
334.504648924381;81.6615775348689
334.52627099064;85.4127256910829
334.547893056898;89.5396045013466
334.569515123157;94.1863904998903
334.591137189415;99.3024169897036
334.612759255674;104.852936578488
334.634381321932;110.93438946559
334.656003388191;117.680488188528
334.677625454449;125.377155291102
334.699247520708;134.359729377809
334.720869586966;144.795948188048
334.742491653224;156.805207198084
334.764113719483;170.168901092724
334.785735785741;184.73774977209
334.807357852;200.322119094437
334.828979918258;216.574208109943
334.850601984517;233.803989016131
334.872224050775;252.707265231469
334.893846117034;273.426918110003
334.915468183292;295.802151007707
334.937090249551;320.0324679072
334.958712315809;345.718178461322
334.980334382068;372.471378726439
335.001956448326;400.682585844995
335.023578514584;431.240420456517
335.045200580843;465.279417456946
335.066822647101;503.144504905264
335.08844471336;542.935233893798
335.110066779618;584.021144127523
335.131688845877;628.976562386717
335.153310912135;680.31438039955
335.174932978394;737.218308598794
335.196555044652;799.628040738724
335.218177110911;869.428851413936
335.239799177169;948.984823296614
335.261421243427;1037.19840387212
335.283043309686;1130.72609650343
335.304665375944;1228.81200445234
335.326287442203;1330.63686927471
335.347909508461;1433.958273824
335.36953157472;1536.59273733021
335.391153640978;1637.66034101342
335.412775707237;1733.83900775134
335.434397773495;1820.19804417561
335.456019839754;1892.82084109824
335.477641906012;1948.80882610012
335.49926397227;1985.43115044559
335.520886038529;2001.83085712417
335.542508104787;1996.33179498907
335.564130171046;1963.0196838754
335.585752237304;1897.40748366062
335.607374303563;1799.94668300548
335.628996369821;1675.80665807835
335.65061843608;1528.45444841257
335.672240502338;1358.23905997142
335.693862568597;1166.49449383782
335.715484634855;957.863632396074
335.737106701113;738.285289700036
335.758728767372;515.060605762907
335.78035083363;289.804205826707
335.801972899889;54.3616727768613
335.823594966147;-184.964117020151
335.845217032406;-405.88990470375
335.866839098664;-604.131660449033
335.888461164923;-784.770114740894
335.910083231181;-949.944154873833
335.93170529744;-1099.40344696225
335.953327363698;-1232.54017449648
335.974949429956;-1349.11729170151
335.996571496215;-1448.29663321741
336.018193562473;-1531.57831036578
336.039815628732;-1599.98867376095
336.06143769499;-1654.60465379798
336.083059761249;-1698.2950455019
336.104681827507;-1731.71383354808
336.126303893766;-1754.21577695572
336.147925960024;-1767.88625513555
336.169548026283;-1774.82833980301
336.191170092541;-1776.33618431597
336.212792158799;-1773.45984225462
336.234414225058;-1767.07554260041
336.256036291316;-1758.19023733546
336.277658357575;-1747.5277212362
336.299280423833;-1735.09541209733
336.320902490092;-1720.68398929918
336.34252455635;-1703.82230908959
336.364146622609;-1683.61477537252
336.385768688867;-1659.11873624109
336.407390755126;-1630.88261190433
336.429012821384;-1600.26949975345
336.450634887642;-1567.3714089189
336.472256953901;-1531.3859385523
336.493879020159;-1491.48491835876
336.515501086418;-1447.23948545634
336.537123152676;-1398.39409979567
336.558745218935;-1344.96199287592
336.580367285193;-1288.4263454759
336.601989351452;-1229.98477961244
336.62361141771;-1169.42011054422
336.645233483969;-1107.15458794745
336.666855550227;-1044.59400850363
336.688477616486;-982.397167307699
336.710099682744;-921.40729715115
336.731721749002;-862.490794300217
336.753343815261;-805.613309503596
336.774965881519;-750.993004844869
336.796587947778;-699.254494878965
336.818210014036;-651.152569425379
336.839832080295;-607.848201970987
336.861454146553;-569.745667238858
336.883076212812;-535.383338209219
336.90469827907;-503.481485068274
336.926320345329;-473.372864380306
336.947942411587;-445.446530711554
336.969564477845;-420.679597977629
336.991186544104;-399.382919728377
337.012808610362;-381.009839831363
337.034430676621;-364.842853737555
337.056052742879;-350.498030032022
337.077674809138;-337.598386717162
337.099296875396;-325.675664768536
337.120918941655;-314.598273358584
337.142541007913;-304.478785052243
337.164163074171;-295.42720409377
337.18578514043;-287.422926765042
337.207407206688;-280.059585847693
337.229029272947;-272.941545588154
337.250651339205;-265.887377985954
337.272273405464;-258.916031420547
337.293895471722;-252.103050109682
337.315517537981;-245.35758678507
337.337139604239;-238.57751290796
337.358761670498;-231.945303015714
337.380383736756;-225.828437562285
337.402005803015;-220.36133709969
337.423627869273;-215.459598115264
337.445249935531;-211.12047462473
337.46687200179;-207.504569991847
337.488494068048;-204.843188109692
337.510116134307;-203.25988317283
337.531738200565;-202.806150443891
337.553360266824;-203.572591414407
337.574982333082;-205.678124898749
337.596604399341;-209.036818828851
337.618226465599;-213.349276983074
337.639848531858;-218.406090897718
337.661470598116;-224.09286236799
337.683092664374;-230.278144958241
337.704714730633;-236.662086332236
337.726336796891;-242.865923759304
337.74795886315;-248.622310722081
337.769580929408;-253.875918324089
337.791202995667;-258.423970381712
337.812825061925;-261.87190461742
337.834447128184;-264.123950586317
337.856069194442;-265.312116203496
337.877691260701;-265.659417638503
337.899313326959;-265.317853263405
337.920935393217;-264.376102305531
337.942557459476;-262.939545741765
337.964179525734;-261.175373714049
337.985801591993;-259.176370453341
338.007423658251;-257.025463497365
338.02904572451;-254.85826462612
338.050667790768;-252.782888322083
338.072289857027;-250.941852991215
338.093911923285;-249.411487289804
338.115533989544;-248.129475494443
338.137156055802;-247.033191728402
338.15877812206;-246.102328932464
338.180400188319;-245.337757210654
338.202022254577;-244.697129570255
338.223644320836;-244.120204000863
338.245266387094;-243.564595825988
338.266888453353;-243.012603491609
338.288510519611;-242.43287072848
338.31013258587;-241.775108039149
338.331754652128;-240.991470406754
338.353376718387;-240.084794668206
338.374998784645;-239.130047104071
338.396620850904;-238.159527573053
338.418242917162;-237.181904827494
338.43986498342;-236.191794793706
338.461487049679;-235.186842923224
338.483109115937;-234.185504051549
338.504731182196;-233.219097022989
338.526353248454;-232.307298096223
338.547975314713;-231.447759032012
338.569597380971;-230.628934354019
338.59121944723;-229.856137847225
338.612841513488;-229.126015392398
338.634463579746;-228.422635655637
338.656085646005;-227.731566554763
338.677707712263;-227.039757358983
338.699329778522;-226.325071139326
338.72095184478;-225.557834976399
338.742573911039;-224.740357593406
338.764195977297;-223.920097230202
338.785818043556;-223.094400826957
338.807440109814;-222.246164702721
338.829062176073;-221.36850438587
338.850684242331;-220.498387084947
338.872306308589;-219.675515985015
338.893928374848;-218.908507634911
338.915550441106;-218.190495404105
338.937172507365;-217.52850451884
338.958794573623;-216.953177872718
338.980416639882;-216.510635763747
339.00203870614;-216.237915605541
339.023660772399;-216.138604708256
339.045282838657;-216.183571568684
339.066904904916;-216.375773151314
339.088526971174;-216.686364108236
339.110149037433;-217.081863434545
339.131771103691;-217.543781113969
339.153393169949;-218.034573682633
339.175015236208;-218.504245963348
339.196637302466;-218.91412778987
339.218259368725;-219.221173568669
339.239881434983;-219.379570629694
339.261503501242;-219.370700242612
339.2831255675;-219.200781198983
339.304747633759;-218.875501860688
339.326369700017;-218.384393676325
339.347991766276;-217.724112370944
339.369613832534;-216.921338017278
339.391235898792;-216.014171670871
339.412857965051;-215.039239141646
339.434480031309;-214.029712893876
339.456102097568;-213.007208662875
339.477724163826;-211.99773904059
339.499346230085;-211.036493295475
339.520968296343;-210.146791399762
339.542590362602;-209.365210216105
339.56421242886;-208.769062871679
339.585834495119;-208.425346351559
339.607456561377;-208.351938082851
339.629078627635;-208.566294023031
339.650700693894;-209.098782995896
339.672322760152;-209.985255316281
339.693944826411;-211.24956716858
339.715566892669;-212.903828296502
339.737188958928;-214.935419688987
339.758811025186;-217.306654970744
339.780433091445;-219.957877855411
339.802055157703;-222.81881893749
339.823677223962;-225.847152015567
339.84529929022;-228.953459616768
339.866921356478;-232.01272378302
339.888543422737;-234.877937060066
339.910165488995;-237.42989997003
339.931787555254;-239.665114826784
339.953409621512;-241.664006900686
339.975031687771;-243.378424321724
339.996653754029;-244.766480143407
340.018275820288;-245.823768653267
340.039897886546;-246.588703761198
340.061519952805;-247.115196458139
340.083142019063;-247.460267738844
340.104764085322;-247.660411338458
340.12638615158;-247.756373161697
340.148008217838;-247.782488335367
340.169630284097;-247.763661599972
340.191252350355;-247.724966770743
340.212874416614;-247.68678880267
340.234496482872;-247.662775208499
340.256118549131;-247.648852468217
340.277740615389;-247.637647535953
340.299362681648;-247.643188585773
340.320984747906;-247.679098566193
340.342606814164;-247.739001910923
340.364228880423;-247.824436984142
340.385850946681;-247.941330945221
340.40747301294;-248.084396783279
340.429095079198;-248.235791747071
340.450717145457;-248.381326129029
340.472339211715;-248.527371894012
340.493961277974;-248.676592489269
340.515583344232;-248.813003409659
340.537205410491;-248.912225822257
340.558827476749;-248.95859212824
340.580449543007;-248.949455346531
340.602071609266;-248.878631987865
340.623693675524;-248.744485435662
340.645315741783;-248.556663990333
340.666937808041;-248.322945168
340.6885598743;-248.042433933053
340.710181940558;-247.730427981921
340.731804006817;-247.39681403224
340.753426073075;-247.051416440317
340.775048139334;-246.712080238146
340.796670205592;-246.387682475648
340.818292271851;-246.093404559011
340.839914338109;-245.856209647967
340.861536404367;-245.691221672099
340.883158470626;-245.582261615534
340.904780536884;-245.516439752617
340.926402603143;-245.497484004038
340.948024669401;-245.530887898235
340.96964673566;-245.610815360483
340.991268801918;-245.73244831609
341.012890868177;-245.893882443694
341.034512934435;-246.078679536378
341.056135000694;-246.266991864064
341.077757066952;-246.437472427741
341.09937913321;-246.588207747756
341.121001199469;-246.729831763063
341.142623265727;-246.867580101978
341.164245331986;-246.988062141886
341.185867398244;-247.070186161329
341.207489464503;-247.107122109142
341.229111530761;-247.105865587471
341.25073359702;-247.065823562495
341.272355663278;-246.97554300772
341.293977729537;-246.837200167097
341.315599795795;-246.670689816066
341.337221862053;-246.468366596312
341.358843928312;-246.22201559171
341.38046599457;-245.938709764772
341.402088060829;-245.624498063973
341.423710127087;-245.286304738356
341.445332193346;-244.933293494098
341.466954259604;-244.582754595849
341.488576325863;-244.248814853229
341.510198392121;-243.93679883533
341.53182045838;-243.646049934822
341.553442524638;-243.381616936733
341.575064590896;-243.154022243899
341.596686657155;-242.972143928565
341.618308723413;-242.839642941086
341.639930789672;-242.758871131457
341.66155285593;-242.729413321736
341.683174922189;-242.749471179147
341.704796988447;-242.818364209769
341.726419054706;-242.9334958825
341.748041120964;-243.086978533956
341.769663187223;-243.277076371984
341.791285253481;-243.50486438687
341.812907319739;-243.769514025292
341.834529385998;-244.074073124238
341.856151452256;-244.40870667341
341.877773518515;-244.741448675536
341.899395584773;-245.071392269873
341.921017651032;-245.415295983308
341.94263971729;-245.750178769674
341.964261783549;-246.042725788588
341.985883849807;-246.280081221097
342.007505916066;-246.464372880766
342.029127982324;-246.590451727095
342.050750048582;-246.653243426476
342.072372114841;-246.652791238628
342.093994181099;-246.593176205276
342.115616247358;-246.484649181899
342.137238313616;-246.339116250921
342.158860379875;-246.165570241649
342.180482446133;-245.967719795109
342.202104512392;-245.760864873743
342.22372657865;-245.572617265021
342.245348644909;-245.413840224345
342.266970711167;-245.286749652885
342.288592777425;-245.194587656267
342.310214843684;-245.143826406914
342.331836909942;-245.145103644975
342.353458976201;-245.20274960365
342.375081042459;-245.313127044922
342.396703108718;-245.469123575245
342.418325174976;-245.668503007064
342.439947241235;-245.904361395135
342.461569307493;-246.162677508752
342.483191373752;-246.434150930653
342.50481344001;-246.714109941373
342.526435506269;-247.001827031477
342.548057572527;-247.282903959999
342.569679638785;-247.530406778864
342.591301705044;-247.729551526739
342.612923771302;-247.887419486572
342.634545837561;-248.014143365498
342.656167903819;-248.109732668854
342.677789970078;-248.167041646893
342.699412036336;-248.193199749349
342.721034102595;-248.201323826651
342.742656168853;-248.193663506575
342.764278235112;-248.177677616135
342.78590030137;-248.166175641786
342.807522367628;-248.174264180758
342.829144433887;-248.205761930743
342.850766500145;-248.259968507951
342.872388566404;-248.338501736935
342.894010632662;-248.440525607212
342.915632698921;-248.564348178383
342.937254765179;-248.714260161855
342.958876831438;-248.897871084898
342.980498897696;-249.111779682195
343.002120963955;-249.337838502021
343.023743030213;-249.578543588256
343.045365096471;-249.850894230106
343.06698716273;-250.160887819715
343.088609228988;-250.497218177894
343.110231295247;-250.842398323622
343.131853361505;-251.191479520769
343.153475427764;-251.552001377835
343.175097494022;-251.933813763093
343.196719560281;-252.31846810308
343.218341626539;-252.671480007087
343.239963692798;-252.989648894056
343.261585759056;-253.274740957053
343.283207825314;-253.522363621394
343.304829891573;-253.725909692125
343.326451957831;-253.873477593795
343.34807402409;-253.961412204716
343.369696090348;-253.99706951005
343.391318156607;-253.985402342596
343.412940222865;-253.93186886301
343.434562289124;-253.851765173864
343.456184355382;-253.748092549496
343.477806421641;-253.617181215178
343.499428487899;-253.464332008584
343.521050554157;-253.307340300835
343.542672620416;-253.163019001426
343.564294686674;-253.029724979125
343.585916752933;-252.905143340189
343.607538819191;-252.797413754529
343.62916088545;-252.719164183237
343.650782951708;-252.679963161304
343.672405017967;-252.692743577816
343.694027084225;-252.77279877261
343.715649150484;-252.920253360033
343.737271216742;-253.123658974537
343.758893283;-253.373957742048
343.780515349259;-253.670642079769
343.802137415517;-254.010885441438
343.823759481776;-254.38211331014
343.845381548034;-254.769115325565
343.867003614293;-255.15791708415
343.888625680551;-255.536005797301
343.91024774681;-255.893468199259
343.931869813068;-256.221762948752
343.953491879327;-256.514340952883
343.975113945585;-256.773257093534
343.996736011844;-256.999493223462
344.018358078102;-257.193976233399
344.03998014436;-257.360013847399
344.061602210619;-257.507146405764
344.083224276877;-257.642125569191
344.104846343136;-257.772448225449
344.126468409394;-257.896704086278
344.148090475653;-258.01547743888
344.169712541911;-258.123336788334
344.19133460817;-258.222319801734
344.212956674428;-258.31562436939
344.234578740687;-258.397158080275
344.256200806945;-258.473487220557
344.277822873203;-258.559743889537
344.299444939462;-258.641990049875
344.32106700572;-258.687819245024
344.342689071979;-258.711378419064
344.364311138237;-258.743018122692
344.385933204496;-258.794702684511
344.407555270754;-258.874356920222
344.429177337013;-258.990600068531
344.450799403271;-259.134155175748
344.47242146953;-259.291656497187
344.494043535788;-259.452692674988
344.515665602046;-259.60587936289
344.537287668305;-259.745578068574
344.558909734563;-259.867477369899
344.580531800822;-259.96266511023
344.60215386708;-260.033144777498
344.623775933339;-260.071118083114
344.645397999597;-260.060733025846
344.667020065856;-260.004735281928
344.688642132114;-259.907670317134
344.710264198373;-259.772924492895
344.731886264631;-259.607494081615
344.753508330889;-259.425609460311
344.775130397148;-259.242788000993
344.796752463406;-259.066006707401
344.818374529665;-258.898090312039
344.839996595923;-258.741483891614
344.861618662182;-258.59802424096
344.88324072844;-258.475347803688
344.904862794699;-258.383192053569
344.926484860957;-258.328373529772
344.948106927216;-258.314153970569
344.969728993474;-258.340020788216
344.991351059732;-258.397547729216
345.012973125991;-258.480374588435
345.034595192249;-258.593943691596
345.056217258508;-258.740276975465
345.077839324766;-258.910585092244
345.099461391025;-259.080065055484
345.121083457283;-259.239031008535
345.142705523542;-259.386327464738
345.1643275898;-259.515723195279
345.185949656059;-259.615355790515
345.207571722317;-259.675073887427
345.229193788575;-259.693808922611
345.250815854834;-259.662126904856
345.272437921092;-259.575845510357
345.294059987351;-259.450170135069
345.315682053609;-259.290296282889
345.337304119868;-259.092066211076
345.358926186126;-258.85431034657
345.380548252385;-258.582417866201
345.402170318643;-258.28735203585
345.423792384902;-257.978096469988
345.44541445116;-257.649531125876
345.467036517418;-257.297103969241
345.488658583677;-256.923417668267
345.510280649935;-256.530944646328
345.531902716194;-256.117780678473
345.553524782452;-255.695813360256
345.575146848711;-255.280188646372
345.596768914969;-254.896795846369
345.618390981228;-254.57186263488
345.640013047486;-254.314594404231
345.661635113745;-254.121836208677
345.683257180003;-253.982886482273
345.704879246262;-253.893080505741
345.72650131252;-253.852433256931
345.748123378778;-253.870507202146
345.769745445037;-253.939006504747
345.791367511295;-254.035410872107
345.812989577554;-254.142695609737
345.834611643812;-254.252772740996
345.856233710071;-254.363274372231
345.877855776329;-254.469470123625
345.899477842588;-254.570559314692
345.921099908846;-254.667871238725
345.942721975105;-254.764135276619
345.964344041363;-254.866979779497
345.985966107621;-254.974812519532
346.00758817388;-255.086367959862
346.029210240138;-255.211320417397
346.050832306397;-255.354126820207
346.072454372655;-255.500649843486
346.094076438914;-255.636052452506
346.115698505172;-255.768502465031
346.137320571431;-255.895297468395
346.158942637689;-256.003417539056
346.180564703948;-256.09478386148
346.202186770206;-256.172472944958
346.223808836464;-256.242173348315
346.245430902723;-256.312423583725
346.267052968981;-256.387750662422
346.28867503524;-256.463809575109
346.310297101498;-256.522024482024
346.331919167757;-256.558614005008
346.353541234015;-256.599793097911
346.375163300274;-256.663184134315
346.396785366532;-256.740180169483
346.418407432791;-256.81841669966
346.440029499049;-256.885548792793
346.461651565307;-256.934324166385
346.483273631566;-256.959362085736
346.504895697824;-256.954560651579
346.526517764083;-256.913748316037
346.548139830341;-256.839741900898
346.5697618966;-256.7299380406
346.591383962858;-256.590526561849
346.613006029117;-256.433543623554
346.634628095375;-256.269427251419
346.656250161634;-256.109271486443
346.677872227892;-255.952974226973
346.69949429415;-255.804567210061
346.721116360409;-255.678120840037
346.742738426667;-255.588319913918
346.764360492926;-255.540710572903
346.785982559184;-255.535921039379
346.807604625443;-255.576590607983
346.829226691701;-255.659938654708
346.85084875796;-255.785403577942
346.872470824218;-255.950875731865
346.894092890477;-256.144303642937
346.915714956735;-256.353006642763
346.937337022993;-256.570635362178
346.958959089252;-256.792490924362
346.98058115551;-257.004135483759
347.002203221769;-257.194945286699
347.023825288027;-257.364846033093
347.045447354286;-257.520551431786
347.067069420544;-257.665491413003
347.088691486803;-257.792629204664
347.110313553061;-257.8984019747
347.13193561932;-257.986624259591
347.153557685578;-258.052677741435
347.175179751836;-258.089359793664
347.196801818095;-258.100481963637
347.218423884353;-258.083852473912
347.240045950612;-258.026965200793
347.26166801687;-257.927403857242
347.283290083129;-257.78963699295
347.304912149387;-257.618299241323
347.326534215646;-257.413242277532
347.348156281904;-257.176994281083
347.369778348163;-256.909297840514
347.391400414421;-256.604849483128
347.41302248068;-256.256004933182
347.434644546938;-255.866477853442
347.456266613196;-255.454732080998
347.477888679455;-255.03384723523
347.499510745713;-254.609084873255
347.521132811972;-254.186621583305
347.54275487823;-253.782485849423
347.564376944489;-253.412149222306
347.585999010747;-253.079073311639
347.607621077006;-252.780315898558
347.629243143264;-252.516233078398
347.650865209523;-252.291001181167
347.672487275781;-252.093382423716
347.694109342039;-251.90361207784
347.715731408298;-251.70530393329
347.737353474556;-251.486518261075
347.758975540815;-251.250877232748
347.780597607073;-250.998437640807
347.802219673332;-250.722764571269
347.82384173959;-250.419661921149
347.845463805849;-250.100129043462
347.867085872107;-249.780906863788
347.888707938366;-249.468786265216
347.910330004624;-249.164011611081
347.931952070882;-248.867977961523
347.953574137141;-248.583099791465
347.975196203399;-248.333174370826
347.996818269658;-248.146940988855
348.018440335916;-248.028619534458
348.040062402175;-247.95509967423
348.061684468433;-247.907847988842
348.083306534692;-247.878247920158
348.10492860095;-247.856441009458
348.126550667209;-247.82878442177
348.148172733467;-247.781394181073
348.169794799725;-247.711401875342
348.191416865984;-247.6178198124
348.213038932242;-247.489898148937
348.234660998501;-247.320259553849
348.256283064759;-247.107327019678
348.277905131018;-246.868518420207
348.299527197276;-246.624108320421
348.321149263535;-246.379520962908
348.342771329793;-246.134051874213
348.364393396052;-245.889476968231
348.38601546231;-245.651891286857
348.407637528568;-245.424043316777
348.429259594827;-245.19914145019
348.450881661085;-244.972059149648
348.472503727344;-244.764496173718
348.494125793602;-244.60212768478
348.515747859861;-244.492616476484
348.537369926119;-244.432763341481
348.558991992378;-244.429749027934
348.580614058636;-244.491186637368
348.602236124895;-244.622207300508
348.623858191153;-244.827884749065
348.645480257411;-245.106487561203
348.66710232367;-245.454672619185
348.688724389928;-245.900747259138
348.710346456187;-246.415251678206
348.731968522445;-246.983840412574
348.753590588704;-247.588229863694
348.775212654962;-248.196625076038
348.796834721221;-248.767354269207
348.818456787479;-249.297699197768
348.840078853738;-249.786339842903
348.861700919996;-250.214808945761
348.883322986254;-250.565441051191
348.904945052513;-250.834884492709
348.926567118771;-251.028961590045
348.94818918503;-251.159552658842
348.969811251288;-251.241588778063
348.991433317547;-251.285648317544
349.013055383805;-251.302681559934
349.034677450064;-251.317872922457
349.056299516322;-251.361849905407
349.077921582581;-251.449034849784
349.099543648839;-251.587539613707
349.121165715098;-251.774208768604
349.142787781356;-252.004020681977
349.164409847614;-252.270808448998
349.186031913873;-252.568471800976
349.207653980131;-252.888588327142
349.22927604639;-253.214071417427
349.250898112648;-253.515178896794
349.272520178907;-253.774010754259
349.294142245165;-253.992347322025
349.315764311424;-254.177184487937
349.337386377682;-254.326162781335
349.359008443941;-254.421938613572
349.380630510199;-254.456397449198
349.402252576457;-254.434998436115
349.423874642716;-254.365822253521
349.445496708974;-254.252238641604
349.467118775233;-254.105426954552
349.488740841491;-253.952151804048
349.51036290775;-253.799543521022
349.531984974008;-253.641386564629
349.553607040267;-253.475180887527
349.575229106525;-253.316263725258
349.596851172784;-253.182765726402
349.618473239042;-253.068893058797
349.6400953053;-252.975159404058
349.661717371559;-252.905914771249
349.683339437817;-252.851037934795
349.704961504076;-252.802203088851
349.726583570334;-252.757270779002
349.748205636593;-252.733525761005
349.769827702851;-252.740055460652
349.79144976911;-252.766834290565
349.813071835368;-252.810098528623
349.834693901627;-252.874323261687
349.856315967885;-252.963368416958
349.877938034143;-253.073436746429
349.899560100402;-253.202823336233
349.92118216666;-253.345214646331
349.942804232919;-253.493666331115
349.964426299177;-253.640463107104
349.986048365436;-253.778038794327
350.007670431694;-253.900301698294
350.029292497953;-254.005405808142
350.050914564211;-254.077559997485
350.07253663047;-254.101150703114
350.094158696728;-254.075643329666
350.115780762986;-254.008897950499
350.137402829245;-253.898822683579
350.159024895503;-253.736978385088
350.180646961762;-253.521660411048
350.20226902802;-253.26794090195
350.223891094279;-252.987643308932
350.245513160537;-252.681973217329
350.267135226796;-252.347763634692
350.288757293054;-251.993921080994
350.310379359313;-251.646428076565
350.332001425571;-251.321723252693
350.353623491829;-251.012543760628
350.375245558088;-250.708225903289
350.396867624346;-250.404351892814
350.418489690605;-250.104418101269
350.440111756863;-249.81171594495
350.461733823122;-249.527279419255
350.48335588938;-249.256299023723
350.504977955639;-248.996424129841
350.526600021897;-248.742099125024
350.548222088156;-248.489668980702
350.569844154414;-248.237143393463
350.591466220672;-247.983678852083
350.613088286931;-247.737829614844
350.634710353189;-247.514986395041
350.656332419448;-247.317371248325
350.677954485706;-247.134869750265
350.699576551965;-246.962593766969
350.721198618223;-246.798464213617
350.742820684482;-246.633126496463
350.76444275074;-246.457849454591
350.786064816999;-246.271720727316
350.807686883257;-246.067677320407
350.829308949516;-245.830941516206
350.850931015774;-245.554405124837
350.872553082032;-245.244870424377
350.894175148291;-244.898787568111
350.915797214549;-244.492478028041
350.937419280808;-244.017837310866
350.959041347066;-243.492944772969
350.980663413325;-242.950466153036
351.002285479583;-242.40969035523
351.023907545842;-241.878132703469
351.0455296121;-241.366104656744
351.067151678359;-240.889793887476
351.088773744617;-240.457181216673
351.110395810875;-240.069760551822
351.132017877134;-239.735649888039
351.153639943392;-239.474432153291
351.175262009651;-239.312677124433
351.196884075909;-239.241245709754
351.218506142168;-239.230342195615
351.240128208426;-239.268416771958
351.261750274685;-239.352143515343
351.283372340943;-239.474566334007
351.304994407201;-239.624959801929
351.32661647346;-239.786997159289
351.348238539718;-239.943646633315
351.369860605977;-240.086429955647
351.391482672235;-240.214945708133
351.413104738494;-240.326127776753
351.434726804752;-240.412484801651
351.456348871011;-240.45960280482
351.477970937269;-240.457947471551
351.499593003528;-240.413807687975
351.521215069786;-240.328198549922
351.542837136045;-240.200948993256
351.564459202303;-240.027550408262
351.586081268561;-239.809612143346
351.60770333482;-239.563888043268
351.629325401078;-239.306684375019
351.650947467337;-239.04243386361
351.672569533595;-238.764277747733
351.694191599854;-238.463170959462
351.715813666112;-238.143577104984
351.737435732371;-237.801391124077
351.759057798629;-237.424601605637
351.780679864888;-237.007329185702
351.802301931146;-236.57053203876
351.823923997404;-236.139302379447
351.845546063663;-235.714626344107
351.867168129921;-235.290502588238
351.88879019618;-234.87147558046
351.910412262438;-234.450882180394
351.932034328697;-234.025857488346
351.953656394955;-233.61706810733
351.975278461214;-233.244393343533
351.996900527472;-232.912990859566
352.018522593731;-232.619298131444
352.040144659989;-232.350345050156
352.061766726247;-232.081029257241
352.083388792506;-231.79592608579
352.105010858764;-231.490527841438
352.126632925023;-231.17117837077
352.148254991281;-230.842480808681
352.16987705754;-230.506137889196
352.191499123798;-230.162448671678
352.213121190057;-229.807017507421
352.234743256315;-229.437591152502
352.256365322574;-229.05814372913
352.277987388832;-228.679657708764
352.29960945509;-228.321718406816
352.321231521349;-228.006695905789
352.342853587607;-227.736333746898
352.364475653866;-227.504418590333
352.386097720124;-227.305789524148
352.407719786383;-227.134633127492
352.429341852641;-226.996084837066
352.4509639189;-226.885533126746
352.472585985158;-226.7900605103
352.494208051417;-226.699893576135
352.515830117675;-226.610754487892
352.537452183934;-226.522902796991
352.559074250192;-226.429779771852
352.58069631645;-226.318369103855
352.602318382709;-226.186526824216
352.623940448967;-226.041208167573
352.645562515226;-225.878934676897
352.667184581484;-225.685402198142
352.688806647743;-225.455155074931
352.710428714001;-225.194530921545
352.73205078026;-224.913931142323
352.753672846518;-224.616224716577
352.775294912776;-224.301091353242
352.796916979035;-223.96929222277
352.818539045293;-223.62382163618
352.840161111552;-223.27102247174
352.86178317781;-222.912402557833
352.883405244069;-222.565612202773
352.905027310327;-222.262070175821
352.926649376586;-222.016268411725
352.948271442844;-221.832240252115
352.969893509103;-221.704215441622
352.991515575361;-221.631441633392
353.013137641619;-221.622593020634
353.034759707878;-221.679818145175
353.056381774136;-221.794997774997
353.078003840395;-221.961373526459
353.099625906653;-222.176728538133
353.121247972912;-222.420769597138
353.14287003917;-222.656302414967
353.164492105429;-222.885899471145
353.186114171687;-223.108185165994
353.207736237946;-223.304874034253
353.229358304204;-223.460974059539
353.250980370463;-223.565053538555
353.272602436721;-223.609007428756
353.294224502979;-223.586793916062
353.315846569238;-223.495273692532
353.337468635496;-223.339810007503
353.359090701755;-223.123866070304
353.380712768013;-222.848299351374
353.402334834272;-222.520993868062
353.42395690053;-222.137451673144
353.445578966789;-221.699970171066
353.467201033047;-221.219720661402
353.488823099306;-220.693198048735
353.510445165564;-220.12562460184
353.532067231822;-219.528091243973
353.553689298081;-218.912003598561
353.575311364339;-218.296896708417
353.596933430598;-217.674719989322
353.618555496856;-217.030321363017
353.640177563115;-216.406187511158
353.661799629373;-215.826088212063
353.683421695632;-215.279020839762
353.70504376189;-214.748578256209
353.726665828149;-214.22678485777
353.748287894407;-213.735703753148
353.769909960665;-213.306908779077
353.791532026924;-212.957015490863
353.813154093182;-212.680494110815
353.834776159441;-212.461066229552
353.856398225699;-212.285414514058
353.878020291958;-212.158098650887
353.899642358216;-212.089333218652
353.921264424475;-212.058946614843
353.942886490733;-212.048607862855
353.964508556992;-212.061300698318
353.98613062325;-212.094083368357
354.007752689508;-212.134875124626
354.029374755767;-212.170937931024
354.050996822025;-212.195792097256
354.072618888284;-212.200556176116
354.094240954542;-212.172855069135
354.115863020801;-212.11151477222
354.137485087059;-212.016322110416
354.159107153318;-211.88268709412
354.180729219576;-211.701261673688
354.202351285835;-211.475850762407
354.223973352093;-211.216822507313
354.245595418352;-210.92453194641
354.26721748461;-210.595289995001
354.288839550868;-210.23676759847
354.310461617127;-209.873237485005
354.332083683385;-209.514596204179
354.353705749644;-209.160690727637
354.375327815902;-208.810622346196
354.396949882161;-208.46408771291
354.418571948419;-208.113856978591
354.440194014678;-207.764649082753
354.461816080936;-207.422692261829
354.483438147194;-207.085137111708
354.505060213453;-206.749822946752
354.526682279711;-206.412076740512
354.54830434597;-206.052536494907
354.569926412228;-205.665485937072
354.591548478487;-205.24812670442
354.613170544745;-204.786531163307
354.634792611004;-204.293151012003
354.656414677262;-203.794884164247
354.678036743521;-203.291573164149
354.699658809779;-202.757149441647
354.721280876038;-202.183617006338
354.742902942296;-201.578515364809
354.764525008554;-200.963221156036
354.786147074813;-200.351078534302
354.807769141071;-199.740868205829
354.82939120733;-199.138100674566
354.851013273588;-198.552207460324
354.872635339847;-197.994260726059
354.894257406105;-197.479902412886
354.915879472364;-197.025899335145
354.937501538622;-196.638521125006
354.959123604881;-196.312197035449
354.980745671139;-196.036075875655
355.002367737397;-195.805648815883
355.023989803656;-195.624523280852
355.045611869914;-195.49607938053
355.067233936173;-195.415961656909
355.088856002431;-195.379962428546
355.11047806869;-195.385889395489
355.132100134948;-195.430273551839
355.153722201207;-195.506968015275
355.175344267465;-195.61090000293
355.196966333724;-195.739815825899
355.218588399982;-195.891524055867
355.24021046624;-196.063242367389
355.261832532499;-196.255055838687
355.283454598757;-196.469334235902
355.305076665016;-196.703348023913
355.326698731274;-196.948037880454
355.348320797533;-197.196637088801
355.369942863791;-197.432680047595
355.39156493005;-197.64051442732
355.413186996308;-197.816618198373
355.434809062567;-197.959862355235
355.456431128825;-198.068643514947
355.478053195083;-198.139048535271
355.499675261342;-198.170589660545
355.5212973276;-198.153185342175
355.542919393859;-198.07726458189
355.564541460117;-197.9390921974
355.586163526376;-197.743962428235
355.607785592634;-197.498754146992
355.629407658893;-197.204019504039
355.651029725151;-196.858529455508
355.67265179141;-196.472677680825
355.694273857668;-196.068027857684
355.715895923927;-195.651044487521
355.737517990185;-195.217324677073
355.759140056443;-194.770203682806
355.780762122702;-194.333650668458
355.80238418896;-193.935841455258
355.824006255219;-193.582772461403
355.845628321477;-193.268598508932
355.867250387736;-192.985545726995
355.888872453994;-192.732048443838
355.910494520253;-192.512722601541
355.932116586511;-192.333848217662
355.953738652769;-192.201260783176
355.975360719028;-192.11871125634
355.996982785286;-192.081011659911
356.018604851545;-192.084024714658
356.040226917803;-192.130952768777
356.061848984062;-192.216106561566
356.08347105032;-192.331952476321
356.105093116579;-192.469932390097
356.126715182837;-192.620213363618
356.148337249096;-192.773983069544
356.169959315354;-192.91989142714
356.191581381612;-193.043914692904
356.213203447871;-193.134624867598
356.234825514129;-193.182173887997
356.256447580388;-193.172970027087
356.278069646646;-193.095529932042
356.299691712905;-192.950804085264
356.321313779163;-192.737820994918
356.342935845422;-192.445647302709
356.36455791168;-192.062073404796
356.386179977939;-191.609757223452
356.407802044197;-191.131607950369
356.429424110456;-190.633796197211
356.451046176714;-190.114149397314
356.472668242972;-189.581949896121
356.494290309231;-189.045212428353
356.515912375489;-188.508579056329
356.537534441748;-187.978338361395
356.559156508006;-187.457948926857
356.580778574265;-186.953219353649
356.602400640523;-186.478320406332
356.624022706782;-186.037702155193
356.64564477304;-185.617561925687
356.667266839299;-185.211283542416
356.688888905557;-184.821927622267
356.710510971815;-184.451191593315
356.732133038074;-184.09691391884
356.753755104332;-183.744017549482
356.775377170591;-183.379046210641
356.796999236849;-183.002756035015
356.818621303108;-182.626775786912
356.840243369366;-182.253318701781
356.861865435625;-181.870824093979
356.883487501883;-181.472723101013
356.905109568142;-181.060496730026
356.9267316344;-180.630531174824
356.948353700658;-180.189864471463
356.969975766917;-179.755185179921
356.991597833175;-179.326491261881
357.013219899434;-178.884315617032
357.034841965692;-178.427458512353
357.056464031951;-177.9737318732
357.078086098209;-177.522846130171
357.099708164468;-177.049314329174
357.121330230726;-176.525437325792
357.142952296985;-175.961649926903
357.164574363243;-175.400060526305
357.186196429501;-174.855071881632
357.20781849576;-174.308216904811
357.229440562018;-173.736263315763
357.251062628277;-173.148206395199
357.272684694535;-172.5693539889
357.294306760794;-171.998506202935
357.315928827052;-171.395475281356
357.337550893311;-170.75395298234
357.359172959569;-170.097261137367
357.380795025828;-169.441578141727
357.402417092086;-168.790211289368
357.424039158344;-168.143866868866
357.445661224603;-167.508769903646
357.467283290861;-166.897871741494
357.48890535712;-166.310783978733
357.510527423378;-165.739773200023
357.532149489637;-165.197461364302
357.553771555895;-164.695614085186
357.575393622154;-164.237215889047
357.597015688412;-163.81954377425
357.618637754671;-163.438133515057
357.640259820929;-163.084669961596
357.661881887187;-162.75427461712
357.683503953446;-162.44972818793
357.705126019704;-162.18093099884
357.726748085963;-161.953025449763
357.748370152221;-161.760370340626
357.76999221848;-161.595954746276
357.791614284738;-161.461054189193
357.813236350997;-161.36508435847
357.834858417255;-161.313994431797
357.856480483514;-161.311590608275
357.878102549772;-161.349252832323
357.89972461603;-161.418282192792
357.921346682289;-161.511517029178
357.942968748547;-161.616874792227
357.964590814806;-161.727193517523
357.986212881064;-161.843879822444
358.007834947323;-161.96631862329
358.029457013581;-162.087213843529
358.05107907984;-162.191059050142
358.072701146098;-162.261563370969
358.094323212357;-162.288111553426
358.115945278615;-162.274376962592
358.137567344874;-162.2228608459
358.159189411132;-162.141797300411
358.18081147739;-162.037370219923
358.202433543649;-161.913710957274
358.224055609907;-161.777307901581
358.245677676166;-161.625574871041
358.267299742424;-161.445429740571
358.288921808683;-161.228575318391
358.310543874941;-160.983013824993
358.3321659412;-160.708811092971
358.353788007458;-160.397706714765
358.375410073717;-160.052715075932
358.397032139975;-159.677630758575
358.418654206233;-159.271803842869
358.440276272492;-158.833385779941
358.46189833875;-158.361257093181
358.483520405009;-157.867606358841
358.505142471267;-157.370554383719
358.526764537526;-156.905198900069
358.548386603784;-156.472038027695
358.570008670043;-156.08140580234
358.591630736301;-155.768897060183
358.61325280256;-155.547495697129
358.634874868818;-155.416164214512
358.656496935076;-155.370630342147
358.678119001335;-155.40690602458
358.699741067593;-155.510389150459
358.721363133852;-155.665343683049
358.74298520011;-155.85609922296
358.764607266369;-156.07391430888
358.786229332627;-156.307683231522
358.807851398886;-156.527087046189
358.829473465144;-156.705291309204
358.851095531403;-156.829596505339
358.872717597661;-156.888913363368
358.894339663919;-156.874383647539
358.915961730178;-156.7895270242
358.937583796436;-156.643689507647
358.959205862695;-156.432793000369
358.980827928953;-156.157081835238
359.002449995212;-155.836656569795
359.02407206147;-155.501774077039
359.045694127729;-155.164938378164
359.067316193987;-154.8285475836
359.088938260246;-154.498219333761
359.110560326504;-154.168382789242
359.132182392762;-153.83922763936
359.153804459021;-153.520310110875
359.175426525279;-153.219253088381
359.197048591538;-152.936979782122
359.218670657796;-152.6817313239
359.240292724055;-152.449228602026
359.261914790313;-152.225819261657
359.283536856572;-152.007041334357
359.30515892283;-151.799012836077
359.326780989089;-151.600783554559
359.348403055347;-151.397444369129
359.370025121605;-151.182066235373
359.391647187864;-150.957435530659
359.413269254122;-150.723704246166
359.434891320381;-150.48643311015
359.456513386639;-150.26559254602
359.478135452898;-150.06249751687
359.499757519156;-149.866229163749
359.521379585415;-149.665780603007
359.543001651673;-149.457722211731
359.564623717932;-149.236262832552
359.58624578419;-148.991659516644
359.607867850448;-148.718925478977
359.629489916707;-148.432312143223
359.651111982965;-148.137830279106
359.672734049224;-147.832232844412
359.694356115482;-147.51558406519
359.715978181741;-147.194071306003
359.737600247999;-146.877623974502
359.759222314258;-146.580340328182
359.780844380516;-146.31722045671
359.802466446775;-146.09921294943
359.824088513033;-145.928363788063
359.845710579292;-145.794135719058
359.86733264555;-145.681544857734
359.888954711808;-145.587601864609
359.910576778067;-145.521967705734
359.932198844325;-145.502234837961
359.953820910584;-145.536790855984
359.975442976842;-145.61099799919
359.997065043101;-145.71201361543
360.018687109359;-145.846481622542
360.040309175618;-146.023839863382
360.061931241876;-146.241597721325
360.083553308135;-146.497744517185
360.105175374393;-146.792421634104
360.126797440651;-147.131193953909
360.14841950691;-147.520826703475
360.170041573168;-147.95499166696
360.191663639427;-148.401067484553
360.213285705685;-148.810710843477
360.234907771944;-149.166520121389
360.256529838202;-149.471719012185
360.278151904461;-149.712012846175
360.299773970719;-149.862693714078
360.321396036978;-149.913520438297
360.343018103236;-149.867411217774
360.364640169494;-149.722531105921
360.386262235753;-149.480917023361
360.407884302011;-149.15700068213
360.42950636827;-148.757185721985
360.451128434528;-148.286687006032
360.472750500787;-147.767304076008
360.494372567045;-147.206581399423
360.515994633304;-146.586554321186
360.537616699562;-145.89790993166
360.559238765821;-145.137918285846
360.580860832079;-144.301631208386
360.602482898337;-143.403454814892
360.624104964596;-142.480073092061
360.645727030854;-141.549459987204
360.667349097113;-140.592843596848
360.688971163371;-139.578289951471
360.71059322963;-138.49665187766
360.732215295888;-137.388898996692
360.753837362147;-136.298280223834
360.775459428405;-135.233439768576
360.797081494664;-134.188829997866
360.818703560922;-133.179647957063
360.84032562718;-132.23592096262
360.861947693439;-131.371169450408
360.883569759697;-130.588608002816
360.905191825956;-129.899767624995
360.926813892214;-129.315144536625
360.948435958473;-128.831801316353
360.970058024731;-128.431307189597
360.99168009099;-128.090206827751
361.013302157248;-127.794592172218
361.034924223507;-127.531895011591
361.056546289765;-127.274972046789
361.078168356023;-127.000409523935
361.099790422282;-126.683283989815
361.12141248854;-126.304717635779
361.143034554799;-125.869538314867
361.164656621057;-125.388649396684
361.186278687316;-124.858974451855
361.207900753574;-124.277164992201
361.229522819833;-123.66280075373
361.251144886091;-123.033988687462
361.27276695235;-122.406877356826
361.294389018608;-121.791530945273
361.316011084866;-121.19894819709
361.337633151125;-120.651569639504
361.359255217383;-120.166422919465
361.380877283642;-119.743894322217
361.4024993499;-119.384258079794
361.424121416159;-119.084750212607
361.445743482417;-118.831790171822
361.467365548676;-118.618201844934
361.488987614934;-118.427880553537
361.510609681193;-118.250295855139
361.532231747451;-118.082260987636
361.55385381371;-117.925014057149
361.575475879968;-117.771556792534
361.597097946226;-117.600025461261
361.618720012485;-117.384965279992
361.640342078743;-117.125152184693
361.661964145002;-116.834685085355
361.68358621126;-116.519619652496
361.705208277519;-116.170573864527
361.726830343777;-115.765840308948
361.748452410036;-115.290495712925
361.770074476294;-114.761266162844
361.791696542553;-114.207503790675
361.813318608811;-113.644932459767
361.834940675069;-113.064880373697
361.856562741328;-112.45619384757
361.878184807586;-111.837329515553
361.899806873845;-111.235277910021
361.921428940103;-110.650675856385
361.943051006362;-110.091607095445
361.96467307262;-109.591496117035
361.986295138879;-109.171892102629
362.007917205137;-108.812106999883
362.029539271395;-108.487460037618
362.051161337654;-108.195174403145
362.072783403912;-107.930199299077
362.094405470171;-107.687265793126
362.116027536429;-107.449210023102
362.137649602688;-107.201297984589
362.159271668946;-106.936936022528
362.180893735205;-106.658310038118
362.202515801463;-106.353349874921
362.224137867722;-106.004430709088
362.24575993398;-105.601847089595
362.267382000239;-105.170390115938
362.289004066497;-104.75221787896
362.310626132755;-104.347787139029
362.332248199014;-103.940942915747
362.353870265272;-103.52077080974
362.375492331531;-103.086050828873
362.397114397789;-102.665251714199
362.418736464048;-102.284117449202
362.440358530306;-101.951529898323
362.461980596565;-101.670083917038
362.483602662823;-101.439079286508
362.505224729082;-101.252659397136
362.52684679534;-101.120672697552
362.548468861598;-101.042112497743
362.570090927857;-101.006608214925
362.591712994115;-101.002146999205
362.613335060374;-101.018516484617
362.634957126632;-101.045587070017
362.656579192891;-101.070597426875
362.678201259149;-101.086223319742
362.699823325408;-101.082123199727
362.721445391666;-101.049562100874
362.743067457925;-100.985039127388
362.764689524183;-100.887065947616
362.786311590441;-100.757387077788
362.8079336567;-100.594518273004
362.829555722958;-100.39687961981
362.851177789217;-100.171972997533
362.872799855475;-99.9288293929623
362.894421921734;-99.6654167450711
362.916043987992;-99.3686976873981
362.937666054251;-99.0300928565849
362.959288120509;-98.6612921920189
362.980910186768;-98.2905414502907
