Name;ESR_BC_1_29min_Z_gon_160dg_result

Recipe
Accumulations;5;Number of accumulations
RetryCount;0;Number of retries on error
AbortOnError;True;Abort on error
EnableQFactorMeasurement;False;Enable/Disable q-Factor measurement
Bfrom;313;B from
Bto;363;B to
SweepTime;60;Sweep time
Modulation;0.2;Modulation
ModulationFreq;100;Modulation
BHoldEnabled;False;B hold enabled
BHold;0;B hold
MicrowavePower;2;Microwave power
MarkerEnabled;False;
MarkerStartField;0;
MarkerEndField;0;
Mode;;
KineticGFact;0;
KineticTotalTransientTime;0;
KineticTimeResolution;0;
TempFrom;5;
TempUseSlope;False;
TempTo;5;
TempdT;1;
TempSetupTime;0;
GonFrom;0;
GonTo;180;
GonSteps;20;
XRayEnabled;False;
XRayTime;3;
XRayVoltage;40;
XRayCurrent;0.5;
UVEnabled;False;
UVIntensity;0;
UVTime;0;
UVLeadTime;0;
UVWavelength;0;
PowSweepFrom;1;
PowSweepTo;5;
PowSweepSteps;5;
AmpModSweepFrom;0;
AmpModSweepTo;1;
AmpModSweepSteps;10;
ExtTriggerEnabled;False;
ExtTrigLeadTime;0;
ExtTrigOnTime;5;

Meas
BField [mT];MW_Absorption []
313.012428894043;84.9743190935764
313.03404175006;84.3912046079745
313.055654606077;83.8486748467207
313.077267462094;83.4038939501193
313.09888031811;83.080609305154
313.120493174127;82.8713625186901
313.142106030144;82.7692431637456
313.163718886161;82.7817957440673
313.185331742178;82.9145274400753
313.206944598195;83.14064147119
313.228557454212;83.424260253431
313.250170310228;83.7533393355953
313.271783166245;84.1268970115919
313.293396022262;84.5387203804133
313.315008878279;84.9606243975637
313.336621734296;85.3400708133617
313.358234590313;85.6506582281653
313.37984744633;85.8838899798217
313.401460302346;86.0369236216913
313.423073158363;86.1188268629865
313.44468601438;86.1282608549044
313.466298870397;86.0573613724784
313.487911726414;85.9104274349376
313.509524582431;85.7083322319931
313.531137438447;85.4594958603522
313.552750294464;85.1605397709917
313.574363150481;84.8191393171257
313.595976006498;84.4555462930239
313.617588862515;84.0890730597424
313.639201718532;83.741595050355
313.660814574549;83.4247719739658
313.682427430565;83.1323686127919
313.704040286582;82.8615772817269
313.725653142599;82.6211504217533
313.747265998616;82.4128539433922
313.768878854633;82.2239569769155
313.79049171065;82.0444809188683
313.812104566667;81.8665005737676
313.833717422683;81.6849269334733
313.8553302787;81.4944866324961
313.876943134717;81.2872804236316
313.898555990734;81.0654054448482
313.920168846751;80.8347144852022
313.941781702768;80.5948472412306
313.963394558785;80.3514869310657
313.985007414801;80.1197204275785
314.006620270818;79.9050666624609
314.028233126835;79.6982027950823
314.049845982852;79.4981665141829
314.071458838869;79.3176098046383
314.093071694886;79.1681532180862
314.114684550902;79.0557680486285
314.136297406919;78.986524937198
314.157910262936;78.9691921651068
314.179523118953;79.0131003687707
314.20113597497;79.1398075502225
314.222748830987;79.3575950705033
314.244361687004;79.6615628737483
314.26597454302;80.0312111936086
314.287587399037;80.4494940030028
314.309200255054;80.9035693094577
314.330813111071;81.3962159743167
314.352425967088;81.9228732458537
314.374038823105;82.4541127290309
314.395651679122;82.9713849010515
314.417264535138;83.4702241161685
314.438877391155;83.9296000520719
314.460490247172;84.3282919336026
314.482103103189;84.6769320301245
314.503715959206;84.985509999536
314.525328815223;85.2560090800394
314.546941671239;85.4916953120989
314.568554527256;85.6811733817028
314.590167383273;85.8157226049423
314.61178023929;85.9080239467621
314.633393095307;85.9726354975144
314.655005951324;86.0127285502831
314.676618807341;86.017779636136
314.698231663357;85.9834844371856
314.719844519374;85.919625673224
314.741457375391;85.837938380618
314.763070231408;85.7466413351793
314.784683087425;85.6451327857638
314.806295943442;85.5378819223849
314.827908799459;85.4246110994079
314.849521655475;85.3000335606253
314.871134511492;85.1547451409188
314.892747367509;84.9854166107104
314.914360223526;84.7873581416081
314.935973079543;84.5565241309951
314.95758593556;84.2915567934584
314.979198791577;83.9924608604358
315.000811647593;83.6552992666518
315.02242450361;83.272731421586
315.044037359627;82.841458719536
315.065650215644;82.37378697341
315.087263071661;81.9088198876906
315.108875927678;81.4696230049845
315.130488783694;81.0456120651939
315.152101639711;80.6182156459321
315.173714495728;80.1834338474684
315.195327351745;79.7534398419142
315.216940207762;79.3489360679993
315.238553063779;78.9872645080963
315.260165919796;78.6649759761251
315.281778775812;78.3710916783814
315.303391631829;78.0877408692262
315.325004487846;77.8015798150732
315.346617343863;77.5140704190827
315.36823019988;77.2378524890899
315.389843055897;76.9774562879579
315.411455911914;76.7289541950439
315.43306876793;76.4897159374996
315.454681623947;76.2546713746528
315.476294479964;76.0178117314164
315.497907335981;75.7860789475741
315.519520191998;75.5837480739876
315.541133048015;75.4213194243887
315.562745904032;75.2961564518468
315.584358760048;75.2019152618466
315.605971616065;75.1504262349518
315.627584472082;75.1492852122739
315.649197328099;75.194109519755
315.670810184116;75.287658661041
315.692423040133;75.4330636160451
315.71403589615;75.6203712380527
315.735648752166;75.8467435501306
315.757261608183;76.1202179634133
315.7788744642;76.4461898469961
315.800487320217;76.8101067499938
315.822100176234;77.1838495605983
315.843713032251;77.5580303010638
315.865325888267;77.9408148143195
315.886938744284;78.3098792162287
315.908551600301;78.6164229494513
315.930164456318;78.8576783205462
315.951777312335;79.0311834014317
315.973390168352;79.1153254458095
315.995003024369;79.0953965807946
316.016615880385;78.9753028682083
316.038228736402;78.7596672451654
316.059841592419;78.4472629274486
316.081454448436;78.0595529507903
316.103067304453;77.6143773805588
316.12468016047;77.1204256180519
316.146293016487;76.5941133471028
316.167905872503;76.067620558137
316.18951872852;75.559037770012
316.211131584537;75.085347849343
316.232744440554;74.6441321238948
316.254357296571;74.2462856084491
316.275970152588;73.8921656181005
316.297583008605;73.5639758682591
316.319195864621;73.2536046616867
316.340808720638;72.9766450819183
316.362421576655;72.7467870516508
316.384034432672;72.5605315128318
316.405647288689;72.420178823447
316.427260144706;72.3355383720266
316.448873000722;72.2964849125913
316.470485856739;72.2924923760894
316.492098712756;72.3256230993174
316.513711568773;72.3967225425049
316.53532442479;72.5080635301097
316.556937280807;72.658521706688
316.578550136824;72.8486604262886
316.60016299284;73.0754773147406
316.621775848857;73.3215343368437
316.643388704874;73.5720516591086
316.665001560891;73.816980102129
316.686614416908;74.0514012800188
316.708227272925;74.2799296665904
316.729840128942;74.5080095411768
316.751452984958;74.7349374538659
316.773065840975;74.9611911235636
316.794678696992;75.1949810068111
316.816291553009;75.4427000638683
316.837904409026;75.7038041767212
316.859517265043;75.9878013740913
316.88113012106;76.300530578972
316.902742977076;76.6389925966237
316.924355833093;76.9994836038794
316.94596868911;77.3813204354825
316.967581545127;77.7716180258456
316.989194401144;78.1513015074941
317.010807257161;78.5015016082784
317.032420113177;78.7950154687955
317.054032969194;79.0298462972442
317.075645825211;79.2184013934902
317.097258681228;79.3705053531757
317.118871537245;79.4878248788057
317.140484393262;79.5585971847531
317.162097249279;79.5800878617002
317.183710105295;79.5577627593914
317.205322961312;79.490311155795
317.226935817329;79.3801207642527
317.248548673346;79.2409119353953
317.270161529363;79.0820735875181
317.29177438538;78.9001866855357
317.313387241397;78.6803257871854
317.335000097413;78.4092808737132
317.35661295343;78.0875310967719
317.378225809447;77.7307610680419
317.399838665464;77.3528538292589
317.421451521481;76.9600656126434
317.443064377498;76.5605675082652
317.464677233515;76.1484543554846
317.486290089531;75.7171118723769
317.507902945548;75.2715287971437
317.529515801565;74.8221601876552
317.551128657582;74.3764096895248
317.572741513599;73.9308888020184
317.594354369616;73.4831405163742
317.615967225633;73.0547536634601
317.637580081649;72.6627889812211
317.659192937666;72.3060925016968
317.680805793683;71.9832338891315
317.7024186497;71.6949444344185
317.724031505717;71.4422028540103
317.745644361734;71.2336843969143
317.76725721775;71.0831593298231
317.788870073767;70.9877768130569
317.810482929784;70.9475502542872
317.832095785801;70.9652661449662
317.853708641818;71.0191317769051
317.875321497835;71.090623783206
317.896934353852;71.1780776434157
317.918547209868;71.2961605542553
317.940160065885;71.4576239390397
317.961772921902;71.6504496597333
317.983385777919;71.8638349153494
318.004998633936;72.101338166093
318.026611489953;72.3683670875858
318.04822434597;72.6657505118748
318.069837201986;72.9860968457051
318.091450058003;73.3225140520132
318.11306291402;73.6715858858612
318.134675770037;74.0247211097413
318.156288626054;74.3672709357634
318.177901482071;74.6858396498749
318.199514338088;74.966446777329
318.221127194104;75.1926699570937
318.242740050121;75.3627815723717
318.264352906138;75.4696399620461
318.285965762155;75.5123060503689
318.307578618172;75.5020290731282
318.329191474189;75.4435989828144
318.350804330205;75.3465171602023
318.372417186222;75.2242913356388
318.394030042239;75.0942822898027
318.415642898256;74.9571035860463
318.437255754273;74.8128622964151
318.45886861029;74.6930684035145
318.480481466307;74.598803049101
318.502094322323;74.5245507901784
318.52370717834;74.4731425044251
318.545320034357;74.4437980445906
318.566932890374;74.42929632038
318.588545746391;74.4282962313122
318.610158602408;74.4421432319927
318.631771458425;74.46426725496
318.653384314441;74.488553883193
318.674997170458;74.490551609631
318.696610026475;74.4574615151696
318.718222882492;74.3989990275996
318.739835738509;74.3228236825484
318.761448594526;74.2236978365523
318.783061450543;74.108670343113
318.804674306559;73.9788719687838
318.826287162576;73.829507722065
318.847900018593;73.6702293089882
318.86951287461;73.5139743846655
318.891125730627;73.3672158400955
318.912738586644;73.2291322142773
318.93435144266;73.1139346887102
318.955964298677;73.0343953912619
318.977577154694;72.9909467030734
318.999190010711;72.9822775367919
319.020802866728;73.0080995024404
319.042415722745;73.0676430753218
319.064028578762;73.1511632506887
319.085641434778;73.2421522524777
319.107254290795;73.3340758121764
319.128867146812;73.4318160496722
319.150480002829;73.5353439424863
319.172092858846;73.627782870983
319.193705714863;73.695823486464
319.21531857088;73.7385447256652
319.236931426896;73.7583886929736
319.258544282913;73.7542270631096
319.28015713893;73.7256837433648
319.301769994947;73.6803791561037
319.323382850964;73.6326334147531
319.344995706981;73.5898693598276
319.366608562998;73.5559006333365
319.388221419014;73.5436025038536
319.409834275031;73.5668455778644
319.431447131048;73.6237664791812
319.453059987065;73.7059951913906
319.474672843082;73.8136941903422
319.496285699099;73.9550839962486
319.517898555115;74.1355146251416
319.539511411132;74.3516930420665
319.561124267149;74.5888075487957
319.582737123166;74.8322774521092
319.604349979183;75.0732145583345
319.6259628352;75.3097022395042
319.647575691217;75.5418287467438
319.669188547233;75.7615956166007
319.69080140325;75.9524429351158
319.712414259267;76.1083523874484
319.734027115284;76.2226619201847
319.755639971301;76.2878926886986
319.777252827318;76.3057722783385
319.798865683335;76.2807386783935
319.820478539351;76.2143278862989
319.842091395368;76.1064385852051
319.863704251385;75.9594558965946
319.885317107402;75.781697069564
319.906929963419;75.5787183977229
319.928542819436;75.3495070336648
319.950155675452;75.097815581151
319.971768531469;74.8272898578847
319.993381387486;74.5307957393947
320.014994243503;74.2069742635517
320.03660709952;73.8633741233339
320.058219955537;73.50413792507
320.079832811554;73.1272754858148
320.10144566757;72.7371557487538
320.123058523587;72.328652959921
320.144671379604;71.8879509020475
320.166284235621;71.4141721591974
320.187897091638;70.912965139138
320.209509947655;70.4020073231483
320.231122803672;69.8993956847621
320.252735659688;69.4010360109952
320.274348515705;68.8966891981234
320.295961371722;68.3873220580074
320.317574227739;67.8957852040719
320.339187083756;67.4445767918924
320.360799939773;67.0375628235511
320.38241279579;66.6728259715249
320.404025651806;66.3552098698429
320.425638507823;66.085527909625
320.44725136384;65.850418100384
320.468864219857;65.64006091478
320.490477075874;65.4530135625333
320.512089931891;65.2911824413159
320.533702787907;65.1485064864861
320.555315643924;65.0160630363092
320.576928499941;64.8899507784292
320.598541355958;64.7669922138701
320.620154211975;64.6490282848046
320.641767067992;64.5436794796845
320.663379924009;64.4557074065389
320.684992780025;64.3836496110164
320.706605636042;64.3312232150601
320.728218492059;64.3096402219225
320.749831348076;64.3383387926052
320.771444204093;64.4364222678082
320.79305706011;64.6027459529413
320.814669916127;64.8180230788863
320.836282772143;65.0848068231561
320.85789562816;65.4122316725736
320.879508484177;65.7992788772742
320.901121340194;66.2284486570552
320.922734196211;66.6756039761007
320.944347052228;67.1335108102779
320.965959908245;67.6224854990033
320.987572764261;68.1460121874653
321.009185620278;68.6695586948616
321.030798476295;69.1592138388694
321.052411332312;69.5981163112387
321.074024188329;69.9901192143889
321.095637044346;70.3395439762936
321.117249900363;70.6446899054037
321.138862756379;70.901108922248
321.160475612396;71.1101336046294
321.182088468413;71.2685195919911
321.20370132443;71.3546070514328
321.225314180447;71.3602937956545
321.246927036464;71.3141612807976
321.26853989248;71.2265958520855
321.290152748497;71.0929654822315
321.311765604514;70.9169475471842
321.333378460531;70.7054794585841
321.354991316548;70.4628916379218
321.376604172565;70.2013207034658
321.398217028582;69.9347276052731
321.419829884598;69.6706492919496
321.441442740615;69.4129074275355
321.463055596632;69.158560848993
321.484668452649;68.9032105311405
321.506281308666;68.64610783725
321.527894164683;68.387342881967
321.5495070207;68.1178441402881
321.571119876716;67.8249929559393
321.592732732733;67.496089051329
321.61434558875;67.1347379800111
321.635958444767;66.7629707023176
321.657571300784;66.3766465106189
321.679184156801;65.9547668780693
321.700797012818;65.4838770822399
321.722409868834;64.9704340200726
321.744022724851;64.4380275119065
321.765635580868;63.9124785656833
321.787248436885;63.4186580755874
321.808861292902;62.962714857639
321.830474148919;62.5491998664995
321.852087004935;62.1780889260488
321.873699860952;61.848927101896
321.895312716969;61.5920519622373
321.916925572986;61.4174512885975
321.938538429003;61.3202814418643
321.96015128502;61.300001965992
321.981764141037;61.3473258654164
322.003376997053;61.4545040480786
322.02498985307;61.6141357304511
322.046602709087;61.805020130985
322.068215565104;62.0000457832643
322.089828421121;62.1915542213809
322.111441277138;62.3725714786274
322.133054133155;62.5363074973113
322.154666989171;62.6764284357232
322.176279845188;62.7962773981094
322.197892701205;62.8942176718392
322.219505557222;62.9668339298716
322.241118413239;63.0155503157348
322.262731269256;63.0524161618337
322.284344125273;63.0937254684579
322.305956981289;63.1405260308041
322.327569837306;63.1896332137013
322.349182693323;63.2388493770572
322.37079554934;63.2884837673031
322.392408405357;63.3541477935203
322.414021261374;63.4422400853251
322.43563411739;63.5418053467117
322.457246973407;63.647310429032
322.478859829424;63.7514343786154
322.500472685441;63.8487461523954
322.522085541458;63.9282147678345
322.543698397475;63.9869755715165
322.565311253492;64.0276267892404
322.586924109508;64.0494183204952
322.608536965525;64.0486345008596
322.630149821542;64.0254622219127
322.651762677559;63.9893864017639
322.673375533576;63.9448998241417
322.694988389593;63.8932000648832
322.71660124561;63.8357057693356
322.738214101626;63.7723085846389
322.759826957643;63.7063147808696
322.78143981366;63.6469481618432
322.803052669677;63.5961174102685
322.824665525694;63.5508329584175
322.846278381711;63.5057218565667
322.867891237728;63.4560145893663
322.889504093744;63.3963376381745
322.911116949761;63.3188693391795
322.932729805778;63.2273719764462
322.954342661795;63.1233283727458
322.975955517812;62.9975009163867
322.997568373829;62.8487079398767
323.019181229846;62.6884491854969
323.040794085862;62.5224898193772
323.062406941879;62.3458529639937
323.084019797896;62.1547411033064
323.105632653913;61.9518965965726
323.12724550993;61.7513945803947
323.148858365947;61.5662677117466
323.170471221963;61.398346884344
323.19208407798;61.2396433415996
323.213696933997;61.0802280166766
323.235309790014;60.9177144902891
323.256922646031;60.7582480222847
323.278535502048;60.6047563458358
323.300148358065;60.45755076631
323.321761214081;60.3190736922603
323.343374070098;60.1900069073484
323.364986926115;60.0672190091035
323.386599782132;59.9490325595821
323.408212638149;59.8432707770308
323.429825494166;59.7534990532359
323.451438350183;59.6717917959695
323.473051206199;59.5992297057165
323.494664062216;59.5424090748748
323.516276918233;59.5037077879806
323.53788977425;59.4800219212673
323.559502630267;59.4669956630593
323.581115486284;59.4506108909709
323.602728342301;59.4115661365379
323.624341198317;59.3469615359176
323.645954054334;59.2552064558645
323.667566910351;59.1401473859734
323.689179766368;59.0051212667112
323.710792622385;58.8467581895136
323.732405478402;58.6612309418914
323.754018334418;58.4529055459473
323.775631190435;58.2237915078324
323.797244046452;57.970193681689
323.818856902469;57.6822586492365
323.840469758486;57.3609975483186
323.862082614503;57.0261514235364
323.88369547052;56.6884945517703
323.905308326536;56.3421820908977
323.926921182553;55.9798225937883
323.94853403857;55.5963273241921
323.970146894587;55.1864947320988
323.991759750604;54.753024934252
324.013372606621;54.307598164232
324.034985462638;53.8601257684502
324.056598318654;53.4167763742112
324.078211174671;52.9817918502676
324.099824030688;52.5621833135109
324.121436886705;52.1723563629372
324.143049742722;51.8254213271602
324.164662598739;51.5279608644713
324.186275454756;51.2768130336554
324.207888310772;51.0626846518565
324.229501166789;50.8816683091001
324.251114022806;50.7503842067752
324.272726878823;50.6756390832022
324.29433973484;50.649538811016
324.315952590857;50.6674200487693
324.337565446873;50.7192527350563
324.35917830289;50.7956762761919
324.380791158907;50.8938016770927
324.402404014924;51.0136425753489
324.424016870941;51.1502577948991
324.445629726958;51.3021553633268
324.467242582975;51.4680682763965
324.488855438991;51.646500060085
324.510468295008;51.837991153845
324.532081151025;52.0380249148028
324.553694007042;52.2449046060833
324.575306863059;52.4616417124607
324.596919719076;52.6880921370426
324.618532575093;52.9209821520423
324.640145431109;53.1621827505383
324.661758287126;53.4154778781496
324.683371143143;53.6768083150431
324.70498399916;53.9301563758315
324.726596855177;54.1706124128357
324.748209711194;54.4038019349625
324.769822567211;54.6369502029476
324.791435423227;54.8610533414385
324.813048279244;55.0623630892521
324.834661135261;55.231726385324
324.856273991278;55.3593431125712
324.877886847295;55.4391085881655
324.899499703312;55.4665972578093
324.921112559328;55.4330054702156
324.942725415345;55.3267935125836
324.964338271362;55.1319339262518
324.985951127379;54.8327473017749
325.007563983396;54.4235524567831
325.029176839413;53.9128649187215
325.05078969543;53.3293203669685
325.072402551446;52.6984241372152
325.094015407463;52.0221317749988
325.11562826348;51.293032690171
325.137241119497;50.5232078465283
325.158853975514;49.7507791242446
325.180466831531;48.9947747815468
325.202079687548;48.2486871072826
325.223692543564;47.5306809713662
325.245305399581;46.8632532827991
325.266918255598;46.2473342096177
325.288531111615;45.6653584652511
325.310143967632;45.1059137651049
325.331756823649;44.5585488663173
325.353369679665;44.0129062432328
325.374982535682;43.4712848681921
325.396595391699;42.9479557739077
325.418208247716;42.4430049359662
325.439821103733;41.9561672890261
325.46143395975;41.4826927314106
325.483046815767;41.0142180582797
325.504659671783;40.5490778457042
325.5262725278;40.0909805139467
325.547885383817;39.6514700349453
325.569498239834;39.2300820516395
325.591111095851;38.8150393934646
325.612723951868;38.400799032286
325.634336807885;38.0118219166363
325.655949663901;37.666420828221
325.677562519918;37.3540414837534
325.699175375935;37.0715947273469
325.720788231952;36.8258991883997
325.742401087969;36.619376398083
325.764013943986;36.4490258860784
325.785626800003;36.3201995396344
325.807239656019;36.2421993015972
325.828852512036;36.2204478689399
325.850465368053;36.2496293346441
325.87207822407;36.3208494780738
325.893691080087;36.4276672356183
325.915303936104;36.5654631122958
325.93691679212;36.7274688138266
325.958529648137;36.914174733448
325.980142504154;37.1413514319514
326.001755360171;37.4126811690089
326.023368216188;37.7086479518158
326.044981072205;38.0082816887043
326.066593928222;38.3029949047395
326.088206784238;38.5883335323245
326.109819640255;38.8582215439803
326.131432496272;39.102540243507
326.153045352289;39.3135253692353
326.174658208306;39.4943773134222
326.196271064323;39.6509713818039
326.21788392034;39.7858660074133
326.239496776356;39.8954754047232
326.261109632373;39.9765908059896
326.28272248839;40.0340520954994
326.304335344407;40.0785084303235
326.325948200424;40.1164823368985
326.347561056441;40.1503964371974
326.369173912458;40.1811627994732
326.390786768474;40.2043436215655
326.412399624491;40.2161145151637
326.434012480508;40.2156580043525
326.455625336525;40.1986330850762
326.477238192542;40.1513164945075
326.498851048559;40.0604943714316
326.520463904576;39.9379442837252
326.542076760592;39.7967783117535
326.563689616609;39.6365986067418
326.585302472626;39.4531488601433
326.606915328643;39.2503779337903
326.62852818466;39.0422604438266
326.650141040677;38.8304026955702
326.671753896693;38.6100911585654
326.69336675271;38.3830652475603
326.714979608727;38.1498197897041
326.736592464744;37.9086402576428
326.758205320761;37.6553858400609
326.779818176778;37.386137878048
326.801431032795;37.1033321544231
326.823043888811;36.8114891797202
326.844656744828;36.5048932797444
326.866269600845;36.1764628184539
326.887882456862;35.8293149039198
326.909495312879;35.4692009606399
326.931108168896;35.0989551883292
326.952721024913;34.7165786181274
326.974333880929;34.3253044529511
326.995946736946;33.9371695142467
327.017559592963;33.5569604593445
327.03917244898;33.1850059858533
327.060785304997;32.8248658740181
327.082398161014;32.4797803086759
327.104011017031;32.1570640852802
327.125623873047;31.8640133548688
327.147236729064;31.5991537754722
327.168849585081;31.3548549750144
327.190462441098;31.1231594559663
327.212075297115;30.9018289451925
327.233688153132;30.6991610586221
327.255301009148;30.5113845728632
327.276913865165;30.3289000099672
327.298526721182;30.1444717481306
327.320139577199;29.9546118340227
327.341752433216;29.7611334585039
327.363365289233;29.5621904112033
327.38497814525;29.350579076483
327.406591001266;29.1223630905898
327.428203857283;28.8928266589802
327.4498167133;28.6716112394137
327.471429569317;28.4467107057382
327.493042425334;28.2078635899856
327.514655281351;27.9521895968271
327.536268137368;27.6702238664348
327.557880993384;27.3679320397678
327.579493849401;27.0595874904817
327.601106705418;26.740046751981
327.622719561435;26.4105179148564
327.644332417452;26.0827878880837
327.665945273469;25.7638026880177
327.687558129486;25.4499288056551
327.709170985502;25.1437070785988
327.730783841519;24.8593991998752
327.752396697536;24.6063013825636
327.774009553553;24.3744715555245
327.79562240957;24.165880278269
327.817235265587;23.9966164006847
327.838848121603;23.8786077686376
327.86046097762;23.8210033803076
327.882073833637;23.8312020880416
327.903686689654;23.8992945077694
327.925299545671;23.9911052761462
327.946912401688;24.0923058402824
327.968525257705;24.198788190198
327.990138113721;24.3013869009487
328.011750969738;24.3863473770431
328.033363825755;24.4382362050795
328.054976681772;24.4499252786353
328.076589537789;24.4216871492455
328.098202393806;24.3496824368225
328.119815249823;24.2230670289128
328.141428105839;24.0380930024097
328.163040961856;23.8043186454127
328.184653817873;23.5368330281001
328.20626667389;23.2446838610185
328.227879529907;22.9316003517729
328.249492385924;22.6065342086499
328.271105241941;22.2838407772328
328.292718097957;21.9668645514094
328.314330953974;21.6479933345985
328.335943809991;21.3254669985077
328.357556666008;21.0057509796119
328.379169522025;20.6967771198997
328.400782378042;20.39307856071
328.422395234059;20.0965229034743
328.444008090075;19.8044066589968
328.465620946092;19.5111193330378
328.487233802109;19.2182469554209
328.508846658126;18.9314623247148
328.530459514143;18.6411673674257
328.55207237016;18.3339653818127
328.573685226176;18.0309878431448
328.595298082193;17.7641958145074
328.61691093821;17.544617193667
328.638523794227;17.3642586301628
328.660136650244;17.2213749322679
328.681749506261;17.1355465793744
328.703362362278;17.1094003536847
328.724975218294;17.1461772667451
328.746588074311;17.2280144385973
328.768200930328;17.341901008949
328.789813786345;17.4900901612768
328.811426642362;17.6723664944238
328.833039498379;17.880949343027
328.854652354396;18.1095322940577
328.876265210412;18.3454323847412
328.897878066429;18.5799113849982
328.919490922446;18.7937151304334
328.941103778463;18.9694468773261
328.96271663448;19.1097516652195
328.984329490497;19.2167704103811
329.005942346514;19.2883470937019
329.02755520253;19.317566685612
329.049168058547;19.2994608135386
329.070780914564;19.2451935814364
329.092393770581;19.1718776957733
329.114006626598;19.0901467055114
329.135619482615;19.0123837006757
329.157232338631;18.950649263363
329.178845194648;18.9117600942167
329.200458050665;18.8975810301285
329.222070906682;18.9129630356961
329.243683762699;18.9705068828931
329.265296618716;19.0804215036942
329.286909474733;19.2392963337091
329.308522330749;19.4342670274524
329.330135186766;19.6431875616898
329.351748042783;19.8452071711627
329.3733608988;20.0251657642458
329.394973754817;20.1736084853437
329.416586610834;20.2818336170942
329.438199466851;20.3361054880256
329.459812322867;20.3245819493304
329.481425178884;20.2507497950306
329.503038034901;20.1214901743946
329.524650890918;19.9319266881598
329.546263746935;19.6842669330815
329.567876602952;19.3873179725775
329.589489458969;19.0507551047732
329.611102314985;18.6794686151598
329.632715171002;18.2784754908767
329.654328027019;17.8679938290469
329.675940883036;17.4668810415725
329.697553739053;17.0721078703052
329.71916659507;16.6718711349438
329.740779451086;16.2784185442193
329.762392307103;15.929474825606
329.78400516312;15.6389244677047
329.805618019137;15.4042837025757
329.827230875154;15.2255176298116
329.848843731171;15.1004968575852
329.870456587188;15.0246400357802
329.892069443204;14.9957609095316
329.913682299221;15.0144495457613
329.935295155238;15.0845964588868
329.956908011255;15.2129678956004
329.978520867272;15.3987272801281
330.000133723289;15.625063454742
330.021746579306;15.8693985914936
330.043359435322;16.1169503892882
330.064972291339;16.3579733555538
330.086585147356;16.5842327344989
330.108198003373;16.786461705775
330.12981085939;16.9495374632388
330.151423715407;17.0539547419567
330.173036571423;17.0927119651395
330.19464942744;17.0682696205408
330.216262283457;16.9818535998964
330.237875139474;16.8353900699473
330.259487995491;16.6377827529167
330.281100851508;16.3966652796625
330.302713707525;16.1243815662921
330.324326563541;15.8426252328591
330.345939419558;15.5725754536612
330.367552275575;15.3257778515549
330.389165131592;15.1113178136731
330.410777987609;14.9477874506547
330.432390843626;14.8429645851434
330.454003699643;14.7902315582137
330.475616555659;14.7910087125251
330.497229411676;14.8544391041093
330.518842267693;14.9832074374548
330.54045512371;15.1643897250781
330.562067979727;15.3828286116446
330.583680835744;15.6227423927355
330.605293691761;15.8782672400359
330.626906547777;16.1589376419234
330.648519403794;16.4640188621746
330.670132259811;16.7725140672471
330.691745115828;17.0799471921788
330.713357971845;17.3990045241549
330.734970827862;17.7381544406278
330.756583683878;18.091166066054
330.778196539895;18.4513897774205
330.799809395912;18.820730824691
330.821422251929;19.1968793554139
330.843035107946;19.573763538845
330.864647963963;19.9544413794302
330.88626081998;20.341103484939
330.907873675996;20.7255230228213
330.929486532013;21.0904364740202
330.95109938803;21.4211935693119
330.972712244047;21.721729724265
330.994325100064;22.0030238762481
331.015937956081;22.261555055956
331.037550812098;22.483156821612
331.059163668114;22.6545327135208
331.080776524131;22.7642358767128
331.102389380148;22.8131144824957
331.124002236165;22.8097811412222
331.145615092182;22.7560247401244
331.167227948199;22.6535792875805
331.188840804216;22.5118564413725
331.210453660232;22.3370975393567
331.232066516249;22.1413926746923
331.253679372266;21.9424516908305
331.275292228283;21.7573090003595
331.2969050843;21.603280764396
331.318517940317;21.4931867185189
331.340130796333;21.430752748697
331.36174365235;21.4164223336835
331.383356508367;21.4570174329801
331.404969364384;21.5686922762459
331.426582220401;21.7537513080965
331.448195076418;21.997002861256
331.469807932435;22.2996351490393
331.491420788451;22.6643314668065
331.513033644468;23.0692521992401
331.534646500485;23.4946243882255
331.556259356502;23.9328772813459
331.577872212519;24.3663000031925
331.599485068536;24.7513337536369
331.621097924553;25.04009690337
331.642710780569;25.185707057339
331.664323636586;25.1432133660156
331.685936492603;24.8820457561338
331.70754934862;24.3549338327066
331.729162204637;23.5281245835228
331.750775060654;22.403773899781
331.772387916671;21.0099917289268
331.794000772687;19.412414097891
331.815613628704;17.6479791637871
331.837226484721;15.7443388740948
331.858839340738;13.7937211691669
331.880452196755;11.9107559095325
331.902065052772;10.1345503443157
331.923677908789;8.50354308504957
331.945290764805;7.1103510434192
331.966903620822;6.01889619037532
331.988516476839;5.24332897697721
332.010129332856;4.76111252958765
332.031742188873;4.55930208011237
332.05335504489;4.61702152179774
332.074967900906;4.87713928924207
332.096580756923;5.28113134358199
332.11819361294;5.80607681094128
332.139806468957;6.4279576206429
332.161419324974;7.09892805517661
332.183032180991;7.78129260452967
332.204645037008;8.47421908671384
332.226257893024;9.1857675578498
332.247870749041;9.91771821317323
332.269483605058;10.6727790457108
332.291096461075;11.4604118553949
332.312709317092;12.2977882018016
332.334322173109;13.2101396731244
332.355935029126;14.1972979271073
332.377547885142;15.23337715095
332.399160741159;16.3094393630942
332.420773597176;17.4319112954225
332.442386453193;18.612799590197
332.46399930921;19.8560670108925
332.485612165227;21.1233620171743
332.507225021244;22.3738396452409
332.52883787726;23.6021596803058
332.550450733277;24.8587580799431
332.572063589294;26.2326424943338
332.593676445311;27.7404709175429
332.615289301328;29.2702634402844
332.636902157345;30.7585469784575
332.658515013361;32.2227289051757
332.680127869378;33.7244521661105
332.701740725395;35.30392522518
332.723353581412;36.923608777386
332.744966437429;38.5452226288712
332.766579293446;40.1638782165828
332.788192149463;41.8030889525248
332.809805005479;43.4768331513534
332.831417861496;45.172081986521
332.853030717513;46.8191777514967
332.87464357353;48.3434051807032
332.896256429547;49.7559164837697
332.917869285564;51.1233837138513
332.939482141581;52.5217719026756
332.961094997597;54.0070817336565
332.982707853614;55.5574458989627
333.004320709631;57.1344917118738
333.025933565648;58.7686900353618
333.047546421665;60.5438873433106
333.069159277682;62.5082994736663
333.090772133699;64.5733303279556
333.112384989715;66.6730067010879
333.133997845732;68.8468669015815
333.155610701749;71.1238216773053
333.177223557766;73.4691218508656
333.198836413783;75.8336586881248
333.2204492698;78.2128768500923
333.242062125816;80.573827857595
333.263674981833;82.8849311342704
333.28528783785;85.0968094685161
333.306900693867;87.1647731672018
333.328513549884;89.073718974877
333.350126405901;90.8367203289123
333.371739261918;92.4342675952948
333.393352117934;93.8640524567916
333.414964973951;95.1370248324469
333.436577829968;96.2649173785011
333.458190685985;97.2608725571042
333.479803542002;98.170254748647
333.501416398019;99.0513555024688
333.523029254036;99.9569383387015
333.544642110052;100.916876649057
333.566254966069;101.964430527332
333.587867822086;103.148466315027
333.609480678103;104.530221928882
333.63109353412;106.191133377591
333.652706390137;108.138906578194
333.674319246154;110.290802048884
333.69593210217;112.602157098535
333.717544958187;115.093474998511
333.739157814204;117.710474683465
333.760770670221;120.238995795591
333.782383526238;122.555177043533
333.803996382255;124.544558378358
333.825609238272;126.006993468237
333.847222094288;126.746187568133
333.868834950305;126.72124234671
333.890447806322;125.860294412294
333.912060662339;124.013178869325
333.933673518356;121.269297131034
333.955286374373;117.748693504795
333.976899230389;113.482344856125
333.998512086406;108.515780911346
334.020124942423;103.180139014111
334.04173779844;97.9039214570761
334.063350654457;92.9806628584385
334.084963510474;88.5237853682352
334.106576366491;84.5812130559718
334.128189222507;81.2437535371992
334.149802078524;78.640282119005
334.171414934541;77.002102630368
334.193027790558;76.4587483782675
334.214640646575;76.9915694696211
334.236253502592;78.5724278461381
334.257866358609;81.1249209388802
334.279479214625;84.6215875317753
334.301092070642;89.0310597917632
334.322704926659;94.2236018847514
334.344317782676;99.9952077549848
334.365930638693;106.247289673988
334.38754349471;113.00259991323
334.409156350727;120.401020583404
334.430769206743;128.38387323491
334.45238206276;136.62307837033
334.473994918777;144.932243933159
334.495607774794;153.226108724647
334.517220630811;161.509566246771
334.538833486828;169.473748514735
334.560446342844;176.777982706324
334.582059198861;183.153769225395
334.603672054878;188.490315376702
334.625284910895;192.751462224855
334.646897766912;195.81456253888
334.668510622929;197.485258755079
334.690123478946;197.749986533129
334.711736334962;196.731612180289
334.733349190979;194.447024026603
334.754962046996;190.959557138466
334.776574903013;186.369572463872
334.79818775903;181.210234071307
334.819800615047;175.66571865426
334.841413471064;169.844251416166
334.86302632708;164.239813557856
334.884639183097;159.214526716694
334.906252039114;154.874285391661
334.927864895131;151.309003421311
334.949477751148;148.670259140203
334.971090607165;147.017205095361
334.992703463182;146.327783398284
335.014316319198;146.580097728212
335.035929175215;147.716107180702
335.057542031232;149.62746941406
335.079154887249;152.03522485342
335.100767743266;154.737394105681
335.122380599283;157.62128172399
335.143993455299;160.606196896817
335.165606311316;163.653606264791
335.187219167333;166.643457745631
335.20883202335;169.449100254081
335.230444879367;172.069992220145
335.252057735384;174.584749694809
335.273670591401;176.999356540621
335.295283447417;179.293522255926
335.316896303434;181.539699790269
335.338509159451;183.868398783454
335.360122015468;186.427097645908
335.381734871485;189.298523361866
335.403347727502;192.611770258562
335.424960583519;196.566949704744
335.446573439535;201.508056590429
335.468186295552;207.641928051792
335.489799151569;214.912895429489
335.511412007586;223.686585268223
335.533024863603;234.604275888601
335.55463771962;247.78068416158
335.576250575636;263.248594350194
335.597863431653;282.312000327106
335.61947628767;305.739745553323
335.641089143687;333.813980698771
335.662701999704;365.331109662039
335.684314855721;400.632663012836
335.705927711738;442.084625955711
335.727540567754;492.274142713635
335.749153423771;550.571374411266
335.770766279788;616.519279245195
335.792379135805;690.891412904776
335.813991991822;775.908486298972
335.835604847839;871.052439918811
335.857217703856;974.444097690942
335.878830559872;1085.36263246095
335.900443415889;1205.59181958471
335.922056271906;1336.79443670476
335.943669127923;1478.53138700266
335.96528198394;1633.84020580888
335.986894839957;1792.88300985282
336.008507695974;1952.23467000926
336.03012055199;2111.33445316614
336.051733408007;2262.77183342108
336.073346264024;2398.83005327087
336.094959120041;2522.02487809131
336.116571976058;2632.47204396121
336.138184832075;2729.90105404002
336.159797688091;2809.53377840003
336.181410544108;2861.9613309488
336.203023400125;2881.34770518233
336.224636256142;2868.76699547678
336.246249112159;2824.13521285202
336.267861968176;2743.93692477901
336.289474824193;2630.4102323677
336.311087680209;2487.15280384239
336.332700536226;2313.34284456124
336.354313392243;2104.67315987144
336.37592624826;1866.3843680496
336.397539104277;1616.48586235392
336.419151960294;1362.61433158068
336.440764816311;1100.74066740649
336.462377672327;833.743133919149
336.483990528344;568.454483831419
336.505603384361;304.73515525925
336.527216240378;50.2052349558514
336.548829096395;-185.13293742564
336.570441952412;-390.95313270161
336.592054808429;-574.544734016418
336.613667664445;-742.198322652559
336.635280520462;-892.840210248727
336.656893376479;-1023.95695488865
336.678506232496;-1135.80742325457
336.700119088513;-1229.13440841758
336.72173194453;-1306.32886524986
336.743344800547;-1371.5910278032
336.764957656563;-1426.36392378327
336.78657051258;-1472.39512216447
336.808183368597;-1512.97156463807
336.829796224614;-1551.00514018747
336.851409080631;-1588.62681322165
336.873021936648;-1628.30408838778
336.894634792664;-1673.04759286673
336.916247648681;-1725.69531089513
336.937860504698;-1785.68141717007
336.959473360715;-1849.27045984578
336.981086216732;-1915.40552900145
337.002699072749;-1985.30919523489
337.024311928766;-2056.8643437499
337.045924784782;-2126.82799789213
337.067537640799;-2192.00736177057
337.089150496816;-2248.42017145015
337.110763352833;-2292.97302602356
337.13237620885;-2325.990305215
337.153989064867;-2347.134736658
337.175601920884;-2352.99737995115
337.1972147769;-2341.05694798191
337.218827632917;-2311.35831483942
337.240440488934;-2264.15363319371
337.262053344951;-2200.51355859961
337.283666200968;-2122.16067297549
337.305279056985;-2028.96398329312
337.326891913002;-1922.28627466298
337.348504769018;-1806.73962274942
337.370117625035;-1684.36179320456
337.391730481052;-1556.87632229765
337.413343337069;-1429.62160365149
337.434956193086;-1308.50439981023
337.456569049103;-1196.57972965704
337.478181905119;-1092.06130062604
337.499794761136;-992.533389172385
337.521407617153;-897.994080388222
337.54302047317;-810.832948476739
337.564633329187;-731.778466585844
337.586246185204;-659.52757798762
337.607859041221;-592.228803147275
337.629471897237;-531.178016261579
337.651084753254;-478.015816376737
337.672697609271;-432.365411821362
337.694310465288;-392.487872302131
337.715923321305;-356.955136211209
337.737536177322;-324.886901641241
337.759149033339;-296.056199795089
337.780761889355;-270.917261048358
337.802374745372;-249.122437284905
337.823987601389;-229.890279756594
337.845600457406;-212.805677944129
337.867213313423;-197.378133474464
337.88882616944;-183.155190210703
337.910439025457;-169.893990969308
337.932051881473;-157.448653726962
337.95366473749;-145.460213323393
337.975277593507;-133.718922983106
337.996890449524;-122.640499835796
338.018503305541;-112.243215466784
338.040116161558;-102.50891207423
338.061729017574;-93.5106518549264
338.083341873591;-85.4259157407669
338.104954729608;-78.2348739973057
338.126567585625;-71.8383406669299
338.148180441642;-66.3125776571886
338.169793297659;-61.74370374663
338.191406153676;-58.2003717675043
338.213019009692;-55.9835412202458
338.234631865709;-55.2539459368935
338.256244721726;-56.0064653150477
338.277857577743;-58.1422827520772
338.29947043376;-61.5787488781568
338.321083289777;-66.2609595629745
338.342696145794;-71.9812497620767
338.36430900181;-78.4485135568517
338.385921857827;-85.2536984666056
338.407534713844;-92.0192556407162
338.429147569861;-98.411072104897
338.450760425878;-104.180648880494
338.472373281895;-109.20105652099
338.493986137912;-113.342147832338
338.515598993928;-116.501492502121
338.537211849945;-118.699576073114
338.558824705962;-119.955234410441
338.580437561979;-120.254075042872
338.602050417996;-119.616570109537
338.623663274013;-118.20300652493
338.64527613003;-116.205372954445
338.666888986046;-113.783792663877
338.688501842063;-111.063261048156
338.71011469808;-108.206018537106
338.731727554097;-105.382329167195
338.753340410114;-102.673136081041
338.774953266131;-100.069446722447
338.796566122147;-97.5538851725825
338.818178978164;-95.1666244730461
338.839791834181;-92.9956170243172
338.861404690198;-91.0679761759014
338.883017546215;-89.3731083802871
338.904630402232;-87.884244364484
338.926243258249;-86.5448462222145
338.947856114265;-85.2968491756316
338.969468970282;-84.0910389062498
338.991081826299;-82.8912856673551
339.012694682316;-81.6647002042334
339.034307538333;-80.3273730219684
339.05592039435;-78.833458741769
339.077533250367;-77.2627656800023
339.099146106383;-75.6704948625374
339.1207589624;-74.0770894693486
339.142371818417;-72.4867705854101
339.163984674434;-70.8639470311792
339.185597530451;-69.1683497445452
339.207210386468;-67.4252360937464
339.228823242485;-65.712070172312
339.250436098501;-64.0277893925862
339.272048954518;-62.304636658235
339.293661810535;-60.5067163764802
339.315274666552;-58.7276219986877
339.336887522569;-57.0337238413144
339.358500378586;-55.3865360658523
339.380113234602;-53.7493132850431
339.401726090619;-52.1493774768588
339.423338946636;-50.6306817891694
339.444951802653;-49.1851614155038
339.46656465867;-47.8048947085172
339.488177514687;-46.4955961982019
339.509790370704;-45.2787140450887
339.53140322672;-44.1764681417175
339.553016082737;-43.1793393292232
339.574628938754;-42.2596403434563
339.596241794771;-41.3883327840641
339.617854650788;-40.5939668346853
339.639467506805;-39.9318115753011
339.661080362822;-39.3875717030027
339.682693218838;-38.9204403384938
339.704306074855;-38.5015583936372
339.725918930872;-38.1156338291333
339.747531786889;-37.7588138326106
339.769144642906;-37.412204571663
339.790757498923;-37.052755795731
339.81237035494;-36.6752255668285
339.833983210956;-36.2946416072459
339.855596066973;-35.9101160675205
339.87720892299;-35.5099603012732
339.898821779007;-35.0810082225984
339.920434635024;-34.6218556656671
339.942047491041;-34.1452961492803
339.963660347057;-33.6686966864727
339.985273203074;-33.1970878397361
340.006886059091;-32.7128204875923
340.028498915108;-32.2067128718726
340.050111771125;-31.6894700752459
340.071724627142;-31.1587918269404
340.093337483159;-30.6026727811022
340.114950339175;-30.0274535364845
340.136563195192;-29.4551250830372
340.158176051209;-28.8850657942225
340.179788907226;-28.2995353026795
340.201401763243;-27.6933166394604
340.22301461926;-27.1190776507742
340.244627475277;-26.6338343270209
340.266240331293;-26.2579999678516
340.28785318731;-26.0069980358314
340.309466043327;-25.9179282132292
340.331078899344;-26.0494935608284
340.352691755361;-26.4485333532082
340.374304611378;-27.1244978321295
340.395917467395;-28.0668631578485
340.417530323411;-29.303985747994
340.439143179428;-30.8840003602732
340.460756035445;-32.7579444924081
340.482368891462;-34.7110049426857
340.503981747479;-36.6358981880881
340.525594603496;-38.5467211067733
340.547207459512;-40.4977079927332
340.568820315529;-42.4376286233769
340.590433171546;-44.2423472563518
340.612046027563;-45.7903341650202
340.63365888358;-46.9519668367089
340.655271739597;-47.6740396884332
340.676884595614;-48.031579412985
340.69849745163;-48.0797854110458
340.720110307647;-47.7963159563925
340.741723163664;-47.223684905747
340.763336019681;-46.4663369882885
340.784948875698;-45.579231285014
340.806561731715;-44.6075703905927
340.828174587732;-43.5928855801871
340.849787443748;-42.646248780402
340.871400299765;-41.8492126025184
340.893013155782;-41.1603498475253
340.914626011799;-40.5496613875142
340.936238867816;-40.0327080166971
340.957851723833;-39.641393219538
340.979464579849;-39.3784089209374
341.001077435866;-39.2211675684523
341.022690291883;-39.1415588844648
341.0443031479;-39.1149935899696
341.065916003917;-39.1189174670292
341.087528859934;-39.1311125429991
341.109141715951;-39.1312731074781
341.130754571967;-39.1033867106528
341.152367427984;-39.0368927263806
341.173980284001;-38.919148520063
341.195593140018;-38.7489868693489
341.217205996035;-38.5332321441188
341.238818852052;-38.2672657225262
341.260431708069;-37.9383841638489
341.282044564085;-37.5691136560776
341.303657420102;-37.1848588805288
341.325270276119;-36.7933952553352
341.346883132136;-36.4071997024146
341.368495988153;-36.0449334213205
341.39010884417;-35.7018401985875
341.411721700187;-35.368686769895
341.433334556203;-35.057411200642
341.45494741222;-34.7729901574496
341.476560268237;-34.5106146367414
341.498173124254;-34.2698103211482
341.519785980271;-34.0502253094937
341.541398836288;-33.8412342631159
341.563011692304;-33.6334310381378
341.584624548321;-33.415330213564
341.606237404338;-33.1787577042339
341.627850260355;-32.9305595557997
341.649463116372;-32.6703564083472
341.671075972389;-32.3861609202278
341.692688828406;-32.0740556031051
341.714301684422;-31.7464848715311
341.735914540439;-31.4118024545784
341.757527396456;-31.0838716571982
341.779140252473;-30.7819381943139
341.80075310849;-30.5117626596748
341.822365964507;-30.2834458140804
341.843978820524;-30.1009524729592
341.86559167654;-29.9536324423356
341.887204532557;-29.8461210107006
341.908817388574;-29.7901591946889
341.930430244591;-29.7932902099057
341.952043100608;-29.8469592692755
341.973655956625;-29.9414452183732
341.995268812642;-30.0753465355269
342.016881668658;-30.2395408463527
342.038494524675;-30.4236243842533
342.060107380692;-30.6091305641933
342.081720236709;-30.783645330649
342.103333092726;-30.9421274334442
342.124945948743;-31.0818239338746
342.14655880476;-31.1968734724761
342.168171660776;-31.270932613
342.189784516793;-31.2922966455578
342.21139737281;-31.2591948076259
342.233010228827;-31.1721811385244
342.254623084844;-31.039760007856
342.276235940861;-30.8702954982675
342.297848796877;-30.6688521630281
342.319461652894;-30.4350025814651
342.341074508911;-30.1740730163978
342.362687364928;-29.9012478134444
342.384300220945;-29.6254485989211
342.405913076962;-29.3493171872172
342.427525932979;-29.0929795459477
342.449138788995;-28.8914191891113
342.470751645012;-28.7581143234001
342.492364501029;-28.692013566219
342.513977357046;-28.705475715491
342.535590213063;-28.8178826092478
342.55720306908;-29.0168032968046
342.578815925097;-29.2696371066078
342.600428781113;-29.5631056614145
342.62204163713;-29.898222803437
342.643654493147;-30.2506418381336
342.665267349164;-30.5807526624755
342.686880205181;-30.8837873707078
342.708493061198;-31.161951824324
342.730105917215;-31.3982182891739
342.751718773231;-31.574392111947
342.773331629248;-31.6939337829942
342.794944485265;-31.7666167398454
342.816557341282;-31.79658242369
342.838170197299;-31.786617099238
342.859783053316;-31.7528115453454
342.881395909332;-31.7182060378678
342.903008765349;-31.7008766482659
342.924621621366;-31.7114991970188
342.946234477383;-31.7528901838138
342.9678473334;-31.8254754637842
342.989460189417;-31.9347345473285
343.011073045434;-32.087628638501
343.03268590145;-32.2794833932329
343.054298757467;-32.5095807204632
343.075911613484;-32.7778161742088
343.097524469501;-33.0738873280511
343.119137325518;-33.3867864573253
343.140750181535;-33.7083553289875
343.162363037552;-34.0282411043564
343.183975893568;-34.3321273498968
343.205588749585;-34.6101668074754
343.227201605602;-34.8573305808543
343.248814461619;-35.0645850617319
343.270427317636;-35.2256207826126
343.292040173653;-35.3420658488529
343.31365302967;-35.4197842200166
343.335265885686;-35.4538166394193
343.356878741703;-35.4342944157598
343.37849159772;-35.3654983309398
343.400104453737;-35.2616302929939
343.421717309754;-35.1326582317317
343.443330165771;-34.9802557408509
343.464943021787;-34.8010043525075
343.486555877804;-34.5939280786145
343.508168733821;-34.3672109086728
343.529781589838;-34.1298998835492
343.551394445855;-33.8855266430651
343.573007301872;-33.6445669931693
343.594620157889;-33.4178635707444
343.616233013905;-33.2022871938999
343.637845869922;-33.0061763104596
343.659458725939;-32.8410689733118
343.681071581956;-32.7089067432818
343.702684437973;-32.6029909023227
343.72429729399;-32.5120235982141
343.745910150007;-32.4339891696586
343.767523006023;-32.374871353013
343.78913586204;-32.3373992397734
343.810748718057;-32.3147230981146
343.832361574074;-32.2985827693521
343.853974430091;-32.2862063958354
343.875587286108;-32.2768824641197
343.897200142125;-32.2636303267632
343.918812998141;-32.2376455174744
343.940425854158;-32.1933138299754
343.962038710175;-32.1305699313687
343.983651566192;-32.055045686625
344.005264422209;-31.9720293981789
344.026877278226;-31.8819772710686
344.048490134243;-31.7850060333207
344.070102990259;-31.6817612200237
344.091715846276;-31.5737804292588
344.113328702293;-31.466896965657
344.13494155831;-31.3686749696946
344.156554414327;-31.2849436371813
344.178167270344;-31.2194380200257
344.19978012636;-31.173743879433
344.221392982377;-31.1462517659705
344.243005838394;-31.1292905768168
344.264618694411;-31.1186053257802
344.286231550428;-31.1181671115816
344.307844406445;-31.1346544422727
344.329457262462;-31.1679198269527
344.351070118478;-31.2167005234152
344.372682974495;-31.2816833095076
344.394295830512;-31.3638526689993
344.415908686529;-31.4607259384708
344.437521542546;-31.5671139001121
344.459134398563;-31.6764378440924
344.48074725458;-31.7779504397176
344.502360110596;-31.8588106024231
344.523972966613;-31.9156970327916
344.54558582263;-31.9529041026062
344.567198678647;-31.9735783927164
344.588811534664;-31.9801354698342
344.610424390681;-31.9758628375161
344.632037246698;-31.9618726646009
344.653650102714;-31.944524348221
344.675262958731;-31.9355393076726
344.696875814748;-31.9404637694893
344.718488670765;-31.9583105715637
344.740101526782;-31.9875670812043
344.761714382799;-32.0344049219207
344.783327238815;-32.1003162641676
344.804940094832;-32.1783231280826
344.826552950849;-32.261570549276
344.848165806866;-32.3455700246986
344.869778662883;-32.428446011151
344.8913915189;-32.5065365593843
344.913004374917;-32.5861577416015
344.934617230933;-32.6753936519671
344.95623008695;-32.7741173753209
344.977842942967;-32.8682738462222
344.999455798984;-32.9732192288713
345.021068655001;-33.107235625061
345.042681511018;-33.2804085520804
345.064294367035;-33.4787199183451
345.085907223051;-33.6958610599947
345.107520079068;-33.9297032976628
345.129132935085;-34.1845494524208
345.150745791102;-34.4715773595537
345.172358647119;-34.7891734450075
345.193971503136;-35.1255593335052
345.215584359153;-35.4665962956232
345.237197215169;-35.8088802573605
345.258810071186;-36.1573067454917
345.280422927203;-36.5139910134408
345.30203578322;-36.8753600117176
345.323648639237;-37.2344346234772
345.345261495254;-37.5832441680264
345.36687435127;-37.9200829833224
345.388487207287;-38.2565478236173
345.410100063304;-38.5915132389571
345.431712919321;-38.9087556374189
345.453325775338;-39.2008819172266
345.474938631355;-39.4639829298928
345.496551487372;-39.7018960599808
345.518164343388;-39.9178219180324
345.539777199405;-40.1075817174107
345.561390055422;-40.269066969751
345.583002911439;-40.4035424425737
345.604615767456;-40.5112158164691
345.626228623473;-40.5876064209235
345.64784147949;-40.6312763719415
345.669454335506;-40.6395036566457
345.691067191523;-40.6088758546913
345.71268004754;-40.5505771534848
345.734292903557;-40.4784396910566
345.755905759574;-40.3937525651648
345.777518615591;-40.297155271906
345.799131471608;-40.1932753260774
345.820744327624;-40.0860459259408
345.842357183641;-39.9807683174
345.863970039658;-39.8810969269559
345.885582895675;-39.789350819269
345.907195751692;-39.7229120610958
345.928808607709;-39.6857505460737
345.950421463725;-39.6636095551309
345.972034319742;-39.6308423672577
345.993647175759;-39.5854209041208
346.015260031776;-39.5327342560634
346.036872887793;-39.4816023562178
346.05848574381;-39.4346381810352
346.080098599827;-39.3845259897968
346.101711455843;-39.3231487306865
346.12332431186;-39.2501475237859
346.144937167877;-39.1755643702827
346.166550023894;-39.1176919186388
346.188162879911;-39.0839036155296
346.209775735928;-39.0735816808285
346.231388591945;-39.086965411105
346.253001447961;-39.1273575890356
346.274614303978;-39.1996033238848
346.296227159995;-39.306267657608
346.317840016012;-39.4418649018279
346.339452872029;-39.5947778032055
346.361065728046;-39.7577224499788
346.382678584062;-39.9286836158995
346.404291440079;-40.0955632511892
346.425904296096;-40.2401741040524
346.447517152113;-40.3558321901664
346.46913000813;-40.4426372259976
346.490742864147;-40.4993316691505
346.512355720164;-40.5225752969448
346.53396857618;-40.5059315801157
346.555581432197;-40.4441449057678
346.577194288214;-40.342316098611
346.598807144231;-40.2081349184555
346.620420000248;-40.048704497753
346.642032856265;-39.8776954566983
346.663645712282;-39.7004916768863
346.685258568298;-39.5231141210234
346.706871424315;-39.3558625845375
346.728484280332;-39.1995039334589
346.750097136349;-39.0571198021032
346.771709992366;-38.9350771703036
346.793322848383;-38.836289294062
346.8149357044;-38.7622175355038
346.836548560416;-38.7071871858647
346.858161416433;-38.6632634363297
346.87977427245;-38.6230210867684
346.901387128467;-38.5791732428564
346.922999984484;-38.5293011121928
346.944612840501;-38.4659460548441
346.966225696518;-38.3788336548477
346.987838552534;-38.2772441206667
347.009451408551;-38.1781752063789
347.031064264568;-38.0828262035267
347.052677120585;-37.9752823522868
347.074289976602;-37.8450595854402
347.095902832619;-37.6920868573551
347.117515688635;-37.5353333449583
347.139128544652;-37.3927087229842
347.160741400669;-37.2679399378397
347.182354256686;-37.1609470040603
347.203967112703;-37.0684996136049
347.22557996872;-36.9840733795425
347.247192824737;-36.9080245149103
347.268805680753;-36.8473474530814
347.29041853677;-36.8105086425518
347.312031392787;-36.8055171352545
347.333644248804;-36.8377542378697
347.355257104821;-36.9032704170779
347.376869960838;-36.999108615142
347.398482816855;-37.123050459911
347.420095672871;-37.272700090387
347.441708528888;-37.4469983798736
347.463321384905;-37.6387275875168
347.484934240922;-37.8232820751744
347.506547096939;-37.9841159294532
347.528159952956;-38.1215050702373
347.549772808973;-38.2328447724201
347.571385664989;-38.3162065739382
347.592998521006;-38.3730663221138
347.614611377023;-38.402362765347
347.63622423304;-38.408096359209
347.657837089057;-38.3949552094782
347.679449945074;-38.3704983193808
347.70106280109;-38.3435572679702
347.722675657107;-38.3171293479149
347.744288513124;-38.3008018965112
347.765901369141;-38.3187730179424
347.787514225158;-38.3797058239441
347.809127081175;-38.4763546084806
347.830739937192;-38.5953753576168
347.852352793208;-38.7343098607105
347.873965649225;-38.8878253682138
347.895578505242;-39.0523644350345
347.917191361259;-39.2269138301512
347.938804217276;-39.403170244047
347.960417073293;-39.5622421739534
347.98202992931;-39.7001783447142
348.003642785326;-39.8104128449933
348.025255641343;-39.8821019474512
348.04686849736;-39.9129125548774
348.068481353377;-39.9145288391494
348.090094209394;-39.8980155534379
348.111707065411;-39.8588694262957
348.133319921428;-39.7920534155128
348.154932777444;-39.6969308805476
348.176545633461;-39.5762703756154
348.198158489478;-39.4366281957629
348.219771345495;-39.2816979190711
348.241384201512;-39.1081198675148
348.262997057529;-38.9101796252122
348.284609913545;-38.6844614825279
348.306222769562;-38.4316006267937
348.327835625579;-38.1603761183515
348.349448481596;-37.879635549446
348.371061337613;-37.5918644501515
348.39267419363;-37.2914576355032
348.414287049647;-36.9755997494727
348.435899905663;-36.65520243724
348.45751276168;-36.353576568138
348.479125617697;-36.0905725993422
348.500738473714;-35.8682537137574
348.522351329731;-35.6847733661546
348.543964185748;-35.5418554785278
348.565577041765;-35.4463652307225
348.587189897781;-35.406755902525
348.608802753798;-35.423411893533
348.630415609815;-35.4860050385565
348.652028465832;-35.595211654847
348.673641321849;-35.7599937174805
348.695254177866;-35.9747920720786
348.716867033883;-36.2188867886711
348.738479889899;-36.4884652334743
348.760092745916;-36.779892257459
348.781705601933;-37.0851158381259
348.80331845795;-37.3943058404345
348.824931313967;-37.7054069763487
348.846544169984;-38.0108618020014
348.868157026001;-38.2954649458781
348.889769882017;-38.5502461874433
348.911382738034;-38.7719606615514
348.932995594051;-38.9620459552675
348.954608450068;-39.1221630625786
348.976221306085;-39.2564811159522
348.997834162102;-39.3702021135894
349.019447018118;-39.4636231133687
349.041059874135;-39.5301413620868
349.062672730152;-39.5616043965385
349.084285586169;-39.5658078368177
349.105898442186;-39.5483422408937
349.127511298203;-39.5260305309424
349.14912415422;-39.5215356785789
349.170737010236;-39.5409078671106
349.192349866253;-39.5850046349851
349.21396272227;-39.6647963574326
349.235575578287;-39.7965424962696
349.257188434304;-39.9854360557613
349.278801290321;-40.2229385482491
349.300414146338;-40.4980276073672
349.322027002354;-40.7954678465854
349.343639858371;-41.1266501409278
349.365252714388;-41.4966437223031
349.386865570405;-41.8773950497847
349.408478426422;-42.2342357144242
349.430091282439;-42.5626347021696
349.451704138456;-42.8658707855556
349.473316994472;-43.1377813899707
349.494929850489;-43.3718211484392
349.516542706506;-43.5605655808135
349.538155562523;-43.6928670963246
349.55976841854;-43.7719473351421
349.581381274557;-43.81504333262
349.602994130573;-43.8419056164223
349.62460698659;-43.8647003655319
349.646219842607;-43.8963942840289
349.667832698624;-43.9499036790802
349.689445554641;-44.0273056809044
349.711058410658;-44.1275596339227
349.732671266675;-44.2508874381327
349.754284122691;-44.3998914169312
349.775896978708;-44.5624133158717
349.797509834725;-44.7270648032457
349.819122690742;-44.8848553939294
349.840735546759;-45.0262111981302
349.862348402776;-45.1505658239548
349.883961258793;-45.2606604347205
349.905574114809;-45.3552844038445
349.927186970826;-45.4332167008613
349.948799826843;-45.4964483549805
349.97041268286;-45.5458917315946
349.992025538877;-45.5771948680063
350.013638394894;-45.5903059530884
350.035251250911;-45.5853753919534
350.056864106927;-45.5578017514031
350.078476962944;-45.5035348292581
350.100089818961;-45.4222214604835
350.121702674978;-45.3088064625232
350.143315530995;-45.1591751810107
350.164928387012;-44.9753315005568
350.186541243028;-44.7677544758105
350.208154099045;-44.5420737491916
350.229766955062;-44.3019857070396
350.251379811079;-44.0497664727428
350.272992667096;-43.7893927175154
350.294605523113;-43.5275871775761
350.31621837913;-43.2710029273512
350.337831235146;-43.0306253511905
350.359444091163;-42.809954213387
350.38105694718;-42.6011601243538
350.402669803197;-42.4049080129419
350.424282659214;-42.2323977667489
350.445895515231;-42.0887689763157
350.467508371248;-41.9732486223459
350.489121227264;-41.8906215526341
350.510734083281;-41.852684303374
350.532346939298;-41.8501862980887
350.553959795315;-41.8781864559541
350.575572651332;-41.9480956790764
350.597185507349;-42.0778077108426
350.618798363366;-42.2606048228226
350.640411219382;-42.4828485944698
350.662024075399;-42.7387387750623
350.683636931416;-43.0171679106077
350.705249787433;-43.3000343079632
350.72686264345;-43.5735188212396
350.748475499467;-43.8232969796292
350.770088355483;-44.0333527485289
350.7917012115;-44.1883597113074
350.813314067517;-44.2875820596222
350.834926923534;-44.3280987179212
350.856539779551;-44.3028310231413
350.878152635568;-44.2072766180258
350.899765491585;-44.0509374177839
350.921378347601;-43.8489817027002
350.942991203618;-43.610671652033
350.964604059635;-43.3372332758022
350.986216915652;-43.0358848407229
351.007829771669;-42.7490318577932
351.029442627686;-42.506619556459
351.051055483703;-42.3000898927695
351.072668339719;-42.1192298906365
351.094281195736;-41.9602723095011
351.115894051753;-41.8300153711485
351.13750690777;-41.7314603181586
351.159119763787;-41.6687086497969
351.180732619804;-41.6396223435552
351.20234547582;-41.6320211880657
351.223958331837;-41.6290327545006
351.245571187854;-41.6210855059277
351.267184043871;-41.6215542188949
351.288796899888;-41.648028711737
351.310409755905;-41.6889063411983
351.332022611922;-41.7270686187882
351.353635467938;-41.7619814159935
351.375248323955;-41.8038906711543
351.396861179972;-41.8555571282028
351.418474035989;-41.9049661122811
351.440086892006;-41.945832963255
351.461699748023;-41.9792684137017
351.48331260404;-42.0095649279153
351.504925460056;-42.0421308055608
351.526538316073;-42.0715039402524
351.54815117209;-42.0854985716452
351.569764028107;-42.0847107201241
351.591376884124;-42.0730943593002
351.612989740141;-42.0469942990024
351.634602596158;-42.0070436719693
351.656215452174;-41.9647025860067
351.677828308191;-41.9266066961742
351.699441164208;-41.8909081025749
351.721054020225;-41.8621396190775
351.742666876242;-41.8450060176903
351.764279732259;-41.8326519225655
351.785892588275;-41.8231503382944
351.807505444292;-41.8189219253541
351.829118300309;-41.8188522057392
351.850731156326;-41.8160250889479
351.872344012343;-41.8049313658233
351.89395686836;-41.7810433001031
351.915569724377;-41.7458784657349
351.937182580393;-41.6974474295904
351.95879543641;-41.6249904899333
351.980408292427;-41.5175492231577
352.002021148444;-41.3713530344629
352.023634004461;-41.2071627316841
352.045246860478;-41.0403668604953
352.066859716495;-40.8639463788408
352.088472572511;-40.6972095181189
352.110085428528;-40.5691120225378
352.131698284545;-40.4841284542942
352.153311140562;-40.4441294330211
352.174923996579;-40.4594221549033
352.196536852596;-40.5420697456206
352.218149708613;-40.693427828521
352.239762564629;-40.9067731548035
352.261375420646;-41.179599765141
352.282988276663;-41.5113423460548
352.30460113268;-41.891119637018
352.326213988697;-42.3004436293796
352.347826844714;-42.7180772645191
352.369439700731;-43.1239857099926
352.391052556747;-43.5016714414907
352.412665412764;-43.8441398464064
352.434278268781;-44.1477221553499
352.455891124798;-44.4013352301744
352.477503980815;-44.5929052532585
352.499116836832;-44.716912886451
352.520729692848;-44.7657278430112
352.542342548865;-44.733732845517
352.563955404882;-44.6269736404874
352.585568260899;-44.4578136060134
352.607181116916;-44.2318460859405
352.628793972933;-43.9689757091048
352.65040682895;-43.6983566598663
352.672019684966;-43.4466949253159
352.693632540983;-43.2253790857439
352.715245397;-43.0341908488249
352.736858253017;-42.8675016406594
352.758471109034;-42.721323304804
352.780083965051;-42.5956782341032
352.801696821068;-42.484928373638
352.823309677084;-42.3810461091942
352.844922533101;-42.2759823814657
352.866535389118;-42.1620025982672
352.888148245135;-42.0395958391098
352.909761101152;-41.9134531638778
352.931373957169;-41.7761078770088
352.952986813186;-41.6240029690666
352.974599669202;-41.4669682760164
352.996212525219;-41.3213725235319
353.017825381236;-41.1838610992343
353.039438237253;-41.0421033330109
353.06105109327;-40.8909419705967
353.082663949287;-40.7331030398732
353.104276805303;-40.5744058388105
353.12588966132;-40.4178920029676
353.147502517337;-40.2639344574608
353.169115373354;-40.1033878670496
353.190728229371;-39.9254074050399
353.212341085388;-39.7275823873204
353.233953941405;-39.5108101460286
353.255566797421;-39.283510858089
353.277179653438;-39.0633533063531
353.298792509455;-38.8447139244474
353.320405365472;-38.6276347830101
353.342018221489;-38.4194830353721
353.363631077506;-38.2266449046084
353.385243933523;-38.05984227293
353.406856789539;-37.9279803438885
353.428469645556;-37.8364153739982
353.450082501573;-37.7816353462108
353.47169535759;-37.7613399637788
353.493308213607;-37.7760113897836
353.514921069624;-37.8271678430873
353.536533925641;-37.9173742294365
353.558146781657;-38.0495768005397
353.579759637674;-38.2369955873945
353.601372493691;-38.4853966976075
353.622985349708;-38.7505956402545
353.644598205725;-39.0082740587187
353.666211061742;-39.27251001169
353.687823917758;-39.5609707714676
353.709436773775;-39.8810193637958
353.731049629792;-40.2316989653257
353.752662485809;-40.6024040069644
353.774275341826;-40.9791967716725
353.795888197843;-41.3566738629326
353.81750105386;-41.7265934707894
353.839113909876;-42.0960454415535
353.860726765893;-42.4770065481409
353.88233962191;-42.852130608234
353.903952477927;-43.1917650895721
353.925565333944;-43.5030883327468
353.947178189961;-43.8006244527064
353.968791045978;-44.0772369976898
353.990403901994;-44.319494885472
354.012016758011;-44.5237817888561
354.033629614028;-44.6926162356852
354.055242470045;-44.8260949037893
354.076855326062;-44.9367977079378
354.098468182079;-45.0415467711107
354.120081038096;-45.1490292515642
354.141693894112;-45.2338904743866
354.163306750129;-45.2830714649745
354.184919606146;-45.2966566619439
354.206532462163;-45.2909967214925
354.22814531818;-45.2767790412679
354.249758174197;-45.2606857847234
354.271371030214;-45.2372535396334
354.29298388623;-45.1993688004363
354.314596742247;-45.1388888268605
354.336209598264;-45.0492053382895
354.357822454281;-44.9263920023287
354.379435310298;-44.793139656568
354.401048166315;-44.6560673117784
354.422661022331;-44.5107191912977
354.444273878348;-44.3545077147295
354.465886734365;-44.187705980861
354.487499590382;-44.0259829586359
354.509112446399;-43.8821420113026
354.530725302416;-43.7569727636598
354.552338158433;-43.6500090980701
354.573951014449;-43.5636827764042
354.595563870466;-43.5032721859265
354.617176726483;-43.4757773444451
354.6387895825;-43.497386540298
354.660402438517;-43.5695199883323
354.682015294534;-43.6919730024336
354.703628150551;-43.8617724138711
354.725241006567;-44.0719425865394
354.746853862584;-44.3185559270479
354.768466718601;-44.5982011302322
354.790079574618;-44.9089243201119
354.811692430635;-45.2275717557451
354.833305286652;-45.5290931482804
354.854918142669;-45.8046800340894
354.876530998685;-46.0500729751946
354.898143854702;-46.2631953554136
354.919756710719;-46.4358006074557
354.941369566736;-46.5626451112736
354.962982422753;-46.6484948482422
354.98459527877;-46.6942947701058
355.006208134786;-46.7058090346736
355.027820990803;-46.6964688945238
355.04943384682;-46.6756261863457
355.071046702837;-46.6519020896826
355.092659558854;-46.632267909167
355.114272414871;-46.6212215139427
355.135885270888;-46.626276726101
355.157498126904;-46.6505993244806
355.179110982921;-46.6900886433251
355.200723838938;-46.7516135786668
355.222336694955;-46.8382572218534
355.243949550972;-46.9536465108878
355.265562406989;-47.0990013978866
355.287175263006;-47.2716143604425
355.308788119022;-47.4678749267329
355.330400975039;-47.6848979941344
355.352013831056;-47.9236079719391
355.373626687073;-48.1780071667372
355.39523954309;-48.4292692756922
355.416852399107;-48.6668730499951
355.438465255124;-48.8911072865103
355.46007811114;-49.1019099469126
355.481690967157;-49.2858057743494
355.503303823174;-49.427675585438
355.524916679191;-49.5242022284594
355.546529535208;-49.5806127146874
355.568142391225;-49.5964123547365
355.589755247241;-49.5678624688721
355.611368103258;-49.4981276961482
355.632980959275;-49.3910885656207
355.654593815292;-49.2471772509804
355.676206671309;-49.0771411282624
355.697819527326;-48.8982339819539
355.719432383343;-48.714279220827
355.741045239359;-48.5238095062022
355.762658095376;-48.3355956329045
355.784270951393;-48.1620875945407
355.80588380741;-48.0013237068098
355.827496663427;-47.8519718884007
355.849109519444;-47.7191059485316
355.870722375461;-47.6184600774735
355.892335231477;-47.5562837491341
355.913948087494;-47.5250450517932
355.935560943511;-47.5200357789548
355.957173799528;-47.5401684317881
355.978786655545;-47.5861819812152
356.000399511562;-47.6542210878619
356.022012367579;-47.7386438297301
356.043625223595;-47.834124312574
356.065238079612;-47.9323671547282
356.086850935629;-48.0277659638866
356.108463791646;-48.1160135617244
356.130076647663;-48.187503226226
356.15168950368;-48.2216213427323
356.173302359696;-48.204361001672
356.194915215713;-48.1426586017728
356.21652807173;-48.0390391175115
356.238140927747;-47.8980424027108
356.259753783764;-47.7181448360252
356.281366639781;-47.503033504699
356.302979495798;-47.2590051297734
356.324592351814;-46.9962247354031
356.346205207831;-46.7300067897255
356.367818063848;-46.477153115431
356.389430919865;-46.2510490711127
356.411043775882;-46.0547504596814
356.432656631899;-45.8823188015213
356.454269487916;-45.7318102050455
356.475882343932;-45.6160844028478
356.497495199949;-45.5550175187893
356.519108055966;-45.5509084447311
356.540720911983;-45.5916181829569
356.562333768;-45.6610783103105
356.583946624017;-45.7273935914478
356.605559480033;-45.7716687864745
356.62717233605;-45.7940705977581
356.648785192067;-45.7898794052956
356.670398048084;-45.7455933363994
356.692010904101;-45.6401865030151
356.713623760118;-45.4606755510769
356.735236616135;-45.226991786605
356.756849472151;-44.9547974302699
356.778462328168;-44.6364848606153
356.800075184185;-44.2711527681948
356.821688040202;-43.8658092354346
356.843300896219;-43.4436534355521
356.864913752236;-43.0281320204034
356.886526608253;-42.6283772448761
356.908139464269;-42.2543600223397
356.929752320286;-41.9206658472139
356.951365176303;-41.6381220226833
356.97297803232;-41.4111931398705
356.994590888337;-41.2434183897991
357.016203744354;-41.1352598403127
357.037816600371;-41.0824610457211
357.059429456387;-41.079228344764
357.081042312404;-41.116851926969
357.102655168421;-41.1791824279548
357.124268024438;-41.2506849975515
357.145880880455;-41.3194649977048
357.167493736472;-41.3711846265212
357.189106592489;-41.3908117651983
357.210719448505;-41.3692858626274
357.232332304522;-41.3017996204172
357.253945160539;-41.1901374080921
357.275558016556;-41.0450434709557
357.297170872573;-40.8757591183499
357.31878372859;-40.6832804518741
357.340396584606;-40.4693021751403
357.362009440623;-40.2436883844375
357.38362229664;-40.0165759185058
357.405235152657;-39.7946667023095
357.426848008674;-39.5974957764797
357.448460864691;-39.4392418629504
357.470073720708;-39.3127513366963
357.491686576724;-39.2123245665561
357.513299432741;-39.1398855932115
357.534912288758;-39.0995112696217
357.556525144775;-39.0890905994032
357.578138000792;-39.0993225080784
357.599750856809;-39.122713106202
357.621363712826;-39.1603805977642
357.642976568842;-39.2215056643007
357.664589424859;-39.3146501440991
357.686202280876;-39.4428634262299
357.707815136893;-39.612096883063
357.72942799291;-39.8149999231924
357.751040848927;-40.0499428541011
357.772653704944;-40.3191714603542
357.79426656096;-40.6196308444824
357.815879416977;-40.9505394818452
357.837492272994;-41.3187511628608
357.859105129011;-41.7346939166722
357.880717985028;-42.2054680623469
357.902330841045;-42.6940608351433
357.923943697061;-43.1630853157637
357.945556553078;-43.6147216398555
357.967169409095;-44.0630150393514
357.988782265112;-44.5167501503185
358.010395121129;-44.9691915567021
358.032007977146;-45.4235921140894
358.053620833163;-45.872716204991
358.075233689179;-46.2962592185211
358.096846545196;-46.6834327157297
358.118459401213;-47.0333678811068
358.14007225723;-47.3457712884851
358.161685113247;-47.6129071763691
358.183297969264;-47.8178462690513
358.204910825281;-47.9436965051639
358.226523681297;-47.9944158584732
358.248136537314;-47.9889525332314
358.269749393331;-47.9324342998769
358.291362249348;-47.8079267729323
358.312975105365;-47.6053319412806
358.334587961382;-47.3329618886536
358.356200817399;-47.0050713984668
358.377813673415;-46.6349926507075
358.399426529432;-46.2311796417185
358.421039385449;-45.8049276005639
358.442652241466;-45.3591126240341
358.464265097483;-44.9164759328852
358.4858779535;-44.4739395291548
358.507490809516;-44.0002150385151
358.529103665533;-43.4957525002035
358.55071652155;-43.0039397896303
358.572329377567;-42.5380040628565
358.593942233584;-42.08870364032
358.615555089601;-41.6580826748944
358.637167945618;-41.2431680552539
358.658780801634;-40.8428923659509
358.680393657651;-40.4599670539422
358.702006513668;-40.0936942193946
358.723619369685;-39.7411734787867
358.745232225702;-39.3946455777175
358.766845081719;-39.0356164290708
358.788457937736;-38.6703059029976
358.810070793752;-38.3498246475156
358.831683649769;-38.0691357835523
358.853296505786;-37.797770582231
358.874909361803;-37.5209453892453
358.89652221782;-37.2383336154019
358.918135073837;-36.9526192607278
358.939747929854;-36.6735254008533
358.96136078587;-36.3992830301944
358.982973641887;-36.1204594917299
359.004586497904;-35.8410640497872
359.026199353921;-35.5664428324201
359.047812209938;-35.3023654815599
359.069425065955;-35.0648423915012
359.091037921972;-34.8661669294052
359.112650777988;-34.7176766671417
359.134263634005;-34.6383414695096
359.155876490022;-34.6331902226279
359.177489346039;-34.7024488252595
359.199102202056;-34.8484079974376
359.220715058073;-35.0829508755281
359.242327914089;-35.4004575163183
359.263940770106;-35.8054072626455
359.285553626123;-36.2953085151281
359.30716648214;-36.873855282134
359.328779338157;-37.5283454499732
359.350392194174;-38.2328395204741
359.372005050191;-38.9977758353892
359.393617906207;-39.8286558122791
359.415230762224;-40.683513436691
359.436843618241;-41.5035431860357
359.458456474258;-42.2615493296848
359.480069330275;-42.9797472839486
359.501682186292;-43.6438777169173
359.523295042309;-44.2190398136549
359.544907898325;-44.7278285974842
359.566520754342;-45.1737821219211
359.588133610359;-45.5252890505406
359.609746466376;-45.7648502220911
359.631359322393;-45.9207920427988
359.65297217841;-46.0078955592814
359.674585034427;-46.0256580190151
359.696197890443;-45.9717744993519
359.71781074646;-45.8605261275109
359.739423602477;-45.7082036212142
359.761036458494;-45.529690269176
359.782649314511;-45.3310694637471
359.804262170528;-45.1106172769714
359.825875026544;-44.8724546480461
359.847487882561;-44.6267166897191
359.869100738578;-44.3789593492214
359.890713594595;-44.1292772637093
359.912326450612;-43.8839615724455
359.933939306629;-43.6631365372216
359.955552162646;-43.4711210514961
359.977165018662;-43.3085750706054
359.998777874679;-43.1788543345764
360.020390730696;-43.0667331186552
360.042003586713;-42.953476899156
360.06361644273;-42.8363827149781
360.085229298747;-42.720002978401
360.106842154764;-42.609320395758
360.12845501078;-42.5117433160865
360.150067866797;-42.4251475212199
360.171680722814;-42.3472677747706
360.193293578831;-42.2795817002094
360.214906434848;-42.2275651407088
360.236519290865;-42.1978215331351
360.258132146882;-42.1980527893943
360.279745002898;-42.2328496296936
360.301357858915;-42.2997608818398
360.322970714932;-42.391757475026
360.344583570949;-42.5024374849529
360.366196426966;-42.6253509904067
360.387809282983;-42.7519245424445
360.409422138999;-42.8766454294895
360.431034995016;-42.9963789206132
360.452647851033;-43.1122187555706
360.47426070705;-43.2259930725109
360.495873563067;-43.332356187092
360.517486419084;-43.4259960902517
360.539099275101;-43.5126538665467
360.560712131117;-43.6128101055342
360.582324987134;-43.745040610127
360.603937843151;-43.9110893848049
360.625550699168;-44.1090346378222
360.647163555185;-44.3456298971373
360.668776411202;-44.6206405764052
360.690389267219;-44.9309642334354
360.712002123235;-45.280604229812
360.733614979252;-45.6646510343496
360.755227835269;-46.0675536992505
360.776840691286;-46.4794879992447
360.798453547303;-46.898372709386
360.82006640332;-47.3226552452002
360.841679259337;-47.7406552021459
360.863292115353;-48.1314773007922
360.88490497137;-48.47216178109
360.906517827387;-48.7682405531638
360.928130683404;-49.0331622479812
360.949743539421;-49.2495613656175
360.971356395438;-49.4134146050727
360.992969251454;-49.533156459516
361.014582107471;-49.6196466572937
361.036194963488;-49.678772519869
361.057807819505;-49.7123735568754
361.079420675522;-49.7253207225474
361.101033531539;-49.7197609346465
361.122646387556;-49.6918208538559
361.144259243572;-49.6461892071944
361.165872099589;-49.5889131741351
361.187484955606;-49.5135002928813
361.209097811623;-49.4062876917984
361.23071066764;-49.2657764449222
361.252323523657;-49.0930026956089
361.273936379674;-48.8931986164135
361.29554923569;-48.6822878525295
361.317162091707;-48.4635289002265
361.338774947724;-48.2354433041093
361.360387803741;-48.0014333148882
361.382000659758;-47.7696346904104
361.403613515775;-47.5525992844621
361.425226371792;-47.3616809487629
361.446839227808;-47.1979562072498
361.468452083825;-47.0534499674876
361.490064939842;-46.9226254231487
361.511677795859;-46.8230180045644
361.533290651876;-46.7634456566607
361.554903507893;-46.7296975245372
361.576516363909;-46.7012969513839
361.598129219926;-46.6633824847248
361.619742075943;-46.6128747813866
361.64135493196;-46.5485221757854
361.662967787977;-46.4700660668511
361.684580643994;-46.375143711958
361.706193500011;-46.2584077208242
361.727806356027;-46.1187531241066
361.749419212044;-45.9551580700126
361.771032068061;-45.7732809223698
361.792644924078;-45.5933880961162
361.814257780095;-45.4313622541064
361.835870636112;-45.2997297856794
361.857483492129;-45.2091600422914
361.879096348145;-45.1613015198254
361.900709204162;-45.1609666240957
361.922322060179;-45.2219901096015
361.943934916196;-45.3567574375861
361.965547772213;-45.5635883460295
361.98716062823;-45.8370635277812
362.008773484246;-46.1808662231034
362.030386340263;-46.5946850746311
362.05199919628;-47.0681615351021
362.073612052297;-47.5801635795034
362.095224908314;-48.121560956616
362.116837764331;-48.6887335799044
362.138450620348;-49.2607502654621
362.160063476364;-49.7965399390479
362.181676332381;-50.2767828767343
362.203289188398;-50.6850050462413
362.224902044415;-51.0157474734226
362.246514900432;-51.2693409191567
362.268127756449;-51.445899543527
362.289740612466;-51.5457172364169
362.311353468482;-51.5618571747684
362.332966324499;-51.5013729698457
362.354579180516;-51.3783258522603
362.376192036533;-51.2023423505034
362.39780489255;-50.9843748709995
362.419417748567;-50.7299444547945
362.441030604584;-50.4405971442525
362.4626434606;-50.1263756700859
362.484256316617;-49.8111869669777
362.505869172634;-49.5114860222409
362.527482028651;-49.223101676204
362.549094884668;-48.9373243910574
362.570707740685;-48.6636041271989
362.592320596701;-48.410414756964
362.613933452718;-48.1818300783791
362.635546308735;-47.9789918452811
362.657159164752;-47.8103494780331
362.678772020769;-47.6796641363401
362.700384876786;-47.5762326953629
362.721997732803;-47.4959513145672
362.743610588819;-47.4517530865929
362.765223444836;-47.4455242169186
362.786836300853;-47.4681869063193
362.80844915687;-47.5086354952693
362.830062012887;-47.5589972760314
362.851674868904;-47.6051131380269
362.873287724921;-47.6332564760705
362.894900580937;-47.638101145662
362.916513436954;-47.6223240035303
362.938126292971;-47.5813100324102
362.959739148988;-47.5070632567133
362.981352005005;-47.4184114758568
