Name;ESR_BC_1_29min_Y_gon_80dg_result

Recipe
Accumulations;5;Number of accumulations
RetryCount;0;Number of retries on error
AbortOnError;True;Abort on error
EnableQFactorMeasurement;False;Enable/Disable q-Factor measurement
Bfrom;313;B from
Bto;363;B to
SweepTime;60;Sweep time
Modulation;0.2;Modulation
ModulationFreq;100;Modulation
BHoldEnabled;False;B hold enabled
BHold;0;B hold
MicrowavePower;2;Microwave power
MarkerEnabled;False;
MarkerStartField;0;
MarkerEndField;0;
Mode;;
KineticGFact;0;
KineticTotalTransientTime;0;
KineticTimeResolution;0;
TempFrom;5;
TempUseSlope;False;
TempTo;5;
TempdT;1;
TempSetupTime;0;
GonFrom;0;
GonTo;180;
GonSteps;20;
XRayEnabled;False;
XRayTime;3;
XRayVoltage;40;
XRayCurrent;0.5;
UVEnabled;False;
UVIntensity;0;
UVTime;0;
UVLeadTime;0;
UVWavelength;0;
PowSweepFrom;1;
PowSweepTo;5;
PowSweepSteps;5;
AmpModSweepFrom;0;
AmpModSweepTo;1;
AmpModSweepSteps;10;
ExtTriggerEnabled;False;
ExtTrigLeadTime;0;
ExtTrigOnTime;5;

Meas
BField [mT];MW_Absorption []
313.014987258911;165.417798752122
313.036612598105;164.488563930379
313.0582379373;163.503010755604
313.079863276494;162.464271327259
313.101488615688;161.374915432138
313.123113954883;160.21666108488
313.144739294077;159.003228079503
313.166364633271;157.77631564621
313.187989972466;156.548821543629
313.20961531166;155.333892940469
313.231240650854;154.171841768354
313.252865990048;153.091250487666
313.274491329243;152.088893127448
313.296116668437;151.164356738533
313.317742007631;150.339127803673
313.339367346826;149.645719472315
313.36099268602;149.101248966817
313.382618025214;148.709721663117
313.404243364408;148.459941380657
313.425868703603;148.330101790768
313.447494042797;148.319419133083
313.469119381991;148.441828342545
313.490744721186;148.669345219007
313.51237006038;148.967872633099
313.533995399574;149.307526200984
313.555620738768;149.663830442701
313.577246077963;150.025406224537
313.598871417157;150.368017207884
313.620496756351;150.649076261994
313.642122095546;150.836691091138
313.66374743474;150.919763401058
313.685372773934;150.912098975243
313.706998113129;150.826166303518
313.728623452323;150.656370393857
313.750248791517;150.399340050211
313.771874130711;150.069372090572
313.793499469906;149.680867536001
313.8151248091;149.228429931322
313.836750148294;148.719332616931
313.858375487489;148.170538402693
313.880000826683;147.603446644855
313.901626165877;147.009436161632
313.923251505072;146.391705910051
313.944876844266;145.784376236898
313.96650218346;145.193326491113
313.988127522654;144.604980243441
314.009752861849;144.028087274305
314.031378201043;143.484977100683
314.053003540237;142.99164241885
314.074628879432;142.552939721835
314.096254218626;142.18121824757
314.11787955782;141.888916271749
314.139504897014;141.6711098612
314.161130236209;141.512886823349
314.182755575403;141.401311149174
314.204380914597;141.327228002029
314.226006253792;141.293477071683
314.247631592986;141.297010660527
314.26925693218;141.33220220216
314.290882271374;141.394761218273
314.312507610569;141.481682179796
314.334132949763;141.5993122252
314.355758288957;141.74841226161
314.377383628152;141.928395933337
314.399008967346;142.142344152546
314.42063430654;142.381986457527
314.442259645735;142.63407405628
314.463884984929;142.886319580074
314.485510324123;143.1285311463
314.507135663317;143.346696969775
314.528761002512;143.529434722658
314.550386341706;143.674707895652
314.5720116809;143.778565336381
314.593637020095;143.833087229615
314.615262359289;143.832690185254
314.636887698483;143.784405288235
314.658513037677;143.699560791715
314.680138376872;143.579639393656
314.701763716066;143.433096209105
314.72338905526;143.280041814855
314.745014394455;143.143254680494
314.766639733649;143.021350455514
314.788265072843;142.887426772182
314.809890412038;142.743984872331
314.831515751232;142.603716319544
314.853141090426;142.461140321591
314.87476642962;142.315934023312
314.896391768815;142.174283957182
314.918017108009;142.031992766632
314.939642447203;141.87693813139
314.961267786398;141.70115818355
314.982893125592;141.509705082479
315.004518464786;141.311531225253
315.02614380398;141.10520770599
315.047769143175;140.884190281403
315.069394482369;140.644613881577
315.091019821563;140.396718476529
315.112645160758;140.157173128141
315.134270499952;139.932420659387
315.155895839146;139.72109917986
315.177521178341;139.525622050564
315.199146517535;139.358610846418
315.220771856729;139.231843736383
315.242397195923;139.145820934269
315.264022535118;139.095838071387
315.285647874312;139.074176626467
315.307273213506;139.087168160918
315.328898552701;139.136850237773
315.350523891895;139.223403838389
315.372149231089;139.342191442714
315.393774570283;139.483025473692
315.415399909478;139.642672258055
315.437025248672;139.812580344572
315.458650587866;139.987862068276
315.480275927061;140.166041776965
315.501901266255;140.340382559439
315.523526605449;140.503409630887
315.545151944644;140.648652136439
315.566777283838;140.768710387669
315.588402623032;140.865112999702
315.610027962226;140.952206788907
315.631653301421;141.038401038741
315.653278640615;141.117987778317
315.674903979809;141.192994499387
315.696529319004;141.286392302512
315.718154658198;141.390256034657
315.739779997392;141.491081014013
315.761405336586;141.591936323283
315.783030675781;141.697612650914
315.804656014975;141.802606665166
315.826281354169;141.897831699181
315.847906693364;141.981700520106
315.869532032558;142.047980499989
315.891157371752;142.088657498362
315.912782710946;142.104510648448
315.934408050141;142.101280626918
315.956033389335;142.083286731594
315.977658728529;142.051593584681
315.999284067724;142.009575588771
316.020909406918;141.961870245175
316.042534746112;141.900399453642
316.064160085307;141.819925838734
316.085785424501;141.72371140277
316.107410763695;141.621332437769
316.129036102889;141.513225380185
316.150661442084;141.405683730223
316.172286781278;141.303599266501
316.193912120472;141.208760060806
316.215537459667;141.121577479926
316.237162798861;141.045101392056
316.258788138055;140.986991588734
316.28041347725;140.938847218424
316.302038816444;140.892718055012
316.323664155638;140.849489302748
316.345289494832;140.815066548995
316.366914834027;140.789024771776
316.388540173221;140.765732715978
316.410165512415;140.742782995297
316.43179085161;140.719183338509
316.453416190804;140.699096036955
316.475041529998;140.677403792416
316.496666869192;140.641236320563
316.518292208387;140.57733698989
316.539917547581;140.477799456281
316.561542886775;140.349541480489
316.58316822597;140.203761564088
316.604793565164;140.035184051078
316.626418904358;139.823977782351
316.648044243552;139.579552576913
316.669669582747;139.329992641993
316.691294921941;139.074531321715
316.712920261135;138.81314650987
316.73454560033;138.546180736925
316.756170939524;138.284915849432
316.777796278718;138.040137532915
316.799421617913;137.820724825147
316.821046957107;137.628613657167
316.842672296301;137.465597500232
316.864297635495;137.332450437991
316.88592297469;137.227128801517
316.907548313884;137.146042672178
316.929173653078;137.086629080126
316.950798992273;137.046232779602
316.972424331467;137.025285090368
316.994049670661;137.026714425921
317.015675009856;137.050849132606
317.03730034905;137.086815147198
317.058925688244;137.128023894302
317.080551027438;137.1806135827
317.102176366633;137.250512582312
317.123801705827;137.336730122937
317.145427045021;137.426267960099
317.167052384216;137.506902815121
317.18867772341;137.579750870888
317.210303062604;137.645952617834
317.231928401798;137.697841926681
317.253553740993;137.708573593728
317.275179080187;137.657454408617
317.296804419381;137.55115699952
317.318429758576;137.39947433452
317.34005509777;137.201532354197
317.361680436964;136.963633581875
317.383305776158;136.714103685683
317.404931115353;136.465024911964
317.426556454547;136.222187497583
317.448181793741;135.997201701275
317.469807132936;135.792894608425
317.49143247213;135.613413522414
317.513057811324;135.469410163914
317.534683150519;135.372270151236
317.556308489713;135.318962841397
317.577933828907;135.304538117292
317.599559168101;135.323860243752
317.621184507296;135.360613133747
317.64280984649;135.399889947908
317.664435185684;135.431009827389
317.686060524879;135.445267423024
317.707685864073;135.435416067908
317.729311203267;135.397445435538
317.750936542461;135.327550099486
317.772561881656;135.234128019487
317.79418722085;135.132461312084
317.815812560044;135.014009872095
317.837437899239;134.871181158149
317.859063238433;134.705462121271
317.880688577627;134.522614709385
317.902313916822;134.338320956543
317.923939256016;134.166806013171
317.94556459521;134.007801272646
317.967189934404;133.85518415641
317.988815273599;133.703658943957
318.010440612793;133.556030562278
318.032065951987;133.416112189788
318.053691291182;133.280018023734
318.075316630376;133.140445526374
318.09694196957;132.995399805479
318.118567308764;132.859723789507
318.140192647959;132.746004948228
318.161817987153;132.659060312341
318.183443326347;132.604358283502
318.205068665542;132.587929105585
318.226694004736;132.608986199901
318.24831934393;132.674003683087
318.269944683124;132.788375755399
318.291570022319;132.940102257236
318.313195361513;133.115345504494
318.334820700707;133.307657388484
318.356446039902;133.51867373148
318.378071379096;133.75286826265
318.39969671829;134.001718503159
318.421322057485;134.239945306463
318.442947396679;134.445762135308
318.464572735873;134.606939732621
318.486198075067;134.713502376567
318.507823414262;134.764415921944
318.529448753456;134.760173092494
318.55107409265;134.694297850769
318.572699431845;134.562444859102
318.594324771039;134.373362607016
318.615950110233;134.135701477668
318.637575449428;133.844410442
318.659200788622;133.491693502258
318.680826127816;133.094844382205
318.70245146701;132.68310482819
318.724076806205;132.267700858274
318.745702145399;131.849126905577
318.767327484593;131.440334547934
318.788952823788;131.079732802014
318.810578162982;130.762949890317
318.832203502176;130.478477696391
318.85382884137;130.237227826084
318.875454180565;130.043158904137
318.897079519759;129.872345383694
318.918704858953;129.701466773181
318.940330198148;129.534923625637
318.961955537342;129.378655156761
318.983580876536;129.216287485967
319.00520621573;129.033130856579
319.026831554925;128.820797096913
319.048456894119;128.573577615279
319.070082233313;128.285592453418
319.091707572508;127.965659782898
319.113332911702;127.633412495101
319.134958250896;127.301534555859
319.156583590091;126.960446085834
319.178208929285;126.606640601628
319.199834268479;126.249431920108
319.221459607673;125.906752560432
319.243084946868;125.596484500743
319.264710286062;125.318777436705
319.286335625256;125.056660823907
319.307960964451;124.802394169506
319.329586303645;124.575664278016
319.351211642839;124.384539151478
319.372836982034;124.218164406885
319.394462321228;124.071202650521
319.416087660422;123.948202423801
319.437712999616;123.864748040656
319.459338338811;123.82375298306
319.480963678005;123.823777420802
319.502589017199;123.876903516192
319.524214356394;123.983961964594
319.545839695588;124.130328968369
319.567465034782;124.307046619416
319.589090373976;124.512926562231
319.610715713171;124.738475955503
319.632341052365;124.964767854012
319.653966391559;125.17978345199
319.675591730754;125.383610473248
319.697217069948;125.568577326916
319.718842409142;125.715287245518
319.740467748336;125.819719987549
319.762093087531;125.884775052514
319.783718426725;125.896762243423
319.805343765919;125.849097186677
319.826969105114;125.750791988875
319.848594444308;125.609082791284
319.870219783502;125.417927236343
319.891845122697;125.172528979278
319.913470461891;124.888153123603
319.935095801085;124.580795842925
319.956721140279;124.248762032135
319.978346479474;123.901604167717
319.999971818668;123.563628802538
320.021597157862;123.248545829471
320.043222497057;122.951036810454
320.064847836251;122.659807331077
320.086473175445;122.374981313271
320.108098514639;122.105834113912
320.129723853834;121.851230836505
320.151349193028;121.610476580734
320.172974532222;121.398185364872
320.194599871417;121.210745553888
320.216225210611;121.041810312859
320.237850549805;120.896245212286
320.259475889;120.784722696698
320.281101228194;120.706800620479
320.302726567388;120.643545933744
320.324351906582;120.585920675326
320.345977245777;120.538451434278
320.367602584971;120.511817636521
320.389227924165;120.507976294053
320.41085326336;120.523458571928
320.432478602554;120.550742517587
320.454103941748;120.585283693022
320.475729280942;120.620494905247
320.497354620137;120.646208440193
320.518979959331;120.664994804576
320.540605298525;120.6809157808
320.56223063772;120.686255205504
320.583855976914;120.66903212226
320.605481316108;120.620034581973
320.627106655303;120.543547144713
320.648731994497;120.4558209599
320.670357333691;120.367041404942
320.691982672885;120.276719849099
320.71360801208;120.176066039357
320.735233351274;120.060466931677
320.756858690468;119.929844432122
320.778484029663;119.788260643363
320.800109368857;119.642130802184
320.821734708051;119.494098010506
320.843360047245;119.343762486209
320.86498538644;119.188287766387
320.886610725634;119.029143500377
320.908236064828;118.880084709239
320.929861404023;118.756615055211
320.951486743217;118.664073570848
320.973112082411;118.602582690913
320.994737421606;118.578169290283
321.0163627608;118.597206467244
321.037988099994;118.663857782353
321.059613439188;118.773880369214
321.081238778383;118.922280790671
321.102864117577;119.111659551417
321.124489456771;119.34340506515
321.146114795966;119.594329075524
321.16774013516;119.850424237167
321.189365474354;120.108140354168
321.210990813548;120.3497181563
321.232616152743;120.561443455505
321.254241491937;120.743313619607
321.275866831131;120.897291625889
321.297492170326;121.018954108739
321.31911750952;121.098197676581
321.340742848714;121.123418040972
321.362368187908;121.092008852404
321.383993527103;121.02067181584
321.405618866297;120.933153355573
321.427244205491;120.832827264042
321.448869544686;120.716653614365
321.47049488388;120.587692532832
321.492120223074;120.45511947593
321.513745562269;120.331637021821
321.535370901463;120.225540847586
321.556996240657;120.137810531679
321.578621579851;120.065685634057
321.600246919046;120.007238008049
321.62187225824;119.962590489482
321.643497597434;119.937486965446
321.665122936629;119.923798700581
321.686748275823;119.909478420366
321.708373615017;119.899082488594
321.729998954212;119.894193768827
321.751624293406;119.884148057266
321.7732496326;119.864585097809
321.794874971794;119.834627044866
321.816500310989;119.787985733864
321.838125650183;119.719339796339
321.859750989377;119.62415168726
321.881376328572;119.492985301947
321.903001667766;119.310530345575
321.92462700696;119.074857180317
321.946252346154;118.801910957327
321.967877685349;118.499924763101
321.989503024543;118.169333146749
322.011128363737;117.803694741605
322.032753702932;117.396920975383
322.054379042126;116.946866491821
322.07600438132;116.461216016973
322.097629720514;115.961667711371
322.119255059709;115.474676809956
322.140880398903;115.014697467092
322.162505738097;114.584232250028
322.184131077292;114.191948702996
322.205756416486;113.837869662454
322.22738175568;113.520438538236
322.249007094875;113.260580354687
322.270632434069;113.08332409192
322.292257773263;112.978691571111
322.313883112457;112.927179480304
322.335508451652;112.932268401215
322.357133790846;112.991665397912
322.37875913004;113.090463014852
322.400384469235;113.216167699956
322.422009808429;113.357228059341
322.443635147623;113.499802324697
322.465260486818;113.626480667632
322.486885826012;113.722230645185
322.508511165206;113.779285738824
322.5301365044;113.789689585139
322.551761843595;113.740270004943
322.573387182789;113.625121196928
322.595012521983;113.447192050299
322.616637861178;113.208154844679
322.638263200372;112.916437195042
322.659888539566;112.597643923329
322.68151387876;112.270814924416
322.703139217955;111.945974820226
322.724764557149;111.633648534135
322.746389896343;111.342712054596
322.768015235538;111.075127579075
322.789640574732;110.831182424159
322.811265913926;110.614248937371
322.83289125312;110.429760049527
322.854516592315;110.282561884096
322.876141931509;110.173337185792
322.897767270703;110.102225430655
322.919392609898;110.057462559947
322.941017949092;110.032858443872
322.962643288286;110.029907243798
322.984268627481;110.041636703911
323.005893966675;110.058260676441
323.027519305869;110.080618641375
323.049144645063;110.107772927623
323.070769984258;110.128069233288
323.092395323452;110.12054682582
323.114020662646;110.078243108688
323.135646001841;110.012588705613
323.157271341035;109.921184421665
323.178896680229;109.803660455601
323.200522019423;109.670834600766
323.222147358618;109.529625357581
323.243772697812;109.377829359448
323.265398037006;109.208513468791
323.287023376201;109.014408319383
323.308648715395;108.803048946092
323.330274054589;108.592914922961
323.351899393784;108.397007292804
323.373524732978;108.213109285356
323.395150072172;108.037668517013
323.416775411366;107.868114396731
323.438400750561;107.70192937185
323.460026089755;107.543627904856
323.481651428949;107.395548860755
323.503276768144;107.259736691212
323.524902107338;107.135491936545
323.546527446532;107.014551302065
323.568152785726;106.892322027668
323.589778124921;106.769954328996
323.611403464115;106.647011214508
323.633028803309;106.510775063443
323.654654142504;106.351637546084
323.676279481698;106.16743908416
323.697904820892;105.953936792733
323.719530160086;105.701853867669
323.741155499281;105.409741838774
323.762780838475;105.085091823768
323.784406177669;104.735698945147
323.806031516864;104.357021457387
323.827656856058;103.938980128507
323.849282195252;103.498947447262
323.870907534447;103.06393609113
323.892532873641;102.644067862667
323.914158212835;102.23916423608
323.935783552029;101.84332181497
323.957408891224;101.449539602242
323.979034230418;101.061190188377
324.000659569612;100.695825840772
324.022284908807;100.366254891322
324.043910248001;100.05607304403
324.065535587195;99.7391179819305
324.08716092639;99.4171487155464
324.108786265584;99.1068233493191
324.130411604778;98.8082962974498
324.152036943972;98.5132210691676
324.173662283167;98.2249774275694
324.195287622361;97.9464089786946
324.216912961555;97.6731584042542
324.23853830075;97.4116958725401
324.260163639944;97.1730226934959
324.281788979138;96.9625288843912
324.303414318332;96.7841827250087
324.325039657527;96.6312498878946
324.346664996721;96.4877994647395
324.368290335915;96.3508320305556
324.38991567511;96.2381147002234
324.411541014304;96.1515639829312
324.433166353498;96.0821779394458
324.454791692692;96.0242161609691
324.476417031887;95.9719277649471
324.498042371081;95.9124593089297
324.519667710275;95.8272978770424
324.54129304947;95.7040828938992
324.562918388664;95.5521234040024
324.584543727858;95.3663448891938
324.606169067053;95.1362310297575
324.627794406247;94.8579146688496
324.649419745441;94.5349856956195
324.671045084635;94.1717729938899
324.69267042383;93.7691459750388
324.714295763024;93.337441526895
324.735921102218;92.8958065974702
324.757546441413;92.4533142026386
324.779171780607;92.0022862689061
324.800797119801;91.5400366797282
324.822422458996;91.0814900086434
324.84404779819;90.627871231744
324.865673137384;90.1743919117206
324.887298476578;89.719849367356
324.908923815773;89.2529113115048
324.930549154967;88.7780302002834
324.952174494161;88.3136214345859
324.973799833356;87.8585974944922
324.99542517255;87.4001840766507
325.017050511744;86.9271807816164
325.038675850938;86.428292234895
325.060301190133;85.9109643732704
325.081926529327;85.4094800812202
325.103551868521;84.9356210843316
325.125177207716;84.4854068380946
325.14680254691;84.0531829115594
325.168427886104;83.6493687189436
325.190053225298;83.2843354949527
325.211678564493;82.9508456650681
325.233303903687;82.6215535620249
325.254929242881;82.2798416428978
325.276554582076;81.9260519495883
325.29817992127;81.5781531705454
325.319805260464;81.2449542957027
325.341430599659;80.906319008279
325.363055938853;80.5439689031292
325.384681278047;80.1660598297317
325.406306617241;79.7822497064148
325.427931956436;79.3912391574036
325.44955729563;78.9845331682329
325.471182634824;78.5514261326448
325.492807974019;78.090615925518
325.514433313213;77.6114635222024
325.536058652407;77.115773465457
325.557683991601;76.5908139187887
325.579309330796;76.0163338611868
325.60093466999;75.3628949410188
325.622560009184;74.611438326318
325.644185348379;73.8045594538791
325.665810687573;72.9912411639623
325.687436026767;72.171964286462
325.709061365962;71.3158183542076
325.730686705156;70.4172607822407
325.75231204435;69.5060399047031
325.773937383544;68.6405555280847
325.795562722739;67.8389670676308
325.817188061933;67.0874095926295
325.838813401127;66.3658870192768
325.860438740322;65.67221390065
325.882064079516;65.0159522055168
325.90368941871;64.418147828891
325.925314757904;63.882525943942
325.946940097099;63.3867456722059
325.968565436293;62.9193040505819
325.990190775487;62.4851131123146
326.011816114682;62.0821350914808
326.033441453876;61.6953535191192
326.05506679307;61.3035910795374
326.076692132265;60.9009500930152
326.098317471459;60.4923949917376
326.119942810653;60.0802011856041
326.141568149847;59.6572369076101
326.163193489042;59.2160966204732
326.184818828236;58.7580274234296
326.20644416743;58.300231767753
326.228069506625;57.8524988012296
326.249694845819;57.4163758060214
326.271320185013;56.9939497701637
326.292945524207;56.591386621628
326.314570863402;56.2188779676661
326.336196202596;55.8640860420715
326.35782154179;55.5132391710385
326.379446880985;55.1667662332603
326.401072220179;54.8274993414869
326.422697559373;54.484549035705
326.444322898568;54.116919779346
326.465948237762;53.7089842958776
326.487573576956;53.258155375772
326.50919891615;52.7691158366287
326.530824255345;52.2420785492208
326.552449594539;51.6679786965227
326.574074933733;51.050379568913
326.595700272928;50.3924327339719
326.617325612122;49.712166525728
326.638950951316;49.0396404104207
326.66057629051;48.3684030809928
326.682201629705;47.6783277795481
326.703826968899;46.9818659247867
326.725452308093;46.3024309301077
326.747077647288;45.6367389308831
326.768702986482;44.9786204095182
326.790328325676;44.3412473698205
326.81195366487;43.7373986622217
326.833579004065;43.1687249088901
326.855204343259;42.6390206484127
326.876829682453;42.1544744870232
326.898455021648;41.7172248870362
326.920080360842;41.3236689551633
326.941705700036;40.961683944775
326.963331039231;40.6253764323671
326.984956378425;40.313751151806
327.006581717619;40.0317508325744
327.028207056813;39.7680339680991
327.049832396008;39.5116522931703
327.071457735202;39.2510216652279
327.093083074396;38.9745111688828
327.114708413591;38.6708094205076
327.136333752785;38.3389050329652
327.157959091979;37.9864482479816
327.179584431174;37.6234975207673
327.201209770368;37.2500325737514
327.222835109562;36.8634994808836
327.244460448756;36.4723536124491
327.266085787951;36.0882581285213
327.287711127145;35.7068735925721
327.309336466339;35.3203145036032
327.330961805534;34.9266423510386
327.352587144728;34.5266271557104
327.374212483922;34.1330290290082
327.395837823116;33.7393645600035
327.417463162311;33.3258066151441
327.439088501505;32.8896167214684
327.460713840699;32.4375775782459
327.482339179894;31.965541144094
327.503964519088;31.474691763554
327.525589858282;30.9675030075214
327.547215197476;30.433752276994
327.568840536671;29.8801713455173
327.590465875865;29.3119235089091
327.612091215059;28.720320234959
327.633716554254;28.1150793058537
327.655341893448;27.5218594865201
327.676967232642;26.9488856933617
327.698592571837;26.3971861662902
327.720217911031;25.8582803238927
327.741843250225;25.3300849311467
327.763468589419;24.8188770151569
327.785093928614;24.3326463366546
327.806719267808;23.8554313839938
327.828344607002;23.3739583214246
327.849969946197;22.9183429496739
327.871595285391;22.5063096076638
327.893220624585;22.1084814578111
327.91484596378;21.7155789500578
327.936471302974;21.3397045909187
327.958096642168;20.9832616635034
327.979721981362;20.6576328540127
328.001347320557;20.3695497631119
328.022972659751;20.1256506953387
328.044597998945;19.9337369823679
328.06622333814;19.7949604204836
328.087848677334;19.7037240048074
328.109474016528;19.6520391254266
328.131099355722;19.6368285026363
328.152724694917;19.6386637739012
328.174350034111;19.6418366039237
328.195975373305;19.6401656644522
328.2176007125;19.6302765180215
328.239226051694;19.6039350595997
328.260851390888;19.5565823938937
328.282476730082;19.4882635583085
328.304102069277;19.397174697349
328.325727408471;19.2815968985434
328.347352747665;19.144214171916
328.36897808686;18.9945336043866
328.390603426054;18.8474798831728
328.412228765248;18.7123405595574
328.433854104443;18.5929698169055
328.455479443637;18.4918556570744
328.477104782831;18.4099710560287
328.498730122025;18.3394681348317
328.52035546122;18.2709869340272
328.541980800414;18.1981265478925
328.563606139608;18.1189854266194
328.585231478803;18.0319497741101
328.606856817997;17.9339699995942
328.628482157191;17.8232968311252
328.650107496385;17.6952997184752
328.67173283558;17.5377870221605
328.693358174774;17.3403930987519
328.714983513968;17.10200234492
328.736608853163;16.8260249663888
328.758234192357;16.5313962507137
328.779859531551;16.23366717816
328.801484870746;15.9393702509222
328.82311020994;15.6347713870838
328.844735549134;15.312180079652
328.866360888328;14.9937002041551
328.887986227523;14.7054766132423
328.909611566717;14.4369370221206
328.931236905911;14.1736131764179
328.952862245106;13.9190543390073
328.9744875843;13.6751748333064
328.996112923494;13.4298216665347
329.017738262688;13.1728867513247
329.039363601883;12.9067343568141
329.060988941077;12.6370618411442
329.082614280271;12.352769863167
329.104239619466;12.044199529676
329.12586495866;11.7186337060342
329.147490297854;11.3843588141984
329.169115637049;11.0358828916703
329.190740976243;10.6744490887421
329.212366315437;10.306547035486
329.233991654631;9.93651148227013
329.255616993826;9.56490056204626
329.27724233302;9.20118651009432
329.298867672214;8.86360386865212
329.320493011409;8.56736962371005
329.342118350603;8.31500522647445
329.363743689797;8.10111030603869
329.385369028991;7.91931402344977
329.406994368186;7.75928746952314
329.42861970738;7.61506392271582
329.450245046574;7.48713749688594
329.471870385769;7.37528607475954
329.493495724963;7.27746398585487
329.515121064157;7.18569856848777
329.536746403352;7.08810033516195
329.558371742546;6.98892689360801
329.57999708174;6.90020657809364
329.601622420934;6.82252783007365
329.623247760129;6.74983742340734
329.644873099323;6.67365442308247
329.666498438517;6.58595318493244
329.688123777712;6.48325291626375
329.709749116906;6.37205659192844
329.7313744561;6.25841157227737
329.752999795294;6.13666153367666
329.774625134489;6.00032675227763
329.796250473683;5.85027684997047
329.817875812877;5.69399156617285
329.839501152072;5.54041924348832
329.861126491266;5.40695564759193
329.88275183046;5.30590210388712
329.904377169654;5.23807301826247
329.926002508849;5.20036475937516
329.947627848043;5.19329496390111
329.969253187237;5.21747439368204
329.990878526432;5.27270265719355
330.012503865626;5.35574363557092
330.03412920482;5.45823945883757
330.055754544015;5.57977771737976
330.077379883209;5.71947665150535
330.099005222403;5.86792422583841
330.120630561597;6.01697463563877
330.142255900792;6.16961743617941
330.163881239986;6.33380275609059
330.18550657918;6.50502657433526
330.207131918375;6.67302899409586
330.228757257569;6.83294359669759
330.250382596763;6.98259551738838
330.272007935958;7.12144038820796
330.293633275152;7.25151197840279
330.315258614346;7.37694490924821
330.33688395354;7.49869683930399
330.358509292735;7.61008047620078
330.380134631929;7.70700589622865
330.401759971123;7.797573339856
330.423385310318;7.89445151036574
330.445010649512;7.99974119341147
330.466635988706;8.09880986552744
330.4882613279;8.17996632252098
330.509886667095;8.2390986411894
330.531512006289;8.27904071189317
330.553137345483;8.30173318665447
330.574762684678;8.29836630668103
330.596388023872;8.25092925849739
330.618013363066;8.15154123634062
330.63963870226;8.01531775733164
330.661264041455;7.85256889914405
330.682889380649;7.66453364586599
330.704514719843;7.45587539137341
330.726140059038;7.25051914609134
330.747765398232;7.07166175281816
330.769390737426;6.92806548810799
330.791016076621;6.82524773157789
330.812641415815;6.76763408447269
330.834266755009;6.74946909934144
330.855892094203;6.7591944349895
330.877517433398;6.78764225144562
330.899142772592;6.82699799512756
330.920768111786;6.86660724026768
330.942393450981;6.89430324760625
330.964018790175;6.90132261811564
330.985644129369;6.88249134406101
331.007269468563;6.83384910931255
331.028894807758;6.74778168110188
331.050520146952;6.61955995275864
331.072145486146;6.44792824014053
331.093770825341;6.24498864709821
331.115396164535;6.02613069861272
331.137021503729;5.78965151297271
331.158646842924;5.5372197363013
331.180272182118;5.27619232121128
331.201897521312;5.02172835773152
331.223522860506;4.78294589756538
331.245148199701;4.5589897629572
331.266773538895;4.35100838252993
331.288398878089;4.16631275133651
331.310024217284;4.01037422406168
331.331649556478;3.88647644846796
331.353274895672;3.79811493302603
331.374900234866;3.7512492714616
331.396525574061;3.74989817184897
331.418150913255;3.78685823876125
331.439776252449;3.84945093737656
331.461401591644;3.93035095533625
331.483026930838;4.02581347181035
331.504652270032;4.13374569025018
331.526277609227;4.25675975295519
331.547902948421;4.39950862242986
331.569528287615;4.55755325363151
331.591153626809;4.71998426908516
331.612778966004;4.88409108774061
331.634404305198;5.06127307958621
331.656029644392;5.24198445077212
331.677654983587;5.41182831541568
331.699280322781;5.58850532087624
331.720905661975;5.79929600299684
331.742531001169;6.06178313891226
331.764156340364;6.34015638342208
331.785781679558;6.60748742962568
331.807407018752;6.86523869537012
331.829032357947;7.13549073250786
331.850657697141;7.4145720201912
331.872283036335;7.67116244873455
331.89390837553;7.85063032976558
331.915533714724;7.90406838033664
331.937159053918;7.77923899261836
331.958784393112;7.47332550243624
331.980409732307;6.98667946762777
332.002035071501;6.2987520861999
332.023660410695;5.37602444418806
332.04528574989;4.16328191164365
332.066911089084;2.73110827494287
332.088536428278;1.16142126016101
332.110161767472;-0.470681550067155
332.131787106667;-2.10915818120506
332.153412445861;-3.74454232275792
332.175037785055;-5.34104895476429
332.19666312425;-6.77432222010137
332.218288463444;-7.95222156840885
332.239913802638;-8.87056055857408
332.261539141832;-9.52914101590363
332.283164481027;-9.93385564325405
332.304789820221;-10.1102534207059
332.326415159415;-10.0804596408747
332.34804049861;-9.86358864209947
332.369665837804;-9.49145741580779
332.391291176998;-9.00078609696794
332.412916516193;-8.44166975740271
332.434541855387;-7.84978328680776
332.456167194581;-7.23852261429704
332.477792533775;-6.61743603240626
332.49941787297;-5.99631498852
332.521043212164;-5.38054209355553
332.542668551358;-4.74798265245818
332.564293890553;-4.07820603876232
332.585919229747;-3.37232906896821
332.607544568941;-2.65673985707619
332.629169908136;-1.91897484935228
332.65079524733;-1.12975390444547
332.672420586524;-0.270432562597421
332.694045925718;0.630590046594648
332.715671264913;1.55729160815073
332.737296604107;2.51329373193076
332.758921943301;3.48543550092049
332.780547282496;4.47625739143751
332.80217262169;5.53901720742698
332.823797960884;6.72463777542828
332.845423300078;7.94289130515
332.867048639273;9.16007784401782
332.888673978467;10.4270724887421
332.910299317661;11.6814971568075
332.931924656856;12.8562511303364
332.95354999605;13.9918455431802
332.975175335244;15.1531217629404
332.996800674438;16.3489132596458
333.018426013633;17.5307042547006
333.040051352827;18.6619958488332
333.061676692021;19.7711981293774
333.083302031216;20.8803370362224
333.10492737041;21.9545291737689
333.126552709604;22.9736437971331
333.148178048799;23.9688381102136
333.169803387993;24.9608976420382
333.191428727187;25.9510048154751
333.213054066381;26.9405362856374
333.234679405576;27.9473366600151
333.25630474477;29.0248004123913
333.277930083964;30.2014380626949
333.299555423159;31.4741103905463
333.321180762353;32.8256573204669
333.342806101547;34.2499810997742
333.364431440742;35.7361180113656
333.386056779936;37.2457665490008
333.40768211913;38.7616056720246
333.429307458324;40.2988978096596
333.450932797519;41.8796653168268
333.472558136713;43.5173024114626
333.494183475907;45.1539411756128
333.515808815102;46.7087535292651
333.537434154296;48.1515799210253
333.55905949349;49.4838855849967
333.580684832684;50.689408615248
333.602310171879;51.7556026979145
333.623935511073;52.6665267396699
333.645560850267;53.4267838381339
333.667186189462;54.0609449783014
333.688811528656;54.5841346536798
333.71043686785;55.0144079439353
333.732062207044;55.3843967853448
333.753687546239;55.7352259868924
333.775312885433;56.1088001534297
333.796938224627;56.5522089757468
333.818563563822;57.1301928952277
333.840188903016;57.8595900882014
333.86181424221;58.7950755639087
333.883439581405;59.9961290434914
333.905064920599;61.478873774729
333.926690259793;63.1948217782112
333.948315598987;65.0765728568405
333.969940938182;67.0532449898326
333.991566277376;69.1037841256443
334.01319161657;71.2062428615435
334.034816955765;73.2412719097471
334.056442294959;75.0530874137087
334.078067634153;76.4167553861694
334.099692973347;77.2068758261519
334.121318312542;77.3829465044294
334.142943651736;76.8651557071643
334.16456899093;75.5854176086174
334.186194330125;73.5032138839565
334.207819669319;70.8058327545399
334.229445008513;67.5848811254292
334.251070347708;63.974174465763
334.272695686902;60.0929900009803
334.294321026096;55.9947464565277
334.31594636529;51.8965292542802
334.337571704485;48.1655748828255
334.359197043679;45.0478257109438
334.380822382873;42.6688731109615
334.402447722068;41.0246618782299
334.424073061262;40.1418379263667
334.445698400456;40.0607361599577
334.46732373965;40.8215863336222
334.488949078845;42.435597349278
334.510574418039;44.8917648264949
334.532199757233;48.0960229194074
334.553825096428;51.8670971022265
334.575450435622;56.091987427091
334.597075774816;60.8529454099365
334.618701114011;66.1502057112229
334.640326453205;71.914956033489
334.661951792399;78.0504025244988
334.683577131593;84.4470431446955
334.705202470788;91.0619203647265
334.726827809982;97.7925907362788
334.748453149176;104.451237283028
334.770078488371;111.034081237161
334.791703827565;117.402385117818
334.813329166759;123.282865869333
334.834954505953;128.565825463708
334.856579845148;133.232805863782
334.878205184342;137.204152680051
334.899830523536;140.384706654453
334.921455862731;142.679881141932
334.943081201925;143.940572414127
334.964706541119;144.121967971889
334.986331880314;143.304875846171
335.007957219508;141.575825938138
335.029582558702;139.175463782412
335.051207897896;136.273362878265
335.072833237091;132.917474962688
335.094458576285;129.21890166487
335.116083915479;125.333678530833
335.137709254674;121.608042084553
335.159334593868;118.364455155549
335.180959933062;115.708888607502
335.202585272256;113.70694330147
335.224210611451;112.407542120516
335.245835950645;111.822014633943
335.267461289839;111.917570261374
335.289086629034;112.628775851084
335.310711968228;113.895492798384
335.332337307422;115.662032692403
335.353962646617;117.847129918198
335.375587985811;120.291988645254
335.397213325005;122.863764184389
335.418838664199;125.493069719702
335.440464003394;128.114749014899
335.462089342588;130.627175170616
335.483714681782;132.929102843212
335.505340020977;134.9812016474
335.526965360171;136.820820107246
335.548590699365;138.551362414353
335.570216038559;140.303607033366
335.591841377754;142.125390901093
335.613466716948;144.005701503806
335.635092056142;146.028161252341
335.656717395337;148.32611017538
335.678342734531;151.039122171565
335.699968073725;154.293510568881
335.72159341292;158.280162809809
335.743218752114;163.338590494994
335.764844091308;169.862163884173
335.786469430502;177.967776776085
335.808094769697;187.821135781157
335.829720108891;199.951238110119
335.851345448085;214.90705711224
335.87297078728;232.836786803047
335.894596126474;253.84310565012
335.916221465668;278.767705549272
335.937846804862;308.131470069289
335.959472144057;342.06280605746
335.981097483251;380.764749668668
336.002722822445;424.874758152594
336.02434816164;475.735351771818
336.045973500834;535.403335819141
336.067598840028;604.4636869458
336.089224179222;681.009633349346
336.110849518417;764.1181035094
336.132474857611;856.510912391344
336.154100196805;961.255833919685
336.175725536;1076.20424457249
336.197350875194;1195.17475115357
336.218976214388;1317.96629579017
336.240601553583;1448.51146882797
336.262226892777;1587.18097145242
336.283852231971;1728.17621518643
336.305477571165;1863.12806185706
336.32710291036;1987.36089684773
336.348728249554;2099.24249470493
336.370353588748;2197.76650355224
336.391978927943;2281.94614622862
336.413604267137;2349.41301289713
336.435229606331;2395.68816664626
336.456854945525;2415.96904336993
336.47848028472;2407.53364877653
336.500105623914;2367.45560450504
336.521730963108;2295.58254982277
336.543356302303;2193.74173811483
336.564981641497;2065.34576710764
336.586606980691;1910.15449127108
336.608232319886;1725.61319201832
336.62985765908;1513.14374225601
336.651482998274;1281.03924695721
336.673108337468;1037.09064696519
336.694733676663;788.734463586787
336.716359015857;540.500780885995
336.737984355051;293.548589476397
336.759609694246;47.3174746118707
336.78123503344;-195.085104367149
336.802860372634;-422.934626358769
336.824485711828;-628.900488357276
336.846111051023;-815.143143087938
336.867736390217;-985.466638154291
336.889361729411;-1137.07167272259
336.910987068606;-1263.82588618038
336.9326124078;-1367.06540663793
336.954237746994;-1452.30817155389
336.975863086189;-1520.6296304053
336.997488425383;-1571.59424661918
337.019113764577;-1606.99650975283
337.040739103771;-1630.68446121108
337.062364442966;-1646.4935577579
337.08398978216;-1656.5899826751
337.105615121354;-1662.81663766173
337.127240460549;-1666.88024925588
337.148865799743;-1670.09516216232
337.170491138937;-1673.41425190472
337.192116478131;-1677.55648150487
337.213741817326;-1682.8008996449
337.23536715652;-1689.01363479346
337.256992495714;-1695.75279268915
337.278617834909;-1702.12576079597
337.300243174103;-1707.1207987156
337.321868513297;-1710.012481223
337.343493852492;-1709.8781112762
337.365119191686;-1705.45482768352
337.38674453088;-1695.3201467429
337.408369870074;-1678.15722693897
337.429995209269;-1653.11444936605
337.451620548463;-1620.47342126794
337.473245887657;-1580.38893647264
337.494871226852;-1532.77753796328
337.516496566046;-1477.7060281012
337.53812190524;-1416.2297139664
337.559747244434;-1350.37385501038
337.581372583629;-1281.18649443993
337.602997922823;-1208.40041133449
337.624623262017;-1132.05186399458
337.646248601212;-1053.56364936174
337.667873940406;-976.981574244059
337.6894992796;-903.655410448117
337.711124618795;-831.524309127908
337.732749957989;-760.533294892953
337.754375297183;-693.746106897911
337.776000636377;-632.304048210411
337.797625975572;-576.63759181504
337.819251314766;-526.273963259095
337.84087665396;-480.610910923501
337.862501993155;-439.202382820658
337.884127332349;-401.858108199594
337.905752671543;-368.869139424988
337.927378010737;-339.344736096352
337.949003349932;-312.050645126817
337.970628689126;-287.212979016031
337.99225402832;-265.415710439729
338.013879367515;-246.721088159326
338.035504706709;-230.51662737291
338.057130045903;-216.091037187305
338.078755385098;-203.029657020787
338.100380724292;-190.926118663945
338.122006063486;-179.567939985041
338.14363140268;-169.036498755603
338.165256741875;-159.160651926212
338.186882081069;-149.720459990229
338.208507420263;-140.7044474717
338.230132759458;-132.284820146401
338.251758098652;-124.639179886879
338.273383437846;-117.621610348216
338.29500877704;-110.922209964382
338.316634116235;-104.497145066286
338.338259455429;-98.5356450927274
338.359884794623;-93.1891964841307
338.381510133818;-88.494769734739
338.403135473012;-84.4911389861809
338.424760812206;-81.2382175345911
338.4463861514;-78.8053443664105
338.468011490595;-77.2432102404087
338.489636829789;-76.6426228921434
338.511262168983;-77.068239298639
338.532887508178;-78.5278234835411
338.554512847372;-80.9782149347944
338.576138186566;-84.3260069849215
338.597763525761;-88.4371893668335
338.619388864955;-93.1079368276626
338.641014204149;-98.0128406217756
338.662639543343;-102.854937753666
338.684264882538;-107.497354033023
338.705890221732;-111.856709646897
338.727515560926;-115.806741568965
338.749140900121;-119.080298447268
338.770766239315;-121.521857562991
338.792391578509;-123.094937010319
338.814016917704;-123.819183970448
338.835642256898;-123.836043044581
338.857267596092;-123.202920662858
338.878892935286;-121.993939988921
338.900518274481;-120.30855572598
338.922143613675;-118.303763636993
338.943768952869;-116.16070253034
338.965394292064;-113.994498189367
338.987019631258;-111.863017161027
339.008644970452;-109.768793951728
339.030270309646;-107.717287147425
339.051895648841;-105.795645459942
339.073520988035;-104.134993253702
339.095146327229;-102.755823741091
339.116771666424;-101.59711092084
339.138397005618;-100.601865322193
339.160022344812;-99.7018176750402
339.181647684006;-98.8244339961098
339.203273023201;-97.927896233974
339.224898362395;-96.9792391842673
339.246523701589;-95.9556484131238
339.268149040784;-94.8517234488959
339.289774379978;-93.6320804400505
339.311399719172;-92.2555162779698
339.333025058367;-90.7439042768336
339.354650397561;-89.122541601306
339.376275736755;-87.4222042595093
339.397901075949;-85.6687917134585
339.419526415144;-83.912170768563
339.441151754338;-82.1980520349506
339.462777093532;-80.5556639431776
339.484402432727;-78.9716480345716
339.506027771921;-77.4310615612758
339.527653111115;-75.9477044960508
339.549278450309;-74.5219614890901
339.570903789504;-73.1540935722329
339.592529128698;-71.8630430304972
339.614154467892;-70.6766210987733
339.635779807087;-69.5864865452542
339.657405146281;-68.5276646995731
339.679030485475;-67.4817514536567
339.70065582467;-66.4762865491337
339.722281163864;-65.5993863077103
339.743906503058;-64.854894131998
339.765531842252;-64.1978023257053
339.787157181447;-63.6019363769893
339.808782520641;-63.0839445264085
339.830407859835;-62.6671244520852
339.85203319903;-62.3703663680257
339.873658538224;-62.1948103170799
339.895283877418;-62.1458754935289
339.916909216612;-62.2139722303277
339.938534555807;-62.376721486049
339.960159895001;-62.6269519380004
339.981785234195;-62.9531809870809
340.00341057339;-63.3430647770828
340.025035912584;-63.7724729557054
340.046661251778;-64.2095186534609
340.068286590973;-64.6173784392033
340.089911930167;-64.9865254177829
340.111537269361;-65.3164069988772
340.133162608555;-65.5975375519641
340.15478794775;-65.7966885862134
340.176413286944;-65.896499466924
340.198038626138;-65.9040932992738
340.219663965333;-65.8224096311999
340.241289304527;-65.6436535936946
340.262914643721;-65.3637061938804
340.284539982915;-64.9812901831317
340.30616532211;-64.5073908005773
340.327790661304;-63.9548606308731
340.349416000498;-63.3365364122301
340.371041339693;-62.6740796844519
340.392666678887;-61.9904637915785
340.414292018081;-61.285477023527
340.435917357276;-60.5381701137944
340.45754269647;-59.7587373586896
340.479168035664;-58.9849917509115
340.500793374858;-58.2618709231487
340.522418714053;-57.6289196297504
340.544044053247;-57.1102384838653
340.565669392441;-56.7317257198278
340.587294731636;-56.5027579996983
340.60892007083;-56.484551089495
340.630545410024;-56.7071971576444
340.652170749218;-57.155375507074
340.673796088413;-57.8346408031274
340.695421427607;-58.789343915517
340.717046766801;-60.0386790794714
340.738672105996;-61.5159744280764
340.76029744519;-63.1500930185595
340.781922784384;-64.8881900999715
340.803548123578;-66.6948154006332
340.825173462773;-68.5011184499786
340.846798801967;-70.1529377588996
340.868424141161;-71.5843718362089
340.890049480356;-72.7670509856006
340.91167481955;-73.6920795539378
340.933300158744;-74.393365122562
340.954925497939;-74.8884189026574
340.976550837133;-75.1781413693452
340.998176176327;-75.2838550198589
341.019801515521;-75.2531094989631
341.041426854716;-75.1256692690074
341.06305219391;-74.9280803709783
341.084677533104;-74.6876596306006
341.106302872299;-74.4300721811049
341.127928211493;-74.187264589053
341.149553550687;-73.9711761774117
341.171178889882;-73.7801266565608
341.192804229076;-73.610941101567
341.21442956827;-73.4636814363841
341.236054907464;-73.335253875373
341.257680246659;-73.2125713495294
341.279305585853;-73.0895858858072
341.300930925047;-72.9591240888271
341.322556264242;-72.7947563790576
341.344181603436;-72.5943035715596
341.36580694263;-72.3637044097287
341.387432281824;-72.0985484862063
341.409057621019;-71.7908912268286
341.430682960213;-71.441094020454
341.452308299407;-71.0595113837583
341.473933638602;-70.6518166592243
341.495558977796;-70.2307843745082
341.51718431699;-69.8172587381627
341.538809656184;-69.4153763348474
341.560434995379;-69.0103178212151
341.582060334573;-68.5974414856957
341.603685673767;-68.1895284136291
341.625311012962;-67.8034317512966
341.646936352156;-67.4336206551784
341.66856169135;-67.0661483466218
341.690187030545;-66.7089358933438
341.711812369739;-66.379058249556
341.733437708933;-66.0823233789171
341.755063048127;-65.8233796435264
341.776688387322;-65.6065558731748
341.798313726516;-65.4304733824029
341.81993906571;-65.2910206885391
341.841564404905;-65.1916668357414
341.863189744099;-65.1368685826682
341.884815083293;-65.1210832314194
341.906440422487;-65.1302067444087
341.928065761682;-65.1498199430354
341.949691100876;-65.1724860668768
341.97131644007;-65.1924503627713
341.992941779265;-65.2047475217425
342.014567118459;-65.2063600754801
342.036192457653;-65.2000398777568
342.057817796848;-65.1897102767994
342.079443136042;-65.1710593903996
342.101068475236;-65.1470711627479
342.12269381443;-65.1228080229213
342.144319153625;-65.0993057511879
342.165944492819;-65.0778261001032
342.187569832013;-65.0634908206748
342.209195171208;-65.0603296350102
342.230820510402;-65.0666633470944
342.252445849596;-65.0807324914471
342.27407118879;-65.1037161242541
342.295696527985;-65.1403454800429
342.317321867179;-65.1967980309609
342.338947206373;-65.2744125657797
342.360572545568;-65.3671027471639
342.382197884762;-65.4698177764656
342.403823223956;-65.5814383002499
342.425448563151;-65.6975062910155
342.447073902345;-65.8103633790021
342.468699241539;-65.9168299915882
342.490324580733;-66.0137666192702
342.511949919928;-66.0951906359154
342.533575259122;-66.1559067712776
342.555200598316;-66.1941631644167
342.576825937511;-66.210791350081
342.598451276705;-66.2087455557459
342.620076615899;-66.1959847242995
342.641701955093;-66.1813217996956
342.663327294288;-66.1723642320569
342.684952633482;-66.1790820389024
342.706577972676;-66.2127754711638
342.728203311871;-66.2788131575074
342.749828651065;-66.3869478358112
342.771453990259;-66.5445790680135
342.793079329454;-66.7550421582752
342.814704668648;-67.0248687457086
342.836330007842;-67.350956771991
342.857955347036;-67.7274551277317
342.879580686231;-68.1503776698852
342.901206025425;-68.6087159914698
342.922831364619;-69.0715563606128
342.944456703814;-69.5142052074869
342.966082043008;-69.9251036068327
342.987707382202;-70.2898391632264
343.009332721396;-70.5887724799027
343.030958060591;-70.8166631148764
343.052583399785;-70.9805232488986
343.074208738979;-71.0744674747752
343.095834078174;-71.0843427276723
343.117459417368;-71.0189441250301
343.139084756562;-70.9053964471535
343.160710095757;-70.7596988940011
343.182335434951;-70.5822423503369
343.203960774145;-70.387007579532
343.225586113339;-70.1915521255634
343.247211452534;-70.0006184274961
343.268836791728;-69.8148508701683
343.290462130922;-69.631311465785
343.312087470117;-69.446266387294
343.333712809311;-69.2603750271293
343.355338148505;-69.0738067102665
343.376963487699;-68.8787701239958
343.398588826894;-68.6663857506014
343.420214166088;-68.4291981442748
343.441839505282;-68.1586945694757
343.463464844477;-67.8515632537961
343.485090183671;-67.5215059057037
343.506715522865;-67.1973942645667
343.52834086206;-66.8896321278893
343.549966201254;-66.5918343841239
343.571591540448;-66.3057590884793
343.593216879642;-66.0335093673239
343.614842218837;-65.7769556777562
343.636467558031;-65.5454428233902
343.658092897225;-65.3559076218611
343.67971823642;-65.2168259209622
343.701343575614;-65.1187422232112
343.722968914808;-65.0528339923773
343.744594254002;-65.0180573262176
343.766219593197;-65.0221266309426
343.787844932391;-65.0667128725763
343.809470271585;-65.1418546763723
343.83109561078;-65.2355129016675
343.852720949974;-65.3434902445819
343.874346289168;-65.4690608254998
343.895971628362;-65.6146462857128
343.917596967557;-65.770268208431
343.939222306751;-65.9278589444389
343.960847645945;-66.0847108930925
343.98247298514;-66.2438258864882
344.004098324334;-66.4093181085717
344.025723663528;-66.5881250559059
344.047349002723;-66.783465760205
344.068974341917;-66.9972487746824
344.090599681111;-67.2372126281419
344.112225020305;-67.5063465053719
344.1338503595;-67.7933360809509
344.155475698694;-68.0843003568061
344.177101037888;-68.3741914086777
344.198726377083;-68.6586261719914
344.220351716277;-68.9252830049954
344.241977055471;-69.1589791104298
344.263602394666;-69.3588040854451
344.28522773386;-69.5322668601933
344.306853073054;-69.6758659096839
344.328478412248;-69.775497749714
344.350103751443;-69.8278826602092
344.371729090637;-69.8451589855341
344.393354429831;-69.8390948064281
344.414979769026;-69.815048820097
344.43660510822;-69.7778018695404
344.458230447414;-69.732300571833
344.479855786608;-69.6883371851081
344.501481125803;-69.648915778918
344.523106464997;-69.613006032608
344.544731804191;-69.5797745610826
344.566357143386;-69.5404061563999
344.58798248258;-69.4832747125412
344.609607821774;-69.4068481299204
344.631233160968;-69.3229074001392
344.652858500163;-69.2330184101924
344.674483839357;-69.1303262509604
344.696109178551;-68.9973856175233
344.717734517746;-68.8309950170148
344.73935985694;-68.652236682402
344.760985196134;-68.4809883696362
344.782610535329;-68.3229608978255
344.804235874523;-68.1695418633565
344.825861213717;-68.0189272889701
344.847486552911;-67.8828164551056
344.869111892106;-67.7549991568636
344.8907372313;-67.6261432192869
344.912362570494;-67.5098184921086
344.933987909689;-67.4104705902579
344.955613248883;-67.3167268178837
344.977238588077;-67.2118709580159
344.998863927271;-67.0917247197031
345.020489266466;-66.9684427386123
345.04211460566;-66.8534515698264
345.063739944854;-66.7588422466367
345.085365284049;-66.6966968456711
345.106990623243;-66.6598500630668
345.128615962437;-66.6341693068095
345.150241301632;-66.6153767362386
345.171866640826;-66.6071009535535
345.19349198002;-66.6047246935759
345.215117319214;-66.6066665599832
345.236742658409;-66.6174992596307
345.258367997603;-66.6372760202087
345.279993336797;-66.6642810094255
345.301618675992;-66.6962656592017
345.323244015186;-66.7269574258422
345.34486935438;-66.7511220458175
345.366494693574;-66.7726350419238
345.388120032769;-66.8002200184808
345.409745371963;-66.8384457776662
345.431370711157;-66.8904828767992
345.452996050352;-66.9562891868935
345.474621389546;-67.0357103091909
345.49624672874;-67.1263813568155
345.517872067935;-67.2271734262337
345.539497407129;-67.3314678807277
345.561122746323;-67.42951069552
345.582748085517;-67.5257456447319
345.604373424712;-67.6222809239069
345.625998763906;-67.7229350273756
345.6476241031;-67.831180534092
345.669249442295;-67.9402773482243
345.690874781489;-68.0414515898894
345.712500120683;-68.1377525691205
345.734125459877;-68.2393190714369
345.755750799072;-68.3577941474894
345.777376138266;-68.5100337412711
345.79900147746;-68.7035876519445
345.820626816655;-68.9503309432663
345.842252155849;-69.2487611164121
345.863877495043;-69.5853985886904
345.885502834238;-69.9561599311477
345.907128173432;-70.3734712684452
345.928753512626;-70.8287306492558
345.95037885182;-71.3074860255993
345.972004191015;-71.7892389562838
345.993629530209;-72.269251651304
346.015254869403;-72.7457030704831
346.036880208598;-73.1994309591812
346.058505547792;-73.608481173178
346.080130886986;-73.969459429731
346.10175622618;-74.2735991005725
346.123381565375;-74.5145007123387
346.145006904569;-74.6939880333142
346.166632243763;-74.8209875344149
346.188257582958;-74.897262046074
346.209882922152;-74.9242113605158
346.231508261346;-74.9098096077452
346.253133600541;-74.8624428448987
346.274758939735;-74.7885788500431
346.296384278929;-74.6949254301425
346.318009618123;-74.5910525746098
346.339634957318;-74.486735985097
346.361260296512;-74.3884646017322
346.382885635706;-74.3022044951868
346.404510974901;-74.2216357030556
346.426136314095;-74.1433226276938
346.447761653289;-74.0670991054129
346.469386992483;-73.9995031987958
346.491012331678;-73.9513191604297
346.512637670872;-73.9320043451258
346.534263010066;-73.9425949958889
346.555888349261;-73.9748832630162
346.577513688455;-74.026376314148
346.599139027649;-74.0937053052861
346.620764366844;-74.1714514283639
346.642389706038;-74.2501575363481
346.664015045232;-74.3337152102173
346.685640384426;-74.4237123109394
346.707265723621;-74.5057037411304
346.728891062815;-74.5593255007429
346.750516402009;-74.5765505646375
346.772141741204;-74.5606943019828
346.793767080398;-74.5185819492494
346.815392419592;-74.4535651825394
346.837017758786;-74.3621791147598
346.858643097981;-74.2454411457861
346.880268437175;-74.1051195377745
346.901893776369;-73.9362241737531
346.923519115564;-73.7307462354143
346.945144454758;-73.5016833865872
346.966769793952;-73.2771526648015
346.988395133146;-73.0622693164353
347.010020472341;-72.846374330241
347.031645811535;-72.6300788865304
347.053271150729;-72.4295873817651
347.074896489924;-72.2527266997056
347.096521829118;-72.1047646779354
347.118147168312;-71.9866248259791
347.139772507507;-71.8997337101909
347.161397846701;-71.851810264053
347.183023185895;-71.8502152497971
347.204648525089;-71.894170377474
347.226273864284;-71.9787159058031
347.247899203478;-72.1006787650296
347.269524542672;-72.2507067942038
347.291149881867;-72.4190213179026
347.312775221061;-72.6041137573216
347.334400560255;-72.8051224734043
347.356025899449;-73.0045707827433
347.377651238644;-73.1801298322228
347.399276577838;-73.3232146828275
347.420901917032;-73.4270472445243
347.442527256227;-73.4838201539793
347.464152595421;-73.4928756604225
347.485777934615;-73.4606082460702
347.50740327381;-73.3904688965653
347.529028613004;-73.2817635877164
347.550653952198;-73.1418710768032
347.572279291392;-72.9839140370393
347.593904630587;-72.8149888587596
347.615529969781;-72.6369725448494
347.637155308975;-72.447762576897
347.65878064817;-72.2444929101917
347.680405987364;-72.0361942773682
347.702031326558;-71.8375246610082
347.723656665752;-71.6516199436178
347.745282004947;-71.4789572842974
347.766907344141;-71.331673035959
347.788532683335;-71.2245140662372
347.81015802253;-71.1610239541329
347.831783361724;-71.1388082737275
347.853408700918;-71.1547443334971
347.875034040113;-71.2018104416336
347.896659379307;-71.2733732099668
347.918284718501;-71.3613536575743
347.939910057695;-71.4543922289759
347.96153539689;-71.5387208351769
347.983160736084;-71.6012628431801
348.004786075278;-71.6386143858546
348.026411414473;-71.6586015103225
348.048036753667;-71.6656444890286
348.069662092861;-71.656206644395
348.091287432055;-71.6186321493379
348.11291277125;-71.5454425139588
348.134538110444;-71.4443810126316
348.156163449638;-71.3236163151809
348.177788788833;-71.1792432511026
348.199414128027;-71.0063011815402
348.221039467221;-70.8024938336027
348.242664806416;-70.5757007800764
348.26429014561;-70.3388383646112
348.285915484804;-70.0953415661522
348.307540823998;-69.848686855111
348.329166163193;-69.6095117679201
348.350791502387;-69.3901652677359
348.372416841581;-69.2006968960507
348.394042180776;-69.053346424274
348.41566751997;-68.9545251382424
348.437292859164;-68.9019336701786
348.458918198358;-68.8908711411534
348.480543537553;-68.912512201815
348.502168876747;-68.9622399134236
348.523794215941;-69.0408190216964
348.545419555136;-69.1489457168399
348.56704489433;-69.2811623429367
348.588670233524;-69.4320209237468
348.610295572719;-69.6067847963614
348.631920911913;-69.8179740520129
348.653546251107;-70.0576743659846
348.675171590301;-70.2999492230701
348.696796929496;-70.5439627816324
348.71842226869;-70.8001543182426
348.740047607884;-71.0701981866124
348.761672947079;-71.3374403159406
348.783298286273;-71.5871473423727
348.804923625467;-71.8114153832001
348.826548964661;-72.0013272038848
348.848174303856;-72.1484911245263
348.86979964305;-72.2524488550054
348.891424982244;-72.3180177154369
348.913050321439;-72.3419386128142
348.934675660633;-72.3249956215353
348.956300999827;-72.2746527909287
348.977926339022;-72.1979506030821
348.999551678216;-72.0939088547296
349.02117701741;-71.9676406939032
349.042802356604;-71.8248956074272
349.064427695799;-71.6792458406044
349.086053034993;-71.5295654374326
349.107678374187;-71.369838645125
349.129303713382;-71.2011471116993
349.150929052576;-71.027821769411
349.17255439177;-70.8550570093448
349.194179730964;-70.6848225687257
349.215805070159;-70.5169411952002
349.237430409353;-70.3449293018432
349.259055748547;-70.1732560538454
349.280681087742;-70.0124162315129
349.302306426936;-69.8675568402964
349.32393176613;-69.7350716108255
349.345557105324;-69.6133133396525
349.367182444519;-69.5068083920095
349.388807783713;-69.4170353941667
349.410433122907;-69.3425827670805
349.432058462102;-69.2785601391362
349.453683801296;-69.2172091436997
349.47530914049;-69.1569135307815
349.496934479685;-69.1003313974597
349.518559818879;-69.0386829140414
349.540185158073;-68.9863197932038
349.561810497267;-68.9677584231575
349.583435836462;-68.983035572422
349.605061175656;-69.0224132757048
349.62668651485;-69.0873836372228
349.648311854045;-69.1792085756737
349.669937193239;-69.2907837729838
349.691562532433;-69.4281501601772
349.713187871628;-69.5911226946444
349.734813210822;-69.78075702861
349.756438550016;-69.9864534416324
349.77806388921;-70.1789938490327
349.799689228405;-70.3521396350484
349.821314567599;-70.5118362380128
349.842939906793;-70.6567458255066
349.864565245988;-70.7803092724531
349.886190585182;-70.8813338121431
349.907815924376;-70.9733105713359
349.92944126357;-71.0659250896209
349.951066602765;-71.1535573774968
349.972691941959;-71.2200403967153
349.994317281153;-71.2635102147913
350.015942620348;-71.2956954343329
350.037567959542;-71.3322448501483
350.059193298736;-71.373507176303
350.08081863793;-71.4078869073693
350.102443977125;-71.4229378009473
350.124069316319;-71.4196432356284
350.145694655513;-71.4135110363365
350.167319994708;-71.4023030299431
350.188945333902;-71.3702932494886
350.210570673096;-71.3230270070859
350.232196012291;-71.2830547018059
350.253821351485;-71.2561087639192
350.275446690679;-71.2355114804512
350.297072029873;-71.2155976225228
350.318697369068;-71.1959124484229
350.340322708262;-71.1792573470761
350.361948047456;-71.1827629713285
350.383573386651;-71.2122133746068
350.405198725845;-71.2491957086862
350.426824065039;-71.2792838101709
350.448449404233;-71.2992955803934
350.470074743428;-71.3061646725414
350.491700082622;-71.3168418707651
350.513325421816;-71.3437304850842
350.534950761011;-71.350038165296
350.556576100205;-71.3227864029028
350.578201439399;-71.2683195024276
350.599826778594;-71.192022451637
350.621452117788;-71.098724275927
350.643077456982;-70.9996885560639
350.664702796176;-70.9064427226776
350.686328135371;-70.8249693908076
350.707953474565;-70.7631721639271
350.729578813759;-70.7221528101301
350.751204152954;-70.6954146054236
350.772829492148;-70.7078814148848
350.794454831342;-70.7859504149553
350.816080170536;-70.9380763465942
350.837705509731;-71.1559938967628
350.859330848925;-71.4277944199083
350.880956188119;-71.7496786643565
350.902581527314;-72.1175749012292
350.924206866508;-72.5282409127089
350.945832205702;-72.9625338622996
350.967457544897;-73.3886529171099
350.989082884091;-73.7993207614455
351.010708223285;-74.1976758424836
351.032333562479;-74.5763648150337
351.053958901674;-74.9282946577811
351.075584240868;-75.2444749348152
351.097209580062;-75.4996455021086
351.118834919257;-75.6749264454737
351.140460258451;-75.7788293049802
351.162085597645;-75.8270367418365
351.183710936839;-75.832174109392
351.205336276034;-75.7956576710254
351.226961615228;-75.7150199425202
351.248586954422;-75.5879471093158
351.270212293617;-75.4146424143039
351.291837632811;-75.21115043005
351.313462972005;-74.9871450871424
351.3350883112;-74.750975246287
351.356713650394;-74.5136564842618
351.378338989588;-74.2774975906405
351.399964328782;-74.044375608062
351.421589667977;-73.8164685522773
351.443215007171;-73.5865147252944
351.464840346365;-73.3408577247238
351.48646568556;-73.0740376478656
351.508091024754;-72.7920226887652
351.529716363948;-72.5025522275581
351.551341703142;-72.2037429709338
351.572967042337;-71.8898376828874
351.594592381531;-71.5683144760511
351.616217720725;-71.252597568289
351.63784305992;-70.9594408558741
351.659468399114;-70.6978884951178
351.681093738308;-70.4610732356841
351.702719077502;-70.2453004664962
351.724344416697;-70.0539271637192
351.745969755891;-69.890127741296
351.767595095085;-69.7529609354089
351.78922043428;-69.6476342755983
351.810845773474;-69.5795268438428
351.832471112668;-69.5334622497361
351.854096451863;-69.4939814870101
351.875721791057;-69.4534758099387
351.897347130251;-69.4110083229538
351.918972469445;-69.374188597465
351.94059780864;-69.349228426648
351.962223147834;-69.3261314468569
351.983848487028;-69.2895313283418
352.005473826223;-69.2399802368297
352.027099165417;-69.1863242202482
352.048724504611;-69.1301869778306
352.070349843806;-69.0708213889446
352.091975183;-69.0104698743088
352.113600522194;-68.9489273884961
352.135225861388;-68.8856371296189
352.156851200583;-68.8225369857088
352.178476539777;-68.764791633195
352.200101878971;-68.7187197118838
352.221727218166;-68.6855437499799
352.24335255736;-68.6627357946421
352.264977896554;-68.6402701542222
352.286603235748;-68.6094026333239
352.308228574943;-68.5707007351573
352.329853914137;-68.5224338792517
352.351479253331;-68.4564608388522
352.373104592526;-68.3606660196788
352.39472993172;-68.2301181928625
352.416355270914;-68.0749302563131
352.437980610109;-67.9029910849163
352.459605949303;-67.7035577861291
352.481231288497;-67.4684657270948
352.502856627691;-67.2062857004252
352.524481966886;-66.9431952817453
352.54610730608;-66.6968063411193
352.567732645274;-66.4684161042442
352.589357984469;-66.2461954199699
352.610983323663;-66.0192573217537
352.632608662857;-65.7867946680707
352.654234002051;-65.5640868412204
352.675859341246;-65.365243169354
352.69748468044;-65.1849146920106
352.719110019634;-65.0120045843884
352.740735358829;-64.844608362883
352.762360698023;-64.6892089169943
352.783986037217;-64.5503194791395
352.805611376411;-64.4313924132824
352.827236715606;-64.3381744573389
352.8488620548;-64.277634348003
352.870487393994;-64.2479666176802
352.892112733189;-64.2446350040941
352.913738072383;-64.2670917611267
352.935363411577;-64.3159178172404
352.956988750772;-64.3831626661813
352.978614089966;-64.4568030325597
353.00023942916;-64.5229736850521
353.021864768354;-64.5727065641564
353.043490107549;-64.5986803583196
353.065115446743;-64.5961509852788
353.086740785937;-64.5636825962896
353.108366125132;-64.499899601542
353.129991464326;-64.4052518114883
353.15161680352;-64.2784521518303
353.173242142714;-64.119029442194
353.194867481909;-63.9345016812081
353.216492821103;-63.7363103559784
353.238118160297;-63.525546347439
353.259743499492;-63.3042311889903
353.281368838686;-63.0720085044456
353.30299417788;-62.8327015834589
353.324619517075;-62.6001296060528
353.346244856269;-62.3883739423923
353.367870195463;-62.2053682569899
353.389495534657;-62.0521609676101
353.411120873852;-61.9268259244352
353.432746213046;-61.8320114786546
353.45437155224;-61.7707578026801
353.475996891435;-61.7410851660966
353.497622230629;-61.7439091922117
353.519247569823;-61.7700338579304
353.540872909017;-61.8069831539679
353.562498248212;-61.8449649334593
353.584123587406;-61.8764005025264
353.6057489266;-61.897064737979
353.627374265795;-61.9064610880942
353.648999604989;-61.9049521116494
353.670624944183;-61.8866090921572
353.692250283378;-61.847467336867
353.713875622572;-61.7981129531101
353.735500961766;-61.7503781771115
353.75712630096;-61.7019823922959
353.778751640155;-61.6500233499099
353.800376979349;-61.5938026082146
353.822002318543;-61.5466728558657
353.843627657738;-61.5227635922666
353.865252996932;-61.5274830342563
353.886878336126;-61.5498028793848
353.90850367532;-61.5881820920144
353.930129014515;-61.6355805749455
353.951754353709;-61.6801301551019
353.973379692903;-61.7149317836271
353.995005032098;-61.7271023710908
354.016630371292;-61.6930395694865
354.038255710486;-61.6100305333278
354.059881049681;-61.4947134610686
354.081506388875;-61.3529544358498
354.103131728069;-61.1791996015479
354.124757067263;-60.991311121499
354.146382406458;-60.8153209571465
354.168007745652;-60.6497698966913
354.189633084846;-60.4994341228916
354.211258424041;-60.3834674704369
354.232883763235;-60.3095114676926
354.254509102429;-60.2707219332274
354.276134441623;-60.2652552529289
354.297759780818;-60.2988969223138
354.319385120012;-60.369597895149
354.341010459206;-60.4711770385381
354.362635798401;-60.5975804550262
354.384261137595;-60.738610871304
354.405886476789;-60.8781112995609
354.427511815984;-61.0132389462831
354.449137155178;-61.1533056794762
354.470762494372;-61.3103982004873
354.492387833566;-61.4890260112668
354.514013172761;-61.667317416681
354.535638511955;-61.8436369819083
354.557263851149;-62.0358110317417
354.578889190344;-62.2517343787121
354.600514529538;-62.4858775822709
354.622139868732;-62.7292774907138
354.643765207926;-62.9724854158142
354.665390547121;-63.2167104940935
354.687015886315;-63.4740542082185
354.708641225509;-63.7412362896499
354.730266564704;-64.0059348465699
354.751891903898;-64.2698908954641
354.773517243092;-64.5345482673898
354.795142582287;-64.7909994152387
354.816767921481;-65.0237937408166
354.838393260675;-65.2194314977479
354.860018599869;-65.3776660218452
354.881643939064;-65.49750598825
354.903269278258;-65.5750698806889
354.924894617452;-65.608087367711
354.946519956647;-65.588974393151
354.968145295841;-65.5176034317151
354.989770635035;-65.3905839594907
355.011395974229;-65.21624308784
355.033021313424;-65.0088489914634
355.054646652618;-64.7662992942829
355.076271991812;-64.4919027387034
355.097897331007;-64.193061577085
355.119522670201;-63.879726006472
355.141148009395;-63.5571130703309
355.16277334859;-63.2247244384864
355.184398687784;-62.8885774739592
355.206024026978;-62.5685979129438
355.227649366172;-62.2791080381978
355.249274705367;-62.021724836513
355.270900044561;-61.7948510387556
355.292525383755;-61.597119618803
355.31415072295;-61.4276933544705
355.335776062144;-61.289501342095
355.357401401338;-61.184740707074
355.379026740532;-61.1030259513163
355.400652079727;-61.0353560073508
355.422277418921;-60.9896479119913
355.443902758115;-60.9774333239087
355.46552809731;-60.995296914477
355.487153436504;-61.0230678834756
355.508778775698;-61.0479731989258
355.530404114892;-61.065993685958
355.552029454087;-61.0770422584876
355.573654793281;-61.081970894833
355.595280132475;-61.0764795233051
355.61690547167;-61.0559519586975
355.638530810864;-61.02418171835
355.660156150058;-60.9853238096566
355.681781489253;-60.9432812871675
355.703406828447;-60.894734091341
355.725032167641;-60.838300471169
355.746657506835;-60.7925210570147
355.76828284603;-60.7852527042168
355.789908185224;-60.8175780209589
355.811533524418;-60.8811737310102
355.833158863613;-60.9722448007989
355.854784202807;-61.0890240325147
355.876409542001;-61.2307981267921
355.898034881195;-61.3964947520682
355.91966022039;-61.5828236701942
355.941285559584;-61.7857504029654
355.962910898778;-61.9957099017061
355.984536237973;-62.1963227108855
356.006161577167;-62.3754355226979
356.027786916361;-62.5149957817515
356.049412255556;-62.612597177617
356.07103759475;-62.6780328528116
356.092662933944;-62.7207244313048
356.114288273138;-62.7429545520143
356.135913612333;-62.7435435546474
356.157538951527;-62.7302374996286
356.179164290721;-62.719499397296
356.200789629916;-62.7184702717286
356.22241496911;-62.729000052985
356.244040308304;-62.7551790193262
356.265665647498;-62.7924285785948
356.287290986693;-62.834995417734
356.308916325887;-62.8795293715975
356.330541665081;-62.9200726401772
356.352167004276;-62.9488720325778
356.37379234347;-62.9611076747372
356.395417682664;-62.961383594116
356.417043021859;-62.9506492705071
356.438668361053;-62.9208847379367
356.460293700247;-62.8697208764104
356.481919039441;-62.8008585898394
356.503544378636;-62.717369804258
356.52516971783;-62.6214234472105
356.546795057024;-62.5184959295787
356.568420396219;-62.4046370696345
356.590045735413;-62.2747006891931
356.611671074607;-62.134524105471
356.633296413801;-61.9857554240033
356.654921752996;-61.8214346223026
356.67654709219;-61.6376016006595
356.698172431384;-61.4482685141313
356.719797770579;-61.2678440889707
356.741423109773;-61.0948204116348
356.763048448967;-60.9396484343661
356.784673788162;-60.8129729775685
356.806299127356;-60.717546465192
356.82792446655;-60.6518456411285
356.849549805744;-60.6048772807208
356.871175144939;-60.5647713683548
356.892800484133;-60.5286268155476
356.914425823327;-60.4897621576613
356.936051162522;-60.4416487762144
356.957676501716;-60.3757313453784
356.97930184091;-60.2801071640741
357.000927180104;-60.1460511092127
357.022552519299;-59.9755834407038
357.044177858493;-59.7750551713495
357.065803197687;-59.5484611064918
357.087428536882;-59.3014716020462
357.109053876076;-59.0421101797911
357.13067921527;-58.7750504533343
357.152304554465;-58.5077343977454
357.173929893659;-58.2550124489455
357.195555232853;-58.0241950966615
357.217180572047;-57.815722705424
357.238805911242;-57.6333713866947
357.260431250436;-57.4931076599398
357.28205658963;-57.4076655121528
357.303681928825;-57.3664800185
357.325307268019;-57.360201776144
357.346932607213;-57.3869527159267
357.368557946407;-57.4487671295099
357.390183285602;-57.5385691514594
357.411808624796;-57.6411512309806
357.43343396399;-57.7479924707035
357.455059303185;-57.8527595743653
357.476684642379;-57.9485347621589
357.498309981573;-58.0272825629791
357.519935320768;-58.0759904112668
357.541560659962;-58.0876469340862
357.563185999156;-58.0651508431355
357.58481133835;-58.0131541928699
357.606436677545;-57.9355571978362
357.628062016739;-57.836185232432
357.649687355933;-57.724251274269
357.671312695128;-57.6083963093722
357.692938034322;-57.491309706546
357.714563373516;-57.373625098641
357.73618871271;-57.2651703801363
357.757814051905;-57.1815733047685
357.779439391099;-57.1247568832509
357.801064730293;-57.0884448211697
357.822690069488;-57.0699638245988
357.844315408682;-57.0713787568072
357.865940747876;-57.0881635599191
357.88756608707;-57.1129816561387
357.909191426265;-57.1464515600152
357.930816765459;-57.1954884781817
357.952442104653;-57.2637281651644
357.974067443848;-57.3424121141156
357.995692783042;-57.4219785473636
358.017318122236;-57.5042021635525
358.038943461431;-57.5917182967993
358.060568800625;-57.6810387303673
358.082194139819;-57.7729608406515
358.103819479013;-57.8657772298415
358.125444818208;-57.9475005684452
358.147070157402;-58.0063763379657
358.168695496596;-58.040439400274
358.190320835791;-58.0574629225941
358.211946174985;-58.0687431259103
358.233571514179;-58.0804579666851
358.255196853373;-58.0928557733181
358.276822192568;-58.1113867811515
358.298447531762;-58.1422816184725
358.320072870956;-58.1914740386677
358.341698210151;-58.2614920904915
358.363323549345;-58.3534306362315
358.384948888539;-58.4688191413837
358.406574227734;-58.60638138122
358.428199566928;-58.7543555287511
358.449824906122;-58.8951237329731
358.471450245316;-59.0154925193917
358.493075584511;-59.1063631940557
358.514700923705;-59.1529629880058
358.536326262899;-59.1432753173787
358.557951602094;-59.073161562205
358.579576941288;-58.9383713193449
358.601202280482;-58.7399539862017
358.622827619676;-58.4800938651701
358.644452958871;-58.161390662025
358.666078298065;-57.7957888802449
358.687703637259;-57.3930070057989
358.709328976454;-56.9387702609646
358.730954315648;-56.4007960891497
358.752579654842;-55.8325451633966
358.774204994037;-55.312275952386
358.795830333231;-54.841200814439
358.817455672425;-54.3968205029993
358.839081011619;-53.9686618451415
358.860706350814;-53.5580657141708
358.882331690008;-53.179274261553
358.903957029202;-52.8214516619426
358.925582368397;-52.4737509403641
358.947207707591;-52.1373729216501
358.968833046785;-51.8323375347397
358.990458385979;-51.5744366194349
359.012083725174;-51.354363758233
359.033709064368;-51.1655015147678
359.055334403562;-51.000791666094
359.076959742757;-50.8481286047261
359.098585081951;-50.6970596977469
359.120210421145;-50.5390900347932
359.14183576034;-50.3815071417435
359.163461099534;-50.227008280554
359.185086438728;-50.0625259880321
359.206711777922;-49.8784922812358
359.228337117117;-49.6767935048982
359.249962456311;-49.4711522436271
359.271587795505;-49.2714653982937
359.2932131347;-49.0778901654895
359.314838473894;-48.8937638168908
359.336463813088;-48.7339320177764
359.358089152282;-48.6095646503267
359.379714491477;-48.5215412480405
359.401339830671;-48.4698398315828
359.422965169865;-48.465196843637
359.44459050906;-48.5126791897833
359.466215848254;-48.6180585483909
359.487841187448;-48.7809463012591
359.509466526643;-48.9875384155692
359.531091865837;-49.2289280364484
359.552717205031;-49.5081637338185
359.574342544225;-49.805818697901
359.59596788342;-50.0998069172952
359.617593222614;-50.3929619685501
359.639218561808;-50.6871261184803
359.660843901003;-50.9786741506621
359.682469240197;-51.2656795972781
359.704094579391;-51.546004051391
359.725719918585;-51.8154789127174
359.74734525778;-52.0677305278427
359.768970596974;-52.303195901688
359.790595936168;-52.5354709834153
359.812221275363;-52.7694642769303
359.833846614557;-53.0023404997272
359.855471953751;-53.2226698826195
359.877097292946;-53.4201807707666
359.89872263214;-53.5959331207974
359.920347971334;-53.7520409608433
359.941973310528;-53.8844102794684
359.963598649723;-53.9789525172012
359.985223988917;-54.0289273172865
360.006849328111;-54.0278786320351
360.028474667306;-53.9717666988057
360.0501000065;-53.8629767290465
360.071725345694;-53.7056842610564
360.093350684888;-53.5089330973842
360.114976024083;-53.2881904722165
360.136601363277;-53.0449050224791
360.158226702471;-52.779974323118
360.179852041666;-52.5210895961908
360.20147738086;-52.2979189252036
360.223102720054;-52.1120270036344
360.244728059248;-51.9436154253407
360.266353398443;-51.784651390224
360.287978737637;-51.6383909495323
360.309604076831;-51.5065928273548
360.331229416026;-51.3882263972159
360.35285475522;-51.2762620991736
360.374480094414;-51.1636945991419
360.396105433609;-51.0470051163406
360.417730772803;-50.9221932348635
360.439356111997;-50.7826489502667
360.460981451191;-50.620954172874
360.482606790386;-50.4391331741928
360.50423212958;-50.2432167405713
360.525857468774;-50.0215473555497
360.547482807969;-49.7761508714579
360.569108147163;-49.5171024692658
360.590733486357;-49.2466419651211
360.612358825552;-48.9573422446255
360.633984164746;-48.640589647128
360.65560950394;-48.293973422854
360.677234843134;-47.921401987425
360.698860182329;-47.5260117215888
360.720485521523;-47.1058015796114
360.742110860717;-46.6685633204913
360.763736199912;-46.236292990667
360.785361539106;-45.8243519197707
360.8069868783;-45.4344027691912
360.828612217494;-45.0626370296075
360.850237556689;-44.7105003829256
360.871862895883;-44.3940510025119
360.893488235077;-44.1396830611358
360.915113574272;-43.9574912309815
360.936738913466;-43.8430044067296
360.95836425266;-43.7973560642679
360.979989591855;-43.8400099478928
361.001614931049;-43.9691772814816
361.023240270243;-44.1718909596982
361.044865609437;-44.4446620304898
361.066490948632;-44.7698005476208
361.088116287826;-45.1322143775539
361.10974162702;-45.5314199769142
361.131366966215;-45.972672444695
361.152992305409;-46.4395579114741
361.174617644603;-46.9235189689168
361.196242983797;-47.4159553892803
361.217868322992;-47.889410011119
361.239493662186;-48.3193799471563
361.26111900138;-48.7085211686548
361.282744340575;-49.0620093384703
361.304369679769;-49.3818105012239
361.325995018963;-49.6659045322783
361.347620358157;-49.9045242887433
361.369245697352;-50.1028757283428
361.390871036546;-50.2731330159437
361.41249637574;-50.4149690336207
361.434121714935;-50.5269722054537
361.455747054129;-50.6139661728385
361.477372393323;-50.6785106473061
361.498997732518;-50.7167442327294
361.520623071712;-50.7250335164888
361.542248410906;-50.7019190764743
361.5638737501;-50.6445057679624
361.585499089295;-50.5567417200399
361.607124428489;-50.4516583578729
361.628749767683;-50.3311665753489
361.650375106878;-50.1933372662705
361.672000446072;-50.0414354636966
361.693625785266;-49.8927683215998
361.71525112446;-49.7701803872636
361.736876463655;-49.6740029669463
361.758501802849;-49.592669143085
361.780127142043;-49.5205890188807
361.801752481238;-49.4619445443788
361.823377820432;-49.4216524827481
361.845003159626;-49.3897485913713
361.866628498821;-49.3533974007674
361.888253838015;-49.302687190391
361.909879177209;-49.2339014037086
361.931504516403;-49.1486648384571
361.953129855598;-49.0450277462625
361.974755194792;-48.9217606145937
361.996380533986;-48.7805109578352
362.018005873181;-48.6295732031678
362.039631212375;-48.4847242453228
362.061256551569;-48.364175905752
362.082881890763;-48.2779764952073
362.104507229958;-48.2170289431964
362.126132569152;-48.1807064918879
362.147757908346;-48.1747640725125
362.169383247541;-48.2027078328565
362.191008586735;-48.2663710968395
362.212633925929;-48.368904121308
362.234259265124;-48.5127569620152
362.255884604318;-48.686346402927
362.277509943512;-48.8711322370717
362.299135282706;-49.050428162949
362.320760621901;-49.2070993961991
362.342385961095;-49.3462028978144
362.364011300289;-49.4652063704521
362.385636639484;-49.541289776243
362.407261978678;-49.5540805614644
362.428887317872;-49.4928171155483
362.450512657066;-49.3526518486368
362.472137996261;-49.1416131250706
362.493763335455;-48.8795654650948
362.515388674649;-48.585877594499
362.537014013844;-48.2721318250286
362.558639353038;-47.943394127401
362.580264692232;-47.60608412281
362.601890031427;-47.2753949666133
362.623515370621;-46.9785294592526
362.645140709815;-46.7178746911075
362.666766049009;-46.4911306836648
362.688391388204;-46.3144367705357
362.710016727398;-46.1890893447849
362.731642066592;-46.1026146132272
362.753267405787;-46.049201251551
362.774892744981;-46.0342324461636
362.796518084175;-46.0551659252165
362.818143423369;-46.1096478329294
362.839768762564;-46.1923924798114
362.861394101758;-46.2882933613564
362.883019440952;-46.392232845292
362.904644780147;-46.4958841474492
362.926270119341;-46.5912146195118
362.947895458535;-46.6713349014641
362.96952079773;-46.7493361383
