Name;ESR_BC_1_89s_Y_gon_20dg_result

Recipe
Accumulations;5;Number of accumulations
RetryCount;0;Number of retries on error
AbortOnError;True;Abort on error
EnableQFactorMeasurement;False;Enable/Disable q-Factor measurement
Bfrom;313;B from
Bto;363;B to
SweepTime;60;Sweep time
Modulation;0.2;Modulation
ModulationFreq;100;Modulation
BHoldEnabled;False;B hold enabled
BHold;0;B hold
MicrowavePower;2;Microwave power
MarkerEnabled;False;
MarkerStartField;0;
MarkerEndField;0;
Mode;;
KineticGFact;0;
KineticTotalTransientTime;0;
KineticTimeResolution;0;
TempFrom;5;
TempUseSlope;False;
TempTo;5;
TempdT;1;
TempSetupTime;0;
GonFrom;0;
GonTo;180;
GonSteps;20;
XRayEnabled;False;
XRayTime;3;
XRayVoltage;40;
XRayCurrent;0.5;
UVEnabled;False;
UVIntensity;0;
UVTime;0;
UVLeadTime;0;
UVWavelength;0;
PowSweepFrom;1;
PowSweepTo;5;
PowSweepSteps;5;
AmpModSweepFrom;0;
AmpModSweepTo;1;
AmpModSweepSteps;10;
ExtTriggerEnabled;False;
ExtTrigLeadTime;0;
ExtTrigOnTime;5;

Meas
BField [mT];MW_Absorption []
313.011773910522;134.358796962271
313.033400398519;134.14624692077
313.055026886515;133.797668942917
313.076653374511;133.463888661024
313.098279862507;133.130204774873
313.119906350503;132.782048077286
313.141532838499;132.426572453173
313.163159326496;132.069476986803
313.184785814492;131.707181968423
313.206412302488;131.335711320342
313.228038790484;130.940566536546
313.24966527848;130.512125285066
313.271291766476;130.060582606693
313.292918254472;129.602805798589
313.314544742469;129.158503631497
313.336171230465;128.735659867783
313.357797718461;128.334413021192
313.379424206457;127.972523598293
313.401050694453;127.671184007542
313.422677182449;127.431202865999
313.444303670446;127.247955127813
313.465930158442;127.133418374103
313.487556646438;127.100209234198
313.509183134434;127.145432091808
313.53080962243;127.259571501205
313.552436110426;127.433128855523
313.574062598422;127.65760650778
313.595689086419;127.913736221653
313.617315574415;128.168701205582
313.638942062411;128.415841786898
313.660568550407;128.659650653416
313.682195038403;128.905535670165
313.703821526399;129.151549669085
313.725448014396;129.379508842865
313.747074502392;129.580696165985
313.768700990388;129.757394814634
313.790327478384;129.914952098982
313.81195396638;130.058748051848
313.833580454376;130.188120914159
313.855206942372;130.29987048066
313.876833430369;130.389470463226
313.898459918365;130.463727514277
313.920086406361;130.520168359116
313.941712894357;130.55640324531
313.963339382353;130.577071422397
313.984965870349;130.59260478582
314.006592358346;130.607908313471
314.028218846342;130.622595465638
314.049845334338;130.627413076741
314.071471822334;130.612099676824
314.09309831033;130.565945784427
314.114724798326;130.484788846671
314.136351286323;130.374769890286
314.157977774319;130.232167558776
314.179604262315;130.049961857316
314.201230750311;129.824240098486
314.222857238307;129.549960244008
314.244483726303;129.226549529161
314.266110214299;128.872186045509
314.287736702296;128.506182720338
314.309363190292;128.133923178162
314.330989678288;127.74768734845
314.352616166284;127.336635860884
314.37424265428;126.911812229295
314.395869142276;126.499056611534
314.417495630273;126.111422684089
314.439122118269;125.751169891806
314.460748606265;125.419666443411
314.482375094261;125.115721748455
314.504001582257;124.848731956419
314.525628070253;124.626638429963
314.547254558249;124.451751179668
314.568881046246;124.317239789836
314.590507534242;124.216567957258
314.612134022238;124.150535297266
314.633760510234;124.109465665
314.65538699823;124.076773264134
314.677013486226;124.041806480598
314.698639974223;123.999257264175
314.720266462219;123.934271681228
314.741892950215;123.842379929673
314.763519438211;123.730647503314
314.785145926207;123.597890243778
314.806772414203;123.435236108466
314.828398902199;123.249802459505
314.850025390196;123.06442049732
314.871651878192;122.890776145891
314.893278366188;122.736683523273
314.914904854184;122.612307313767
314.93653134218;122.524730538705
314.958157830176;122.475473451245
314.979784318173;122.457446149305
315.001410806169;122.459647944479
315.023037294165;122.481613576473
315.044663782161;122.521858578709
315.066290270157;122.564776304205
315.087916758153;122.605099770103
315.109543246149;122.646271601072
315.131169734146;122.686160546403
315.152796222142;122.711871182901
315.174422710138;122.705231376075
315.196049198134;122.658218560073
315.21767568613;122.568239552151
315.239302174126;122.424671099934
315.260928662123;122.217568326102
315.282555150119;121.952329817677
315.304181638115;121.639082056193
315.325808126111;121.288606409398
315.347434614107;120.905300735204
315.369061102103;120.489556131592
315.3906875901;120.060863398227
315.412314078096;119.648904873314
315.433940566092;119.262300528056
315.455567054088;118.903388470372
315.477193542084;118.580834944359
315.49882003008;118.303159517088
315.520446518076;118.077228999465
315.542073006073;117.901484795703
315.563699494069;117.770719475816
315.585325982065;117.670414273299
315.606952470061;117.590552290909
315.628578958057;117.526848838509
315.650205446053;117.4842154179
315.67183193405;117.464589964196
315.693458422046;117.455407681565
315.715084910042;117.448516083448
315.736711398038;117.432867736843
315.758337886034;117.399958708784
315.77996437403;117.348950617208
315.801590862026;117.281602673822
315.823217350023;117.196754828508
315.844843838019;117.082134771472
315.866470326015;116.928473605882
315.888096814011;116.734572336906
315.909723302007;116.507586355726
315.931349790003;116.246240251022
315.952976278;115.95037658306
315.974602765996;115.632587890823
315.996229253992;115.30329833378
316.017855741988;114.964697448923
316.039482229984;114.63304729726
316.06110871798;114.335504939119
316.082735205976;114.084319904183
316.104361693973;113.884276410671
316.125988181969;113.741578369336
316.147614669965;113.661334802963
316.169241157961;113.646619135648
316.190867645957;113.698365875561
316.212494133953;113.80997329647
316.23412062195;113.966383634066
316.255747109946;114.15218648323
316.277373597942;114.361892437568
316.299000085938;114.592032504716
316.320626573934;114.814366352361
316.34225306193;114.997408026278
316.363879549926;115.131213329788
316.385506037923;115.213556879765
316.407132525919;115.239951788606
316.428759013915;115.204740561297
316.450385501911;115.101392690694
316.472011989907;114.928382178587
316.493638477903;114.705634352118
316.5152649659;114.455257793337
316.536891453896;114.179961801925
316.558517941892;113.878347775202
316.580144429888;113.57114539448
316.601770917884;113.293356647738
316.62339740588;113.055824684628
316.645023893877;112.858123780847
316.666650381873;112.696839714643
316.688276869869;112.56880283133
316.709903357865;112.476419520402
316.731529845861;112.420740170084
316.753156333857;112.386720546819
316.774782821853;112.358885746047
316.79640930985;112.33142504348
316.818035797846;112.303770637554
316.839662285842;112.266636490862
316.861288773838;112.208734901552
316.882915261834;112.135877921378
316.90454174983;112.057582421269
316.926168237827;111.976301510322
316.947794725823;111.892674830225
316.969421213819;111.810364367099
316.991047701815;111.735188737304
317.012674189811;111.667998361362
317.034300677807;111.607465469076
317.055927165803;111.556441372108
317.0775536538;111.512476761536
317.099180141796;111.476879978641
317.120806629792;111.45760312947
317.142433117788;111.441933014943
317.164059605784;111.420416057989
317.18568609378;111.38804714818
317.207312581777;111.343795361255
317.228939069773;111.285693923941
317.250565557769;111.206982534078
317.272192045765;111.10740419644
317.293818533761;110.995208308389
317.315445021757;110.870703350721
317.337071509753;110.733754581077
317.35869799775;110.587549885415
317.380324485746;110.439692307847
317.401950973742;110.296346183889
317.423577461738;110.164015435803
317.445203949734;110.057300377901
317.46683043773;109.986837871878
317.488456925727;109.955062386872
317.510083413723;109.96462166847
317.531709901719;110.008608952269
317.553336389715;110.087285884486
317.574962877711;110.207098269214
317.596589365707;110.368748138114
317.618215853703;110.569211725943
317.6398423417;110.798052636093
317.661468829696;111.044419536447
317.683095317692;111.31260236291
317.704721805688;111.592254884085
317.726348293684;111.877275354256
317.74797478168;112.163712186812
317.769601269677;112.441012556846
317.791227757673;112.695150533785
317.812854245669;112.921216156022
317.834480733665;113.125411610915
317.856107221661;113.314059115952
317.877733709657;113.482818300804
317.899360197653;113.625312573192
317.92098668565;113.735552274671
317.942613173646;113.809013098187
317.964239661642;113.846219014261
317.985866149638;113.841359433544
318.007492637634;113.799141752129
318.02911912563;113.735785580699
318.050745613627;113.654828795257
318.072372101623;113.554749542804
318.093998589619;113.440076869154
318.115625077615;113.32061831456
318.137251565611;113.199709858539
318.158878053607;113.079414680965
318.180504541604;112.965198740378
318.2021310296;112.858049393658
318.223757517596;112.751601335094
318.245384005592;112.638918915227
318.267010493588;112.518891706177
318.288636981584;112.392218119669
318.31026346958;112.258078144898
318.331889957577;112.115997374284
318.353516445573;111.964685546709
318.375142933569;111.797364482851
318.396769421565;111.615363750386
318.418395909561;111.425479059777
318.440022397557;111.226441870192
318.461648885554;111.020894737115
318.48327537355;110.819273243609
318.504901861546;110.629688374202
318.526528349542;110.453999286622
318.548154837538;110.299680066799
318.569781325534;110.167865525317
318.59140781353;110.054336736704
318.613034301527;109.952472903248
318.634660789523;109.863705531714
318.656287277519;109.786779071218
318.677913765515;109.713257332689
318.699540253511;109.638975759843
318.721166741507;109.562387967277
318.742793229504;109.47762942517
318.7644197175;109.378085626283
318.786046205496;109.249701353236
318.807672693492;109.072958284481
318.829299181488;108.851765697895
318.850925669484;108.605092556876
318.87255215748;108.336519936582
318.894178645477;108.040834764595
318.915805133473;107.713885375381
318.937431621469;107.35196938504
318.959058109465;106.951848747945
318.980684597461;106.511899182077
319.002311085457;106.042294359779
319.023937573454;105.563137324461
319.04556406145;105.095482279541
319.067190549446;104.640629258446
319.088817037442;104.193193410528
319.110443525438;103.77004358552
319.132070013434;103.386964623435
319.15369650143;103.046836491028
319.175322989427;102.758636958816
319.196949477423;102.528108639011
319.218575965419;102.355673716309
319.240202453415;102.237914694435
319.261828941411;102.169505887338
319.283455429407;102.148576777511
319.305081917404;102.172249130004
319.3267084054;102.227622297555
319.348334893396;102.307696976356
319.369961381392;102.405144358183
319.391587869388;102.515622176706
319.413214357384;102.631311595166
319.434840845381;102.735731876062
319.456467333377;102.814884584367
319.478093821373;102.880829965471
319.499720309369;102.926070926535
319.521346797365;102.931386404371
319.542973285361;102.899844740828
319.564599773357;102.850369488166
319.586226261354;102.790414211294
319.60785274935;102.731622783623
319.629479237346;102.67921967007
319.651105725342;102.617049416054
319.672732213338;102.556378361649
319.694358701334;102.492126365764
319.715985189331;102.411021716488
319.737611677327;102.327950590581
319.759238165323;102.262024329193
319.780864653319;102.197835855816
319.802491141315;102.111614436737
319.824117629311;101.996358026741
319.845744117307;101.84642543013
319.867370605304;101.651697230185
319.8889970933;101.421665489363
319.910623581296;101.16571028287
319.932250069292;100.869598262933
319.953876557288;100.528629122065
319.975503045284;100.159069773303
319.997129533281;99.779977488353
320.018756021277;99.399874358363
320.040382509273;99.0232078164977
320.062008997269;98.6530373842931
320.083635485265;98.2971684158789
320.105261973261;97.9690481399919
320.126888461257;97.6855100091307
320.148514949254;97.4570596480448
320.17014143725;97.2823863059085
320.191767925246;97.1597236533799
320.213394413242;97.0765196732675
320.235020901238;97.0291941411114
320.256647389234;97.02208562951
320.278273877231;97.0466080246037
320.299900365227;97.0965143369014
320.321526853223;97.1453170267185
320.343153341219;97.1611884547798
320.364779829215;97.1391270544503
320.386406317211;97.0868787366826
320.408032805207;97.0074708186004
320.429659293204;96.8981597267672
320.4512857812;96.7580027079049
320.472912269196;96.5928400540608
320.494538757192;96.4142327675322
320.516165245188;96.237517702287
320.537791733184;96.0712822730482
320.559418221181;95.9192224767646
320.581044709177;95.7822835483803
320.602671197173;95.661307789454
320.624297685169;95.556669903697
320.645924173165;95.4682032148708
320.667550661161;95.404577511945
320.689177149158;95.3602285746681
320.710803637154;95.3260837156805
320.73243012515;95.2964657816496
320.754056613146;95.2675036699873
320.775683101142;95.2435960662439
320.797309589138;95.2371260546041
320.818936077134;95.2530059291844
320.840562565131;95.2905789081261
320.862189053127;95.3521894999984
320.883815541123;95.4387184901638
320.905442029119;95.5427735653261
320.927068517115;95.6616962146009
320.948695005111;95.794707913262
320.970321493108;95.9388231208797
320.991947981104;96.0856324464268
321.0135744691;96.2297115351337
321.035200957096;96.3621535986126
321.056827445092;96.4826729330302
321.078453933088;96.5961405158815
321.100080421084;96.7083619478147
321.121706909081;96.8271243054245
321.143333397077;96.9452646369844
321.164959885073;97.0524209572989
321.186586373069;97.1517079573295
321.208212861065;97.2585436418744
321.229839349061;97.387931648373
321.251465837058;97.5400489402754
321.273092325054;97.6990379745212
321.29471881305;97.8582230355158
321.316345301046;98.019802450204
321.337971789042;98.1857701935954
321.359598277038;98.3540000818655
321.381224765034;98.5195868640582
321.402851253031;98.6795639952362
321.424477741027;98.8312002023937
321.446104229023;98.9711201922694
321.467730717019;99.0937577817061
321.489357205015;99.1861500714726
321.510983693011;99.2384230078571
321.532610181008;99.2469299318234
321.554236669004;99.2073382141562
321.575863157;99.1093369619994
321.597489644996;98.9514664035071
321.619116132992;98.741003948844
321.640742620988;98.487862004233
321.662369108984;98.1999415830873
321.683995596981;97.8820359584466
321.705622084977;97.5326270967672
321.727248572973;97.1445059518831
321.748875060969;96.7147974703261
321.770501548965;96.2678489684925
321.792128036961;95.8475862432117
321.813754524958;95.4631953124154
321.835381012954;95.1076158026279
321.85700750095;94.7788031174335
321.878633988946;94.4673521950103
321.900260476942;94.166554629981
321.921886964938;93.8802810457977
321.943513452935;93.6145877667487
321.965139940931;93.3594656851635
321.986766428927;93.0962495346767
322.008392916923;92.8106913308529
322.030019404919;92.4970671913628
322.051645892915;92.1510237712513
322.073272380911;91.7688284164549
322.094898868908;91.3509885033526
322.116525356904;90.8993661375559
322.1381518449;90.4109325803228
322.159778332896;89.8842840663134
322.181404820892;89.3189425694068
322.203031308888;88.724922323099
322.224657796885;88.1115958709883
322.246284284881;87.481627520706
322.267910772877;86.8420307036122
322.289537260873;86.2220109366086
322.311163748869;85.6469039878043
322.332790236865;85.1060087706346
322.354416724861;84.5843733640002
322.376043212858;84.0842113967541
322.397669700854;83.607486372839
322.41929618885;83.154428552449
322.440922676846;82.7297317629406
322.462549164842;82.3468293115589
322.484175652838;82.0166404561123
322.505802140835;81.7434063771473
322.527428628831;81.5321484988684
322.549055116827;81.3908514346199
322.570681604823;81.3084662150875
322.592308092819;81.2728873013376
322.613934580815;81.2816174816421
322.635561068811;81.3556080837679
322.657187556808;81.4810845994141
322.678814044804;81.6456047911269
322.7004405328;81.831977686921
322.722067020796;82.0197359794613
322.743693508792;82.2125904733551
322.765319996788;82.4083722020925
322.786946484785;82.5930880390654
322.808572972781;82.7543586725037
322.830199460777;82.8924572294964
322.851825948773;83.0121523653466
322.873452436769;83.1137904070886
322.895078924765;83.1984699450413
322.916705412761;83.276205455728
322.938331900758;83.3531573542356
322.959958388754;83.4314027834186
322.98158487675;83.509240957949
323.003211364746;83.5869940186447
323.024837852742;83.6586886774755
323.046464340738;83.7166149684555
323.068090828735;83.7649556046118
323.089717316731;83.8083623754858
323.111343804727;83.8478255386491
323.132970292723;83.8851226766481
323.154596780719;83.9218557133876
323.176223268715;83.9524748176398
323.197849756711;83.9673671157857
323.219476244708;83.9553818349808
323.241102732704;83.9166588001663
323.2627292207;83.8543138984233
323.284355708696;83.7650316598342
323.305982196692;83.6428046901975
323.327608684688;83.4782992472813
323.349235172685;83.2540155701212
323.370861660681;82.975638285446
323.392488148677;82.6772942911875
323.414114636673;82.3750783830779
323.435741124669;82.058530961985
323.457367612665;81.7192916063989
323.478994100662;81.3873240006856
323.500620588658;81.0885613368545
323.522247076654;80.840023925806
323.54387356465;80.6442722075235
323.565500052646;80.4923186689031
323.587126540642;80.368780524758
323.608753028638;80.2724612473788
323.630379516635;80.2184536330821
323.652006004631;80.2032516733906
323.673632492627;80.2021050157843
323.695258980623;80.207107744542
323.716885468619;80.2113931867166
323.738511956615;80.2007901112288
323.760138444612;80.1650437554883
323.781764932608;80.0908248795478
323.803391420604;79.971051726741
323.8250179086;79.8238428886645
323.846644396596;79.6600835944341
323.868270884592;79.4755283016735
323.889897372588;79.2651379245283
323.911523860585;79.0309565402374
323.933150348581;78.7936025861969
323.954776836577;78.582146636954
323.976403324573;78.404584746047
323.998029812569;78.2566802882859
324.019656300565;78.1294712175045
324.041282788562;78.0252587454996
324.062909276558;77.9692668067821
324.084535764554;77.9648964452823
324.10616225255;78.0053030541702
324.127788740546;78.0851655684536
324.149415228542;78.2032708997638
324.171041716538;78.3510877177116
324.192668204535;78.5085845292773
324.214294692531;78.6610569398703
324.235921180527;78.800466458521
324.257547668523;78.9202319898729
324.279174156519;79.0129921019103
324.300800644515;79.071684958513
324.322427132512;79.0909015947217
324.344053620508;79.0690692458598
324.365680108504;78.9999673398204
324.3873065965;78.8825356745865
324.408933084496;78.7211537135633
324.430559572492;78.5112763778243
324.452186060488;78.2390723847726
324.473812548485;77.9082001679503
324.495439036481;77.5311631974752
324.517065524477;77.1166285734112
324.538692012473;76.6650125378828
324.560318500469;76.1822186633104
324.581944988465;75.6805297276053
324.603571476462;75.1608312087748
324.625197964458;74.6269852904534
324.646824452454;74.1036382375933
324.66845094045;73.6107707861254
324.690077428446;73.1539596459412
324.711703916442;72.7396006397592
324.733330404439;72.3762219050533
324.754956892435;72.0590908904748
324.776583380431;71.777928674773
324.798209868427;71.5304676457521
324.819836356423;71.3141291308467
324.841462844419;71.1201547881762
324.863089332415;70.9494104193835
324.884715820412;70.7968119942999
324.906342308408;70.6541943636598
324.927968796404;70.509421144024
324.9495952844;70.3499554298228
324.971221772396;70.1702259791214
324.992848260392;69.9677790935579
325.014474748389;69.7297488455852
325.036101236385;69.4553691889088
325.057727724381;69.1446334088121
325.079354212377;68.7986541565456
325.100980700373;68.4291349415085
325.122607188369;68.0431494135765
325.144233676365;67.6432802728299
325.165860164362;67.2323800354597
325.187486652358;66.8194291275885
325.209113140354;66.4132912630802
325.23073962835;66.0114467769214
325.252366116346;65.6039455573042
325.273992604342;65.1998159729687
325.295619092339;64.8145821691702
325.317245580335;64.4491722284936
325.338872068331;64.0984530344158
325.360498556327;63.7667462445163
325.382125044323;63.4587236282825
325.403751532319;63.1557478659405
325.425378020315;62.8548390556415
325.447004508312;62.5682435095678
325.468630996308;62.3027558252343
325.490257484304;62.0700964139582
325.5118839723;61.8796058873284
325.533510460296;61.7248548711664
325.555136948292;61.5990723239751
325.576763436289;61.4984768475991
325.598389924285;61.419682481411
325.620016412281;61.3523126127606
325.641642900277;61.29286974906
325.663269388273;61.2328078098647
325.684895876269;61.1603912763132
325.706522364265;61.0702520604777
325.728148852262;60.9477646020462
325.749775340258;60.7753356186607
325.771401828254;60.5585294601406
325.79302831625;60.294194384947
325.814654804246;59.986868661074
325.836281292242;59.6368821692964
325.857907780239;59.244436339972
325.879534268235;58.8254977882109
325.901160756231;58.391700173961
325.922787244227;57.945001795868
325.944413732223;57.5071941807572
325.966040220219;57.1060283501847
325.987666708216;56.7375077124889
326.009293196212;56.3832530734335
326.030919684208;56.0287133351033
326.052546172204;55.674859107888
326.0741726602;55.3284751206266
326.095799148196;54.9969503627389
326.117425636192;54.6765368790714
326.139052124189;54.3523130573055
326.160678612185;54.020212357859
326.182305100181;53.6897961599212
326.203931588177;53.3633704758096
326.225558076173;53.036453824585
326.247184564169;52.7141961850159
326.268811052166;52.4049455079608
326.290437540162;52.1192201209008
326.312064028158;51.8663157247787
326.333690516154;51.6454854846627
326.35531700415;51.4524086744199
326.376943492146;51.2798254219513
326.398569980142;51.1260567601813
326.420196468139;50.9971375944721
326.441822956135;50.8902515892023
326.463449444131;50.7955330859429
326.485075932127;50.6980203572669
326.506702420123;50.5889531899993
326.528328908119;50.4651195008566
326.549955396116;50.3167685041864
326.571581884112;50.1259550195757
326.593208372108;49.8923784678958
326.614834860104;49.6246756795715
326.6364613481;49.3188037695713
326.658087836096;48.977197295032
326.679714324092;48.6129298280262
326.701340812089;48.2372037761567
326.722967300085;47.8538464719597
326.744593788081;47.4600168779362
326.766220276077;47.0451511153961
326.787846764073;46.6085914457839
326.809473252069;46.1721525172611
326.831099740066;45.7517409846308
326.852726228062;45.3423657847672
326.874352716058;44.9418834902421
326.895979204054;44.553086389289
326.91760569205;44.1776368105874
326.939232180046;43.8169398008616
326.960858668042;43.4729034902754
326.982485156039;43.1527657212464
327.004111644035;42.8638295180027
327.025738132031;42.5978221099643
327.047364620027;42.3502758511667
327.068991108023;42.1067270831408
327.090617596019;41.8528047271142
327.112244084016;41.5869090181885
327.133870572012;41.3224154331243
327.155497060008;41.0603011249972
327.177123548004;40.7971836433039
327.198750036;40.5342375265044
327.220376523996;40.2659051001201
327.242003011992;39.9851473545501
327.263629499989;39.6897615508021
327.285255987985;39.3759386756835
327.306882475981;39.04416414595
327.328508963977;38.7029290087929
327.350135451973;38.3567909165604
327.371761939969;37.9994329070132
327.393388427966;37.6302703100955
327.415014915962;37.2603949580071
327.436641403958;36.9011607180405
327.458267891954;36.5612738353513
327.47989437995;36.2424510164434
327.501520867946;35.9422043497488
327.523147355943;35.6553571439947
327.544773843939;35.380650037288
327.566400331935;35.1124409019287
327.588026819931;34.8331942033688
327.609653307927;34.5296272690019
327.631279795923;34.2199372682863
327.652906283919;33.9142314896819
327.674532771916;33.5970721184284
327.696159259912;33.2531235601501
327.717785747908;32.8795241573234
327.739412235904;32.4864467638903
327.7610387239;32.0760693869207
327.782665211896;31.6387591369184
327.804291699893;31.1583867125177
327.825918187889;30.6405517131205
327.847544675885;30.1252428276929
327.869171163881;29.6161471383901
327.890797651877;29.101506414504
327.912424139873;28.6056437083569
327.934050627869;28.1301192560106
327.955677115866;27.6589420966798
327.977303603862;27.1768920512643
327.998930091858;26.6810545674559
328.020556579854;26.1844069121384
328.04218306785;25.6955395584483
328.063809555846;25.198058617438
328.085436043843;24.681851927316
328.107062531839;24.1506706824364
328.128689019835;23.6046661847351
328.150315507831;23.0325741213211
328.171941995827;22.4342871325165
328.193568483823;21.8398541221592
328.215194971819;21.270826886517
328.236821459816;20.7252256844786
328.258447947812;20.1914075140502
328.280074435808;19.6604814214352
328.301700923804;19.1597333179439
328.3233274118;18.7138610778122
328.344953899796;18.3253707044493
328.366580387793;17.9859609667718
328.388206875789;17.6874841822209
328.409833363785;17.417605688432
328.431459851781;17.1779377251223
328.453086339777;16.9628843272032
328.474712827773;16.7590699154031
328.496339315769;16.5515698481763
328.517965803766;16.3309086713811
328.539592291762;16.0963776644024
328.561218779758;15.8417599677198
328.582845267754;15.560904644715
328.60447175575;15.2543394207758
328.626098243746;14.9245537315144
328.647724731743;14.5799557235034
328.669351219739;14.241309721163
328.690977707735;13.9299181672562
328.712604195731;13.6499778893364
328.734230683727;13.4024029782953
328.755857171723;13.1913311848379
328.77748365972;13.0220224580355
328.799110147716;12.894929037945
328.820736635712;12.8097485416373
328.842363123708;12.7559163811962
328.863989611704;12.7177400678575
328.8856160997;12.68446954176
328.907242587696;12.6508912589408
328.928869075693;12.6152429614031
328.950495563689;12.5743346747265
328.972122051685;12.5201235372142
328.993748539681;12.4531715501866
329.015375027677;12.3794438463221
329.037001515673;12.2971425265201
329.05862800367;12.2025718102389
329.080254491666;12.0865976804619
329.101880979662;11.9529883844644
329.123507467658;11.8092848571713
329.145133955654;11.6574271488781
329.16676044365;11.4956425421021
329.188386931646;11.3247796500782
329.210013419643;11.1355600801269
329.231639907639;10.9178267704738
329.253266395635;10.6768989443537
329.274892883631;10.4205410924208
329.296519371627;10.1505243168459
329.318145859623;9.87085198228634
329.33977234762;9.58981780383401
329.361398835616;9.31339504911006
329.383025323612;9.04718866094161
329.404651811608;8.79581311994471
329.426278299604;8.57101914009885
329.4479047876;8.38748476538423
329.469531275596;8.25362946171566
329.491157763593;8.17030267237956
329.512784251589;8.13825397102319
329.534410739585;8.15867973635049
329.556037227581;8.22566136603072
329.577663715577;8.32359117512591
329.599290203573;8.44253007018571
329.62091669157;8.5799646917269
329.642543179566;8.72408378079889
329.664169667562;8.8684838338322
329.685796155558;9.01196042212557
329.707422643554;9.15010471845163
329.72904913155;9.27918418699102
329.750675619546;9.39884424733454
329.772302107543;9.50757780354488
329.793928595539;9.60331520760917
329.815555083535;9.67765551666194
329.837181571531;9.72383853635289
329.858808059527;9.74423162033203
329.880434547523;9.73622961729882
329.90206103552;9.68276139494564
329.923687523516;9.57581722822957
329.945314011512;9.41483006355494
329.966940499508;9.20317548137281
329.988566987504;8.93634107564846
330.0101934755;8.60897064975053
330.031819963497;8.22970590312201
330.053446451493;7.81668906907859
330.075072939489;7.37716439627175
330.096699427485;6.91929137397275
330.118325915481;6.46378907791467
330.139952403477;6.03306986358692
330.161578891473;5.63602034295172
330.18320537947;5.27996400226272
330.204831867466;4.97232300828978
330.226458355462;4.71480480644868
330.248084843458;4.50787088760526
330.269711331454;4.35369693011197
330.29133781945;4.25179956281826
330.312964307447;4.19935111886278
330.334590795443;4.19401576467678
330.356217283439;4.23504724267207
330.377843771435;4.31692112154755
330.399470259431;4.43507662345513
330.421096747427;4.58946665550874
330.442723235423;4.77820476237704
330.46434972342;4.99431407255872
330.485976211416;5.22611729152001
330.507602699412;5.46033931644621
330.529229187408;5.68686188712047
330.550855675404;5.90732296426989
330.5724821634;6.13114214014863
330.594108651397;6.3589838466265
330.615735139393;6.58260138302879
330.637361627389;6.79569582029146
330.658988115385;6.99518871722739
330.680614603381;7.18092870936817
330.702241091377;7.36121232735613
330.723867579373;7.53235738978603
330.74549406737;7.69027800785017
330.767120555366;7.82876659008414
330.788747043362;7.94450806120037
330.810373531358;8.04163901421219
330.832000019354;8.1202467873175
330.85362650735;8.17465918715737
330.875252995347;8.2033709815049
330.896879483343;8.19887215669409
330.918505971339;8.15004344078854
330.940132459335;8.05363764835472
330.961758947331;7.90775123495202
330.983385435327;7.71766999516922
331.005011923323;7.49901012005574
331.02663841132;7.25493320654491
331.048264899316;6.98322086666155
331.069891387312;6.68882390486272
331.091517875308;6.37614973904425
331.113144363304;6.04565552775986
331.1347708513;5.71543526935474
331.156397339297;5.41300198248018
331.178023827293;5.14449193966908
331.199650315289;4.90458045259956
331.221276803285;4.67685328127141
331.242903291281;4.45137418865747
331.264529779277;4.24362339508019
331.286156267274;4.06375510480481
331.30778275527;3.89821857133438
331.329409243266;3.73913721293943
331.351035731262;3.58286046586127
331.372662219258;3.42317262291161
331.394288707254;3.25094259694271
331.41591519525;3.06073782750761
331.437541683247;2.85276209919766
331.459168171243;2.62358234196643
331.480794659239;2.37299177283566
331.502421147235;2.10114014268572
331.524047635231;1.80345484179108
331.545674123227;1.49034232864813
331.567300611224;1.1783676630742
331.58892709922;0.86049117689663
331.610553587216;0.547596276028315
331.632180075212;0.26537984513854
331.653806563208;0.0117306165893751
331.675433051204;-0.214849418196764
331.6970595392;-0.398391678881126
331.718686027197;-0.517950850361274
331.740312515193;-0.563599765582723
331.761939003189;-0.533262875077639
331.783565491185;-0.427311640860552
331.805191979181;-0.233855818912701
331.826818467177;0.0691666143161171
331.848444955174;0.467433537192221
331.87007144317;0.923226997472426
331.891697931166;1.42047058013782
331.913324419162;1.9456184893159
331.934950907158;2.46163437468979
331.956577395154;2.92530495584046
331.97820388315;3.30862094321625
331.999830371147;3.58567211916704
332.021456859143;3.71969595188392
332.043083347139;3.6647282244021
332.064709835135;3.38362496698682
332.086336323131;2.84720443943729
332.107962811127;2.0549286699659
332.129589299124;1.05505095840624
332.15121578712;-0.101593591266493
332.172842275116;-1.39705874547593
332.194468763112;-2.77869019903096
332.216095251108;-4.20022875774129
332.237721739104;-5.65302076079698
332.2593482271;-7.07642789762065
332.280974715097;-8.34037409323031
332.302601203093;-9.33221642132457
332.324227691089;-10.0808127527949
332.345854179085;-10.6096124417285
332.367480667081;-10.9180134695048
332.389107155077;-11.0100058494513
332.410733643074;-10.9211563710852
332.43236013107;-10.6997045870274
332.453986619066;-10.3907924300343
332.475613107062;-10.0430198998226
332.497239595058;-9.69340340865548
332.518866083054;-9.38561187385449
332.54049257105;-9.14216370142742
332.562119059047;-8.96444549981669
332.583745547043;-8.85164092749602
332.605372035039;-8.80523644265892
332.626998523035;-8.81416272974701
332.648625011031;-8.86813481545911
332.670251499027;-8.96035067739518
332.691877987024;-9.07451659124712
332.71350447502;-9.18922762928636
332.735130963016;-9.29740278380663
332.756757451012;-9.40047716961553
332.778383939008;-9.49165213278442
332.800010427004;-9.55980210815054
332.821636915001;-9.59208173780803
332.843263402997;-9.58131393468037
332.864889890993;-9.52876252678297
332.886516378989;-9.43769933954604
332.908142866985;-9.31102444308792
332.929769354981;-9.14857902883494
332.951395842977;-8.92705457697355
332.973022330974;-8.65386023603753
332.99464881897;-8.34724465479889
333.016275306966;-8.0113162633686
333.037901794962;-7.65224234194841
333.059528282958;-7.27096859473801
333.081154770954;-6.87386479025312
333.102781258951;-6.48867548697237
333.124407746947;-6.13132948988712
333.146034234943;-5.78179203463606
333.167660722939;-5.41685912438268
333.189287210935;-5.0478252371571
333.210913698931;-4.69015760446578
333.232540186927;-4.34128573629482
333.254166674924;-3.96685686717316
333.27579316292;-3.53088148268429
333.297419650916;-3.01609881059872
333.319046138912;-2.44014734776272
333.340672626908;-1.82352812276585
333.362299114904;-1.15527173326629
333.383925602901;-0.416874219451671
333.405552090897;0.400777079725543
333.427178578893;1.2880801412353
333.448805066889;2.20913567972633
333.470431554885;3.12321650337574
333.492058042881;4.01866702329627
333.513684530877;4.9105914793052
333.535311018874;5.77696421621101
333.55693750687;6.58139318842137
333.578563994866;7.32429039886006
333.600190482862;8.0101105774
333.621816970858;8.62433307906426
333.643443458854;9.13883710904175
333.665069946851;9.54772553439317
333.686696434847;9.87212138951156
333.708322922843;10.1206821492081
333.729949410839;10.3074575081138
333.751575898835;10.4515591635401
333.773202386831;10.5637471011007
333.794828874827;10.6658338935686
333.816455362824;10.7966127324612
333.83808185082;10.9905167531009
333.859708338816;11.285608746709
333.881334826812;11.7007415173045
333.902961314808;12.2715372387213
333.924587802804;13.0698999306289
333.946214290801;14.1532079491099
333.967840778797;15.5060080690875
333.989467266793;17.0479586851462
334.011093754789;18.7717770880623
334.032720242785;20.705109938426
334.054346730781;22.8436794139058
334.075973218778;25.1109816306812
334.097599706774;27.2983680409727
334.11922619477;29.2470020812597
334.140852682766;30.8923203661658
334.162479170762;32.112533292084
334.184105658758;32.7868157186672
334.205732146754;32.8288699756486
334.227358634751;32.1708241381886
334.248985122747;30.7647358961865
334.270611610743;28.6059373158533
334.292238098739;25.7157715553616
334.313864586735;22.1931048309714
334.335491074731;18.1181718734521
334.357117562728;13.6474548041575
334.378744050724;9.04533389343958
334.40037053872;4.52067386191354
334.421997026716;0.417806857773058
334.443623514712;-3.12441161713247
334.465250002708;-6.09131836699021
334.486876490704;-8.41981786084997
334.508502978701;-10.010916612203
334.530129466697;-10.8084139178657
334.551755954693;-10.8500721961574
334.573382442689;-10.1918436280336
334.595008930685;-8.88602842790027
334.616635418681;-7.08733720420722
334.638261906678;-4.98555759323435
334.659888394674;-2.66724083261855
334.68151488267;-0.117560712039221
334.703141370666;2.64661404490278
334.724767858662;5.52001189292525
334.746394346658;8.41510608430298
334.768020834654;11.3553561837398
334.789647322651;14.2913023452357
334.811273810647;17.2243196879411
334.832900298643;20.2504429860338
334.854526786639;23.4417355749771
334.876153274635;26.7421509674539
334.897779762631;29.9945948024054
334.919406250628;33.1546533685139
334.941032738624;36.3000316338316
334.96265922662;39.4586228801467
334.984285714616;42.6451932271306
335.005912202612;45.7906395635965
335.027538690608;48.7695881939631
335.049165178604;51.5878309635533
335.070791666601;54.3834128833164
335.092418154597;57.2010386015641
335.114044642593;59.8872879265569
335.135671130589;62.2975509768204
335.157297618585;64.4816959787366
335.178924106581;66.5468739172126
335.200550594578;68.4815795861786
335.222177082574;70.2222525272476
335.24380357057;71.7787467443764
335.265430058566;73.2131691566086
335.287056546562;74.5584770289009
335.308683034558;75.7859985124634
335.330309522555;76.8853921385093
335.351936010551;77.8841189847375
335.373562498547;78.7742829346766
335.395188986543;79.5698453868841
335.416815474539;80.3106938837514
335.438441962535;81.0319045700673
335.460068450531;81.7498802381029
335.481694938528;82.4610275145953
335.503321426524;83.1600174375022
335.52494791452;83.8623969350105
335.546574402516;84.6060852842114
335.568200890512;85.4618973737563
335.589827378508;86.5003622130601
335.611453866505;87.757348130644
335.633080354501;89.2800529815064
335.654706842497;91.1403868863546
335.676333330493;93.4178585531412
335.697959818489;96.2242617876475
335.719586306485;99.7249330914181
335.741212794481;103.987776792292
335.762839282478;109.015258971526
335.784465770474;114.880497175291
335.80609225847;121.726387437562
335.827718746466;129.785277036434
335.849345234462;139.165829606518
335.870971722458;149.700663099468
335.892598210455;161.187786999291
335.914224698451;173.713083574337
335.935851186447;187.771030753649
335.957477674443;204.176054574361
335.979104162439;223.514314480567
336.000730650435;246.240779958496
336.022357138431;272.013176890135
336.043983626428;300.14028710679
336.065610114424;331.225195348741
336.08723660242;366.19263406573
336.108863090416;405.849128557197
336.130489578412;451.262381433534
336.152116066408;504.27139829093
336.173742554405;566.454108520891
336.195369042401;639.350224469345
336.216995530397;723.868438562138
336.238622018393;816.953630905562
336.260248506389;917.409582837799
336.281874994385;1026.55864412111
336.303501482381;1144.36936378822
336.325127970378;1270.7555243393
336.346754458374;1405.31503499292
336.36838094637;1543.96599769623
336.390007434366;1680.12465850616
336.411633922362;1808.25073273912
336.433260410358;1925.5138002857
336.454886898355;2026.86079109714
336.476513386351;2107.22565459785
336.498139874347;2161.283788613
336.519766362343;2183.50792646693
336.541392850339;2169.23183421956
336.563019338335;2114.09119059623
336.584645826332;2014.24383708185
336.606272314328;1865.78035720195
336.627898802324;1671.30518281736
336.64952529032;1442.06847212232
336.671151778316;1186.51367613815
336.692778266312;911.392471988506
336.714404754308;627.215490613852
336.736031242305;337.707003688396
336.757657730301;46.6174203304378
336.779284218297;-242.628844825102
336.800910706293;-526.383554047197
336.822537194289;-784.211899273457
336.844163682285;-1001.80683152582
336.865790170282;-1176.1772985147
336.887416658278;-1316.34368322748
336.909043146274;-1427.04371804381
336.93066963427;-1508.17114379592
336.952296122266;-1559.5183921707
336.973922610262;-1582.90834291952
336.995549098258;-1581.86609037834
337.017175586255;-1559.23487232364
337.038802074251;-1519.01949600796
337.060428562247;-1467.27232848605
337.082055050243;-1407.8104275097
337.103681538239;-1341.3206300843
337.125308026235;-1269.46933568465
337.146934514232;-1200.53775162199
337.168561002228;-1138.69039306814
337.190187490224;-1082.35083284409
337.21181397822;-1030.34367595499
337.233440466216;-983.249915605492
337.255066954212;-943.109424059523
337.276693442208;-909.731102629902
337.298319930205;-882.286586972516
337.319946418201;-860.358445455755
337.341572906197;-843.283793119597
337.363199394193;-830.396539535815
337.384825882189;-821.007949496238
337.406452370185;-814.376840903052
337.428078858182;-809.575160027933
337.449705346178;-805.445453502141
337.471331834174;-801.088669222574
337.49295832217;-795.842212356835
337.514584810166;-789.0803610705
337.536211298162;-780.019366395904
337.557837786158;-767.875274817879
337.579464274155;-752.409278400774
337.601090762151;-733.878922458372
337.622717250147;-712.381717271979
337.644343738143;-687.427148233917
337.665970226139;-659.00409520597
337.687596714135;-628.110852249347
337.709223202132;-595.563117947522
337.730849690128;-561.183148364601
337.752476178124;-524.332851792046
337.77410266612;-487.453675055394
337.795729154116;-452.011879487879
337.817355642112;-418.019288384408
337.838982130108;-385.67311406745
337.860608618105;-355.417442862231
337.882235106101;-326.989057101755
337.903861594097;-300.322194198284
337.925488082093;-275.507807050234
337.947114570089;-252.631518016139
337.968741058085;-232.323521056168
337.990367546082;-214.746697057286
338.011994034078;-199.391071553504
338.033620522074;-185.609800427942
338.05524701007;-172.84924122575
338.076873498066;-160.751983811509
338.098499986062;-149.376361926687
338.120126474059;-139.360894376404
338.141752962055;-130.920322972719
338.163379450051;-123.581283562112
338.185005938047;-116.818488933149
338.206632426043;-110.234896507991
338.228258914039;-103.642903704261
338.249885402035;-97.1953277141323
338.271511890032;-91.1190807120064
338.293138378028;-85.3599649250105
338.314764866024;-79.6067019922646
338.33639135402;-73.781177252727
338.358017842016;-68.134265813697
338.379644330012;-62.562784941342
338.401270818009;-57.2214444125285
338.422897306005;-52.3773444559593
338.444523794001;-48.1050556375846
338.466150281997;-44.3700870225942
338.487776769993;-41.0958162979458
338.509403257989;-38.3663175043169
338.531029745985;-36.3371725924729
338.552656233982;-35.0927250715826
338.574282721978;-34.7277380726616
338.595909209974;-35.4591710079574
338.61753569797;-37.2336837903506
338.639162185966;-39.8539378531689
338.660788673962;-43.3005177747581
338.682415161959;-47.3785740167483
338.704041649955;-51.8232431300808
338.725668137951;-56.586826383137
338.747294625947;-61.6127343266377
338.768921113943;-66.6078269420802
338.790547601939;-71.1154717855564
338.812174089935;-74.7765410301785
338.833800577932;-77.6119928944659
338.855427065928;-79.7368060428888
338.877053553924;-81.1372815231427
338.89868004192;-81.7595954836285
338.920306529916;-81.6552075343928
338.941933017912;-80.9681946104055
338.963559505909;-79.8230460396894
338.985185993905;-78.2543181343466
339.006812481901;-76.3429096825185
339.028438969897;-74.3492375518026
339.050065457893;-72.4593189987171
339.071691945889;-70.7146497210073
339.093318433885;-69.0913209204497
339.114944921882;-67.5995586722092
339.136571409878;-66.3145564497755
339.158197897874;-65.3145851877665
339.17982438587;-64.5735054066026
339.201450873866;-64.0285282114058
339.223077361862;-63.6454703802914
339.244703849859;-63.3985320792869
339.266330337855;-63.2295155859267
339.287956825851;-63.0842708731191
339.309583313847;-62.9198318821484
339.331209801843;-62.6964004189784
339.352836289839;-62.3838248589052
339.374462777836;-61.9545023880807
339.396089265832;-61.3885721881
339.417715753828;-60.7105453529242
339.439342241824;-59.9361357730015
339.46096872982;-59.0456266515667
339.482595217816;-58.051174346944
339.504221705812;-57.003676016716
339.525848193809;-55.9668167189697
339.547474681805;-54.9442110791471
339.569101169801;-53.9327386571011
339.590727657797;-52.9807772131311
339.612354145793;-52.1117631784865
339.633980633789;-51.3159740439909
339.655607121786;-50.6104934196747
339.677233609782;-49.9991096562708
339.698860097778;-49.4634046705905
339.720486585774;-48.9996378112266
339.74211307377;-48.6115186906786
339.763739561766;-48.2943991424407
339.785366049762;-48.0319898628964
339.806992537759;-47.8080476582651
339.828619025755;-47.613064393773
339.850245513751;-47.4434594672341
339.871872001747;-47.2992521731393
339.893498489743;-47.1722408899282
339.915124977739;-47.0661756484553
339.936751465736;-46.9830437796661
339.958377953732;-46.9238305747454
339.980004441728;-46.8941293958971
340.001630929724;-46.908573381321
340.02325741772;-46.9845430113135
340.044883905716;-47.1194413300363
340.066510393712;-47.3131266284635
340.088136881709;-47.5779007058033
340.109763369705;-47.9124433147126
340.131389857701;-48.3121809794783
340.153016345697;-48.7674202963739
340.174642833693;-49.2473965414434
340.196269321689;-49.7354169589413
340.217895809686;-50.2274191910805
340.239522297682;-50.7012195029315
340.261148785678;-51.1273010813208
340.282775273674;-51.4836039608986
340.30440176167;-51.7538692143914
340.326028249666;-51.9353259449534
340.347654737662;-52.0202563473838
340.369281225659;-52.0034381524098
340.390907713655;-51.8813066549977
340.412534201651;-51.6572952776278
340.434160689647;-51.3578837028121
340.455787177643;-51.0035995155936
340.477413665639;-50.6297684447978
340.499040153636;-50.2578830846033
340.520666641632;-49.8793490991215
340.542293129628;-49.5071814922249
340.563919617624;-49.2085105888963
340.58554610562;-49.0173903619084
340.607172593616;-48.9545232353209
340.628799081613;-49.0262644254668
340.650425569609;-49.2539899469274
340.672052057605;-49.6603414769631
340.693678545601;-50.2589254633048
340.715305033597;-51.0939602318688
340.736931521593;-52.1972747891694
340.758558009589;-53.5745454068646
340.780184497586;-55.1861719354611
340.801810985582;-56.9286613180514
340.823437473578;-58.7358993435985
340.845063961574;-60.6072879086337
340.86669044957;-62.5120929095184
340.888316937566;-64.4194669855252
340.909943425563;-66.2859344214302
340.931569913559;-68.0298533074915
340.953196401555;-69.5981516607412
340.974822889551;-70.977326043756
340.996449377547;-72.1129776465899
341.018075865543;-72.9814084583475
341.039702353539;-73.6371476197412
341.061328841536;-74.1097382114626
341.082955329532;-74.4121147086465
341.104581817528;-74.5830684198123
341.126208305524;-74.6656799562281
341.14783479352;-74.6943457919461
341.169461281516;-74.708545630698
341.191087769513;-74.7429333911653
341.212714257509;-74.8140789327727
341.234340745505;-74.9342680209252
341.255967233501;-75.1107306411247
341.277593721497;-75.3297992400315
341.299220209493;-75.5939623328555
341.320846697489;-75.907479333652
341.342473185486;-76.2715264832254
341.364099673482;-76.6597265125741
341.385726161478;-77.0283724411812
341.407352649474;-77.3536056812646
341.42897913747;-77.6306484749659
341.450605625466;-77.8581941864229
341.472232113463;-78.0336407257958
341.493858601459;-78.1540070667971
341.515485089455;-78.2225926841589
341.537111577451;-78.2446668665007
341.558738065447;-78.2291553850718
341.580364553443;-78.189026154628
341.601991041439;-78.1409944860908
341.623617529436;-78.0928219821549
341.645244017432;-78.0551357185199
341.666870505428;-78.0312543192554
341.688496993424;-78.0180927514014
341.71012348142;-78.0165395990022
341.731749969416;-78.0316841869373
341.753376457413;-78.0681614402778
341.775002945409;-78.1156109887239
341.796629433405;-78.1747523016114
341.818255921401;-78.2443985311831
341.839882409397;-78.3225909829578
341.861508897393;-78.4066798348885
341.883135385389;-78.490900624172
341.904761873386;-78.5707517493776
341.926388361382;-78.64659637942
341.948014849378;-78.718910492821
341.969641337374;-78.7852358971944
341.99126782537;-78.8505136556841
342.012894313366;-78.9217473677547
342.034520801363;-79.0014627586365
342.056147289359;-79.0866546581605
342.077773777355;-79.1770469756501
342.099400265351;-79.2761012972856
342.121026753347;-79.3874907740721
342.142653241343;-79.5110745164685
342.16427972934;-79.6402267565012
342.185906217336;-79.7643098298731
342.207532705332;-79.8815880879836
342.229159193328;-79.9943418252991
342.250785681324;-80.0953668292009
342.27241216932;-80.1703920391171
342.294038657316;-80.2158211184011
342.315665145313;-80.2289466983218
342.337291633309;-80.2053347975216
342.358918121305;-80.1421517876495
342.380544609301;-80.0401809342476
342.402171097297;-79.8965091660077
342.423797585293;-79.7071581782974
342.44542407329;-79.4763752907645
342.467050561286;-79.2162742424868
342.488677049282;-78.9356041337069
342.510303537278;-78.6340902294212
342.531930025274;-78.3123598544088
342.55355651327;-77.9817272474606
342.575183001266;-77.6593253544207
342.596809489263;-77.3591082144255
342.618435977259;-77.0840840744171
342.640062465255;-76.8324901159292
342.661688953251;-76.6054316447501
342.683315441247;-76.4008587027513
342.704941929243;-76.221842019028
342.72656841724;-76.0812118844628
342.748194905236;-75.9837205809934
342.769821393232;-75.9236058899957
342.791447881228;-75.8979393756238
342.813074369224;-75.9118113644037
342.83470085722;-75.9754000650078
342.856327345216;-76.0956304996041
342.877953833213;-76.2706625295081
342.899580321209;-76.4951481399902
342.921206809205;-76.7648160383612
342.942833297201;-77.0879464742999
342.964459785197;-77.4931817331181
342.986086273193;-77.975416075029
343.00771276119;-78.488997287793
343.029339249186;-78.9953848357928
343.050965737182;-79.4922268052189
343.072592225178;-79.9978064139845
343.094218713174;-80.5088463271603
343.11584520117;-80.9773704143078
343.137471689166;-81.385814890822
343.159098177163;-81.7550396466777
343.180724665159;-82.0890352886239
343.202351153155;-82.3795848445808
343.223977641151;-82.6188277615807
343.245604129147;-82.8048377476911
343.267230617143;-82.9364583314017
343.28885710514;-83.0143829290364
343.310483593136;-83.0524579322709
343.332110081132;-83.059258490539
343.353736569128;-83.021818004689
343.375363057124;-82.9362312849349
343.39698954512;-82.8148041703021
343.418616033117;-82.6588048813684
343.440242521113;-82.4679215518813
343.461869009109;-82.2520170174389
343.483495497105;-82.0244986443285
343.505121985101;-81.7941093273822
343.526748473097;-81.5520289938707
343.548374961093;-81.2947950762629
343.57000144909;-81.0349168065111
343.591627937086;-80.7873231497737
343.613254425082;-80.5598844706381
343.634880913078;-80.3572477033599
343.656507401074;-80.1757758001062
343.67813388907;-80.0124575395101
343.699760377067;-79.8724572083245
343.721386865063;-79.7728863758381
343.743013353059;-79.7201146303929
343.764639841055;-79.704725589986
343.786266329051;-79.7235267644851
343.807892817047;-79.7712096013611
343.829519305043;-79.8423761423828
343.85114579304;-79.9331367754591
343.872772281036;-80.0387760780222
343.894398769032;-80.1483295523761
343.916025257028;-80.238582354959
343.937651745024;-80.3089785993449
343.95927823302;-80.3660124104383
343.980904721017;-80.3957796343768
344.002531209013;-80.3853980245442
344.024157697009;-80.3359901223579
344.045784185005;-80.2523562811249
344.067410673001;-80.139487093105
344.089037160997;-79.9973620381869
344.110663648993;-79.8273092959208
344.13229013699;-79.6324249604957
344.153916624986;-79.4166548093146
344.175543112982;-79.1805493514038
344.197169600978;-78.9235720235261
344.218796088974;-78.6391079268664
344.24042257697;-78.3305664599262
344.262049064967;-78.0227598619817
344.283675552963;-77.7375357871267
344.305302040959;-77.4988401564916
344.326928528955;-77.3085745184934
344.348555016951;-77.1533353753796
344.370181504947;-77.0340275259152
344.391807992943;-76.9715404429862
344.41343448094;-76.9806119196815
344.435060968936;-77.0552089325519
344.456687456932;-77.1793024155245
344.478313944928;-77.3377316899037
344.499940432924;-77.5243661217543
344.52156692092;-77.7313685177654
344.543193408917;-77.9266263623056
344.564819896913;-78.084619836098
344.586446384909;-78.212826974214
344.608072872905;-78.3147307733073
344.629699360901;-78.3888244084486
344.651325848897;-78.4320529001006
344.672952336894;-78.4441756959766
344.69457882489;-78.4274406437513
344.716205312886;-78.3935499022652
344.737831800882;-78.3521980606304
344.759458288878;-78.3028720313234
344.781084776874;-78.2486531954623
344.80271126487;-78.1906189179948
344.824337752867;-78.1269819202151
344.845964240863;-78.0505851321728
344.867590728859;-77.9533113298056
344.889217216855;-77.8304085043036
344.910843704851;-77.6725601963414
344.932470192847;-77.4694149536877
344.954096680844;-77.2153455917015
344.97572316884;-76.9107306650877
344.997349656836;-76.5533421075973
345.018976144832;-76.1435839329574
345.040602632828;-75.6951751344608
345.062229120824;-75.241094071561
345.08385560882;-74.8027947533049
345.105482096817;-74.3821704797242
345.127108584813;-73.9829247748847
345.148735072809;-73.6205955907751
345.170361560805;-73.3075982813264
345.191988048801;-73.0447279762959
345.213614536797;-72.8343890384194
345.235241024793;-72.6551661184428
345.25686751279;-72.5136843130286
345.278494000786;-72.4156654843947
345.300120488782;-72.3430240245294
345.321746976778;-72.2811431370934
345.343373464774;-72.2192865327241
345.36499995277;-72.1550554945031
345.386626440767;-72.0795920884929
345.408252928763;-71.9807273760903
345.429879416759;-71.8532517475836
345.451505904755;-71.6933460728281
345.473132392751;-71.507586986164
345.494758880747;-71.3059685671689
345.516385368744;-71.0752659698279
345.53801185674;-70.8003795993925
345.559638344736;-70.5109968771851
345.581264832732;-70.2351927099205
345.602891320728;-69.9701885297306
345.624517808724;-69.7030066334401
345.64614429672;-69.4266076188836
345.667770784717;-69.154264865421
345.689397272713;-68.8989284320024
345.711023760709;-68.6661351617658
345.732650248705;-68.4568497814608
345.754276736701;-68.2671464265766
345.775903224697;-68.0991951689661
345.797529712694;-67.9655603897893
345.81915620069;-67.8725043143378
345.840782688686;-67.8134027289223
345.862409176682;-67.7857891092573
345.884035664678;-67.7941697699138
345.905662152674;-67.8447129171111
345.927288640671;-67.9356278296063
345.948915128667;-68.0635609079988
345.970541616663;-68.2291061120266
345.992168104659;-68.4366947350594
346.013794592655;-68.6869724885005
346.035421080651;-68.9718122324715
346.057047568647;-69.2818415877998
346.078674056644;-69.6027506163515
346.10030054464;-69.9216373759751
346.121927032636;-70.2264094891971
346.143553520632;-70.5074252633062
346.165180008628;-70.7588323707804
346.186806496624;-70.9730500266671
346.208432984621;-71.1377309701932
346.230059472617;-71.2492490474001
346.251685960613;-71.3204048268665
346.273312448609;-71.3497127312685
346.294938936605;-71.3315581247031
346.316565424601;-71.2731754729442
346.338191912597;-71.1847214296939
346.359818400594;-71.0732103133412
346.38144488859;-70.9396919807348
346.403071376586;-70.7873540546207
346.424697864582;-70.6211910359507
346.446324352578;-70.4478490448578
346.467950840574;-70.2693404958171
346.48957732857;-70.078893465734
346.511203816567;-69.8711739903987
346.532830304563;-69.6600987038772
346.554456792559;-69.4594757393802
346.576083280555;-69.2659436891652
346.597709768551;-69.0767800714498
346.619336256547;-68.8929491979729
346.640962744544;-68.7202067618486
346.66258923254;-68.5658630281554
346.684215720536;-68.4370541742269
346.705842208532;-68.3395789239616
346.727468696528;-68.2743663185941
346.749095184524;-68.244129489039
346.77072167252;-68.2476270881549
346.792348160517;-68.2687853141488
346.813974648513;-68.3082440704725
346.835601136509;-68.3664679232055
346.857227624505;-68.4389101564898
346.878854112501;-68.521480221741
346.900480600497;-68.607524994495
346.922107088494;-68.6918125942017
346.94373357649;-68.7657372884382
346.965360064486;-68.8269701688476
346.986986552482;-68.8825689968596
347.008613040478;-68.9333649789436
347.030239528474;-68.9767891132528
347.051866016471;-69.0140369641472
347.073492504467;-69.0502651043973
347.095118992463;-69.0913890868277
347.116745480459;-69.1327197965317
347.138371968455;-69.1617686093277
347.159998456451;-69.1753591737162
347.181624944447;-69.1803192536927
347.203251432444;-69.1778591767863
347.22487792044;-69.1634067966363
347.246504408436;-69.1196647453072
347.268130896432;-69.0418785047767
347.289757384428;-68.9418547488734
347.311383872424;-68.8257346177109
347.333010360421;-68.6931271478023
347.354636848417;-68.5481108759575
347.376263336413;-68.4021164979326
347.397889824409;-68.2642677664801
347.419516312405;-68.1357160119438
347.441142800401;-68.010597023379
347.462769288398;-67.8811261689377
347.484395776394;-67.751144929042
347.50602226439;-67.628074437587
347.527648752386;-67.5093677335763
347.549275240382;-67.395137513266
347.570901728378;-67.2951890701604
347.592528216374;-67.2094944352276
347.614154704371;-67.1341666848593
347.635781192367;-67.0693641273695
347.657407680363;-67.0112307648998
347.679034168359;-66.9575749366975
347.700660656355;-66.9112937917851
347.722287144351;-66.8703773052869
347.743913632347;-66.8307756182705
347.765540120344;-66.7836663851277
347.78716660834;-66.7175990790298
347.808793096336;-66.6239310981869
347.830419584332;-66.5121010873976
347.852046072328;-66.3958202553233
347.873672560324;-66.2883978153034
347.895299048321;-66.1909611335384
347.916925536317;-66.1016744304266
347.938552024313;-66.024840963416
347.960178512309;-65.9746200626307
347.981805000305;-65.9557637997846
348.003431488301;-65.9578706466363
348.025057976297;-65.9839660111982
348.046684464294;-66.0318242996946
348.06831095229;-66.0917258008905
348.089937440286;-66.1550431590776
348.111563928282;-66.2107787552735
348.133190416278;-66.2465310025771
348.154816904274;-66.2491659004049
348.176443392271;-66.1998070986186
348.198069880267;-66.0948949368258
348.219696368263;-65.9477101859917
348.241322856259;-65.7606763666998
348.262949344255;-65.5252861918636
348.284575832251;-65.2396571972157
348.306202320248;-64.9328753853887
348.327828808244;-64.6289580405042
348.34945529624;-64.3256137939078
348.371081784236;-64.0246171934426
348.392708272232;-63.7433083515593
348.414334760228;-63.4890036545504
348.435961248224;-63.2529702376583
348.457587736221;-63.0237235079605
348.479214224217;-62.8013906838997
348.500840712213;-62.5892975420447
348.522467200209;-62.3814759686955
348.544093688205;-62.1743934227796
348.565720176201;-61.9706753539243
348.587346664198;-61.7682417909888
348.608973152194;-61.5640342369994
348.63059964019;-61.3547052148804
348.652226128186;-61.1351425971686
348.673852616182;-60.9053228563785
348.695479104178;-60.6657158290906
348.717105592175;-60.4181354750635
348.738732080171;-60.1621244107882
348.760358568167;-59.8896895716218
348.781985056163;-59.5965056676592
348.803611544159;-59.3007302465128
348.825238032155;-59.0222797194364
348.846864520151;-58.755791156705
348.868491008148;-58.4911525817857
348.890117496144;-58.2259348693846
348.91174398414;-57.9704481202433
348.933370472136;-57.7395404098504
348.954996960132;-57.5364604032615
348.976623448128;-57.3628680815875
348.998249936124;-57.226841307809
349.019876424121;-57.1412437262453
349.041502912117;-57.1035190829926
349.063129400113;-57.1068914032747
349.084755888109;-57.1446645457722
349.106382376105;-57.2103978451054
349.128008864101;-57.3096128545447
349.149635352098;-57.4486399204345
349.171261840094;-57.6184513893446
349.19288832809;-57.8029283849475
349.214514816086;-58.0012291528794
349.236141304082;-58.2081941485766
349.257767792078;-58.3882583374389
349.279394280074;-58.535037820945
349.301020768071;-58.6637158683744
349.322647256067;-58.7658225464087
349.344273744063;-58.8328519502714
349.365900232059;-58.8664463612379
349.387526720055;-58.8650332471501
349.409153208051;-58.825036255436
349.430779696048;-58.756382048419
349.452406184044;-58.660516995527
349.47403267204;-58.5359121628924
349.495659160036;-58.3858057808336
349.517285648032;-58.2150008833943
349.538912136028;-58.0303483083352
349.560538624025;-57.8429141073374
349.582165112021;-57.6628741002043
349.603791600017;-57.4909519172431
349.625418088013;-57.3169327408554
349.647044576009;-57.1534608119273
349.668671064005;-57.0155750006811
349.690297552001;-56.9048982972729
349.711924039998;-56.8265873218091
349.733550527994;-56.8041819495788
349.75517701599;-56.8430934020035
349.776803503986;-56.9447313495029
349.798429991982;-57.1146009391181
349.820056479978;-57.3574160048685
349.841682967975;-57.6682989577066
349.863309455971;-58.0313768506707
349.884935943967;-58.4314943260677
349.906562431963;-58.8600949308198
349.928188919959;-59.2944338371177
349.949815407955;-59.7041999634751
349.971441895952;-60.0838963711441
349.993068383948;-60.4368653532647
350.014694871944;-60.73778757255
350.03632135994;-60.9776381091619
350.057947847936;-61.1602379734755
350.079574335932;-61.294972656079
350.101200823928;-61.381155988418
350.122827311925;-61.4219375134815
350.144453799921;-61.4274057395783
350.166080287917;-61.407574009798
350.187706775913;-61.3713705799321
350.209333263909;-61.3260612711759
350.230959751905;-61.2805222143988
350.252586239901;-61.2343820427182
350.274212727898;-61.1862379297089
350.295839215894;-61.1376168021267
350.31746570389;-61.0856708403384
350.339092191886;-61.0238508866906
350.360718679882;-60.94206495688
350.382345167878;-60.8404783187924
350.403971655875;-60.7230785215255
350.425598143871;-60.5885247799803
350.447224631867;-60.4353774900264
350.468851119863;-60.2720706014271
350.490477607859;-60.1117631530303
350.512104095855;-59.9590501358542
350.533730583851;-59.8198168928356
350.555357071848;-59.7047710104306
350.576983559844;-59.6217063085243
350.59861004784;-59.5709515735552
350.620236535836;-59.550886420708
350.641863023832;-59.5618708124322
350.663489511828;-59.5951938840599
350.685115999825;-59.6448926519537
350.706742487821;-59.709638231274
350.728368975817;-59.7894893906529
350.749995463813;-59.8786668224707
350.771621951809;-59.9709497414806
350.793248439805;-60.0612952505169
350.814874927802;-60.1390813548018
350.836501415798;-60.1958775773409
350.858127903794;-60.228530635578
350.87975439179;-60.2367064370148
350.901380879786;-60.2253652249307
350.923007367782;-60.1965308742743
350.944633855778;-60.143681830392
350.966260343775;-60.0659907216141
350.987886831771;-59.9718455045423
351.009513319767;-59.8732926444376
351.031139807763;-59.7829501674559
351.052766295759;-59.7062996093577
351.074392783755;-59.6363896683888
351.096019271752;-59.5643789339631
351.117645759748;-59.4871039229518
351.139272247744;-59.4074650727253
351.16089873574;-59.3279128640881
351.182525223736;-59.247421839299
351.204151711732;-59.1631456730503
351.225778199729;-59.0670503531738
351.247404687725;-58.9588496958667
351.269031175721;-58.8418229695057
351.290657663717;-58.7178036171409
351.312284151713;-58.5878881598004
351.333910639709;-58.4536731000449
351.355537127705;-58.3203946987591
351.377163615702;-58.2000551302768
351.398790103698;-58.0943608753776
351.420416591694;-57.998514599912
351.44204307969;-57.9115395059039
351.463669567686;-57.8376446937969
351.485296055682;-57.7791711742678
351.506922543678;-57.7254618303239
351.528549031675;-57.6573829440271
351.550175519671;-57.568972177171
351.571802007667;-57.461752455031
351.593428495663;-57.3316457283024
351.615054983659;-57.1761661491393
351.636681471655;-56.9923931111865
351.658307959652;-56.7693120288162
351.679934447648;-56.5028685314415
351.701560935644;-56.2143251983096
351.72318742364;-55.9257839196158
351.744813911636;-55.6347957488621
351.766440399632;-55.3379249569472
351.788066887628;-55.0362516126175
351.809693375625;-54.7345454627924
351.831319863621;-54.4394962913244
351.852946351617;-54.1571696063548
351.874572839613;-53.8897552060711
351.896199327609;-53.6398813530301
351.917825815605;-53.4113164778674
351.939452303602;-53.206317713359
351.961078791598;-53.0243373277658
351.982705279594;-52.8609617887699
352.00433176759;-52.6998374362181
352.025958255586;-52.5266609958711
352.047584743582;-52.3490892830861
352.069211231578;-52.1864276964599
352.090837719575;-52.0440670947221
352.112464207571;-51.9150182049245
352.134090695567;-51.79619971048
352.155717183563;-51.7062290126263
352.177343671559;-51.6693949032737
352.198970159555;-51.6822943922333
352.220596647552;-51.736905441247
352.242223135548;-51.8310014918687
352.263849623544;-51.9598662269337
352.28547611154;-52.1159585043546
352.307102599536;-52.2960272186475
352.328729087532;-52.4978903871173
352.350355575529;-52.7113547201284
352.371982063525;-52.9202883403176
352.393608551521;-53.1126789974169
352.415235039517;-53.2905751728613
352.436861527513;-53.4544002184673
352.458488015509;-53.5964329175054
352.480114503505;-53.7126989235874
352.501740991502;-53.8034406956679
352.523367479498;-53.8730481176659
352.544993967494;-53.9244320876489
352.56662045549;-53.9579764350828
352.588246943486;-53.9735541606661
352.609873431482;-53.9679639679209
352.631499919479;-53.9354838823135
352.653126407475;-53.8774408351056
352.674752895471;-53.8000456916287
352.696379383467;-53.7045299712844
352.718005871463;-53.5922720938702
352.739632359459;-53.4606585431806
352.761258847455;-53.3049604137328
352.782885335452;-53.1236688578028
352.804511823448;-52.9258428445775
352.826138311444;-52.7269668446766
352.84776479944;-52.5293307420655
352.869391287436;-52.331270657993
352.891017775432;-52.1351691576889
352.912644263429;-51.935044885058
352.934270751425;-51.722975195484
352.955897239421;-51.5008963286875
352.977523727417;-51.2797324559179
352.999150215413;-51.060610957627
353.020776703409;-50.8347633606475
353.042403191405;-50.6056521494956
353.064029679402;-50.3900180232343
353.085656167398;-50.2114544901888
353.107282655394;-50.0773023558261
353.12890914339;-49.981024946199
353.150535631386;-49.9290300089372
353.172162119382;-49.9286537498156
353.193788607379;-49.9693802341518
353.215415095375;-50.0358098930511
353.237041583371;-50.120374352269
353.258668071367;-50.2258884754982
353.280294559363;-50.3496098699586
353.301921047359;-50.471824215573
353.323547535355;-50.5813432251827
353.345174023352;-50.6650787306129
353.366800511348;-50.7007984759308
353.388426999344;-50.6803627651457
353.41005348734;-50.6073262200671
353.431679975336;-50.4687439661574
353.453306463332;-50.2701222108696
353.474932951329;-50.0283744927773
353.496559439325;-49.7599938684161
353.518185927321;-49.4772050311951
353.539812415317;-49.182029386749
353.561438903313;-48.8778358754979
353.583065391309;-48.5749433464639
353.604691879306;-48.2860124655682
353.626318367302;-48.0199180592472
353.647944855298;-47.7743782088067
353.669571343294;-47.5444469162462
353.69119783129;-47.3280760168208
353.712824319286;-47.1259781546775
353.734450807282;-46.9364396205411
353.756077295279;-46.7536216843523
353.777703783275;-46.5634430822556
353.799330271271;-46.3635695799552
353.820956759267;-46.1720223627224
353.842583247263;-45.989116508157
353.864209735259;-45.8090678917358
353.885836223256;-45.6414785571683
353.907462711252;-45.5056848455938
353.929089199248;-45.3876223718195
353.950715687244;-45.2826307629097
353.97234217524;-45.1903844508197
353.993968663236;-45.1059305583294
354.015595151232;-45.021688044628
354.037221639229;-44.9479675740223
354.058848127225;-44.8850687863217
354.080474615221;-44.8207211392387
354.102101103217;-44.739046855901
354.123727591213;-44.6421866018512
354.145354079209;-44.5382682398279
354.166980567206;-44.4319376673161
354.188607055202;-44.3335680821613
354.210233543198;-44.2454994356018
354.231860031194;-44.1645364287784
354.25348651919;-44.0910966204709
354.275113007186;-44.0264587085226
354.296739495182;-43.9773394166119
354.318365983179;-43.9517016409655
354.339992471175;-43.9486995984128
354.361618959171;-43.9684234729339
354.383245447167;-44.0092913505679
354.404871935163;-44.0657627653645
354.426498423159;-44.1293261504996
354.448124911156;-44.1916681395464
354.469751399152;-44.2440171768523
354.491377887148;-44.280296353096
354.513004375144;-44.30260114062
354.53463086314;-44.3182611944393
354.556257351136;-44.3185262296224
354.577883839132;-44.2968308702416
354.599510327129;-44.2603006953589
354.621136815125;-44.2232037863428
354.642763303121;-44.1965352943502
354.664389791117;-44.1920650447844
354.686016279113;-44.2240442083759
354.707642767109;-44.3022182423176
354.729269255106;-44.4416833377832
354.750895743102;-44.6456248673525
354.772522231098;-44.8966330810481
354.794148719094;-45.1921499001475
354.81577520709;-45.5335837624717
354.837401695086;-45.9037126915604
354.859028183083;-46.272959634969
354.880654671079;-46.6424591839803
354.902281159075;-47.0034908334955
354.923907647071;-47.3312352824761
354.945534135067;-47.6143439638539
354.967160623063;-47.8441766248608
354.988787111059;-48.021860214772
355.010413599056;-48.155687121841
355.032040087052;-48.2447943341583
355.053666575048;-48.2828311974413
355.075293063044;-48.2651546825935
355.09691955104;-48.2152573626274
355.118546039036;-48.1555931165231
355.140172527033;-48.0970980591111
355.161799015029;-48.0331536733577
355.183425503025;-47.9511987791197
355.205051991021;-47.8622490718157
355.226678479017;-47.7716296042414
355.248304967013;-47.6804362350387
355.269931455009;-47.5798444933088
355.291557943006;-47.4665812953849
355.313184431002;-47.3509464392984
355.334810918998;-47.2370109379352
355.356437406994;-47.1165829920726
355.37806389499;-46.9848232405975
355.399690382986;-46.8467726904969
355.421316870983;-46.7039144193755
355.442943358979;-46.5520427780091
355.464569846975;-46.3935913643801
355.486196334971;-46.2248800751774
355.507822822967;-46.0427886938883
355.529449310963;-45.8453558400125
355.551075798959;-45.6387080415028
355.572702286956;-45.4256765544876
355.594328774952;-45.206419135525
355.615955262948;-44.9772052279092
355.637581750944;-44.7395630761379
355.65920823894;-44.4965606333811
355.680834726936;-44.2393402085086
355.702461214933;-43.9567761517582
355.724087702929;-43.6483826915595
355.745714190925;-43.3192293150833
355.767340678921;-42.9619856307764
355.788967166917;-42.564618332674
355.810593654913;-42.1471762949067
355.832220142909;-41.7269939892789
355.853846630906;-41.306750282063
355.875473118902;-40.8852622585545
355.897099606898;-40.4827676109633
355.918726094894;-40.1220791720537
355.94035258289;-39.8035683805892
355.961979070886;-39.5270900534981
355.983605558883;-39.2955166514326
356.005232046879;-39.1138202236749
356.026858534875;-38.9918431372182
356.048485022871;-38.932463887947
356.070111510867;-38.9293461791491
356.091737998863;-38.9726213093658
356.11336448686;-39.0561419874682
356.134990974856;-39.1756461083914
356.156617462852;-39.3266470812138
356.178243950848;-39.4954140326238
356.199870438844;-39.6703820961264
356.22149692684;-39.8534268919305
356.243123414836;-40.0537412664957
356.264749902833;-40.2690834057298
356.286376390829;-40.4657589027214
356.308002878825;-40.6188817655284
356.329629366821;-40.7295799917034
356.351255854817;-40.8084091028382
356.372882342813;-40.8653072426846
356.39450883081;-40.898994370023
356.416135318806;-40.9032492328942
356.437761806802;-40.8686944735513
356.459388294798;-40.7978837118855
356.481014782794;-40.7030097536041
356.50264127079;-40.5876834199851
356.524267758786;-40.4458318684535
356.545894246783;-40.278211061324
356.567520734779;-40.093948991421
356.589147222775;-39.9015495998291
356.610773710771;-39.6917144305589
356.632400198767;-39.4904245351605
356.654026686763;-39.3156332856522
356.67565317476;-39.1638208653635
356.697279662756;-39.0389187040527
356.718906150752;-38.9512963571557
356.740532638748;-38.8988902618775
356.762159126744;-38.8744610332921
356.78378561474;-38.8768121559888
356.805412102736;-38.9139617643424
356.827038590733;-38.991141383844
356.848665078729;-39.1040568331322
356.870291566725;-39.2479885284658
356.891918054721;-39.4172752953111
356.913544542717;-39.5960761323052
356.935171030713;-39.769679725368
356.95679751871;-39.9343909030211
356.978424006706;-40.0915823078184
357.000050494702;-40.2458517825567
357.021676982698;-40.4023201330291
357.043303470694;-40.5507925170486
357.06492995869;-40.6765083437095
357.086556446686;-40.7734786662019
357.108182934683;-40.8433744651125
357.129809422679;-40.8867090673493
357.151435910675;-40.9038431350864
357.173062398671;-40.9091468436703
357.194688886667;-40.9085559664417
357.216315374663;-40.9000838437556
357.23794186266;-40.8753815483645
357.259568350656;-40.8303297373041
357.281194838652;-40.7719889403334
357.302821326648;-40.7057028976267
357.324447814644;-40.629971992777
357.34607430264;-40.5372224379662
357.367700790636;-40.4240946678247
357.389327278633;-40.2966761956501
357.410953766629;-40.1521395470231
357.432580254625;-39.9823981724609
357.454206742621;-39.7873239282229
357.475833230617;-39.5809084553668
357.497459718613;-39.3756696373143
357.51908620661;-39.1661370321532
357.540712694606;-38.9356667488099
357.562339182602;-38.6930560588468
357.583965670598;-38.4580283481319
357.605592158594;-38.2228120073512
357.62721864659;-37.9776249912749
357.648845134587;-37.7191552564011
357.670471622583;-37.4577579190427
357.692098110579;-37.2030899136394
357.713724598575;-36.9589512154657
357.735351086571;-36.7286151405086
357.756977574567;-36.5191304213024
357.778604062563;-36.3369565804246
357.80023055056;-36.1846451371883
357.821857038556;-36.0685775010992
357.843483526552;-35.9983383261963
357.865110014548;-35.9703056138501
357.886736502544;-35.9806616139717
357.90836299054;-36.0406723837383
357.929989478537;-36.1622561479422
357.951615966533;-36.3379403596985
357.973242454529;-36.5569622284357
357.994868942525;-36.8142572961524
358.016495430521;-37.1121245594836
358.038121918517;-37.4410892469235
358.059748406513;-37.7802973436642
358.08137489451;-38.1207055412325
358.103001382506;-38.4474218965952
358.124627870502;-38.7409487938727
358.146254358498;-38.9896674921529
358.167880846494;-39.18494860059
358.18950733449;-39.3198484208421
358.211133822487;-39.3922807593871
358.232760310483;-39.4061452067907
358.254386798479;-39.3639615947476
358.276013286475;-39.2639853700163
358.297639774471;-39.103214785852
358.319266262467;-38.8819782757145
358.340892750463;-38.6141681956392
358.36251923846;-38.3075222231781
358.384145726456;-37.9776950558683
358.405772214452;-37.6325086138464
358.427398702448;-37.2692483334733
358.449025190444;-36.8841918925362
358.47065167844;-36.4847791495331
358.492278166437;-36.077683792869
358.513904654433;-35.6593868648848
358.535531142429;-35.2457149921676
358.557157630425;-34.8562636999566
358.578784118421;-34.4896743006339
358.600410606417;-34.1404301507888
358.622037094413;-33.8198459608393
358.64366358241;-33.5351633508541
358.665290070406;-33.286296927167
358.686916558402;-33.0712001348328
358.708543046398;-32.8926972761365
358.730169534394;-32.7548524353265
358.75179602239;-32.661908874072
358.773422510387;-32.6103686168171
358.795048998383;-32.5900967982808
358.816675486379;-32.5926154375022
358.838301974375;-32.6132090164283
358.859928462371;-32.6404846242683
358.881554950367;-32.6524785104345
358.903181438364;-32.6343612009807
358.92480792636;-32.5801608277598
358.946434414356;-32.478839901108
358.968060902352;-32.3217874110646
358.989687390348;-32.1280154795384
359.011313878344;-31.9077072721178
359.03294036634;-31.6663090662404
359.054566854337;-31.4177245814951
359.076193342333;-31.1742837381925
359.097819830329;-30.9445521968757
359.119446318325;-30.7541419261218
359.141072806321;-30.6219791829745
359.162699294317;-30.5456231978322
359.184325782314;-30.5249248707091
359.20595227031;-30.5558289040373
359.227578758306;-30.6274858468676
359.249205246302;-30.7378750595516
359.270831734298;-30.8789751969437
359.292458222294;-31.0187444609658
359.31408471029;-31.1383302033225
359.335711198287;-31.2327603263869
359.357337686283;-31.2907437486589
359.378964174279;-31.3085425750651
359.400590662275;-31.2958141295767
359.422217150271;-31.2660323321921
359.443843638267;-31.2357886476822
359.465470126264;-31.2271932564356
359.48709661426;-31.2499645625589
359.508723102256;-31.3192874639198
359.530349590252;-31.4428535046932
359.551976078248;-31.6152663020701
359.573602566244;-31.8349371910034
359.59522905424;-32.1015386555665
359.616855542237;-32.4189685292316
359.638482030233;-32.784998187656
359.660108518229;-33.1839639752948
359.681735006225;-33.5834159804719
359.703361494221;-33.9543361806564
359.724987982217;-34.259723136056
359.746614470214;-34.4963153109662
359.76824095821;-34.6710969039724
359.789867446206;-34.7802057166482
359.811493934202;-34.8133684208814
359.833120422198;-34.7753234227102
359.854746910194;-34.6654805587161
359.87637339819;-34.5092861210636
359.897999886187;-34.3220585660534
359.919626374183;-34.1117185076537
359.941252862179;-33.8880547694914
359.962879350175;-33.6625656011548
359.984505838171;-33.4423476516886
360.006132326167;-33.2247659418367
360.027758814164;-33.0290938742642
360.04938530216;-32.8748887876425
360.071011790156;-32.7564762986722
360.092638278152;-32.6595037645141
360.114264766148;-32.5638214808954
360.135891254144;-32.4657205734255
360.157517742141;-32.3632077146141
360.179144230137;-32.2490560704063
360.200770718133;-32.1176947044004
360.222397206129;-31.966679347897
360.244023694125;-31.7889541953176
360.265650182121;-31.5864470010299
360.287276670117;-31.3750131109278
360.308903158114;-31.1664378399997
360.33052964611;-30.9684084985628
360.352156134106;-30.7948441334312
360.373782622102;-30.656973431311
360.395409110098;-30.5618680223513
360.417035598094;-30.5093856922485
360.438662086091;-30.494611182858
360.460288574087;-30.512341177659
360.481915062083;-30.5602402611847
360.503541550079;-30.6397387599932
360.525168038075;-30.7501306981699
360.546794526071;-30.87510710465
360.568421014067;-30.9894938586244
360.590047502064;-31.0672435380634
360.61167399006;-31.1126123141302
360.633300478056;-31.1425893192063
360.654926966052;-31.1706895789791
360.676553454048;-31.1959901043224
360.698179942044;-31.2135414231642
360.719806430041;-31.2261330268308
360.741432918037;-31.2387101111383
360.763059406033;-31.2535040070364
360.784685894029;-31.2616804778481
360.806312382025;-31.2568836550576
360.827938870021;-31.240819995815
360.849565358017;-31.2119180776635
360.871191846014;-31.163721485657
360.89281833401;-31.0951339596278
360.914444822006;-31.0102978191709
360.936071310002;-30.9103928287855
360.957697797998;-30.7975927608906
360.979324285994;-30.677634670426
361.000950773991;-30.5580596162685
361.022577261987;-30.4430783025071
361.044203749983;-30.3345677335663
361.065830237979;-30.23817286976
361.087456725975;-30.1588583257503
361.109083213971;-30.0903041731003
361.130709701967;-30.0245558680259
361.152336189964;-29.9646191375385
361.17396267796;-29.9114170189863
361.195589165956;-29.8597597610649
361.217215653952;-29.8016930503106
361.238842141948;-29.7308796635347
361.260468629944;-29.6477186455761
361.282095117941;-29.5501432797927
361.303721605937;-29.4373267340347
361.325348093933;-29.3105295261004
361.346974581929;-29.177634987589
361.368601069925;-29.0411428958417
361.390227557921;-28.89785389009
361.411854045917;-28.7483256938626
361.433480533914;-28.6008213386062
361.45510702191;-28.4634767368999
361.476733509906;-28.3360984418187
361.498359997902;-28.2075766832532
361.519986485898;-28.0696589292385
361.541612973894;-27.9374068973632
361.563239461891;-27.8202040346752
361.584865949887;-27.7135470427399
361.606492437883;-27.614585147983
361.628118925879;-27.5238324320081
361.649745413875;-27.4470417802111
361.671371901871;-27.3855963087231
361.692998389868;-27.337889022824
361.714624877864;-27.3031415084909
361.73625136586;-27.2826980224555
361.757877853856;-27.2765095621003
361.779504341852;-27.2870806277304
361.801130829848;-27.319183807065
361.822757317844;-27.3746040962162
361.844383805841;-27.4463195360094
361.866010293837;-27.5123332093671
361.887636781833;-27.5560770649602
361.909263269829;-27.5777848736436
361.930889757825;-27.5770868916127
361.952516245821;-27.5492710768653
361.974142733818;-27.4912122048896
361.995769221814;-27.4051475198328
362.01739570981;-27.2921074539469
362.039022197806;-27.1517810486619
362.060648685802;-26.9909308904363
362.082275173798;-26.8161761756522
362.103901661794;-26.6415117270055
362.125528149791;-26.4799100366981
362.147154637787;-26.336575930829
362.168781125783;-26.2113284731884
362.190407613779;-26.1091899568415
362.212034101775;-26.0435403997907
362.233660589771;-26.0246881864456
362.255287077768;-26.0488649247275
362.276913565764;-26.1098441894875
362.29854005376;-26.2145749650277
362.320166541756;-26.3694802271179
362.341793029752;-26.5652273252005
362.363419517748;-26.7874869440357
362.385046005744;-27.033162473632
362.406672493741;-27.3076531570823
362.428298981737;-27.6078659001266
362.449925469733;-27.9150640908796
362.471551957729;-28.2075544070099
362.493178445725;-28.4754281282803
362.514804933721;-28.7180883326096
362.536431421718;-28.9317945684883
362.558057909714;-29.1078817595836
362.57968439771;-29.2453116840921
362.601310885706;-29.3457512617088
362.622937373702;-29.4048012276926
362.644563861698;-29.4182065599247
362.666190349694;-29.3936513081566
362.687816837691;-29.3406537520695
362.709443325687;-29.2579225479246
362.731069813683;-29.1410533418905
362.752696301679;-28.9873446910374
362.774322789675;-28.8100470515126
362.795949277671;-28.6303207094194
362.817575765668;-28.4579757747342
362.839202253664;-28.2925046521071
362.86082874166;-28.1287198210682
362.882455229656;-27.9607081693417
362.904081717652;-27.7870228054593
362.925708205648;-27.6121163932588
362.947334693645;-27.4319220973356
362.968961181641;-27.2412205443045
