Name;ESR_BC_1_840s_Z_gon_0dg_result

Recipe
Accumulations;5;Number of accumulations
RetryCount;0;Number of retries on error
AbortOnError;True;Abort on error
EnableQFactorMeasurement;False;Enable/Disable q-Factor measurement
Bfrom;313;B from
Bto;363;B to
SweepTime;60;Sweep time
Modulation;0.2;Modulation
ModulationFreq;100;Modulation
BHoldEnabled;False;B hold enabled
BHold;0;B hold
MicrowavePower;2;Microwave power
MarkerEnabled;False;
MarkerStartField;0;
MarkerEndField;0;
Mode;;
KineticGFact;0;
KineticTotalTransientTime;0;
KineticTimeResolution;0;
TempFrom;5;
TempUseSlope;False;
TempTo;5;
TempdT;1;
TempSetupTime;0;
GonFrom;0;
GonTo;180;
GonSteps;20;
XRayEnabled;False;
XRayTime;3;
XRayVoltage;40;
XRayCurrent;0.5;
UVEnabled;False;
UVIntensity;0;
UVTime;0;
UVLeadTime;0;
UVWavelength;0;
PowSweepFrom;1;
PowSweepTo;5;
PowSweepSteps;5;
AmpModSweepFrom;0;
AmpModSweepTo;1;
AmpModSweepSteps;10;
ExtTriggerEnabled;False;
ExtTrigLeadTime;0;
ExtTrigOnTime;5;

Meas
BField [mT];MW_Absorption []
313.01428604126;83.3345918623501
313.035907832847;83.4301635926957
313.057529624434;83.5603384554869
313.079151416021;83.705222946543
313.100773207608;83.8560079328182
313.122394999195;84.0208153704981
313.144016790782;84.2152861228721
313.165638582369;84.4348079774977
313.187260373956;84.6620853550794
313.208882165543;84.890220996604
313.23050395713;85.1232746828712
313.252125748717;85.3595822665554
313.273747540304;85.5991410300277
313.295369331891;85.8476155115245
313.316991123478;86.115320573786
313.338612915065;86.4065294800577
313.360234706653;86.7128759030629
313.38185649824;87.0152830488947
313.403478289827;87.3082782508051
313.425100081414;87.5941156894257
313.446721873001;87.8612944965051
313.468343664588;88.0884249949423
313.489965456175;88.2630211624497
313.511587247762;88.3836721504583
313.533209039349;88.445881461945
313.554830830936;88.4379495478641
313.576452622523;88.3458964911764
313.59807441411;88.1799169605214
313.619696205697;87.9571078221289
313.641317997284;87.6887190512277
313.662939788871;87.3807948838724
313.684561580458;87.0555867477504
313.706183372045;86.7462600370614
313.727805163632;86.4668845555235
313.749426955219;86.2234754972714
313.771048746806;86.025523181792
313.792670538393;85.8728675384846
313.814292329981;85.7666023724936
313.835914121568;85.7102886479847
313.857535913155;85.6947915179444
313.879157704742;85.7034762601217
313.900779496329;85.7226406614693
313.922401287916;85.7412078043377
313.944023079503;85.7479168014331
313.96564487109;85.730990984612
313.987266662677;85.679805423988
314.008888454264;85.5861102224467
314.030510245851;85.447807837524
314.052132037438;85.270103398906
314.073753829025;85.0577090689318
314.095375620612;84.8068479083508
314.116997412199;84.5087346051271
314.138619203786;84.1618503522172
314.160240995373;83.7794014967031
314.18186278696;83.3816082595976
314.203484578547;82.967920782912
314.225106370134;82.5312545898073
314.246728161721;82.0953430656226
314.268349953309;81.6808595550643
314.289971744896;81.2770208274436
314.311593536483;80.8676014996259
314.33321532807;80.4669427698821
314.354837119657;80.1037733083994
314.376458911244;79.7876103762089
314.398080702831;79.5078036839749
314.419702494418;79.2663372883794
314.441324286005;79.065167549703
314.462946077592;78.8942819750216
314.484567869179;78.7462756004257
314.506189660766;78.6149984050689
314.527811452353;78.4886407238025
314.54943324394;78.3674330362508
314.571055035527;78.2465126685565
314.592676827114;78.1182577531945
314.614298618701;77.9694000306034
314.635920410288;77.7852812081286
314.657542201875;77.5631430429119
314.679163993462;77.3328157802669
314.700785785049;77.1219659812545
314.722407576637;76.9199221676613
314.744029368224;76.7132228770843
314.765651159811;76.5143413450394
314.787272951398;76.3612430807298
314.808894742985;76.2611613367381
314.830516534572;76.2111720812082
314.852138326159;76.2168269481571
314.873760117746;76.2860245755001
314.895381909333;76.4229854664691
314.91700370092;76.6187026637459
314.938625492507;76.8702617693127
314.960247284094;77.1836450504957
314.981869075681;77.5391749975302
315.003490867268;77.8978007272004
315.025112658855;78.2537217722028
315.046734450442;78.6166234205984
315.068356242029;78.9824384125558
315.089978033616;79.326922570484
315.111599825203;79.6262330342561
315.13322161679;79.8827888483753
315.154843408377;80.1024483436188
315.176465199964;80.2843560629182
315.198086991552;80.4331845169638
315.219708783139;80.5656601733751
315.241330574726;80.6964628297927
315.262952366313;80.8302610423801
315.2845741579;80.9684045647736
315.306195949487;81.1087810991704
315.327817741074;81.2555854989704
315.349439532661;81.4222762203298
315.371061324248;81.6050591449863
315.392683115835;81.7819123152792
315.414304907422;81.9444915046105
315.435926699009;82.0955572451474
315.457548490596;82.2281561317605
315.479170282183;82.3248418706328
315.50079207377;82.3906540049305
315.522413865357;82.4367247491331
315.544035656944;82.470036844049
315.565657448531;82.4901115937527
315.587279240118;82.4890329953996
315.608901031705;82.4685670413788
315.630522823292;82.4346304526337
315.65214461488;82.3909878775555
315.673766406467;82.3540283165546
315.695388198054;82.3506275428079
315.717009989641;82.377351762405
315.738631781228;82.4288952429186
315.760253572815;82.5020923310211
315.781875364402;82.5995882718509
315.803497155989;82.7233564896389
315.825118947576;82.8674337614732
315.846740739163;83.0193414550917
315.86836253075;83.1698736385901
315.889984322337;83.3089355551049
315.911606113924;83.4281947070818
315.933227905511;83.5205463875255
315.954849697098;83.5803176343776
315.976471488685;83.6040945932179
315.998093280272;83.587655392273
316.019715071859;83.5177113378132
316.041336863446;83.4054130049258
316.062958655033;83.2702465695506
316.08458044662;83.1148940844449
316.106202238208;82.9385216421762
316.127824029795;82.7479041177389
316.149445821382;82.5409690621283
316.171067612969;82.3223729527674
316.192689404556;82.1128036184732
316.214311196143;81.9173559543262
316.23593298773;81.7194191738414
316.257554779317;81.5097754632673
316.279176570904;81.3065024127552
316.300798362491;81.1134896091651
316.322420154078;80.9180488409154
316.344041945665;80.7197196801709
316.365663737252;80.5395274906223
316.387285528839;80.3750449071445
316.408907320426;80.2084746340088
316.430529112013;80.0441065912261
316.4521509036;79.8851015522444
316.473772695187;79.7278419211467
316.495394486774;79.56583940203
316.517016278361;79.3931805126517
316.538638069948;79.2108353681018
316.560259861535;79.0301178415685
316.581881653123;78.8600776177481
316.60350344471;78.7034036565691
316.625125236297;78.5629119819393
316.646747027884;78.4401470719808
316.668368819471;78.3309004682726
316.689990611058;78.2322881547389
316.711612402645;78.149770316791
316.733234194232;78.1012524802389
316.754855985819;78.0952773366924
316.776477777406;78.1378207959878
316.798099568993;78.2243989751418
316.81972136058;78.3455722946447
316.841343152167;78.5004901842438
316.862964943754;78.6822620858384
316.884586735341;78.8815550458917
316.906208526928;79.0911840744807
316.927830318515;79.2906945774663
316.949452110102;79.4605011826146
316.971073901689;79.5960349081328
316.992695693276;79.6837542638837
317.014317484864;79.7003587561106
317.035939276451;79.6501018162928
317.057561068038;79.5370297310097
317.079182859625;79.366857504391
317.100804651212;79.1584803386571
317.122426442799;78.9260162772769
317.144048234386;78.6583677767873
317.165670025973;78.3497047759957
317.18729181756;78.0349537969271
317.208913609147;77.755822519315
317.230535400734;77.5067683392673
317.252157192321;77.268040721586
317.273778983908;77.0352589601648
317.295400775495;76.8181625612755
317.317022567082;76.6288976104284
317.338644358669;76.4708862291665
317.360266150256;76.336736181572
317.381887941843;76.2162658884788
317.40350973343;76.101706155269
317.425131525017;75.9937580049651
317.446753316604;75.9058190738877
317.468375108191;75.8482875581011
317.489996899779;75.8234831873831
317.511618691366;75.8452775433658
317.533240482953;75.9259374170324
317.55486227454;76.069931635003
317.576484066127;76.2830174949448
317.598105857714;76.5655553190314
317.619727649301;76.8977790531894
317.641349440888;77.251462296126
317.662971232475;77.6268692251977
317.684593024062;78.034350130089
317.706214815649;78.4719362532154
317.727836607236;78.9299278546876
317.749458398823;79.3910125439408
317.77108019041;79.8346974156602
317.792701981997;80.2316499557078
317.814323773584;80.5572166431752
317.835945565171;80.8183185750372
317.857567356758;81.0309162776083
317.879189148345;81.1940458808768
317.900810939932;81.2940459257047
317.922432731519;81.3331769559705
317.944054523107;81.3256711102271
317.965676314694;81.2797748880726
317.987298106281;81.2051119157072
318.008919897868;81.1090314522172
318.030541689455;80.9919949243718
318.052163481042;80.8536265044101
318.073785272629;80.6937860834353
318.095407064216;80.5057471952922
318.117028855803;80.2897075983921
318.13865064739;80.0507316221966
318.160272438977;79.7877013664973
318.181894230564;79.4951719840012
318.203516022151;79.1662177834624
318.225137813738;78.8009332831097
318.246759605325;78.4115679486731
318.268381396912;78.0076110409825
318.290003188499;77.5807285621258
318.311624980086;77.1373838009696
318.333246771673;76.7064147748959
318.35486856326;76.3138251740163
318.376490354847;75.9608176633197
318.398112146435;75.6461530536585
318.419733938022;75.3685680917201
318.441355729609;75.1110259526874
318.462977521196;74.8586246146361
318.484599312783;74.6133002422355
318.50622110437;74.3689998555904
318.527842895957;74.1043886776402
318.549464687544;73.8010209787628
318.571086479131;73.4428126494213
318.592708270718;73.0336782861466
318.614330062305;72.5904435219713
318.635951853892;72.1374266919371
318.657573645479;71.6865517700583
318.679195437066;71.2427448936817
318.700817228653;70.8194418689661
318.72243902024;70.428648771047
318.744060811827;70.0696819975232
318.765682603414;69.736028904686
318.787304395001;69.4162807558029
318.808926186588;69.1134884703919
318.830547978175;68.8692203316477
318.852169769763;68.6883199307023
318.87379156135;68.5543486274059
318.895413352937;68.4526950934615
318.917035144524;68.3846849668166
318.938656936111;68.3504397420752
318.960278727698;68.3379425556394
318.981900519285;68.3366377974363
319.003522310872;68.3426432033032
319.025144102459;68.3618376293041
319.046765894046;68.4073549420799
319.068387685633;68.4928232755636
319.09000947722;68.6265160741646
319.111631268807;68.8013739779868
319.133253060394;69.010587655883
319.154874851981;69.2498738564853
319.176496643568;69.5132308693521
319.198118435155;69.8019097157672
319.219740226742;70.1170507650079
319.241362018329;70.4406074463606
319.262983809916;70.7470929997639
319.284605601503;71.0394227699494
319.30622739309;71.3207772168947
319.327849184678;71.5810152370239
319.349470976265;71.7934405534846
319.371092767852;71.9420243966563
319.392714559439;72.0317930105376
319.414336351026;72.0629053288276
319.435958142613;72.0295863042209
319.4575799342;71.9338328171861
319.479201725787;71.7797090175472
319.500823517374;71.5741803204231
319.522445308961;71.3203383772396
319.544067100548;71.0212123038627
319.565688892135;70.6868505910453
319.587310683722;70.3286898603339
319.608932475309;69.9538468768993
319.630554266896;69.5701535699235
319.652176058483;69.1966994512198
319.67379785007;68.8529118350695
319.695419641657;68.5426011809273
319.717041433244;68.2656413792168
319.738663224831;68.0227870295375
319.760285016418;67.816135507969
319.781906808006;67.6639085153565
319.803528599593;67.5704110986993
319.82515039118;67.5323255850396
319.846772182767;67.5552032407264
319.868393974354;67.6401581434857
319.890015765941;67.7782432228812
319.911637557528;67.9591326016171
319.933259349115;68.1685832340916
319.954881140702;68.3985358292041
319.976502932289;68.6511083152617
319.998124723876;68.9296629834838
320.019746515463;69.2286501647535
320.04136830705;69.5336850622898
320.062990098637;69.8355505120716
320.084611890224;70.1383187780896
320.106233681811;70.4443749575233
320.127855473398;70.7428998412431
320.149477264985;71.0136588673291
320.171099056572;71.2425829561981
320.192720848159;71.4265471167755
320.214342639746;71.5594635906365
320.235964431334;71.6323658744127
320.257586222921;71.6414254464415
320.279208014508;71.5808492125738
320.300829806095;71.4460534755801
320.322451597682;71.2486182589562
320.344073389269;71.0106456829684
320.365695180856;70.7510554270937
320.387316972443;70.4808201272143
320.40893876403;70.2011602841048
320.430560555617;69.9163633939529
320.452182347204;69.6415628361269
320.473804138791;69.3893307759854
320.495425930378;69.1634460568797
320.517047721965;68.9712705080372
320.538669513552;68.8191573606184
320.560291305139;68.7094077933597
320.581913096726;68.6500779632785
320.603534888313;68.6492319590238
320.6251566799;68.7034461923453
320.646778471487;68.8048268283366
320.668400263074;68.9538455019219
320.690022054662;69.1564951754317
320.711643846249;69.4141036617223
320.733265637836;69.7175759319703
320.754887429423;70.0514409435788
320.77650922101;70.4031589674499
320.798131012597;70.7644017109386
320.819752804184;71.1237850073124
320.841374595771;71.4630845181735
320.862996387358;71.7545894738685
320.884618178945;71.9738982405777
320.906239970532;72.1082477729612
320.927861762119;72.1544436733521
320.949483553706;72.1251348931279
320.971105345293;72.032192178769
320.99272713688;71.8808763211392
321.014348928467;71.6775813526342
321.035970720054;71.4367885612729
321.057592511641;71.1733311556871
321.079214303228;70.89714887627
321.100836094815;70.6154798320471
321.122457886402;70.3346911955825
321.14407967799;70.0568739558353
321.165701469577;69.7763876042645
321.187323261164;69.4886149002621
321.208945052751;69.1937464696251
321.230566844338;68.8898502174147
321.252188635925;68.5724173248739
321.273810427512;68.2386505625359
321.295432219099;67.8933670238228
321.317054010686;67.5395052522262
321.338675802273;67.1763300122714
321.36029759386;66.812791580879
321.381919385447;66.4591120576037
321.403541177034;66.1177151622837
321.425162968621;65.7943952254577
321.446784760208;65.4956159765293
321.468406551795;65.2059090951812
321.490028343382;64.9035961964256
321.511650134969;64.5712344985628
321.533271926556;64.2145245241862
321.554893718143;63.846536262747
321.57651550973;63.46820186127
321.598137301317;63.0758683769589
321.619759092905;62.6762115414653
321.641380884492;62.2754426136498
321.663002676079;61.8750644407516
321.684624467666;61.4971457688819
321.706246259253;61.1942332905557
321.72786805084;60.966606317886
321.749489842427;60.790553904809
321.771111634014;60.654652751873
321.792733425601;60.5587876289842
321.814355217188;60.5060842527599
321.835977008775;60.4943098187984
321.857598800362;60.513556867873
321.879220591949;60.5446244124947
321.900842383536;60.5711512512965
321.922464175123;60.5940060040697
321.94408596671;60.6193426193308
321.965707758297;60.6500524432792
321.987329549884;60.6803656884648
322.008951341471;60.7025747015573
322.030573133058;60.7299769271433
322.052194924646;60.7858681338642
322.073816716233;60.8707385039199
322.09543850782;60.9658482422545
322.117060299407;61.0731305489774
322.138682090994;61.1897592361333
322.160303882581;61.3018544072441
322.181925674168;61.40737713138
322.203547465755;61.5181837014581
322.225169257342;61.6319084801081
322.246791048929;61.7272678422724
322.268412840516;61.7958756784879
322.290034632103;61.8503853498975
322.31165642369;61.8919563518594
322.333278215277;61.9117757349838
322.354900006864;61.9095601094262
322.376521798451;61.8901873522741
322.398143590038;61.8590066435481
322.419765381625;61.8163683423454
322.441387173212;61.7521582278533
322.463008964799;61.6583218086077
322.484630756386;61.5351858675012
322.506252547973;61.3806592266119
322.527874339561;61.1915709323606
322.549496131148;60.9692032672314
322.571117922735;60.7199230469645
322.592739714322;60.4456617461166
322.614361505909;60.1430338735371
322.635983297496;59.8186578267755
322.657605089083;59.4752388240869
322.67922688067;59.1157092320103
322.700848672257;58.7458376491157
322.722470463844;58.3781088455848
322.744092255431;58.0274969598153
322.765714047018;57.6906907845791
322.787335838605;57.3555668535859
322.808957630192;57.0155083233626
322.830579421779;56.6919659871512
322.852201213366;56.3967920901774
322.873823004953;56.1212175789787
322.89544479654;55.8657935603113
322.917066588127;55.6296495049858
322.938688379714;55.417642919545
322.960310171301;55.2341850976465
322.981931962889;55.0764410353938
323.003553754476;54.9363194973938
323.025175546063;54.807109253765
323.04679733765;54.6945861149688
323.068419129237;54.5985761719081
323.090040920824;54.5121133393391
323.111662712411;54.4193793214375
323.133284503998;54.3056848964347
323.154906295585;54.1778043313933
323.176528087172;54.0495644371289
323.198149878759;53.9263690151101
323.219771670346;53.8107491248027
323.241393461933;53.7048231309637
323.26301525352;53.6126054536291
323.284637045107;53.5383144776838
323.306258836694;53.4773653132211
323.327880628281;53.4136341246768
323.349502419868;53.3487683192549
323.371124211455;53.2918518263679
323.392746003042;53.2467039972674
323.414367794629;53.2050084874567
323.435989586217;53.1491780536442
323.457611377804;53.0694299562377
323.479233169391;52.9577447594433
323.500854960978;52.8152539123653
323.522476752565;52.6540792567799
323.544098544152;52.4769536777126
323.565720335739;52.2826317613363
323.587342127326;52.0703369663893
323.608963918913;51.8477133012831
323.6305857105;51.6280138394653
323.652207502087;51.4293203827523
323.673829293674;51.2559947124352
323.695451085261;51.1009713535706
323.717072876848;50.9655028973142
323.738694668435;50.8626155204999
323.760316460022;50.8001704206707
323.781938251609;50.772869399999
323.803560043196;50.7770419184204
323.825181834783;50.8094434424613
323.84680362637;50.87031405849
323.868425417957;50.962713095914
323.890047209544;51.0717853834494
323.911669001132;51.1853927127886
323.933290792719;51.3055435571054
323.954912584306;51.4302165104758
323.976534375893;51.5451488248429
323.99815616748;51.6360255663892
324.019777959067;51.7034292368141
324.041399750654;51.7480333689386
324.063021542241;51.7725114841735
324.084643333828;51.7849217790261
324.106265125415;51.7919339377381
324.127886917002;51.7853386231901
324.149508708589;51.7597091779362
324.171130500176;51.7225373389822
324.192752291763;51.6781506663557
324.21437408335;51.621418095995
324.235995874937;51.545909445295
324.257617666524;51.4550733274321
324.279239458111;51.3532616049749
324.300861249698;51.2467688184518
324.322483041285;51.1257631101617
324.344104832872;50.9848947923571
324.36572662446;50.837994040028
324.387348416047;50.6986066058958
324.408970207634;50.570356916607
324.430591999221;50.4635855565165
324.452213790808;50.3849165796249
324.473835582395;50.3238740883434
324.495457373982;50.2650908277715
324.517079165569;50.2140928882124
324.538700957156;50.1850740662791
324.560322748743;50.1693262809548
324.58194454033;50.1569569173496
324.603566331917;50.1476069381902
324.625188123504;50.1489752971424
324.646809915091;50.1585462789915
324.668431706678;50.1719714120511
324.690053498265;50.1905632162747
324.711675289852;50.2192479457863
324.733297081439;50.2618517752913
324.754918873026;50.3030412648795
324.776540664613;50.3296224579167
324.7981624562;50.342850118758
324.819784247788;50.3430082114798
324.841406039375;50.3235381345414
324.863027830962;50.2730995138659
324.884649622549;50.1884657921811
324.906271414136;50.0733603153506
324.927893205723;49.9386541517662
324.94951499731;49.7839059795162
324.971136788897;49.6041408657433
324.992758580484;49.3942542344645
325.014380372071;49.1490358392034
325.036002163658;48.8751923103519
325.057623955245;48.5926781022113
325.079245746832;48.3205109820934
325.100867538419;48.0539588715388
325.122489330006;47.7824978155576
325.144111121593;47.5052034551032
325.16573291318;47.2249798384155
325.187354704767;46.9408840911023
325.208976496354;46.6495926838567
325.230598287941;46.3450710566854
325.252220079528;46.0245100578757
325.273841871116;45.6970163613634
325.295463662703;45.3539273067953
325.31708545429;44.9817575078392
325.338707245877;44.5910368705809
325.360329037464;44.1868663445875
325.381950829051;43.7673716877666
325.403572620638;43.3346404348816
325.425194412225;42.886573906102
325.446816203812;42.401842849606
325.468437995399;41.8959847380978
325.490059786986;41.3957486231089
325.511681578573;40.909303762483
325.53330337016;40.4435728942341
325.554925161747;40.0109606202041
325.576546953334;39.6194250803068
325.598168744921;39.270665522004
325.619790536508;38.9763370228289
325.641412328095;38.7543604385539
325.663034119682;38.6079311396298
325.684655911269;38.5250017609576
325.706277702856;38.4989195260973
325.727899494443;38.5257577632054
325.749521286031;38.6043433925155
325.771143077618;38.7295567337451
325.792764869205;38.8877683455223
325.814386660792;39.0641550151536
325.836008452379;39.2454742146599
325.857630243966;39.4151787145455
325.879252035553;39.5589571113669
325.90087382714;39.6742460639986
325.922495618727;39.7511528264119
325.944117410314;39.7704248135079
325.965739201901;39.7181497227545
325.987360993488;39.6012703043098
326.008982785075;39.4199885322122
326.030604576662;39.1601021362679
326.052226368249;38.8200527616615
326.073848159836;38.4099879056006
326.095469951423;37.950355645722
326.11709174301;37.4768841488182
326.138713534597;37.0084674690533
326.160335326184;36.5447358490215
326.181957117772;36.0974654464616
326.203578909359;35.6770944198766
326.225200700946;35.2989401091854
326.246822492533;34.9764433097424
326.26844428412;34.7180826413162
326.290066075707;34.5229647545385
326.311687867294;34.3789321944542
326.333309658881;34.274048879332
326.354931450468;34.2044016513132
326.376553242055;34.1686923674656
326.398175033642;34.1619571941387
326.419796825229;34.1739480010755
326.441418616816;34.1908639981012
326.463040408403;34.2058088249775
326.48466219999;34.2179817655936
326.506283991577;34.2256990487081
326.527905783164;34.2332755968861
326.549527574751;34.2391871248428
326.571149366338;34.2419094442409
326.592771157925;34.2412050723982
326.614392949512;34.2366347274585
326.636014741099;34.2346259311426
326.657636532687;34.245943187004
326.679258324274;34.2739440673382
326.700880115861;34.3218091062361
326.722501907448;34.4046750914658
326.744123699035;34.5138012150711
326.765745490622;34.6309703154365
326.787367282209;34.7522163637967
326.808989073796;34.8805616179516
326.830610865383;35.0081833101673
326.85223265697;35.1219974059942
326.873854448557;35.2176408433903
326.895476240144;35.2957614618233
326.917098031731;35.3559735979407
326.938719823318;35.3958444428517
326.960341614905;35.4043438807149
326.981963406492;35.3760234059734
327.003585198079;35.3185078726836
327.025206989666;35.2400305132845
327.046828781253;35.1391165322633
327.06845057284;35.0118044976365
327.090072364428;34.8640925342311
327.111694156015;34.7061553767437
327.133315947602;34.5431698554023
327.154937739189;34.3773532679301
327.176559530776;34.2191928347458
327.198181322363;34.0795976675072
327.21980311395;33.9663576885413
327.241424905537;33.872687269817
327.263046697124;33.8045855986892
327.284668488711;33.7702177884441
327.306290280298;33.7680364234834
327.327912071885;33.7865705600463
327.349533863472;33.8142104745323
327.371155655059;33.8376779828315
327.392777446646;33.841917241867
327.414399238233;33.8156981692385
327.43602102982;33.7452905471527
327.457642821407;33.6231792113088
327.479264612994;33.4472034785013
327.500886404581;33.2149925017722
327.522508196168;32.9314533449723
327.544129987755;32.6031815287445
327.565751779343;32.2301220847767
327.58737357093;31.8140897971408
327.608995362517;31.3795671640831
327.630617154104;30.9482459383258
327.652238945691;30.5230217679316
327.673860737278;30.0983902633738
327.695482528865;29.6790502261275
327.717104320452;29.2683656922403
327.738726112039;28.8649861943652
327.760347903626;28.4721650643116
327.781969695213;28.0877285964317
327.8035914868;27.7021628744305
327.825213278387;27.3168342568786
327.846835069974;26.9452251497181
327.868456861561;26.5871441056826
327.890078653148;26.2341479360592
327.911700444735;25.896459038913
327.933322236322;25.5892252511354
327.954944027909;25.3126123424453
327.976565819496;25.076332874801
327.998187611083;24.8946246681571
328.01980940267;24.772790272444
328.041431194258;24.7129234535033
328.063052985845;24.699603804645
328.084674777432;24.7292215607867
328.106296569019;24.7924092952542
328.127918360606;24.8714153155783
328.149540152193;24.9567542988983
328.17116194378;25.0368489700947
328.192783735367;25.0945653114861
328.214405526954;25.1144382400428
328.236027318541;25.0928881185037
328.257649110128;25.0315129691841
328.279270901715;24.9359935775447
328.300892693302;24.8087977923011
328.322514484889;24.649776778514
328.344136276476;24.4665501988476
328.365758068063;24.2760305789962
328.38737985965;24.0861003735793
328.409001651237;23.8922569241902
328.430623442824;23.6960398274407
328.452245234411;23.5080163717302
328.473867025999;23.337320445676
328.495488817586;23.1739009567662
328.517110609173;23.0094965268088
328.53873240076;22.8487901402753
328.560354192347;22.6935649285216
328.581975983934;22.5397519563322
328.603597775521;22.3809979429646
328.625219567108;22.2134556887335
328.646841358695;22.0404503571386
328.668463150282;21.8640964433095
328.690084941869;21.6700656401356
328.711706733456;21.4493236710852
328.733328525043;21.2177787663425
328.75495031663;20.9942876913775
328.776572108217;20.7811712004376
328.798193899804;20.5695844584053
328.819815691391;20.3582735672826
328.841437482978;20.1609448602281
328.863059274565;19.9945965933861
328.884681066152;19.8754202250731
328.906302857739;19.8065400827872
328.927924649326;19.7800291292852
328.949546440914;19.7897941427445
328.971168232501;19.8393428035879
328.992790024088;19.926489029764
329.014411815675;20.047268617764
329.036033607262;20.2000240892355
329.057655398849;20.3830263111515
329.079277190436;20.5817171741447
329.100898982023;20.7737928523646
329.12252077361;20.9511404342073
329.144142565197;21.1135556769589
329.165764356784;21.257278700932
329.187386148371;21.3744235817456
329.209007939958;21.4436771169153
329.230629731545;21.4642113283839
329.252251523132;21.4544546270415
329.273873314719;21.4276315144221
329.295495106306;21.391799662792
329.317116897893;21.3470514714243
329.33873868948;21.2888890037146
329.360360481067;21.2221203313218
329.381982272654;21.1693715065835
329.403604064242;21.1534697339225
329.425225855829;21.1590657607801
329.446847647416;21.1805252270191
329.468469439003;21.2226866152919
329.49009123059;21.2854383781175
329.511713022177;21.3727225093655
329.533334813764;21.4939664332998
329.554956605351;21.6491079788216
329.576578396938;21.8331117108085
329.598200188525;22.0464848709663
329.619821980112;22.2940242985004
329.641443771699;22.571598370492
329.663065563286;22.8799497809098
329.684687354873;23.2270776920429
329.70630914646;23.5950714870338
329.727930938047;23.9512425182965
329.749552729634;24.2873103030467
329.771174521221;24.622788167021
329.792796312808;24.9805139692624
329.814418104395;25.3599170681078
329.836039895982;25.7290502761086
329.85766168757;26.0615912754755
329.879283479157;26.3655288811964
329.900905270744;26.6479177472433
329.922527062331;26.89843260725
329.944148853918;27.0938417216258
329.965770645505;27.2246292320188
329.987392437092;27.3068519657861
330.009014228679;27.355748477915
330.030636020266;27.3755912975346
330.052257811853;27.353703387743
330.07387960344;27.29189088039
330.095501395027;27.1998191865891
330.117123186614;27.0913480901652
330.138744978201;26.972791991661
330.160366769788;26.8484904504975
330.181988561375;26.7294576059424
330.203610352962;26.6176422609022
330.225232144549;26.5034569518729
330.246853936136;26.3797595183669
330.268475727723;26.2447673583669
330.29009751931;26.1009009245648
330.311719310898;25.946642985876
330.333341102485;25.7730289774015
330.354962894072;25.5720815249619
330.376584685659;25.3454307347036
330.398206477246;25.1100776310018
330.419828268833;24.8712807026449
330.44145006042;24.6138038347251
330.463071852007;24.3254753658619
330.484693643594;24.0323096216909
330.506315435181;23.7569249222086
330.527937226768;23.494276007101
330.549559018355;23.2341222224162
330.571180809942;22.9764549294458
330.592802601529;22.7308938675401
330.614424393116;22.4973932933975
330.636046184703;22.2646324043756
330.65766797629;22.0256149980662
330.679289767877;21.7802546182394
330.700911559464;21.5296827830379
330.722533351051;21.2766100128264
330.744155142638;21.0121351221269
330.765776934225;20.708628619329
330.787398725813;20.3667320095482
330.8090205174;20.0063736407196
330.830642308987;19.6374319299862
330.852264100574;19.2576596282785
330.873885892161;18.8587289394786
330.895507683748;18.4476343417104
330.917129475335;18.0650902959415
330.938751266922;17.7286481748805
330.960373058509;17.4307013690202
330.981994850096;17.1725280884503
331.003616641683;16.9657652872226
331.02523843327;16.8265688648551
331.046860224857;16.7764186881443
331.068482016444;16.823323219406
331.090103808031;16.9600021015068
331.111725599618;17.1836546754963
331.133347391205;17.4964735759663
331.154969182792;17.9053239047826
331.176590974379;18.4078478278373
331.198212765966;18.9816529616969
331.219834557554;19.5799070013003
331.241456349141;20.1498143935481
331.263078140728;20.6668401232558
331.284699932315;21.1160734199338
331.306321723902;21.4504081639708
331.327943515489;21.6062440510837
331.349565307076;21.5556265302864
331.371187098663;21.2922935078832
331.39280889025;20.7887086637097
331.414430681837;20.0161173703577
331.436052473424;18.9716251761382
331.457674265011;17.700391483992
331.479296056598;16.2427387253168
331.500917848185;14.6126541375351
331.522539639772;12.943905165967
331.544161431359;11.4195874449439
331.565783222946;10.0267291680063
331.587405014533;8.71832433338608
331.60902680612;7.53119793533537
331.630648597707;6.55651331483027
331.652270389294;5.87471632081358
331.673892180881;5.46945774221183
331.695513972469;5.3124963957813
331.717135764056;5.35212814452829
331.738757555643;5.55093525392294
331.76037934723;5.86293360298475
331.782001138817;6.28647655703756
331.803622930404;6.82826955628506
331.825244721991;7.4334533828488
331.846866513578;8.05039328719862
331.868488305165;8.6637414651162
331.890110096752;9.25992055102583
331.911731888339;9.81882050224507
331.933353679926;10.3612292526896
331.954975471513;10.9349247979042
331.9765972631;11.5274683075384
331.998219054687;12.1392872628303
332.019840846274;12.7807717425258
332.041462637861;13.4461123667841
332.063084429448;14.1224630123547
332.084706221035;14.7916617011456
332.106328012622;15.4355621573995
332.127949804209;16.0481403808671
332.149571595796;16.6663777054793
332.171193387384;17.3046920610037
332.192815178971;17.9271709960251
332.214436970558;18.5438146407871
332.236058762145;19.1736741879376
332.257680553732;19.811668773877
332.279302345319;20.4526505158893
332.300924136906;21.0869343162356
332.322545928493;21.7162579268867
332.34416772008;22.3610793456761
332.365789511667;23.0266153424293
332.387411303254;23.690057005452
332.409033094841;24.3445863936448
332.430654886428;24.9866522833567
332.452276678015;25.5915793557459
332.473898469602;26.150105579976
332.495520261189;26.6711044902386
332.517142052776;27.1676416240634
332.538763844363;27.6601457301239
332.56038563595;28.1763406918015
332.582007427537;28.7353516380079
332.603629219125;29.344798706322
332.625251010712;30.0274091538028
332.646872802299;30.8236693193596
332.668494593886;31.7537015963621
332.690116385473;32.8027940952083
332.71173817706;33.9589627085172
332.733359968647;35.2180412443091
332.754981760234;36.5976929228587
332.776603551821;38.1110023203808
332.798225343408;39.7684307340717
332.819847134995;41.5629108079985
332.841468926582;43.448309225894
332.863090718169;45.3543935970472
332.884712509756;47.221191577166
332.906334301343;48.9635781862105
332.92795609293;50.6101598213468
332.949577884517;52.2277110185628
332.971199676104;53.8639241687426
332.992821467691;55.4409433347694
333.014443259278;56.8252498087513
333.036065050865;58.018288395964
333.057686842452;59.0527838421947
333.07930863404;59.9729046851699
333.100930425627;60.8280533532418
333.122552217214;61.6521899567582
333.144174008801;62.4367064131032
333.165795800388;63.1806895395317
333.187417591975;63.939869777116
333.209039383562;64.7620933495767
333.230661175149;65.6850164792014
333.252282966736;66.7539343120204
333.273904758323;67.9727534788436
333.29552654991;69.3252908573252
333.317148341497;70.8405314737106
333.338770133084;72.5619660958884
333.360391924671;74.5046566095524
333.382013716258;76.605580706576
333.403635507845;78.7809848357526
333.425257299432;80.9844928204965
333.446879091019;83.1312109181825
333.468500882606;85.0427190864964
333.490122674193;86.6065017939208
333.511744465781;87.6773493834282
333.533366257368;88.1331789719489
333.554988048955;87.9420788047857
333.576609840542;87.0258732427311
333.598231632129;85.2867680971309
333.619853423716;82.9372033669872
333.641475215303;80.1158175535324
333.66309700689;76.947224309446
333.684718798477;73.5207652510774
333.706340590064;70.0301212090366
333.727962381651;66.6181423085497
333.749584173238;63.2816105093826
333.771205964825;60.1472128185697
333.792827756412;57.3293612052438
333.814449547999;54.8606013165196
333.836071339586;52.8617765397316
333.857693131173;51.4438850958077
333.87931492276;50.5822925211442
333.900936714347;50.1560030653194
333.922558505934;50.1307920480269
333.944180297521;50.61358494397
333.965802089108;51.5706967872507
333.987423880696;52.9430697476476
334.009045672283;54.6541339686216
334.03066746387;56.7181338704681
334.052289255457;59.1963413146718
334.073911047044;61.9861341968736
334.095532838631;65.046118973478
334.117154630218;68.45774894851
334.138776421805;72.1869764516016
334.160398213392;76.1868568155708
334.182020004979;80.3450018490295
334.203641796566;84.6382452734243
334.225263588153;89.125576881342
334.24688537974;93.7406907062628
334.268507171327;98.2318922500878
334.290128962914;102.400254414206
334.311750754501;106.265104470131
334.333372546088;109.861160835342
334.354994337675;113.165433457877
334.376616129262;116.075629073541
334.398237920849;118.460817377379
334.419859712436;120.299119269773
334.441481504024;121.707898940382
334.463103295611;122.805840240642
334.484725087198;123.662567439603
334.506346878785;124.342153532433
334.527968670372;124.948308496754
334.549590461959;125.610070738734
334.571212253546;126.418452837558
334.592834045133;127.380979065397
334.61445583672;128.360594935969
334.636077628307;129.404112864312
334.657699419894;130.616341500721
334.679321211481;132.005700680223
334.700943003068;133.562018952446
334.722564794655;135.215067089654
334.744186586242;136.838375958912
334.765808377829;138.366099299499
334.787430169416;139.801186990403
334.809051961003;141.17699289422
334.83067375259;142.477268406024
334.852295544177;143.669365242835
334.873917335764;144.773817393684
334.895539127352;145.821189428662
334.917160918939;146.841956556756
334.938782710526;147.87302553811
334.960404502113;148.979396714052
334.9820262937;150.242795896555
335.003648085287;151.74342484499
335.025269876874;153.552693440171
335.046891668461;155.784271766683
335.068513460048;158.469276872423
335.090135251635;161.656691005593
335.111757043222;165.513649464035
335.133378834809;170.30460848021
335.155000626396;176.03928188303
335.176622417983;182.719546723696
335.19824420957;190.429269552451
335.219866001157;199.226250659841
335.241487792744;209.456504547519
335.263109584331;221.650330717746
335.284731375918;236.079001013989
335.306353167505;252.01872440413
335.327974959092;269.368160830566
335.34959675068;289.257481681037
335.371218542267;313.51180790618
335.392840333854;342.267954411657
335.414462125441;375.231716136779
335.436083917028;412.616671104535
335.457705708615;455.189488323757
335.479327500202;504.318115919341
335.500949291789;560.624871659631
335.522571083376;622.98599234361
335.544192874963;689.331080985804
335.56581466655;759.72909795488
335.587436458137;837.031411017185
335.609058249724;923.992521636723
335.630680041311;1023.17050036722
335.652301832898;1134.89286390283
335.673923624485;1253.64885742326
335.695545416072;1375.02108781409
335.717167207659;1499.1160473932
335.738788999246;1622.93028601573
335.760410790833;1740.79305457549
335.78203258242;1850.45220220746
335.803654374007;1951.75110749714
335.825276165595;2042.5778253808
335.846897957182;2121.2083160088
335.868519748769;2184.17905603106
335.890141540356;2226.35346704261
335.911763331943;2244.82205076594
335.93338512353;2240.0105117038
335.955006915117;2210.74162157091
335.976628706704;2155.23451348482
335.998250498291;2075.75940011965
336.019872289878;1975.28613847094
336.041494081465;1853.83654752313
336.063115873052;1713.52239899256
336.084737664639;1556.42516050061
336.106359456226;1383.6610712287
336.127981247813;1200.79862839379
336.1496030394;1013.21333600649
336.171224830987;822.683542008872
336.192846622574;632.557712428339
336.214468414161;447.092823804507
336.236090205748;267.193579082401
336.257711997335;89.6504368000907
336.279333788923;-85.6261989839113
336.30095558051;-249.121969338421
336.322577372097;-396.797250511418
336.344199163684;-527.660441253904
336.365820955271;-643.752927241491
336.387442746858;-751.72637721455
336.409064538445;-857.860086228293
336.430686330032;-954.826625281436
336.452308121619;-1038.10187514299
336.473929913206;-1113.20482319445
336.495551704793;-1183.32623220062
336.51717349638;-1250.11599205369
336.538795287967;-1313.69984449011
336.560417079554;-1371.14221396855
336.582038871141;-1422.74056925678
336.603660662728;-1471.26894005986
336.625282454315;-1518.77430671778
336.646904245902;-1565.538811846
336.668526037489;-1610.27200548578
336.690147829076;-1651.49964915756
336.711769620663;-1688.14079429077
336.733391412251;-1718.95991714046
336.755013203838;-1743.17098546095
336.776634995425;-1760.61577792528
336.798256787012;-1770.81980589865
336.819878578599;-1773.33458856615
336.841500370186;-1767.42391852328
336.863122161773;-1752.59482412865
336.88474395336;-1728.41671814313
336.906365744947;-1695.81005933592
336.927987536534;-1656.23290673663
336.949609328121;-1610.94200718261
336.971231119708;-1560.27406732819
336.992852911295;-1504.55538962315
337.014474702882;-1443.01413354028
337.036096494469;-1376.74288869155
337.057718286056;-1308.52095579182
337.079340077643;-1239.27889474608
337.10096186923;-1169.80466318835
337.122583660817;-1101.44271910545
337.144205452404;-1035.03631707306
337.165827243991;-970.451582427914
337.187449035578;-907.144020704637
337.209070827166;-844.304782128796
337.230692618753;-781.765872728959
337.25231441034;-721.689400041555
337.273936201927;-666.238511597656
337.295557993514;-615.241336726337
337.317179785101;-567.034134996928
337.338801576688;-519.941437717913
337.360423368275;-476.045964860958
337.382045159862;-437.172310198115
337.403666951449;-402.031641823694
337.425288743036;-369.006005710645
337.446910534623;-335.654302778316
337.46853232621;-303.771307612163
337.490154117797;-276.37637088754
337.511775909384;-252.233789469483
337.533397700971;-229.722166289845
337.555019492558;-208.601739179415
337.576641284145;-189.662129137702
337.598263075732;-173.040635456233
337.619884867319;-158.21668175337
337.641506658907;-144.697935216028
337.663128450494;-132.195717998613
337.684750242081;-120.525545568581
337.706372033668;-109.643804917571
337.727993825255;-99.6712082379362
337.749615616842;-90.6871576100896
337.771237408429;-82.6206586451045
337.792859200016;-75.4586912301634
337.814480991603;-69.2928689300677
337.83610278319;-64.1058882209384
337.857724574777;-59.9289939605206
337.879346366364;-56.881924088758
337.900968157951;-54.9343771074579
337.922589949538;-53.9310085226769
337.944211741125;-53.9549438875737
337.965833532712;-55.1731523704036
337.987455324299;-57.3925016671076
338.009077115886;-60.3391014468194
338.030698907473;-63.8289936237918
338.05232069906;-67.7269181349849
338.073942490647;-71.8520249474544
338.095564282234;-75.9519833038843
338.117186073822;-79.7666337459259
338.138807865409;-83.1760714965614
338.160429656996;-86.156914745304
338.182051448583;-88.6321947528343
338.20367324017;-90.4345998620098
338.225295031757;-91.5220727220966
338.246916823344;-92.1067582413319
338.268538614931;-92.3177667913019
338.290160406518;-92.1605734314391
338.311782198105;-91.6885743153872
338.333403989692;-90.9486741805386
338.355025781279;-90.0135768371644
338.376647572866;-89.0558698094066
338.398269364453;-88.1748582558556
338.41989115604;-87.3493181825072
338.441512947627;-86.5120553741979
338.463134739214;-85.6154358165987
338.484756530801;-84.6745579437865
338.506378322388;-83.7414914892145
338.528000113975;-82.8272729704442
338.549621905563;-81.9062907863311
338.57124369715;-80.9433304613851
338.592865488737;-79.9049742913619
338.614487280324;-78.780369288038
338.636109071911;-77.5769401059619
338.657730863498;-76.2595254505685
338.679352655085;-74.7516728299018
338.700974446672;-73.0782850556066
338.722596238259;-71.3750289822042
338.744218029846;-69.6583639440212
338.765839821433;-67.8868042243459
338.78746161302;-66.0719857196498
338.809083404607;-64.235041583009
338.830705196194;-62.3762728144783
338.852326987781;-60.5573409425188
338.873948779368;-58.8127819553912
338.895570570955;-57.1143016599383
338.917192362542;-55.4075564141641
338.938814154129;-53.7153696284023
338.960435945716;-52.0476987454668
338.982057737303;-50.4034678873206
339.00367952889;-48.8437940490522
339.025301320478;-47.3529183714393
339.046923112065;-45.8556404180079
339.068544903652;-44.3234947658589
339.090166695239;-42.8155145180393
339.111788486826;-41.4088713490281
339.133410278413;-40.0923946245544
339.15503207;-38.8245329235778
339.176653861587;-37.6133890448698
339.198275653174;-36.4845430001676
339.219897444761;-35.4072813160018
339.241519236348;-34.3516469207256
339.263141027935;-33.4075113817968
339.284762819522;-32.6176666187592
339.306384611109;-31.9704565892821
339.328006402696;-31.4638860457265
339.349628194283;-31.0852960189338
339.37124998587;-30.8263218784736
339.392871777457;-30.702766384482
339.414493569044;-30.7103134707642
339.436115360631;-30.8376959913278
339.457737152218;-31.0296001259098
339.479358943805;-31.2835235281325
339.500980735393;-31.6009543640307
339.52260252698;-31.9516714813165
339.544224318567;-32.3233764523617
339.565846110154;-32.7058313828804
339.587467901741;-33.0721133098845
339.609089693328;-33.3954978541057
339.630711484915;-33.662414822662
339.652333276502;-33.860450336091
339.673955068089;-33.9724981343045
339.695576859676;-33.9863709106544
339.717198651263;-33.9127456861929
339.73882044285;-33.7545877824545
339.760442234437;-33.5057247252983
339.782064026024;-33.1683249236819
339.803685817611;-32.7422180265779
339.825307609198;-32.257452354242
339.846929400785;-31.7547436423974
339.868551192372;-31.2302404567224
339.890172983959;-30.6736340746761
339.911794775546;-30.0942231049784
339.933416567134;-29.5295254826395
339.955038358721;-29.0482112981937
339.976660150308;-28.7082640637518
339.998281941895;-28.517043606043
340.019903733482;-28.4752514821856
340.041525525069;-28.6128693833742
340.063147316656;-28.9739044868785
340.084769108243;-29.520225285465
340.10639089983;-30.2085317249831
340.128012691417;-31.0761027175357
340.149634483004;-32.1085940118173
340.171256274591;-33.2848212511465
340.192878066178;-34.5735549800644
340.214499857765;-35.8730888854013
340.236121649352;-37.0856518313379
340.257743440939;-38.2021656935134
340.279365232526;-39.1517188944964
340.300987024113;-39.8658020205312
340.3226088157;-40.3600787234908
340.344230607287;-40.7177908414251
340.365852398874;-40.9523136245931
340.387474190461;-41.0657138042828
340.409095982049;-41.064450259854
340.430717773636;-40.9736209076267
340.452339565223;-40.825821298279
340.47396135681;-40.6494875038548
340.495583148397;-40.5152479075113
340.517204939984;-40.4591869908476
340.538826731571;-40.4343681646917
340.560448523158;-40.4288849469999
340.582070314745;-40.4484850944908
340.603692106332;-40.4915533336048
340.625313897919;-40.5446531708897
340.646935689506;-40.5897592679492
340.668557481093;-40.6050973327067
340.69017927268;-40.5663863142233
340.711801064267;-40.4609353511295
340.733422855854;-40.2933629979973
340.755044647441;-40.0762546997984
340.776666439028;-39.8058930904762
340.798288230615;-39.4680900848802
340.819910022202;-39.0615159017934
340.841531813789;-38.593882136279
340.863153605377;-38.0848041605956
340.884775396964;-37.5615630077311
340.906397188551;-37.034923496652
340.928018980138;-36.4831847828203
340.949640771725;-35.9057687944694
340.971262563312;-35.3652077035229
340.992884354899;-34.9024738405822
341.014506146486;-34.4982050522435
341.036127938073;-34.1375834047836
341.05774972966;-33.8198726590377
341.079371521247;-33.5524772139581
341.100993312834;-33.3364460970765
341.122615104421;-33.1722709678267
341.144236896008;-33.0534901467057
341.165858687595;-32.9741448967578
341.187480479182;-32.9215468828283
341.209102270769;-32.8812158221125
341.230724062356;-32.8461802505057
341.252345853943;-32.8117544374849
341.27396764553;-32.7756701971116
341.295589437117;-32.7473495033844
341.317211228705;-32.7323853707996
341.338833020292;-32.7198820106051
341.360454811879;-32.7015413695548
341.382076603466;-32.6877649478248
341.403698395053;-32.6992033371858
341.42532018664;-32.7496270152991
341.446941978227;-32.8428128150279
341.468563769814;-32.9782724165836
341.490185561401;-33.152286980958
341.511807352988;-33.3546725666294
341.533429144575;-33.571938085045
341.555050936162;-33.798004687582
341.576672727749;-34.0322374148067
341.598294519336;-34.272466522488
341.619916310923;-34.507480046518
341.64153810251;-34.7230637659853
341.663159894097;-34.9088226663093
341.684781685684;-35.0636536326173
341.706403477271;-35.1912950171151
341.728025268858;-35.2912683965765
341.749647060445;-35.3611349479268
341.771268852033;-35.4107115391209
341.79289064362;-35.4550149570027
341.814512435207;-35.5007122352165
341.836134226794;-35.5496160840115
341.857756018381;-35.6086087718861
341.879377809968;-35.6878876066456
341.900999601555;-35.791808983006
341.922621393142;-35.9049303886557
341.944243184729;-36.0115626387669
341.965864976316;-36.1139240082314
341.987486767903;-36.2160228493212
342.00910855949;-36.3209197995588
342.030730351077;-36.4295679369387
342.052352142664;-36.5397439499268
342.073973934251;-36.6483954130727
342.095595725838;-36.7591094646864
342.117217517425;-36.8823752497464
342.138839309012;-37.0334716948414
342.160461100599;-37.2256301442861
342.182082892186;-37.4580270943536
342.203704683773;-37.726536601024
342.22532647536;-38.0294118575483
342.246948266948;-38.3715417736191
342.268570058535;-38.7631545108099
342.290191850122;-39.1975102487619
342.311813641709;-39.6409194569283
342.333435433296;-40.0760802813783
342.355057224883;-40.5007812648849
342.37667901647;-40.9077113992209
342.398300808057;-41.2802382183648
342.419922599644;-41.6041322303076
342.441544391231;-41.8810195649886
342.463166182818;-42.1169353765575
342.484787974405;-42.3084763842414
342.506409765992;-42.4586347837125
342.528031557579;-42.5732335587828
342.549653349166;-42.6567240085138
342.571275140753;-42.716212106512
342.59289693234;-42.7587876731229
342.614518723927;-42.7865777711117
342.636140515514;-42.8063974459824
342.657762307101;-42.8228311209159
342.679384098689;-42.841428396118
342.701005890276;-42.8674188404525
342.722627681863;-42.9039064442065
342.74424947345;-42.951593161675
342.765871265037;-43.0075921357429
342.787493056624;-43.0643138885522
342.809114848211;-43.119692799219
342.830736639798;-43.169192433934
342.852358431385;-43.2071599496941
342.873980222972;-43.2306642768562
342.895602014559;-43.2386053046995
342.917223806146;-43.2290499054266
342.938845597733;-43.1975340498172
342.96046738932;-43.1412425604342
342.982089180907;-43.0605365946658
343.003710972494;-42.9517743650682
343.025332764081;-42.8104020567675
343.046954555668;-42.6370041881697
343.068576347255;-42.4309424874925
343.090198138842;-42.1943677534062
343.111819930429;-41.9394449670032
343.133441722016;-41.675252715359
343.155063513604;-41.4031222733301
343.176685305191;-41.1152200380844
343.198307096778;-40.7973084428482
343.219928888365;-40.4538668399567
343.241550679952;-40.081047292699
343.263172471539;-39.6976007574715
343.284794263126;-39.3393242145552
343.306416054713;-39.0090023470545
343.3280378463;-38.6919334787423
343.349659637887;-38.3697855528493
343.371281429474;-38.0393031562857
343.392903221061;-37.7139967639395
343.414525012648;-37.413302944059
343.436146804235;-37.1327573401946
343.457768595822;-36.8631284096795
343.479390387409;-36.598085268999
343.501012178996;-36.3391988517599
343.522633970583;-36.086345353317
343.54425576217;-35.8349063044341
343.565877553757;-35.5808965765621
343.587499345344;-35.3289795921295
343.609121136931;-35.0923877400632
343.630742928519;-34.8806725811348
343.652364720106;-34.6945921655419
343.673986511693;-34.5396671290456
343.69560830328;-34.4255689121985
343.717230094867;-34.3540290384578
343.738851886454;-34.3230482238285
343.760473678041;-34.3322578327618
343.782095469628;-34.3784399823298
343.803717261215;-34.4451804862436
343.825339052802;-34.5142718233816
343.846960844389;-34.5777207624312
343.868582635976;-34.6264858293831
343.890204427563;-34.6514659447229
343.91182621915;-34.6502595155227
343.933448010737;-34.6229377758013
343.955069802324;-34.5680549337843
343.976691593911;-34.4971968695745
343.998313385498;-34.4280943854979
344.019935177085;-34.36328117606
344.041556968672;-34.3001508963598
344.06317876026;-34.2434083944818
344.084800551847;-34.2080037673498
344.106422343434;-34.1891874754298
344.128044135021;-34.1691041092479
344.149665926608;-34.1473131975543
344.171287718195;-34.1321858517344
344.192909509782;-34.1307537695265
344.214531301369;-34.1403518638261
344.236153092956;-34.1496299197865
344.257774884543;-34.1455872773622
344.27939667613;-34.1386854302875
344.301018467717;-34.1329836323329
344.322640259304;-34.1235207768605
344.344262050891;-34.1128945921042
344.365883842478;-34.1090084693947
344.387505634065;-34.1083679741379
344.409127425652;-34.1062872906131
344.430749217239;-34.102457025782
344.452371008826;-34.0972839229883
344.473992800413;-34.0930400822118
344.495614592;-34.1039359179157
344.517236383587;-34.1341369627713
344.538858175175;-34.1799485825914
344.560479966762;-34.2481350191617
344.582101758349;-34.3432535321598
344.603723549936;-34.4808583745254
344.625345341523;-34.6635867268522
344.64696713311;-34.8880590120247
344.668588924697;-35.1522821026336
344.690210716284;-35.4447409804118
344.711832507871;-35.7586978046584
344.733454299458;-36.0906810089428
344.755076091045;-36.4363635217678
344.776697882632;-36.7804972286418
344.798319674219;-37.1012154869502
344.819941465806;-37.4000465803162
344.841563257393;-37.6939567857756
344.86318504898;-37.9660218402679
344.884806840567;-38.2056133001731
344.906428632154;-38.4235986433286
344.928050423741;-38.623317986084
344.949672215328;-38.7974828157417
344.971294006916;-38.9471441427911
344.992915798503;-39.0802822782483
345.01453759009;-39.199646563512
345.036159381677;-39.3147672330882
345.057781173264;-39.4327819477049
345.079402964851;-39.5624073576727
345.101024756438;-39.7025642741502
345.122646548025;-39.8471343582581
345.144268339612;-39.9929168474902
345.165890131199;-40.1467720089195
345.187511922786;-40.3193189365733
345.209133714373;-40.5156033813175
345.23075550596;-40.7170816772591
345.252377297547;-40.9096932213521
345.273999089134;-41.0820386018604
345.295620880721;-41.2201770293232
345.317242672308;-41.3095931321379
345.338864463895;-41.3435121562649
345.360486255482;-41.3340111483898
345.382108047069;-41.2922690632964
345.403729838656;-41.2179603063593
345.425351630243;-41.1118050309957
345.446973421831;-40.983503621554
345.468595213418;-40.8593296885677
345.490217005005;-40.7533138382756
345.511838796592;-40.6763939419362
345.533460588179;-40.6353750946378
345.555082379766;-40.6348382349355
345.576704171353;-40.6753807584278
345.59832596294;-40.7561924223974
345.619947754527;-40.874463160777
345.641569546114;-41.0243630830289
345.663191337701;-41.1999240013727
345.684813129288;-41.3881726835961
345.706434920875;-41.5625685807876
345.728056712462;-41.7148507420192
345.749678504049;-41.8441799965291
345.771300295636;-41.9481580518495
345.792922087223;-42.0240547339617
345.81454387881;-42.0708018322673
345.836165670397;-42.0820428489495
345.857787461984;-42.0545304856213
345.879409253571;-41.995438028047
345.901031045159;-41.9102216823849
345.922652836746;-41.8066850002998
345.944274628333;-41.6950454470264
345.96589641992;-41.5707485949292
345.987518211507;-41.4278962695372
346.009140003094;-41.2753758074267
346.030761794681;-41.1260266248035
346.052383586268;-40.97372516758
346.074005377855;-40.8085500041136
346.095627169442;-40.626252118481
346.117248961029;-40.42806542086
346.138870752616;-40.2159893280481
346.160492544203;-39.9960065675499
346.18211433579;-39.7767274847996
346.203736127377;-39.5685087809895
346.225357918964;-39.3833407953822
346.246979710551;-39.2275124045646
346.268601502138;-39.0972889254851
346.290223293725;-38.9887282221236
346.311845085312;-38.8990702972064
346.333466876899;-38.8316994412202
346.355088668487;-38.7969153485506
346.376710460074;-38.7905671325574
346.398332251661;-38.8004081331286
346.419954043248;-38.8221136424363
346.441575834835;-38.8638209886196
346.463197626422;-38.9348446506527
346.484819418009;-39.032144584623
346.506441209596;-39.1461811053764
346.528063001183;-39.2750495489058
346.54968479277;-39.4180423780092
346.571306584357;-39.5726110535902
346.592928375944;-39.7352954280767
346.614550167531;-39.9036579848723
346.636171959118;-40.0688795589752
346.657793750705;-40.2176887958956
346.679415542292;-40.3342926019505
346.701037333879;-40.418305756627
346.722659125466;-40.4712455481236
346.744280917053;-40.4881172007069
346.76590270864;-40.4701409180872
346.787524500227;-40.4248295559419
346.809146291815;-40.3524817899722
346.830768083402;-40.259819951004
346.852389874989;-40.1565986635289
346.874011666576;-40.0500115650822
346.895633458163;-39.9457343205932
346.91725524975;-39.8509989952893
346.938877041337;-39.7686893081939
346.960498832924;-39.6958165559785
346.982120624511;-39.6328988143336
347.003742416098;-39.5897260762925
347.025364207685;-39.5753758212547
347.046985999272;-39.5921011486287
347.068607790859;-39.6416383743601
347.090229582446;-39.7279386020976
347.111851374033;-39.8527076480156
347.13347316562;-40.0160774342655
347.155094957207;-40.2218560997189
347.176716748794;-40.4699378820389
347.198338540381;-40.7410513467268
347.219960331968;-41.0215995866847
347.241582123555;-41.301706493335
347.263203915142;-41.5824265292848
347.28482570673;-41.8574930841469
347.306447498317;-42.1028121955828
347.328069289904;-42.2913387777822
347.349691081491;-42.4153579809664
347.371312873078;-42.480924728343
347.392934664665;-42.4930209457405
347.414556456252;-42.4547255964159
347.436178247839;-42.3727143607088
347.457800039426;-42.2619342950761
347.479421831013;-42.1354555697387
347.5010436226;-41.9972586776436
347.522665414187;-41.8480430433722
347.544287205774;-41.6956902120081
347.565908997361;-41.5559912264209
347.587530788948;-41.4382127239085
347.609152580535;-41.3377727917508
347.630774372122;-41.2432293527519
347.652396163709;-41.1658656293271
347.674017955296;-41.1095709729372
347.695639746883;-41.0644594798703
347.717261538471;-41.0237188198031
347.738883330058;-40.9843925414065
347.760505121645;-40.9451837473867
347.782126913232;-40.9123353729768
347.803748704819;-40.8866450608817
347.825370496406;-40.8616292728344
347.846992287993;-40.8346402376545
347.86861407958;-40.8126879534337
347.890235871167;-40.806656650491
347.911857662754;-40.8327383163194
347.933479454341;-40.8860631809649
347.955101245928;-40.9329988567821
347.976723037515;-40.9646033078376
347.998344829102;-40.9858553365523
348.019966620689;-40.9940681632943
348.041588412276;-40.9795366361595
348.063210203863;-40.947366161054
348.08483199545;-40.9066929930244
348.106453787037;-40.853111054216
348.128075578624;-40.7807584142547
348.149697370211;-40.6921390536238
348.171319161798;-40.5956385988218
348.192940953386;-40.4967401365571
348.214562744973;-40.3868378177601
348.23618453656;-40.2688993682052
348.257806328147;-40.1442021059859
348.279428119734;-40.0299030941484
348.301049911321;-39.9265759776737
348.322671702908;-39.8304033878749
348.344293494495;-39.7285845058723
348.365915286082;-39.6078798318517
348.387537077669;-39.4764667561682
348.409158869256;-39.3339058731331
348.430780660843;-39.1782221688685
348.45240245243;-39.0216563463775
348.474024244017;-38.861859862918
348.495646035604;-38.6961375401108
348.517267827191;-38.5200731365879
348.538889618778;-38.3319655362611
348.560511410365;-38.1393502156412
348.582133201952;-37.9540363254279
348.603754993539;-37.7887125527483
348.625376785126;-37.6457819321861
348.646998576713;-37.5262232515667
348.668620368301;-37.4340637167127
348.690242159888;-37.3747242615373
348.711863951475;-37.3483195432198
348.733485743062;-37.357323862827
348.755107534649;-37.3944491630053
348.776729326236;-37.4503733967146
348.798351117823;-37.5118137733478
348.81997290941;-37.5694687488109
348.841594700997;-37.6159876887073
348.863216492584;-37.6427454863236
348.884838284171;-37.6383582508456
348.906460075758;-37.5889059993051
348.928081867345;-37.5019412213918
348.949703658932;-37.3916023086823
348.971325450519;-37.2592983374449
348.992947242106;-37.1108647776609
349.014569033693;-36.9638390383094
349.03619082528;-36.8400820167779
349.057812616867;-36.7453682242385
349.079434408454;-36.6972195061626
349.101056200042;-36.71402645344
349.122677991629;-36.7918379064494
349.144299783216;-36.9313394623881
349.165921574803;-37.1322838835267
349.18754336639;-37.3945401656006
349.209165157977;-37.7231142484559
349.230786949564;-38.1086842097426
349.252408741151;-38.5174814325281
349.274030532738;-38.9214044464499
349.295652324325;-39.3194671845507
349.317274115912;-39.7177171501226
349.338895907499;-40.1002937419428
349.360517699086;-40.4546766160912
349.382139490673;-40.7808214221927
349.40376128226;-41.0707916377693
349.425383073847;-41.3250648192548
349.447004865434;-41.5561759040493
349.468626657021;-41.7621537148598
349.490248448608;-41.9414932101579
349.511870240195;-42.0893785327241
349.533492031782;-42.2054331363615
349.555113823369;-42.290075416257
349.576735614957;-42.3422034982438
349.598357406544;-42.3818376715541
349.619979198131;-42.4258921313176
349.641600989718;-42.4759501340153
349.663222781305;-42.5293425695774
349.684844572892;-42.5897332616977
349.706466364479;-42.6696781300486
349.728088156066;-42.7779429166636
349.749709947653;-42.9181359767543
349.77133173924;-43.0874124933662
349.792953530827;-43.2684117300149
349.814575322414;-43.4535653771138
349.836197114001;-43.6541759647278
349.857818905588;-43.8729360177741
349.879440697175;-44.1068158848795
349.901062488762;-44.3494889674619
349.922684280349;-44.5951502905372
349.944306071936;-44.8360466854174
349.965927863523;-45.0641654375783
349.98754965511;-45.2826224932472
350.009171446697;-45.4862163648262
350.030793238285;-45.6746628298367
350.052415029872;-45.8551128699194
350.074036821459;-46.0292847694208
350.095658613046;-46.196198975893
350.117280404633;-46.353830886764
350.13890219622;-46.5063134137628
350.160523987807;-46.6571164790834
350.182145779394;-46.8077029220247
350.203767570981;-46.9545921547653
350.225389362568;-47.0916453534422
350.247011154155;-47.2202815632171
350.268632945742;-47.3348922550729
350.290254737329;-47.4277951666921
350.311876528916;-47.4976896757568
350.333498320503;-47.5308710563713
350.35512011209;-47.5170159815255
350.376741903677;-47.44737543245
350.398363695264;-47.3104705938105
350.419985486851;-47.1061661625341
350.441607278438;-46.843332009274
350.463229070025;-46.5339164437623
350.484850861613;-46.1827744933013
350.5064726532;-45.7942981121483
350.528094444787;-45.3807010064276
350.549716236374;-44.9576183943706
350.571338027961;-44.5396413475045
350.592959819548;-44.1316886847294
350.614581611135;-43.7446647223962
350.636203402722;-43.3937038748592
350.657825194309;-43.0873725260224
350.679446985896;-42.8139122664373
350.701068777483;-42.5738858037303
350.72269056907;-42.3627541458505
350.744312360657;-42.1700257296728
350.765934152244;-41.9902582958649
350.787555943831;-41.8239905960306
350.809177735418;-41.6703112437202
350.830799527005;-41.5236499428904
350.852421318592;-41.373984166429
350.874043110179;-41.2173539364292
350.895664901766;-41.0548410665742
350.917286693353;-40.892594275091
350.938908484941;-40.7358461186532
350.960530276528;-40.5847537405237
350.982152068115;-40.4423156829035
351.003773859702;-40.3157900655054
351.025395651289;-40.210860867045
351.047017442876;-40.1373406772252
351.068639234463;-40.1012805453889
351.09026102605;-40.1072536981475
351.111882817637;-40.1592085533242
351.133504609224;-40.2543330986934
351.155126400811;-40.3859896318677
351.176748192398;-40.5469403954208
351.198369983985;-40.7268522323005
351.219991775572;-40.9204904509183
351.241613567159;-41.1259231795095
351.263235358746;-41.3330817591717
351.284857150333;-41.5193683213253
351.30647894192;-41.6689236923295
351.328100733507;-41.7843194930964
351.349722525094;-41.8714764597222
351.371344316681;-41.9276189246127
351.392966108269;-41.9460086693503
351.414587899856;-41.9289107348931
351.436209691443;-41.8878078129295
351.45783148303;-41.8330218970242
351.479453274617;-41.7737427624545
351.501075066204;-41.7201418925995
351.522696857791;-41.6840303790659
351.544318649378;-41.6689319818119
351.565940440965;-41.674704376296
351.587562232552;-41.7060498158452
351.609184024139;-41.7671714073108
351.630805815726;-41.8456682860399
351.652427607313;-41.9316645989799
351.6740493989;-42.0278712593282
351.695671190487;-42.1364384846804
351.717292982074;-42.2465594273457
351.738914773661;-42.3483341507961
351.760536565248;-42.4352915080737
351.782158356835;-42.5141724889543
351.803780148422;-42.5935702454318
351.825401940009;-42.6729591149355
351.847023731596;-42.7512124728466
351.868645523184;-42.8354937687563
351.890267314771;-42.9351740452836
351.911889106358;-43.0542167358481
351.933510897945;-43.1878833406118
351.955132689532;-43.3302058191359
351.976754481119;-43.4705751427223
351.998376272706;-43.5961981134473
352.019998064293;-43.7020035788196
352.04161985588;-43.7871180403474
352.063241647467;-43.8368964113128
352.084863439054;-43.8374214048279
352.106485230641;-43.7900351369852
352.128107022228;-43.6987689831058
352.149728813815;-43.567887091707
352.171350605402;-43.4011145836725
352.192972396989;-43.1991185489235
352.214594188576;-42.9652442487992
352.236215980163;-42.719768517316
352.25783777175;-42.4831386231041
352.279459563337;-42.2764918591014
352.301081354924;-42.1055471964051
352.322703146512;-41.96998969899
352.344324938099;-41.8791981189933
352.365946729686;-41.8454276142818
352.387568521273;-41.8727537986153
352.40919031286;-41.9575865670759
352.430812104447;-42.0974297715496
352.452433896034;-42.2824873600552
352.474055687621;-42.4919524103307
352.495677479208;-42.7122873974999
352.517299270795;-42.9425845657122
352.538921062382;-43.173054366843
352.560542853969;-43.3803443452893
352.582164645556;-43.5463954285789
352.603786437143;-43.6696893990996
352.62540822873;-43.7408330077794
352.647030020317;-43.7606878606629
352.668651811904;-43.729247020449
352.690273603491;-43.6429805181934
352.711895395078;-43.508477470753
352.733517186665;-43.335601771703
352.755138978252;-43.1354652076718
352.77676076984;-42.9208014217042
352.798382561427;-42.7012123181861
352.820004353014;-42.4760721378749
352.841626144601;-42.2513110568402
352.863247936188;-42.0357067716381
352.884869727775;-41.8347724355567
352.906491519362;-41.6433573102023
352.928113310949;-41.4544417622525
352.949735102536;-41.2685369526167
352.971356894123;-41.0903388288049
352.99297868571;-40.9273478810018
353.014600477297;-40.7723128420465
353.036222268884;-40.6203849964428
353.057844060471;-40.4800077070267
353.079465852058;-40.3564591831204
353.101087643645;-40.2536473917189
353.122709435232;-40.1756779312159
353.144331226819;-40.1226697827519
353.165953018406;-40.1018778562568
353.187574809993;-40.1284605174718
353.20919660158;-40.2052544264696
353.230818393168;-40.3075764050313
353.252440184755;-40.414246130723
353.274061976342;-40.5263156887013
353.295683767929;-40.6356450969954
353.317305559516;-40.7293511645873
353.338927351103;-40.8016538006328
353.36054914269;-40.8591464545269
353.382170934277;-40.9055134380931
353.403792725864;-40.929113651296
353.425414517451;-40.9355051310057
353.447036309038;-40.9468950192995
353.468658100625;-40.9697273001584
353.490279892212;-40.9841166306426
353.511901683799;-40.9853646423676
353.533523475386;-40.9843460969501
353.555145266973;-40.9829902213984
353.57676705856;-40.987247046763
353.598388850147;-41.0066164188393
353.620010641734;-41.0465993557997
353.641632433321;-41.1049875518714
353.663254224908;-41.1808148296226
353.684876016495;-41.2761478523144
353.706497808083;-41.3962045801998
353.72811959967;-41.5398257097593
353.749741391257;-41.7030528956703
353.771363182844;-41.8886658633613
353.792984974431;-42.0959466093716
353.814606766018;-42.3179687867518
353.836228557605;-42.55381325211
353.857850349192;-42.8108534589031
353.879472140779;-43.0665717622957
353.901093932366;-43.3083096731018
353.922715723953;-43.5366135133885
353.94433751554;-43.7417107085896
353.965959307127;-43.9191992914403
353.987581098714;-44.0768453585279
354.009202890301;-44.2168482784734
354.030824681888;-44.3206855746114
354.052446473475;-44.382210638793
354.074068265062;-44.4127146677741
354.095690056649;-44.4115653375842
354.117311848236;-44.3823840849454
354.138933639824;-44.329229832567
354.160555431411;-44.2500241649284
354.182177222998;-44.1526728932852
354.203799014585;-44.0483077554216
354.225420806172;-43.9395204391857
354.247042597759;-43.8291327864707
354.268664389346;-43.7307348050884
354.290286180933;-43.6474175854379
354.31190797252;-43.5679142270634
354.333529764107;-43.478182881916
354.355151555694;-43.3793923391857
354.376773347281;-43.2833632291829
354.398395138868;-43.1896499183375
354.420016930455;-43.0844033406209
354.441638722042;-42.9562600999177
354.463260513629;-42.8075607294874
354.484882305216;-42.6513691874671
354.506504096803;-42.4890123802646
354.52812588839;-42.3098626434612
354.549747679977;-42.1217753951513
354.571369471564;-41.9394657631596
354.592991263151;-41.7731492228567
354.614613054739;-41.6288758897512
354.636234846326;-41.5108981736599
354.657856637913;-41.4132592179851
354.6794784295;-41.3350630091151
354.701100221087;-41.2803800609029
354.722722012674;-41.2565000888651
354.744343804261;-41.2692152613584
354.765965595848;-41.3193533640211
354.787587387435;-41.4077258488306
354.809209179022;-41.530173999436
354.830830970609;-41.6839884077034
354.852452762196;-41.8733774017773
354.874074553783;-42.0997350264549
354.89569634537;-42.3656113292858
354.917318136957;-42.6777216209873
354.938939928544;-43.038603153494
354.960561720131;-43.4334488562574
354.982183511718;-43.8298392323577
355.003805303305;-44.2129063311528
355.025427094892;-44.5817267009017
355.047048886479;-44.9242574442714
355.068670678067;-45.2145938491243
355.090292469654;-45.4433358654876
355.111914261241;-45.617064636656
355.133536052828;-45.7357091801116
355.155157844415;-45.8095101781111
355.176779636002;-45.8320514450532
355.198401427589;-45.8023911444528
355.220023219176;-45.7269116515406
355.241645010763;-45.611003326911
355.26326680235;-45.4596938964687
355.284888593937;-45.2857585829092
355.306510385524;-45.1026674240501
355.328132177111;-44.9115230105684
355.349753968698;-44.6991936186947
355.371375760285;-44.4601574822213
355.392997551872;-44.2101058089122
355.414619343459;-43.9650257086288
355.436241135046;-43.7304925429147
355.457862926633;-43.5040247322789
355.47948471822;-43.279734003955
355.501106509807;-43.066393749612
355.522728301395;-42.8672139845039
355.544350092982;-42.6753440889922
355.565971884569;-42.4859137957453
355.587593676156;-42.3018428932151
355.609215467743;-42.1153730059655
355.63083725933;-41.9218470807998
355.652459050917;-41.7232762250087
355.674080842504;-41.5250688189671
355.695702634091;-41.3243118598883
355.717324425678;-41.1096875443485
355.738946217265;-40.8796190680451
355.760568008852;-40.6395180199208
355.782189800439;-40.4004102133695
355.803811592026;-40.1670844106403
355.825433383613;-39.9337780652709
355.8470551752;-39.694215952574
355.868676966787;-39.4526901601225
355.890298758374;-39.22734742908
355.911920549961;-39.0374771961403
355.933542341548;-38.8922685254224
355.955164133135;-38.7947397671157
355.976785924722;-38.7430162514233
355.99840771631;-38.734939831654
356.020029507897;-38.7774855526742
356.041651299484;-38.8728129144224
356.063273091071;-39.0133959618808
356.084894882658;-39.1925895477641
356.106516674245;-39.4031145006684
356.128138465832;-39.6338830413884
356.149760257419;-39.8716905206723
356.171382049006;-40.1014965832247
356.193003840593;-40.3117025172427
356.21462563218;-40.4927089798876
356.236247423767;-40.6385318214175
356.257869215354;-40.7467537688107
356.279491006941;-40.8129496518644
356.301112798528;-40.8452718370054
356.322734590115;-40.851201568418
356.344356381702;-40.8295775705543
356.365978173289;-40.7795961853781
356.387599964876;-40.7042428993602
356.409221756463;-40.6063090397974
356.43084354805;-40.4863064439818
356.452465339638;-40.3469565129797
356.474087131225;-40.1937575717913
356.495708922812;-40.029346600992
356.517330714399;-39.8557114239334
356.538952505986;-39.6805030509835
356.560574297573;-39.5154739077841
356.58219608916;-39.3679850779806
356.603817880747;-39.2392874512065
356.625439672334;-39.1384910471627
356.647061463921;-39.0809193077578
356.668683255508;-39.0690591397484
356.690305047095;-39.0905612938276
356.711926838682;-39.1415045162045
356.733548630269;-39.2275253257605
356.755170421856;-39.348437687617
356.776792213443;-39.4899295369099
356.79841400503;-39.6396623046736
356.820035796617;-39.7945138133964
356.841657588204;-39.9775068309416
356.863279379791;-40.1925644704562
356.884901171378;-40.3937401157269
356.906522962966;-40.5828129153828
356.928144754553;-40.7839825073841
356.94976654614;-41.0131662571813
356.971388337727;-41.2586417328499
356.993010129314;-41.4998285069194
357.014631920901;-41.7441644898984
357.036253712488;-42.0090663445666
357.057875504075;-42.3031460130837
357.079497295662;-42.6246119264319
357.101119087249;-42.968487598684
357.122740878836;-43.3227574636974
357.144362670423;-43.6778710779765
357.16598446201;-44.0354989308564
357.187606253597;-44.4023417874067
357.209228045184;-44.7809732605717
357.230849836771;-45.1506312102141
357.252471628358;-45.499948015017
357.274093419945;-45.8276079967856
357.295715211532;-46.1262841562397
357.317337003119;-46.3846580818331
357.338958794706;-46.6095950610198
357.360580586294;-46.8127754259442
357.382202377881;-46.9999874136987
357.403824169468;-47.174120556197
357.425445961055;-47.3295364787027
357.447067752642;-47.4539606635565
357.468689544229;-47.5560779229678
357.490311335816;-47.6439019612839
357.511933127403;-47.7209189450893
357.53355491899;-47.779788033837
357.555176710577;-47.8193521649202
357.576798502164;-47.8428922407686
357.598420293751;-47.8529636361791
357.620042085338;-47.8498260600357
357.641663876925;-47.8311794814164
357.663285668512;-47.7961851970508
357.684907460099;-47.7435924054212
357.706529251686;-47.6716825900725
357.728151043273;-47.5858355609784
357.74977283486;-47.4906006456609
357.771394626447;-47.3807812097782
357.793016418034;-47.2485453187733
357.814638209622;-47.1031604873646
357.836260001209;-46.955504889733
357.857881792796;-46.7906822359908
357.879503584383;-46.6168520866672
357.90112537597;-46.4462404184867
357.922747167557;-46.2778576360089
357.944368959144;-46.1044530112325
357.965990750731;-45.9234684838014
357.987612542318;-45.7275588014433
358.009234333905;-45.5046323425199
358.030856125492;-45.263883952376
358.052477917079;-45.0182320896873
358.074099708666;-44.7763930524014
358.095721500253;-44.5402458339197
358.11734329184;-44.3121629686147
358.138965083427;-44.0923055681376
358.160586875014;-43.88322494275
358.182208666601;-43.6754351745425
358.203830458188;-43.4609761663149
358.225452249775;-43.2433409402296
358.247074041362;-43.0369768123823
358.26869583295;-42.8433842966278
358.290317624537;-42.6591933952681
358.311939416124;-42.4919641116604
358.333561207711;-42.3489841753207
358.355182999298;-42.2131636107282
358.376804790885;-42.0693381877581
358.398426582472;-41.9100990294792
358.420048374059;-41.7350847076768
358.441670165646;-41.5337003567255
358.463291957233;-41.2880665423869
358.48491374882;-40.9905198092025
358.506535540407;-40.6374348889395
358.528157331994;-40.229014935003
358.549779123581;-39.7778332005327
358.571400915168;-39.2896839368599
358.593022706755;-38.7701565098152
358.614644498342;-38.2266804073793
358.636266289929;-37.6827121161493
358.657888081516;-37.1465316558029
358.679509873103;-36.6221964036217
358.70113166469;-36.1336716573893
358.722753456277;-35.70379603428
358.744375247865;-35.3329778762861
358.765997039452;-35.022581514508
358.787618831039;-34.7759004736271
358.809240622626;-34.5950835615547
358.830862414213;-34.4800926373279
358.8524842058;-34.4222291676839
358.874105997387;-34.4143214154255
358.895727788974;-34.4533676927469
358.917349580561;-34.5509412023592
358.938971372148;-34.7002054065582
358.960593163735;-34.8854826687633
358.982214955322;-35.1127396338563
359.003836746909;-35.4036189948591
359.025458538496;-35.7823157681086
359.047080330083;-36.200174668166
359.06870212167;-36.6453717198372
359.090323913257;-37.1274302849995
359.111945704844;-37.633926026119
359.133567496431;-38.1522384060076
359.155189288018;-38.6932162633602
359.176811079606;-39.254749972213
359.198432871192;-39.8067270060753
359.22005466278;-40.3445038173564
359.241676454367;-40.8831129121485
359.263298245954;-41.4069430424606
359.284920037541;-41.8637194783589
359.306541829128;-42.2409836499269
359.328163620715;-42.5528133708518
359.349785412302;-42.8165833907653
359.371407203889;-43.0266816610462
359.393028995476;-43.1677998521582
359.414650787063;-43.2448154521696
359.43627257865;-43.2673615781818
359.457894370237;-43.2522407854682
359.479516161824;-43.1897932906262
359.501137953411;-43.0810374311973
359.522759744998;-42.9471349454084
359.544381536585;-42.8041357776125
359.566003328172;-42.6558229044752
359.587625119759;-42.5061416356304
359.609246911346;-42.3575102362071
359.630868702933;-42.2103596447253
359.652490494521;-42.0715576576021
359.674112286108;-41.957257034252
359.695734077695;-41.8772127144066
359.717355869282;-41.8265938922214
359.738977660869;-41.8016550255291
359.760599452456;-41.8032136667719
359.782221244043;-41.8343652536533
359.80384303563;-41.8923950045737
359.825464827217;-41.9686329566409
359.847086618804;-42.0574522513686
359.868708410391;-42.1640579171015
359.890330201978;-42.2922952949227
359.911951993565;-42.4374594425542
359.933573785152;-42.5943902508673
359.955195576739;-42.7585085170808
359.976817368326;-42.9176747762269
359.998439159913;-43.057639318807
360.0200609515;-43.1641137198173
360.041682743087;-43.2257332625359
360.063304534674;-43.2379122130186
360.084926326261;-43.2021097697753
360.106548117848;-43.1234417423354
360.128169909436;-43.00427490646
360.149791701023;-42.839038772117
360.17141349261;-42.6289663294768
360.193035284197;-42.3843332874891
360.214657075784;-42.110950383888
360.236278867371;-41.8253772564622
360.257900658958;-41.5545528145014
360.279522450545;-41.3027945736173
360.301144242132;-41.0697040127234
360.322766033719;-40.8574532702376
360.344387825306;-40.6671299506158
360.366009616893;-40.4971330071544
360.38763140848;-40.3462832334724
360.409253200067;-40.221888963576
360.430874991654;-40.1327106484873
360.452496783241;-40.0800004795362
360.474118574828;-40.0542649170518
360.495740366415;-40.0526118611416
360.517362158002;-40.0857535543574
360.538983949589;-40.1521934065409
360.560605741177;-40.2442513799174
360.582227532764;-40.3654100436689
360.603849324351;-40.5423189712261
360.625471115938;-40.8022805884769
360.647092907525;-41.1360636710215
360.668714699112;-41.5144088316245
360.690336490699;-41.9266310203342
360.711958282286;-42.3790204014473
360.733580073873;-42.8807815185497
360.75520186546;-43.4197573086034
360.776823657047;-43.9745646236774
360.798445448634;-44.5258707779381
360.820067240221;-45.0595875439733
360.841689031808;-45.5621078435552
360.863310823395;-46.0186890769349
360.884932614982;-46.418828024264
360.906554406569;-46.7617497229829
360.928176198156;-47.0469198073169
360.949797989743;-47.2627096133234
360.97141978133;-47.4054841720133
360.993041572917;-47.4753821988494
361.014663364504;-47.4708928814327
361.036285156092;-47.3964631436472
361.057906947679;-47.2533757183621
361.079528739266;-47.0389140483991
361.101150530853;-46.7599063572273
361.12277232244;-46.42472471172
361.144394114027;-46.0562856962051
361.166015905614;-45.6891074634054
361.187637697201;-45.3297079282746
361.209259488788;-44.9670741884151
361.230881280375;-44.6044812640681
361.252503071962;-44.2559705864408
361.274124863549;-43.9318107814182
361.295746655136;-43.6434676003035
361.317368446723;-43.4095863338477
361.33899023831;-43.242742041362
361.360612029897;-43.1429799333527
361.382233821484;-43.110456661426
361.403855613071;-43.1475710626758
361.425477404658;-43.2470349635237
361.447099196245;-43.4038365431399
361.468720987832;-43.619771724981
361.49034277942;-43.8942096594184
361.511964571007;-44.2108403528112
361.533586362594;-44.5505711501045
361.555208154181;-44.8957041376852
361.576829945768;-45.2347487951705
361.598451737355;-45.5562228198089
361.620073528942;-45.8541630987053
361.641695320529;-46.1276880704921
361.663317112116;-46.380167362849
361.684938903703;-46.6070749433899
361.70656069529;-46.8053650706363
361.728182486877;-46.9798194359498
361.749804278464;-47.1245092724956
361.771426070051;-47.2352502388591
361.793047861638;-47.3110032454162
361.814669653225;-47.3427337797935
361.836291444812;-47.324175540491
361.857913236399;-47.250953373547
361.879535027986;-47.1106228935199
361.901156819573;-46.9262853157627
361.92277861116;-46.7045191193738
361.944400402748;-46.4247470395531
361.966022194335;-46.0815996641556
361.987643985922;-45.6949218717467
362.009265777509;-45.2866452247879
362.030887569096;-44.8779077048069
362.052509360683;-44.480713936814
362.07413115227;-44.09486791625
362.095752943857;-43.7297288650215
362.117374735444;-43.4092338768431
362.138996527031;-43.1391854102671
362.160618318618;-42.9115647565953
362.182240110205;-42.7212066583714
362.203861901792;-42.5748024032984
362.225483693379;-42.4766628669081
362.247105484966;-42.429077443353
362.268727276553;-42.4314301791773
362.29034906814;-42.4852938887945
362.311970859727;-42.5933647349225
362.333592651314;-42.7560721155254
362.355214442901;-42.9737088289601
362.376836234488;-43.2367420533172
362.398458026076;-43.515878813103
362.420079817663;-43.7965533415651
362.44170160925;-44.0795018103982
362.463323400837;-44.3650095402125
362.484945192424;-44.6464351232678
362.506566984011;-44.9055986872709
362.528188775598;-45.1344145947847
362.549810567185;-45.3242684410533
362.571432358772;-45.4564077413081
362.593054150359;-45.5445240636868
362.614675941946;-45.5878374454814
362.636297733533;-45.6003484866734
362.65791952512;-45.6079485735722
362.679541316707;-45.6052770303784
362.701163108294;-45.569288356159
362.722784899881;-45.5253148510861
362.744406691468;-45.4805610537181
362.766028483055;-45.4397989867505
362.787650274642;-45.4059323428266
362.809272066229;-45.3784280226135
362.830893857816;-45.3549562571231
362.852515649403;-45.3329432251443
362.874137440991;-45.315477439836
362.895759232578;-45.3014952616384
362.917381024165;-45.2878082098099
362.939002815752;-45.2710828223083
362.960624607339;-45.2497759771961
362.982246398926;-45.2284247296651
