Name;ESR_BC_1_Natural_Y__gon_140dg_result

Recipe
Accumulations;5;Number of accumulations
RetryCount;0;Number of retries on error
AbortOnError;True;Abort on error
EnableQFactorMeasurement;False;Enable/Disable q-Factor measurement
Bfrom;313;B from
Bto;363;B to
SweepTime;60;Sweep time
Modulation;0.2;Modulation
ModulationFreq;100;Modulation
BHoldEnabled;False;B hold enabled
BHold;0;B hold
MicrowavePower;2;Microwave power
MarkerEnabled;False;
MarkerStartField;0;
MarkerEndField;0;
Mode;;
KineticGFact;0;
KineticTotalTransientTime;0;
KineticTimeResolution;0;
TempFrom;5;
TempUseSlope;False;
TempTo;5;
TempdT;1;
TempSetupTime;0;
GonFrom;0;
GonTo;180;
GonSteps;20;
XRayEnabled;False;
XRayTime;3;
XRayVoltage;40;
XRayCurrent;0.5;
UVEnabled;False;
UVIntensity;0;
UVTime;0;
UVLeadTime;0;
UVWavelength;0;
PowSweepFrom;1;
PowSweepTo;5;
PowSweepSteps;5;
AmpModSweepFrom;0;
AmpModSweepTo;1;
AmpModSweepSteps;10;
ExtTriggerEnabled;False;
ExtTrigLeadTime;0;
ExtTrigOnTime;5;

Meas
BField [mT];MW_Absorption []
313.017016983032;144.109174099333
313.038643148744;144.010267412854
313.060269314456;143.798290174585
313.081895480168;143.466974231918
313.10352164588;143.040823749349
313.125147811592;142.54107013407
313.146773977304;141.979721084877
313.168400143016;141.369065839246
313.190026308729;140.711480418365
313.211652474441;140.013730377185
313.233278640153;139.311398459363
313.254904805865;138.665687720682
313.276530971577;138.106969547367
313.298157137289;137.643075035665
313.319783303001;137.291987811416
313.341409468713;137.084891639656
313.363035634425;137.017642306278
313.384661800137;137.05600446116
313.406287965849;137.196568888487
313.427914131561;137.440430479076
313.449540297273;137.771636093596
313.471166462985;138.160993856041
313.492792628697;138.586209505668
313.514418794409;139.014371928308
313.536044960121;139.42811186542
313.557671125833;139.824086254141
313.579297291545;140.201091043138
313.600923457257;140.542660447157
313.622549622969;140.83098192936
313.644175788681;141.079050854958
313.665801954393;141.307666286318
313.687428120105;141.517214998084
313.709054285817;141.697277963092
313.730680451529;141.850999806639
313.752306617241;141.992902384853
313.773932782953;142.124343022513
313.795558948665;142.244201508791
313.817185114378;142.359242958134
313.83881128009;142.458995768099
313.860437445802;142.542595900609
313.882063611514;142.615482522582
313.903689777226;142.675201680769
313.925315942938;142.712856383301
313.94694210865;142.725582046254
313.968568274362;142.721302244566
313.990194440074;142.713010810515
314.011820605786;142.700000458965
314.033446771498;142.668947162958
314.05507293721;142.616603319238
314.076699102922;142.548500684225
314.098325268634;142.475037694378
314.119951434346;142.400327372204
314.141577600058;142.311092143681
314.16320376577;142.200089378106
314.184829931482;142.061942263516
314.206456097194;141.896850927199
314.228082262906;141.713837425555
314.249708428618;141.524301205549
314.27133459433;141.327947739993
314.292960760042;141.122967940149
314.314586925754;140.912073469194
314.336213091466;140.698661350151
314.357839257178;140.482363343513
314.37946542289;140.269802378782
314.401091588602;140.078641861306
314.422717754314;139.926050483217
314.444343920027;139.826857226405
314.465970085739;139.788618112418
314.487596251451;139.804997929042
314.509222417163;139.874388958661
314.530848582875;140.00062513827
314.552474748587;140.175178692547
314.574100914299;140.385857544377
314.595727080011;140.627117159639
314.617353245723;140.890639674753
314.638979411435;141.162796289524
314.660605577147;141.435276160277
314.682231742859;141.702525425003
314.703857908571;141.943519485134
314.725484074283;142.136967284686
314.747110239995;142.278276341882
314.768736405707;142.364769642847
314.790362571419;142.386235340641
314.811988737131;142.340948760616
314.833614902843;142.242451185002
314.855241068555;142.102687122971
314.876867234267;141.927172633178
314.898493399979;141.720929917229
314.920119565691;141.49152401237
314.941745731403;141.25422532791
314.963371897115;141.024611764799
314.984998062827;140.809209686208
315.006624228539;140.608376049194
315.028250394251;140.421550288036
315.049876559963;140.252877334034
315.071502725676;140.103413749982
315.093128891388;139.974197243903
315.1147550571;139.863928058294
315.136381222812;139.764362532189
315.158007388524;139.668005781258
315.179633554236;139.575739471124
315.201259719948;139.485625640682
315.22288588566;139.392612412798
315.244512051372;139.294502812208
315.266138217084;139.185159357883
315.287764382796;139.060031414175
315.309390548508;138.916726308575
315.33101671422;138.752439255069
315.352642879932;138.566821757727
315.374269045644;138.366079317851
315.395895211356;138.156745472344
315.417521377068;137.934181707614
315.43914754278;137.696374936365
315.460773708492;137.453410809518
315.482399874204;137.221148064871
315.504026039916;137.010539766477
315.525652205628;136.822901518631
315.54727837134;136.67286268115
315.568904537052;136.574635770543
315.590530702764;136.533730898013
315.612156868476;136.553427726132
315.633783034188;136.622131147382
315.6554091999;136.72462624638
315.677035365612;136.851710316541
315.698661531325;136.994383928479
315.720287697037;137.142157995408
315.741913862749;137.288458803423
315.763540028461;137.430624105366
315.785166194173;137.562607515759
315.806792359885;137.68746537571
315.828418525597;137.808962744921
315.850044691309;137.934089241923
315.871670857021;138.07634501671
315.893297022733;138.235954765022
315.914923188445;138.406871929947
315.936549354157;138.585636943762
315.958175519869;138.774592010927
315.979801685581;138.969695861666
316.001427851293;139.158953961467
316.023054017005;139.338626577917
316.044680182717;139.513200111173
316.066306348429;139.673345178051
316.087932514141;139.801341327668
316.109558679853;139.900637779171
316.131184845565;139.979121364402
316.152811011277;140.035689941944
316.174437176989;140.070367623903
316.196063342701;140.102960707607
316.217689508413;140.147354562712
316.239315674125;140.195411959056
316.260941839837;140.243588717858
316.282568005549;140.300803971425
316.304194171261;140.374497611411
316.325820336974;140.460319108714
316.347446502686;140.540819861876
316.369072668398;140.597836632602
316.39069883411;140.637138714068
316.412324999822;140.655899799106
316.433951165534;140.643485653956
316.455577331246;140.5919059444
316.477203496958;140.495993086744
316.49882966267;140.353097483272
316.520455828382;140.162746533102
316.542081994094;139.933105873143
316.563708159806;139.676996916328
316.585334325518;139.404829353248
316.60696049123;139.128193732214
316.628586656942;138.852665012428
316.650212822654;138.581083489055
316.671838988366;138.312230321899
316.693465154078;138.040782091783
316.71509131979;137.762094177281
316.736717485502;137.501629198709
316.758343651214;137.288776738265
316.779969816926;137.111363367681
316.801595982638;136.947831840049
316.82322214835;136.795996808591
316.844848314062;136.671995712575
316.866474479774;136.579828555047
316.888100645486;136.510193743838
316.909726811198;136.456500046485
316.93135297691;136.418980079809
316.952979142623;136.395626264819
316.974605308335;136.381120341943
316.996231474047;136.368596057536
317.017857639759;136.351927497776
317.039483805471;136.335059339234
317.061109971183;136.318829495617
317.082736136895;136.299068973536
317.104362302607;136.269456650558
317.125988468319;136.235456110715
317.147614634031;136.206434724722
317.169240799743;136.174031403962
317.190866965455;136.138361176463
317.212493131167;136.106436966548
317.234119296879;136.0738790251
317.255745462591;136.043137612992
317.277371628303;136.025488731528
317.298997794015;136.022901580287
317.320623959727;136.029033557725
317.342250125439;136.048587719865
317.363876291151;136.096984263725
317.385502456863;136.180660949772
317.407128622575;136.285785174029
317.428754788287;136.40991924554
317.450380953999;136.555392942088
317.472007119711;136.711318896282
317.493633285423;136.85971937137
317.515259451135;136.990864714447
317.536885616847;137.097970609467
317.558511782559;137.17802574744
317.580137948272;137.229628734541
317.601764113984;137.246765478943
317.623390279696;137.224450766696
317.645016445408;137.166772805367
317.66664261112;137.074616442991
317.688268776832;136.940654811901
317.709894942544;136.770635804312
317.731521108256;136.601741894633
317.753147273968;136.439791158517
317.77477343968;136.270572002267
317.796399605392;136.084428091604
317.818025771104;135.877620706545
317.839651936816;135.648775335204
317.861278102528;135.403893053562
317.88290426824;135.158973810966
317.904530433952;134.918154129986
317.926156599664;134.676605305318
317.947782765376;134.426934926084
317.969408931088;134.169108998177
317.9910350968;133.911011506724
318.012661262512;133.666803885144
318.034287428224;133.437045485016
318.055913593936;133.209405621934
318.077539759648;132.98724159425
318.09916592536;132.79210355953
318.120792091072;132.643005050992
318.142418256784;132.541908127214
318.164044422496;132.478824098583
318.185670588209;132.441072354945
318.207296753921;132.426875257206
318.228922919633;132.441260170011
318.250549085345;132.483714761231
318.272175251057;132.548834486511
318.293801416769;132.626167607921
318.315427582481;132.706946559381
318.337053748193;132.785057417975
318.358679913905;132.854437788659
318.380306079617;132.910931128018
318.401932245329;132.94585804711
318.423558411041;132.947636888379
318.445184576753;132.901832930423
318.466810742465;132.797387664962
318.488436908177;132.657204733781
318.510063073889;132.493708984397
318.531689239601;132.301622331276
318.553315405313;132.083351126503
318.574941571025;131.855289849667
318.596567736737;131.623497138926
318.618193902449;131.385756584841
318.639820068161;131.137920840282
318.661446233873;130.889352563102
318.683072399585;130.651016201036
318.704698565297;130.4284633304
318.726324731009;130.218224454651
318.747950896721;130.012663223722
318.769577062433;129.812219746715
318.791203228145;129.62112070639
318.812829393858;129.436199959022
318.83445555957;129.252177801471
318.856081725282;129.063329449181
318.877707890994;128.869350310703
318.899334056706;128.687620597857
318.920960222418;128.520054031495
318.94258638813;128.357534106668
318.964212553842;128.193238923258
318.985838719554;128.027069918526
319.007464885266;127.861306815214
319.029091050978;127.694064098846
319.05071721669;127.530710950817
319.072343382402;127.383374971934
319.093969548114;127.252048335835
319.115595713826;127.14268963083
319.137221879538;127.067166680317
319.15884804525;127.039857984857
319.180474210962;127.051868025602
319.202100376674;127.11216753658
319.223726542386;127.227592913686
319.245352708098;127.391361580593
319.26697887381;127.59173369136
319.288605039522;127.815838130994
319.310231205234;128.054512624327
319.331857370946;128.303549825635
319.353483536658;128.557478569341
319.37510970237;128.819588322397
319.396735868082;129.096019077264
319.418362033794;129.375266142288
319.439988199507;129.638142497146
319.461614365219;129.878543505716
319.483240530931;130.104155611388
319.504866696643;130.324436617307
319.526492862355;130.534355894656
319.548119028067;130.719801604622
319.569745193779;130.876090733597
319.591371359491;131.011869225226
319.612997525203;131.13915538651
319.634623690915;131.257923345067
319.656249856627;131.350678654935
319.677876022339;131.405464063896
319.699502188051;131.426531187314
319.721128353763;131.418489286907
319.742754519475;131.376468346529
319.764380685187;131.286044828278
319.786006850899;131.143778909457
319.807633016611;130.949642924893
319.829259182323;130.706472577526
319.850885348035;130.413236436239
319.872511513747;130.060807156089
319.894137679459;129.646272661202
319.915763845171;129.176063820088
319.937390010883;128.648322377194
319.959016176595;128.078067399435
319.980642342307;127.474624752896
320.002268508019;126.835070207696
320.023894673731;126.172366282598
320.045520839444;125.532154347386
320.067147005156;124.932117111877
320.088773170868;124.364836411378
320.11039933658;123.824491396729
320.132025502292;123.317629426984
320.153651668004;122.865082459897
320.175277833716;122.495624456499
320.196903999428;122.210572239759
320.21853016514;121.992364184388
320.240156330852;121.827204224088
320.261782496564;121.703626947349
320.283408662276;121.61823680344
320.305034827988;121.561260187314
320.3266609937;121.519605052936
320.348287159412;121.479378427526
320.369913325124;121.428130875802
320.391539490836;121.360844000091
320.413165656548;121.282537344145
320.43479182226;121.198217752586
320.456417987972;121.10696652558
320.478044153684;121.00602516439
320.499670319396;120.897200129352
320.521296485108;120.785929377635
320.54292265082;120.674149203759
320.564548816532;120.56460099405
320.586174982244;120.4568331339
320.607801147956;120.348671604949
320.629427313668;120.242967719508
320.65105347938;120.145334285335
320.672679645093;120.056283233037
320.694305810805;119.979363573863
320.715931976517;119.923819599372
320.737558142229;119.891278044375
320.759184307941;119.875832157749
320.780810473653;119.873124823559
320.802436639365;119.884427120621
320.824062805077;119.911095633239
320.845688970789;119.951979813727
320.867315136501;120.007711422794
320.888941302213;120.077760224714
320.910567467925;120.151128575339
320.932193633637;120.220329088283
320.953819799349;120.293685629193
320.975445965061;120.379505135621
320.997072130773;120.474060362203
321.018698296485;120.569828643422
321.040324462197;120.676433470219
321.061950627909;120.807731255923
321.083576793621;120.970119589423
321.105202959333;121.172806713779
321.126829125045;121.422204938323
321.148455290757;121.711772191362
321.170081456469;122.029820433946
321.191707622181;122.365631012365
321.213333787893;122.70877074434
321.234959953605;123.046088399168
321.256586119317;123.364714310376
321.278212285029;123.64069929175
321.299838450742;123.850626588421
321.321464616454;123.981082787177
321.343090782166;124.021956388663
321.364716947878;123.96697185941
321.38634311359;123.806992222613
321.407969279302;123.530992782428
321.429595445014;123.156944215614
321.451221610726;122.702433480017
321.472847776438;122.164450937222
321.49447394215;121.5448689218
321.516100107862;120.873268598112
321.537726273574;120.171871084382
321.559352439286;119.472201185435
321.580978604998;118.794799079359
321.60260477071;118.130594436663
321.624230936422;117.497471966356
321.645857102134;116.928446023125
321.667483267846;116.437527162709
321.689109433558;116.017861261427
321.71073559927;115.663288727363
321.732361764982;115.373119695414
321.753987930694;115.133522860791
321.775614096406;114.931045054486
321.797240262118;114.758406170106
321.81886642783;114.60939907348
321.840492593542;114.465222388329
321.862118759254;114.304222807613
321.883744924966;114.116172135852
321.905371090678;113.905820030145
321.92699725639;113.6886434974
321.948623422103;113.452596039985
321.970249587815;113.175768221143
321.991875753527;112.849075519934
322.013501919239;112.472723343088
322.035128084951;112.047654771829
322.056754250663;111.550149877564
322.078380416375;110.979430047468
322.100006582087;110.370640364667
322.121632747799;109.738171140973
322.143258913511;109.075943534514
322.164885079223;108.367114878712
322.186511244935;107.642556677774
322.208137410647;106.961470051384
322.229763576359;106.335975152203
322.251389742071;105.756891418008
322.273015907783;105.229555432804
322.294642073495;104.773524371247
322.316268239207;104.3970795685
322.337894404919;104.09771942835
322.359520570631;103.876454415087
322.381146736343;103.731946983778
322.402772902055;103.660166026654
322.424399067767;103.655481497256
322.446025233479;103.714908240282
322.467651399191;103.832583482266
322.489277564903;103.981854996024
322.510903730615;104.154493355778
322.532529896327;104.350186920579
322.554156062039;104.571487541232
322.575782227752;104.802232784863
322.597408393464;105.032780683516
322.619034559176;105.259892181306
322.640660724888;105.469816698907
322.6622868906;105.649910425172
322.683913056312;105.790900506947
322.705539222024;105.889807010221
322.727165387736;105.937727223414
322.748791553448;105.934344523042
322.77041771916;105.886556881325
322.792043884872;105.8091019122
322.813670050584;105.720125883414
322.835296216296;105.620004905351
322.856922382008;105.498432847658
322.87854854772;105.346619932552
322.900174713432;105.17129411098
322.921800879144;104.986137854461
322.943427044856;104.795421339333
322.965053210568;104.596207524678
322.98667937628;104.400869261149
323.008305541992;104.212281125526
323.029931707704;104.024162841769
323.051557873416;103.836669910454
323.073184039128;103.64643727148
323.09481020484;103.461670582241
323.116436370552;103.296208035893
323.138062536264;103.151667187352
323.159688701976;103.026895075604
323.181314867688;102.927090386276
323.202941033401;102.86420372524
323.224567199113;102.840249271387
323.246193364825;102.851596528998
323.267819530537;102.898682255939
323.289445696249;102.985757963466
323.311071861961;103.111870133607
323.332698027673;103.266907791484
323.354324193385;103.444135556005
323.375950359097;103.633753576427
323.397576524809;103.819428486404
323.419202690521;103.995513998061
323.440828856233;104.155102308954
323.462455021945;104.285034963013
323.484081187657;104.374261788428
323.505707353369;104.418200236972
323.527333519081;104.410955762331
323.548959684793;104.350088108303
323.570585850505;104.241687167338
323.592212016217;104.091810942786
323.613838181929;103.907420366725
323.635464347641;103.69418166492
323.657090513353;103.4536419539
323.678716679065;103.191259952881
323.700342844777;102.918099189225
323.721969010489;102.640756146226
323.743595176201;102.358611863796
323.765221341913;102.07210185133
323.786847507625;101.76830042382
323.808473673337;101.453345555668
323.83009983905;101.14680682254
323.851726004762;100.859555516085
323.873352170474;100.588098867477
323.894978336186;100.323784803281
323.916604501898;100.060231693158
323.93823066761;99.803040175148
323.959856833322;99.5522406419097
323.981482999034;99.311522832056
324.003109164746;99.0906443545282
324.024735330458;98.8880138692225
324.04636149617;98.6984844098688
324.067987661882;98.5154199652889
324.089613827594;98.3468298292585
324.111239993306;98.2046786961116
324.132866159018;98.0830190730659
324.15449232473;97.9769762067097
324.176118490442;97.8799246776139
324.197744656154;97.788458058903
324.219370821866;97.7101892666329
324.240996987578;97.6553251483636
324.26262315329;97.6313488021189
324.284249319002;97.6426044008698
324.305875484714;97.696167188289
324.327501650426;97.7840152967288
324.349127816138;97.8917569925295
324.37075398185;98.0113586523561
324.392380147562;98.139413752336
324.414006313274;98.2743189758897
324.435632478986;98.4109814846101
324.457258644699;98.5283532385846
324.478884810411;98.6077315910184
324.500510976123;98.6469108647201
324.522137141835;98.6556633116628
324.543763307547;98.6352413710229
324.565389473259;98.5815355126567
324.587015638971;98.4914433963424
324.608641804683;98.3750403129937
324.630267970395;98.2223355559968
324.651894136107;98.0257424726393
324.673520301819;97.8117188438619
324.695146467531;97.6065484675785
324.716772633243;97.4100054942944
324.738398798955;97.2181007213145
324.760024964667;97.0410961589892
324.781651130379;96.8874277991404
324.803277296091;96.7569030627697
324.824903461803;96.6464273452594
324.846529627515;96.5562808052651
324.868155793227;96.4833896953478
324.889781958939;96.4237912074967
324.911408124651;96.3670514391469
324.933034290363;96.3003991576732
324.954660456075;96.2166296114894
324.976286621787;96.1054043427074
324.997912787499;95.9612001309534
325.019538953211;95.7848054109483
325.041165118923;95.573138270088
325.062791284635;95.3198721070018
325.084417450348;95.0144067729859
325.10604361606;94.6467030469934
325.127669781772;94.2254794266021
325.149295947484;93.7800015891721
325.170922113196;93.3175872658256
325.192548278908;92.8377662469754
325.21417444462;92.3490966208572
325.235800610332;91.8672628365664
325.257426776044;91.4042963721373
325.279052941756;90.9601527668626
325.300679107468;90.5378906092463
325.32230527318;90.137761105027
325.343931438892;89.748310683339
325.365557604604;89.3579544376437
325.387183770316;88.9527428492686
325.408809936028;88.529802674822
325.43043610174;88.1143348891933
325.452062267452;87.7081877597506
325.473688433164;87.2933078537528
325.495314598876;86.8577995828266
325.516940764588;86.3887193988205
325.5385669303;85.8555531526911
325.560193096012;85.2479811371903
325.581819261724;84.6142579153826
325.603445427436;83.9824717965148
325.625071593148;83.3425982728966
325.64669775886;82.6786366632899
325.668323924572;81.9919054722436
325.689950090284;81.301465931685
325.711576255997;80.6185943972711
325.733202421709;79.9409787578101
325.754828587421;79.266847578726
325.776454753133;78.5963261357287
325.798080918845;77.9330723626263
325.819707084557;77.2851560560252
325.841333250269;76.6732218592485
325.862959415981;76.1077696149199
325.884585581693;75.5684656347713
325.906211747405;75.0280391070076
325.927837913117;74.4802062419698
325.949464078829;73.9581090285236
325.971090244541;73.4899815867368
325.992716410253;73.0759247236547
326.014342575965;72.6992438044879
326.035968741677;72.3522718048841
326.057594907389;72.0502988579232
326.079221073101;71.7992277581698
326.100847238813;71.5913374867601
326.122473404525;71.4166819499922
326.144099570237;71.2702755726705
326.165725735949;71.1558829932151
326.187351901661;71.0713088657491
326.208978067373;70.9977936054016
326.230604233085;70.9260889806435
326.252230398797;70.8676096448675
326.273856564509;70.8232973090617
326.295482730221;70.78596321739
326.317108895933;70.7471295610873
326.338735061646;70.6987308829413
326.360361227358;70.6357961169232
326.38198739307;70.5564415811699
326.403613558782;70.4576732979208
326.425239724494;70.3439856157972
326.446865890206;70.2196414134093
326.468492055918;70.083711879667
326.49011822163;69.9352918082215
326.511744387342;69.7754708349979
326.533370553054;69.6064843880128
326.554996718766;69.4275423592877
326.576622884478;69.2359098886275
326.59824905019;69.0290351927381
326.619875215902;68.8009090732513
326.641501381614;68.54571659211
326.663127547326;68.2647842408238
326.684753713038;67.9852302349764
326.70637987875;67.7167772122153
326.728006044462;67.4552424422618
326.749632210174;67.1925545446992
326.771258375886;66.9218218384287
326.792884541598;66.6436271043183
326.81451070731;66.3639692405946
326.836136873022;66.0894502632183
326.857763038734;65.8263062083215
326.879389204446;65.5787824498312
326.901015370158;65.3469251023434
326.92264153587;65.1178908640564
326.944267701582;64.8796484386216
326.965893867295;64.6280900629094
326.987520033007;64.3693798526211
327.009146198719;64.1115942603576
327.030772364431;63.8446888013633
327.052398530143;63.5510938038197
327.074024695855;63.2191791489498
327.095650861567;62.8502390391327
327.117277027279;62.4470573792457
327.138903192991;62.0133699233662
327.160529358703;61.56635127802
327.182155524415;61.1226364059954
327.203781690127;60.6781580819126
327.225407855839;60.2217537298722
327.247034021551;59.7443199764849
327.268660187263;59.2460882966155
327.290286352975;58.7359302278758
327.311912518687;58.2139267083395
327.333538684399;57.6729590778031
327.355164850111;57.1179385646989
327.376791015823;56.5545231653807
327.398417181535;55.9777869982055
327.420043347247;55.3811820901114
327.441669512959;54.7627036524875
327.463295678671;54.1248706032998
327.484921844383;53.4786898690782
327.506548010095;52.8510769949958
327.528174175807;52.2647337236964
327.549800341519;51.703243914752
327.571426507231;51.1456629020669
327.593052672944;50.5812493742412
327.614678838656;50.0129494550507
327.636305004368;49.4663149513208
327.65793117008;48.9660607365793
327.679557335792;48.5034702045564
327.701183501504;48.0545981001402
327.722809667216;47.6126481799689
327.744435832928;47.1773021883671
327.76606199864;46.7467421331056
327.787688164352;46.3088759389351
327.809314330064;45.8518394026454
327.830940495776;45.383765876289
327.852566661488;44.9146825865357
327.8741928272;44.4453782112335
327.895818992912;43.971091259786
327.917445158624;43.493125480492
327.939071324336;43.0359184697677
327.960697490048;42.6205057616671
327.98232365576;42.2433827326547
328.003949821472;41.89393299839
328.025575987184;41.5781372544834
328.047202152896;41.2984959617819
328.068828318608;41.0476272791279
328.09045448432;40.8174410195979
328.112080650032;40.6046951762953
328.133706815744;40.4110921100327
328.155332981456;40.2390302074267
328.176959147168;40.0855044504543
328.19858531288;39.9417918343996
328.220211478593;39.7981333639714
328.241837644305;39.6483568537589
328.263463810017;39.4848927982816
328.285089975729;39.3027730024261
328.306716141441;39.1024453131328
328.328342307153;38.8685335243414
328.349968472865;38.5736289856761
328.371594638577;38.1979803104757
328.393220804289;37.7463485029586
328.414846970001;37.2415695038655
328.436473135713;36.7036081464918
328.458099301425;36.1218920900647
328.479725467137;35.4770257807197
328.501351632849;34.7818309301884
328.522977798561;34.089376630117
328.544603964273;33.4098686267023
328.566230129985;32.7148192748197
328.587856295697;31.9972117399194
328.609482461409;31.2983656024124
328.631108627121;30.6645398067562
328.652734792833;30.0967930214818
328.674360958545;29.5854176466774
328.695987124257;29.1272774624152
328.717613289969;28.7177185422778
328.739239455681;28.3570908602924
328.760865621393;28.0474877938436
328.782491787105;27.7837975228115
328.804117952817;27.5557047861709
328.825744118529;27.3536374696607
328.847370284242;27.1703431910187
328.868996449954;27.0043546479273
328.890622615666;26.8564194332299
328.912248781378;26.7257512155386
328.93387494709;26.6086601897833
328.955501112802;26.4997642106876
328.977127278514;26.4000886403464
328.998753444226;26.3244254418657
329.020379609938;26.2817769961843
329.04200577565;26.2671659322312
329.063631941362;26.2771169084248
329.085258107074;26.3096717470382
329.106884272786;26.3604905357922
329.128510438498;26.4257156488574
329.15013660421;26.5050666766486
329.171762769922;26.5977325191799
329.193388935634;26.7074915717082
329.215015101346;26.8395938403069
329.236641267058;26.9749959650203
329.25826743277;27.0902813001478
329.279893598482;27.1839685871138
329.301519764194;27.2605188508156
329.323145929906;27.3223233057819
329.344772095618;27.3639638369622
329.36639826133;27.3767354939821
329.388024427042;27.3612248954872
329.409650592754;27.3255842919679
329.431276758466;27.2783367740079
329.452902924178;27.2285141631361
329.474529089891;27.1882753969075
329.496155255603;27.1602968201371
329.517781421315;27.1462269068169
329.539407587027;27.1548820604286
329.561033752739;27.1845769102672
329.582659918451;27.2355626438975
329.604286084163;27.3157221732347
329.625912249875;27.43071723275
329.647538415587;27.572797913023
329.669164581299;27.7266971575538
329.690790747011;27.8856581339242
329.712416912723;28.0415535242616
329.734043078435;28.1729289867888
329.755669244147;28.2481661908277
329.777295409859;28.2603760710008
329.798921575571;28.2205694723495
329.820547741283;28.12495483456
329.842173906995;27.9568685412721
329.863800072707;27.6967577952363
329.885426238419;27.3740260051415
329.907052404131;27.0426847853139
329.928678569843;26.7102302178849
329.950304735555;26.3751670656351
329.971930901267;26.0324802247016
329.993557066979;25.6878961465159
330.015183232691;25.3742871938997
330.036809398403;25.1056634435421
330.058435564115;24.8714058726612
330.080061729827;24.6634406538059
330.10168789554;24.4829331983443
330.123314061252;24.342834527037
330.144940226964;24.2447917893769
330.166566392676;24.1776622124181
330.188192558388;24.1339537008041
330.2098187241;24.1171197181588
330.231444889812;24.1261494137697
330.253071055524;24.149687760913
330.274697221236;24.1826824418344
330.296323386948;24.2332545331072
330.31794955266;24.2998196178608
330.339575718372;24.3792793031429
330.361201884084;24.4747839526987
330.382828049796;24.5909960401482
330.404454215508;24.7243927509395
330.42608038122;24.8602907201065
330.447706546932;24.981144677544
330.469332712644;25.0760914911783
330.490958878356;25.1498210656514
330.512585044068;25.2093515540279
330.53421120978;25.253784766799
330.555837375492;25.2782451740954
330.577463541204;25.275367805104
330.599089706916;25.2448300688676
330.620715872628;25.1952303127855
330.64234203834;25.1328466746126
330.663968204052;25.0576034017653
330.685594369764;24.9645455709086
330.707220535476;24.8526619977145
330.728846701189;24.7253392134645
330.750472866901;24.5793831061222
330.772099032613;24.4056208256612
330.793725198325;24.1968547329097
330.815351364037;23.9537690094081
330.836977529749;23.6890362015534
330.858603695461;23.412445245483
330.880229861173;23.1155930012149
330.901856026885;22.7866589739745
330.923482192597;22.4256839277296
330.945108358309;22.0417010525007
330.966734524021;21.6512753191946
330.988360689733;21.2707671898008
331.009986855445;20.9026092088958
331.031613021157;20.5447266338466
331.053239186869;20.2054112872327
331.074865352581;19.8981393246159
331.096491518293;19.6261252031061
331.118117684005;19.382690426313
331.139743849717;19.1652464479473
331.161370015429;18.9822985915571
331.182996181141;18.8462047453291
331.204622346853;18.7550271646
331.226248512565;18.696603486115
331.247874678277;18.6649109556937
331.269500843989;18.6613548436203
331.291127009701;18.6846456745677
331.312753175413;18.7208199556402
331.334379341126;18.7579327721758
331.356005506838;18.7935816806881
331.37763167255;18.8210729934366
331.399257838262;18.8191584180475
331.420884003974;18.7795144101134
331.442510169686;18.705566139256
331.464136335398;18.6056827234028
331.48576250111;18.4848123131117
331.507388666822;18.3502020458793
331.529014832534;18.2184267848518
331.550640998246;18.1046485245923
331.572267163958;18.0219460889864
331.59389332967;17.9808372140397
331.615519495382;17.9819697551344
331.637145661094;18.0313743777692
331.658771826806;18.1406047240489
331.680397992518;18.3099586467847
331.70202415823;18.5338209851457
331.723650323942;18.8106722698742
331.745276489654;19.1401792617974
331.766902655366;19.5147797763361
331.788528821078;19.9139199215263
331.81015498679;20.3020806042987
331.831781152502;20.6413880882067
331.853407318214;20.9027613646845
331.875033483926;21.0571739655544
331.896659649638;21.0689903683248
331.91828581535;20.9048288519706
331.939911981062;20.5326259618317
331.961538146775;19.926916925106
331.983164312487;19.0957265781953
332.004790478199;18.038162001991
332.026416643911;16.6785022867342
332.048042809623;15.0398751731917
332.069668975335;13.2293962395547
332.091295141047;11.3456463271199
332.112921306759;9.45114138043627
332.134547472471;7.5780758254844
332.156173638183;5.75401421500629
332.177799803895;4.02533582697006
332.199425969607;2.45222097629841
332.221052135319;1.09335319016594
332.242678301031;-0.0127861137527816
332.264304466743;-0.867967997375644
332.285930632455;-1.48171951693573
332.307556798167;-1.86713809093854
332.329182963879;-2.0878010524716
332.350809129591;-2.14884652150093
332.372435295303;-2.06537378571963
332.394061461015;-1.87392156037646
332.415687626727;-1.60750541999471
332.437313792439;-1.28536019356972
332.458939958151;-0.928872508907773
332.480566123863;-0.552347151871658
332.502192289575;-0.160329579022999
332.523818455287;0.236378850524318
332.545444620999;0.628819723258204
332.567070786712;1.01362740465584
332.588696952424;1.38979135957254
332.610323118136;1.75765361407687
332.631949283848;2.11691061574916
332.65357544956;2.46641020899301
332.675201615272;2.79456191132005
332.696827780984;3.08768650296486
332.718453946696;3.35090848079949
332.740080112408;3.59291464147123
332.76170627812;3.82013054572522
332.783332443832;4.03840033307253
332.804958609544;4.2473231100968
332.826584775256;4.44035821522382
332.848210940968;4.61424100383832
332.86983710668;4.77440420389104
332.891463272392;4.93355691486789
332.913089438104;5.09146760263062
332.934715603816;5.24764604179757
332.956341769528;5.40488797935762
332.97796793524;5.56376683516402
332.999594100952;5.71771037501637
333.021220266664;5.86733587801865
333.042846432376;6.01098079139896
333.064472598088;6.15898653746544
333.0860987638;6.33392655028106
333.107724929512;6.54047692059436
333.129351095224;6.78520797370558
333.150977260936;7.08076959119148
333.172603426648;7.452405623646
333.19422959236;7.91916015319731
333.215855758073;8.47336860493945
333.237481923785;9.10684460873981
333.259108089497;9.82574091451903
333.280734255209;10.6361919088167
333.302360420921;11.5183894792984
333.323986586633;12.444530701928
333.345612752345;13.4145597636275
333.367238918057;14.4375118621102
333.388865083769;15.5324479473224
333.410491249481;16.6813135125456
333.432117415193;17.8633653037357
333.453743580905;19.0392305531283
333.475369746617;20.1724447669656
333.496995912329;21.2363392828811
333.518622078041;22.2325469071439
333.540248243753;23.1898442251067
333.561874409465;24.1276132198257
333.583500575177;25.0364340934162
333.605126740889;25.886131282873
333.626752906601;26.6160157307955
333.648379072313;27.2242656339989
333.670005238025;27.7303641904096
333.691631403737;28.1770197275663
333.713257569449;28.6265499594042
333.734883735161;29.1148192360066
333.756509900873;29.655222954514
333.778136066585;30.2482085869288
333.799762232297;30.9232096219612
333.82138839801;31.7406177703804
333.843014563722;32.7710326583459
333.864640729434;34.0554699922385
333.886266895146;35.6031792664792
333.907893060858;37.3685331692821
333.92951922657;39.2846158129865
333.951145392282;41.3176703364479
333.972771557994;43.4063954205512
333.994397723706;45.4703321744729
334.016023889418;47.4188380406885
334.03765005513;49.133112603962
334.059276220842;50.4585148864284
334.080902386554;51.2630256846845
334.102528552266;51.3627078398152
334.124154717978;50.4782901366904
334.14578088369;48.7504545241504
334.167407049402;46.2019261432577
334.189033215114;42.8063485757349
334.210659380826;38.626706883455
334.232285546538;33.7848068634178
334.25391171225;28.4406837142212
334.275537877962;22.6264908549121
334.297164043674;16.6173184764513
334.318790209386;10.8277584193628
334.340416375098;5.48466435199705
334.36204254081;0.775708938667549
334.383668706522;-3.2477452312435
334.405294872234;-6.57579659568319
334.426921037946;-9.18896303815649
334.448547203658;-11.0931365880933
334.470173369371;-12.2613891789278
334.491799535083;-12.7169988297567
334.513425700795;-12.5231992164499
334.535051866507;-11.7162910790018
334.556678032219;-10.4085145928481
334.578304197931;-8.78211803347634
334.599930363643;-6.88058546675907
334.621556529355;-4.64831822616458
334.643182695067;-2.01867228079524
334.664808860779;1.01138451800344
334.686435026491;4.20867349530511
334.708061192203;7.44594905842618
334.729687357915;10.7028160323943
334.751313523627;14.0607144048883
334.772939689339;17.555119331009
334.794565855051;20.9890165069562
334.816192020763;24.3128339429565
334.837818186475;27.6874158793125
334.859444352187;31.1249736519443
334.881070517899;34.5185880911639
334.902696683611;37.8279922045765
334.924322849323;41.0985489432417
334.945949015035;44.3535580103509
334.967575180747;47.5612174266579
334.989201346459;50.7025335293441
335.010827512171;53.8607117182252
335.032453677883;57.0650075272119
335.054079843595;60.1615679650986
335.075706009307;63.1158138158698
335.09733217502;66.0098422170115
335.118958340732;68.8405710510998
335.140584506444;71.5872847330423
335.162210672156;74.2008422967049
335.183836837868;76.6566091840723
335.20546300358;78.9998564091689
335.227089169292;81.2497996144251
335.248715335004;83.3405774538861
335.270341500716;85.1948817211482
335.291967666428;86.8134676755736
335.31359383214;88.2141454605077
335.335219997852;89.3929873389528
335.356846163564;90.3594459613448
335.378472329276;91.1256156858372
335.400098494988;91.7637587610498
335.4217246607;92.3091115891732
335.443350826412;92.7842215124944
335.464976992124;93.2524394201234
335.486603157836;93.7961480283577
335.508229323548;94.4988410489536
335.52985548926;95.4746505305421
335.551481654972;96.9263727716966
335.573107820684;98.8983782844643
335.594733986396;101.283394209158
335.616360152108;104.059800277766
335.63798631782;107.447239026689
335.659612483532;111.795146561849
335.681238649244;117.39275983978
335.702864814956;124.195879481831
335.724490980669;131.955185609528
335.746117146381;140.246877931241
335.767743312093;149.244987536472
335.789369477805;159.224139268114
335.810995643517;170.349755548908
335.832621809229;182.898081778606
335.854247974941;196.866845357061
335.875874140653;211.870364431096
335.897500306365;227.609042556446
335.919126472077;244.641891557153
335.940752637789;262.840679722755
335.962378803501;281.741058264496
335.984004969213;301.919872726193
336.005631134925;324.347552820332
336.027257300637;350.051195817464
336.048883466349;379.573241125301
336.070509632061;412.90477780631
336.092135797773;451.134292346723
336.113761963485;495.862909991566
336.135388129197;545.536316684836
336.157014294909;598.480090005089
336.178640460621;655.66173196294
336.200266626333;718.633478312329
336.221892792045;786.200495045524
336.243518957757;858.900937914426
336.265145123469;936.681725736798
336.286771289181;1016.89079732781
336.308397454893;1099.2315807586
336.330023620605;1181.01768640048
336.351649786318;1259.8525348974
336.37327595203;1334.9887548135
336.394902117742;1403.61316941277
336.416528283454;1462.32749223792
336.438154449166;1510.1055794838
336.459780614878;1547.24611220281
336.48140678059;1571.4552232769
336.503032946302;1578.90647608974
336.524659112014;1567.67984137746
336.546285277726;1537.06684343149
336.567911443438;1486.79515785698
336.58953760915;1416.63561335911
336.611163774862;1328.72833290822
336.632789940574;1226.2273956779
336.654416106286;1110.94234258538
336.676042271998;984.811067777054
336.69766843771;849.680002203974
336.719294603422;707.984362184684
336.740920769134;559.667016505217
336.762546934846;403.258098471938
336.784173100558;242.501295959363
336.80579926627;92.7744967357771
336.827425431982;-40.8799160062659
336.849051597694;-161.804423749291
336.870677763406;-277.631895612589
336.892303929118;-389.989952614365
336.91393009483;-493.548353881115
336.935556260542;-584.015693575123
336.957182426254;-662.359810520818
336.978808591967;-732.827980208047
337.000434757679;-796.433567912603
337.022060923391;-852.866397914633
337.043687089103;-903.605584875772
337.065313254815;-950.535773513892
337.086939420527;-993.506361022665
337.108565586239;-1032.690008812
337.130191751951;-1068.74136764423
337.151817917663;-1102.80991441371
337.173444083375;-1136.04360197163
337.195070249087;-1168.45781286289
337.216696414799;-1198.94967026067
337.238322580511;-1227.33325216522
337.259948746223;-1254.17877769131
337.281574911935;-1279.24672910489
337.303201077647;-1300.66976881495
337.324827243359;-1316.35151832665
337.346453409071;-1325.52019515191
337.368079574783;-1327.88588612682
337.389705740495;-1323.11421619971
337.411331906207;-1311.1987280748
337.432958071919;-1291.83512891924
337.454584237631;-1264.54473042685
337.476210403343;-1230.27387642519
337.497836569055;-1190.37841682294
337.519462734767;-1144.45669730631
337.541088900479;-1091.99224025739
337.562715066191;-1034.49052781542
337.584341231903;-974.161223140482
337.605967397616;-912.973889555637
337.627593563328;-851.442286022776
337.64921972904;-789.26431885739
337.670845894752;-726.560434643409
337.692472060464;-664.49925023371
337.714098226176;-605.196268728789
337.735724391888;-550.401066718596
337.7573505576;-499.899089340427
337.778976723312;-452.323702271144
337.800602889024;-407.836689316964
337.822229054736;-368.761047264838
337.843855220448;-335.184438183749
337.86548138616;-305.325809880544
337.887107551872;-278.458432212979
337.908733717584;-254.589095586841
337.930359883296;-233.635262886948
337.951986049008;-215.39153264945
337.97361221472;-199.392268412353
337.995238380432;-185.117547417779
338.016864546144;-172.206934344215
338.038490711856;-160.357788205712
338.060116877568;-149.555280981798
338.08174304328;-140.086701402916
338.103369208992;-131.713650470695
338.124995374704;-123.989666654039
338.146621540416;-116.802270020833
338.168247706128;-110.038702597991
338.18987387184;-103.474015789097
338.211500037552;-96.9554135350189
338.233126203265;-90.4686276671699
338.254752368977;-84.1142120875096
338.276378534689;-77.9385263242095
338.298004700401;-72.0371311830319
338.319630866113;-66.5296916043648
338.341257031825;-61.4318326035203
338.362883197537;-56.6562410959197
338.384509363249;-52.2568860103641
338.406135528961;-48.5660031382832
338.427761694673;-45.8357556850699
338.449387860385;-44.1865538737705
338.471014026097;-43.5723451296572
338.492640191809;-44.0222766098289
338.514266357521;-45.6450613735448
338.535892523233;-48.4131531127984
338.557518688945;-52.1655121590561
338.579144854657;-56.7660996427463
338.600771020369;-62.138084100493
338.622397186081;-68.2091181298759
338.644023351793;-74.6082679021509
338.665649517505;-80.7977554977377
338.687275683217;-86.5315992582503
338.708901848929;-91.747776210391
338.730528014641;-96.3977959780648
338.752154180353;-100.273012694291
338.773780346065;-103.13232435535
338.795406511777;-104.953936707921
338.817032677489;-105.792879987651
338.838658843201;-105.801688518157
338.860285008914;-105.118116403272
338.881911174626;-103.826081032441
338.903537340338;-102.033068909418
338.92516350605;-99.9624008713392
338.946789671762;-97.7694008102896
338.968415837474;-95.5053100386501
338.990042003186;-93.2640642530534
339.011668168898;-91.1659426146147
339.03329433461;-89.267840502136
339.054920500322;-87.5600009681445
339.076546666034;-86.0336990148611
339.098172831746;-84.6953941568014
339.119798997458;-83.5389243421184
339.14142516317;-82.5465145767003
339.163051328882;-81.6823960712144
339.184677494594;-80.8926655636282
339.206303660306;-80.1437265473042
339.227929826018;-79.4106680016757
339.24955599173;-78.6540627386792
339.271182157442;-77.8402542017905
339.292808323154;-76.9524464138266
339.314434488866;-75.989964299937
339.336060654578;-74.9769780902
339.35768682029;-73.9386077654004
339.379312986002;-72.8852882237585
339.400939151714;-71.835379680846
339.422565317426;-70.8020429018663
339.444191483138;-69.7750640627501
339.46581764885;-68.7438576946679
339.487443814563;-67.6794169264489
339.509069980275;-66.6087507155842
339.530696145987;-65.5771255615651
339.552322311699;-64.5750358932287
339.573948477411;-63.5772478314777
339.595574643123;-62.6089300118066
339.617200808835;-61.6890302378117
339.638826974547;-60.7826377730548
339.660453140259;-59.8476454205647
339.682079305971;-58.8951519958417
339.703705471683;-57.955113046414
339.725331637395;-57.0269569296707
339.746957803107;-56.1191154017269
339.768583968819;-55.2593030616873
339.790210134531;-54.4578562421932
339.811836300243;-53.6974286646285
339.833462465955;-52.9718694380273
339.855088631667;-52.3061532112962
339.876714797379;-51.7153341873038
339.898340963091;-51.1934437614202
339.919967128803;-50.7320681569148
339.941593294515;-50.3397581888912
339.963219460227;-50.0100468233803
339.984845625939;-49.7348929973872
340.006471791651;-49.5201426041859
340.028097957363;-49.3678792217775
340.049724123075;-49.2746019542849
340.071350288787;-49.2359980864471
340.092976454499;-49.2432442247192
340.114602620212;-49.2796310063456
340.136228785924;-49.332052646457
340.157854951636;-49.3918906396964
340.179481117348;-49.4438406290108
340.20110728306;-49.4740578798215
340.222733448772;-49.4538537173998
340.244359614484;-49.3627093429459
340.265985780196;-49.1878327411372
340.287611945908;-48.9271605996517
340.30923811162;-48.5830904553324
340.330864277332;-48.1469921227921
340.352490443044;-47.5968791295222
340.374116608756;-46.9163733984891
340.395742774468;-46.1221887247636
340.41736894018;-45.2705235847936
340.438995105892;-44.4189232593609
340.460621271604;-43.6067631497184
340.482247437316;-42.8563172702047
340.503873603028;-42.163563379621
340.52549976874;-41.5251896584104
340.547125934452;-41.0596107059007
340.568752100164;-40.799517711535
340.590378265876;-40.7473962665017
340.612004431588;-40.9124467186443
340.6336305973;-41.3426900458173
340.655256763012;-42.0894135537122
340.676882928724;-43.1230224778338
340.698509094436;-44.414925211576
340.720135260148;-45.9453867737738
340.741761425861;-47.6780477069671
340.763387591573;-49.5195660204321
340.785013757285;-51.3892539732315
340.806639922997;-53.2459155231421
340.828266088709;-55.0623987224009
340.849892254421;-56.7800363301104
340.871518420133;-58.3131596848865
340.893144585845;-59.5916966209998
340.914770751557;-60.6054823550348
340.936396917269;-61.3429512467116
340.958023082981;-61.8280224444022
340.979649248693;-62.1281818900689
341.001275414405;-62.2681123464571
341.022901580117;-62.2758898337085
341.044527745829;-62.1856953232949
341.066153911541;-62.0392190094466
341.087780077253;-61.8775243088733
341.109406242965;-61.7232444726699
341.131032408677;-61.5919552221077
341.152658574389;-61.4932079993672
341.174284740101;-61.4247689868553
341.195910905813;-61.385715645328
341.217537071525;-61.3865990298241
341.239163237237;-61.411575009023
341.260789402949;-61.4466754483199
341.282415568661;-61.476601746274
341.304041734373;-61.4890537191702
341.325667900085;-61.4752814850121
341.347294065797;-61.4245575594525
341.36892023151;-61.3332881551566
341.390546397222;-61.2096834424668
341.412172562934;-61.0593511055806
341.433798728646;-60.8802411882356
341.455424894358;-60.6694461898441
341.47705106007;-60.4363698225788
341.498677225782;-60.1892492840145
341.520303391494;-59.9211968603196
341.541929557206;-59.6316786517702
341.563555722918;-59.3449538891599
341.58518188863;-59.0798035756194
341.606808054342;-58.8437721642904
341.628434220054;-58.6443982844235
341.650060385766;-58.4898985958158
341.671686551478;-58.3861766017527
341.69331271719;-58.3424886564871
341.714938882902;-58.3639060660362
341.736565048614;-58.4495674499099
341.758191214326;-58.5959065135544
341.779817380038;-58.7954444883156
341.80144354575;-59.0428126263066
341.823069711462;-59.3320499382961
341.844695877174;-59.6484163978901
341.866322042886;-59.9774664937585
341.887948208598;-60.3094623935634
341.90957437431;-60.6329005593727
341.931200540022;-60.9335250279817
341.952826705734;-61.1990920667573
341.974452871446;-61.4246483847198
341.996079037159;-61.6039799467317
342.017705202871;-61.7272285433463
342.039331368583;-61.7905632083681
342.060957534295;-61.7961976604592
342.082583700007;-61.7516007920261
342.104209865719;-61.6621105305231
342.125836031431;-61.5349919540095
342.147462197143;-61.378698835129
342.169088362855;-61.189212374484
342.190714528567;-60.960997180326
342.212340694279;-60.7125468846014
342.233966859991;-60.4670436544401
342.255593025703;-60.226353188457
342.277219191415;-59.9891543224058
342.298845357127;-59.7528451150702
342.320471522839;-59.5132047753441
342.342097688551;-59.2725468010443
342.363723854263;-59.0458667458319
342.385350019975;-58.8353962182152
342.406976185687;-58.6286578244708
342.428602351399;-58.4187646195303
342.450228517111;-58.2161825653142
342.471854682823;-58.0369715507327
342.493480848535;-57.8848128474823
342.515107014247;-57.7480367496786
342.536733179959;-57.6184713071139
342.558359345671;-57.504321966587
342.579985511383;-57.4215231238688
342.601611677095;-57.3699067302651
342.623237842808;-57.3393626181978
342.64486400852;-57.3280857125571
342.666490174232;-57.3425044037493
342.688116339944;-57.3873685740427
342.709742505656;-57.4630467092296
342.731368671368;-57.5682167604386
342.75299483708;-57.7053892789461
342.774621002792;-57.8845478670568
342.796247168504;-58.1131740044787
342.817873334216;-58.390628449124
342.839499499928;-58.7145702900492
342.86112566564;-59.0839745986125
342.882751831352;-59.5027397113917
342.904377997064;-59.9649184812929
342.926004162776;-60.4610388111673
342.947630328488;-60.9804167971905
342.9692564942;-61.5117706646081
342.990882659912;-62.0440566524111
343.012508825624;-62.5618667681252
343.034134991336;-63.0420462894058
343.055761157048;-63.4861541925362
343.07738732276;-63.8916673498545
343.099013488472;-64.2391212965831
343.120639654184;-64.5114070525717
343.142265819896;-64.7116113171201
343.163891985608;-64.8486199212771
343.18551815132;-64.9132216839574
343.207144317032;-64.9018854293251
343.228770482744;-64.828782466941
343.250396648457;-64.7115191697493
343.272022814169;-64.5680909963897
343.293648979881;-64.416161309404
343.315275145593;-64.2709693309168
343.336901311305;-64.1350921062024
343.358527477017;-64.01025224054
343.380153642729;-63.9030015439297
343.401779808441;-63.8237494083512
343.423405974153;-63.7785686310335
343.445032139865;-63.7650342936961
343.466658305577;-63.7826562423777
343.488284471289;-63.8272101845574
343.509910637001;-63.8895145995997
343.531536802713;-63.9644903790463
343.553162968425;-64.0523361627307
343.574789134137;-64.1506035713153
343.596415299849;-64.2565660689409
343.618041465561;-64.3725793041397
343.639667631273;-64.5053163196937
343.661293796985;-64.6585470847166
343.682919962697;-64.8307383704997
343.704546128409;-65.01923707753
343.726172294121;-65.2229637884419
343.747798459833;-65.4449588529532
343.769424625545;-65.6847811748652
343.791050791257;-65.9312374486187
343.812676956969;-66.1679171713245
343.834303122681;-66.3828718429007
343.855929288394;-66.5776623543683
343.877555454106;-66.7601213110955
343.899181619818;-66.9292227631705
343.92080778553;-67.0749354151111
343.942433951242;-67.1971792539933
343.964060116954;-67.3080909105434
343.985686282666;-67.4224825288704
344.007312448378;-67.5509251709626
344.02893861409;-67.6956717673821
344.050564779802;-67.8564263929702
344.072190945514;-68.0443148056436
344.093817111226;-68.2650990158791
344.115443276938;-68.5014637669375
344.13706944265;-68.7436679591803
344.158695608362;-68.9887084757946
344.180321774074;-69.2347968438265
344.201947939786;-69.4721362396116
344.223574105498;-69.6870388141695
344.24520027121;-69.8638985233558
344.266826436922;-69.9896124916779
344.288452602634;-70.0634378214139
344.310078768346;-70.0917507156248
344.331704934058;-70.0831764813233
344.35333109977;-70.0383968651599
344.374957265482;-69.9551535138016
344.396583431194;-69.8451663477301
344.418209596906;-69.7242720333407
344.439835762618;-69.5961162811728
344.46146192833;-69.4672384364528
344.483088094043;-69.3492516491645
344.504714259755;-69.2461126516427
344.526340425467;-69.1570334440716
344.547966591179;-69.0795057667348
344.569592756891;-69.014610305118
344.591218922603;-68.9720868001517
344.612845088315;-68.9549960982431
344.634471254027;-68.9542421095197
344.656097419739;-68.9645430550209
344.677723585451;-68.989045971793
344.699349751163;-69.0337746129373
344.720975916875;-69.0900598206111
344.742602082587;-69.1365492356886
344.764228248299;-69.1604396608691
344.785854414011;-69.1634425113649
344.807480579723;-69.1494277021099
344.829106745435;-69.1174980519936
344.850732911147;-69.0683729065511
344.872359076859;-69.0074022428668
344.893985242571;-68.9364073056487
344.915611408283;-68.8470855878758
344.937237573995;-68.7408994754227
344.958863739707;-68.6317911419979
344.980489905419;-68.5326672471805
345.002116071131;-68.4496819029052
345.023742236843;-68.3863941786596
345.045368402555;-68.3428194669631
345.066994568267;-68.3174544120256
345.08862073398;-68.3116190411337
345.110246899692;-68.3319526646048
345.131873065404;-68.3825321865817
345.153499231116;-68.4556187023429
345.175125396828;-68.551865815438
345.19675156254;-68.6797895077025
345.218377728252;-68.83527453133
345.240003893964;-69.0063551224379
345.261630059676;-69.1829359044901
345.283256225388;-69.3689873585361
345.3048823911;-69.5713513124078
345.326508556812;-69.7930333016312
345.348134722524;-70.0329344492
345.369760888236;-70.2808439233716
345.391387053948;-70.536590905451
345.41301321966;-70.8087364904939
345.434639385372;-71.1068563390861
345.456265551084;-71.4406904467618
345.477891716796;-71.8113440952714
345.499517882508;-72.205240063618
345.52114404822;-72.6219496713931
345.542770213932;-73.0761998951997
345.564396379644;-73.57441122314
345.586022545356;-74.0939350998392
345.607648711068;-74.620357823642
345.62927487678;-75.1651501471998
345.650901042492;-75.7356795031415
345.672527208204;-76.3306724747259
345.694153373916;-76.9482727304567
345.715779539628;-77.5733468163324
345.737405705341;-78.1590765718687
345.759031871053;-78.6727527500072
345.780658036765;-79.1179230185621
345.802284202477;-79.5052056241466
345.823910368189;-79.8421869788404
345.845536533901;-80.1402196152436
345.867162699613;-80.4042539097695
345.888788865325;-80.6399026479383
345.910415031037;-80.8468516227204
345.932041196749;-81.0126096864719
345.953667362461;-81.1402259883033
345.975293528173;-81.2399160677998
345.996919693885;-81.3239107561599
346.018545859597;-81.4009962476075
346.040172025309;-81.4675851077177
346.061798191021;-81.5124412770513
346.083424356733;-81.5365525384811
346.105050522445;-81.5447331024956
346.126676688157;-81.5402490389497
346.148302853869;-81.5203938315404
346.169929019581;-81.4805379016694
346.191555185293;-81.4401411470603
346.213181351005;-81.4181775012314
346.234807516717;-81.4047850838522
346.256433682429;-81.3719436492769
346.278059848141;-81.3186443318285
346.299686013853;-81.2537109821988
346.321312179565;-81.1899580185763
346.342938345278;-81.125472871838
346.36456451099;-81.0502642320166
346.386190676702;-80.9630617368111
346.407816842414;-80.8682718180482
346.429443008126;-80.7596247820921
346.451069173838;-80.6203105747115
346.47269533955;-80.4668043313197
346.494321505262;-80.3205751798977
346.515947670974;-80.1764705187689
346.537573836686;-80.0227601620676
346.559200002398;-79.8461942009155
346.58082616811;-79.6431073721276
346.602452333822;-79.4318340991343
346.624078499534;-79.2196397471747
346.645704665246;-78.987670493916
346.667330830958;-78.7371133801191
346.68895699667;-78.4761247536913
346.710583162382;-78.2150462440346
346.732209328094;-77.9564114753811
346.753835493806;-77.7013686997847
346.775461659518;-77.4636707873322
346.79708782523;-77.2493932028685
346.818713990942;-77.0525618766391
346.840340156654;-76.8968735521239
346.861966322366;-76.808114487908
346.883592488078;-76.7578443598254
346.90521865379;-76.7338891598455
346.926844819502;-76.7402630179142
346.948470985214;-76.779675116461
346.970097150926;-76.8502104519427
346.991723316639;-76.9523594390378
347.013349482351;-77.088697081987
347.034975648063;-77.2588624015257
347.056601813775;-77.4543511803169
347.078227979487;-77.6613274114679
347.099854145199;-77.8883359982754
347.121480310911;-78.1595102493986
347.143106476623;-78.4749030357024
347.164732642335;-78.823415507566
347.186358808047;-79.1837786150949
347.207984973759;-79.550378954805
347.229611139471;-79.9255374845177
347.251237305183;-80.3071687901939
347.272863470895;-80.6930390413016
347.294489636607;-81.0705916849416
347.316115802319;-81.4168934918351
347.337741968031;-81.7210599809523
347.359368133743;-81.9859598694727
347.380994299455;-82.2117951901175
347.402620465167;-82.3956909479769
347.424246630879;-82.5423649442677
347.445872796591;-82.6615290537013
347.467498962303;-82.7639400154191
347.489125128015;-82.8480333453018
347.510751293727;-82.9162382871048
347.532377459439;-82.9666076104646
347.554003625151;-82.9996239896088
347.575629790863;-83.0266989828661
347.597255956575;-83.0542262143272
347.618882122288;-83.084880309936
347.640508288;-83.1168290046958
347.662134453712;-83.145429870864
347.683760619424;-83.167070950448
347.705386785136;-83.1781162382916
347.727012950848;-83.1766460547906
347.74863911656;-83.1626580092441
347.770265282272;-83.1395719596973
347.791891447984;-83.1112633129109
347.813517613696;-83.0795627128796
347.835143779408;-83.0451481228038
347.85676994512;-83.0074325735488
347.878396110832;-82.9600155354522
347.900022276544;-82.899971237847
347.921648442256;-82.8401358818051
347.943274607968;-82.7831242802103
347.96490077368;-82.7182835674066
347.986526939392;-82.6338438432097
348.008153105104;-82.5202291794596
348.029779270816;-82.3733309395629
348.051405436528;-82.1923847018823
348.07303160224;-81.9743946425525
348.094657767952;-81.7092406563366
348.116283933664;-81.3859096669559
348.137910099376;-81.0016790145802
348.159536265088;-80.5703737300349
348.1811624308;-80.1301719736973
348.202788596512;-79.7076764234283
348.224414762224;-79.3026087044637
348.246040927937;-78.914605341055
348.267667093649;-78.5630360464006
348.289293259361;-78.2651676094346
348.310919425073;-78.0296550230114
348.332545590785;-77.8608930583234
348.354171756497;-77.7607068527095
348.375797922209;-77.7235527769026
348.397424087921;-77.7328376012909
348.419050253633;-77.7804416906755
348.440676419345;-77.8600847867756
348.462302585057;-77.9540648519133
348.483928750769;-78.0420945290651
348.505554916481;-78.116229290698
348.527181082193;-78.1772690600484
348.548807247905;-78.2253760418411
348.570433413617;-78.2572710913315
348.592059579329;-78.2715504857957
348.613685745041;-78.2690059894575
348.635311910753;-78.2513962130274
348.656938076465;-78.2217943021321
348.678564242177;-78.1898967015408
348.700190407889;-78.1670308078108
348.721816573601;-78.1655109403552
348.743442739313;-78.1978100161711
348.765068905025;-78.2676958686163
348.786695070737;-78.3775280594919
348.808321236449;-78.5431576592063
348.829947402161;-78.7723252545963
348.851573567873;-79.0512080148991
348.873199733586;-79.3583240891155
348.894825899298;-79.6680527368485
348.91645206501;-79.9631854712693
348.938078230722;-80.240465404311
348.959704396434;-80.5004752999182
348.981330562146;-80.7350978054727
349.002956727858;-80.9257634884019
349.02458289357;-81.0630530675733
349.046209059282;-81.1474276474883
349.067835224994;-81.1756417997646
349.089461390706;-81.1385716419068
349.111087556418;-81.0317460649576
349.13271372213;-80.8641365146277
349.154339887842;-80.6509429284038
349.175966053554;-80.3950003763216
349.197592219266;-80.1009047335383
349.219218384978;-79.7801628456182
349.24084455069;-79.4367360003828
349.262470716402;-79.068362121608
349.284096882114;-78.7002954431883
349.305723047826;-78.3591593023084
349.327349213538;-78.0541454253768
349.34897537925;-77.7959664939021
349.370601544962;-77.5884807290545
349.392227710674;-77.4363565528922
349.413853876386;-77.3477466897731
349.435480042098;-77.3281334113678
349.45710620781;-77.3818284894868
349.478732373522;-77.5056542878731
349.500358539235;-77.6863433178533
349.521984704947;-77.9171089237925
349.543610870659;-78.1945719196082
349.565237036371;-78.519731151352
349.586863202083;-78.8926828519855
349.608489367795;-79.2971660116084
349.630115533507;-79.7021192954657
349.651741699219;-80.1045621448116
349.673367864931;-80.5059274847153
349.694994030643;-80.8928811987296
349.716620196355;-81.2429578253711
349.738246362067;-81.5335253105515
349.759872527779;-81.7707093729714
349.781498693491;-81.9633495519224
349.803124859203;-82.1126212752844
349.824751024915;-82.2111128480894
349.846377190627;-82.2467608765348
349.868003356339;-82.2413436483122
349.889629522051;-82.2148979997675
349.911255687763;-82.1781783883499
349.932881853475;-82.1337529536681
349.954508019187;-82.0869089626874
349.976134184899;-82.0693746030376
349.997760350611;-82.0857716688992
350.019386516323;-82.1279751061077
350.041012682035;-82.1929230352752
350.062638847747;-82.2925468680986
350.084265013459;-82.4328756954677
350.105891179171;-82.6118709936831
350.127517344884;-82.8321553179152
350.149143510596;-83.0978311160071
350.170769676308;-83.4034578271606
350.19239584202;-83.7330374587463
350.214022007732;-84.0695082454472
350.235648173444;-84.41300447691
350.257274339156;-84.7737350344295
350.278900504868;-85.1609862920758
350.30052667058;-85.5663491509444
350.322152836292;-85.9795100092705
350.343779002004;-86.3784757488657
350.365405167716;-86.7480823127698
350.387031333428;-87.0839610781069
350.40865749914;-87.3826920271554
350.430283664852;-87.651410220042
350.451909830564;-87.8878162367589
350.473535996276;-88.075742707595
350.495162161988;-88.2160972796398
350.5167883277;-88.3191696565538
350.538414493412;-88.3878056930594
350.560040659124;-88.4089274982888
350.581666824836;-88.3771918554422
350.603292990548;-88.3094597309575
350.62491915626;-88.2225659776101
350.646545321972;-88.1233543926811
350.668171487684;-88.0158150376948
350.689797653396;-87.9082234101741
350.711423819108;-87.8035648977867
350.73304998482;-87.7053269360273
350.754676150533;-87.6333606928093
350.776302316245;-87.5926544700582
350.797928481957;-87.5773221183247
350.819554647669;-87.5906814128833
350.841180813381;-87.6375137649757
350.862806979093;-87.7173901273187
350.884433144805;-87.8314630056109
350.906059310517;-87.9776240394656
350.927685476229;-88.1570278522714
350.949311641941;-88.3644147190007
350.970937807653;-88.5822596650783
350.992563973365;-88.8058836317383
351.014190139077;-89.0427198341661
351.035816304789;-89.2975464011071
351.057442470501;-89.5461571128933
351.079068636213;-89.770351630114
351.100694801925;-89.9618396549545
351.122320967637;-90.1218676759099
351.143947133349;-90.2433772531354
351.165573299061;-90.3171495994555
351.187199464773;-90.3419461825021
351.208825630485;-90.3083166527134
351.230451796197;-90.2124778030098
351.252077961909;-90.0679881124927
351.273704127621;-89.8929496764914
351.295330293333;-89.6914093231529
351.316956459045;-89.4608654008944
351.338582624757;-89.2039327356079
351.360208790469;-88.9657025697739
351.381834956182;-88.7693140506705
351.403461121894;-88.6126307197733
351.425087287606;-88.4773006306395
351.446713453318;-88.3756636301825
351.46833961903;-88.3345375429201
351.489965784742;-88.3631698104676
351.511591950454;-88.4379410305137
351.533218116166;-88.5474271839454
351.554844281878;-88.6766838097611
351.57647044759;-88.8248923331139
351.598096613302;-88.9949465933662
351.619722779014;-89.1792171057199
351.641348944726;-89.3527421239727
351.662975110438;-89.5040169111273
351.68460127615;-89.6305358560031
351.706227441862;-89.7282187907098
351.727853607574;-89.7884088391557
351.749479773286;-89.8050714145519
351.771105938998;-89.7803064965939
351.79273210471;-89.7160288984356
351.814358270422;-89.6236848508726
351.835984436134;-89.5030792346186
351.857610601846;-89.3598298241859
351.879236767558;-89.2086692870939
351.90086293327;-89.0516052768942
351.922489098982;-88.8849294700427
351.944115264694;-88.7194738415648
351.965741430406;-88.5651388270553
351.987367596118;-88.4331410297403
352.008993761831;-88.3270576662392
352.030619927543;-88.2429165568138
352.052246093255;-88.1759809194355
352.073872258967;-88.1224687354952
352.095498424679;-88.076939253682
352.117124590391;-88.0370066271067
352.138750756103;-87.9970703029596
352.160376921815;-87.9467394084222
352.182003087527;-87.8818112794519
352.203629253239;-87.8057083501171
352.225255418951;-87.721469173642
352.246881584663;-87.6323584610391
352.268507750375;-87.5401564404231
352.290133916087;-87.4462313731557
352.311760081799;-87.3524746277869
352.333386247511;-87.2567260343755
352.355012413223;-87.1618871986636
352.376638578935;-87.0741368714397
352.398264744647;-86.9962279086163
352.419890910359;-86.9378914748954
352.441517076071;-86.8865556711998
352.463143241783;-86.8269137678521
352.484769407495;-86.75364945122
352.506395573207;-86.6627683380633
352.528021738919;-86.5515785809646
352.549647904631;-86.4230276253134
352.571274070343;-86.2794224549201
352.592900236055;-86.1156178884731
352.614526401767;-85.9255464811529
352.63615256748;-85.7177171784598
352.657778733192;-85.509937508817
352.679404898904;-85.3049085275742
352.701031064616;-85.0993369554058
352.722657230328;-84.8951826703451
352.74428339604;-84.6971894444354
352.765909561752;-84.5059897296534
352.787535727464;-84.314147947827
352.809161893176;-84.117887209158
352.830788058888;-83.9290338646884
352.8524142246;-83.7424854356168
352.874040390312;-83.5439149932819
352.895666556024;-83.3312143655251
352.917292721736;-83.1137934497306
352.938918887448;-82.8937006935009
352.96054505316;-82.6613381862591
352.982171218872;-82.409759581732
353.003797384584;-82.1521902039586
353.025423550296;-81.9048546411994
353.047049716008;-81.6712951587579
353.06867588172;-81.4552045435626
353.090302047432;-81.2665674581951
353.111928213144;-81.1150926228227
353.133554378856;-81.0037566778644
353.155180544568;-80.9292238268489
353.17680671028;-80.8906783183939
353.198432875992;-80.8880232973576
353.220059041704;-80.9180764303884
353.241685207416;-80.9779159165915
353.263311373129;-81.0622841885697
353.284937538841;-81.1568828618178
353.306563704553;-81.2434056119907
353.328189870265;-81.3093412940415
353.349816035977;-81.3459168493831
353.371442201689;-81.3588659135494
353.393068367401;-81.3513926848155
353.414694533113;-81.3223772566626
353.436320698825;-81.2768858568417
353.457946864537;-81.2137540540038
353.479573030249;-81.1276081940463
353.501199195961;-81.0238731687688
353.522825361673;-80.9063411698758
353.544451527385;-80.7747897112965
353.566077693097;-80.6290125165295
353.587703858809;-80.4684816759395
353.609330024521;-80.2918183992213
353.630956190233;-80.097430733701
353.652582355945;-79.8982612647368
353.674208521657;-79.7192162475677
353.695834687369;-79.557135499647
353.717460853081;-79.4160135673223
353.739087018793;-79.3058076074849
353.760713184505;-79.2246158188099
353.782339350217;-79.1730587789419
353.803965515929;-79.1760623325415
353.825591681641;-79.2457911630972
353.847217847353;-79.3775449662293
353.868844013065;-79.5621711253868
353.890470178778;-79.7755813759888
353.91209634449;-80.0026460683494
353.933722510202;-80.2367327066788
353.955348675914;-80.474481222803
353.976974841626;-80.7142996532879
353.998601007338;-80.9521527100029
354.02022717305;-81.1743812890687
354.041853338762;-81.3672017447475
354.063479504474;-81.5277845445459
354.085105670186;-81.6640396224576
354.106731835898;-81.7834834317966
354.12835800161;-81.8917205382557
354.149984167322;-81.977762650779
354.171610333034;-82.0299209689962
354.193236498746;-82.040640142793
354.214862664458;-82.0190863546853
354.23648883017;-81.9717315481046
354.258114995882;-81.9076433628331
354.279741161594;-81.8376985483808
354.301367327306;-81.7698832054577
354.322993493018;-81.7077586621868
354.34461965873;-81.6539686850877
354.366245824442;-81.6044012815475
354.387871990154;-81.5574554536683
354.409498155866;-81.5202599724794
354.431124321578;-81.5028647561473
354.45275048729;-81.5055138103838
354.474376653002;-81.5320370469179
354.496002818714;-81.5872655149787
354.517628984427;-81.6634041148216
354.539255150139;-81.7604995562512
354.560881315851;-81.8814611911099
354.582507481563;-82.0260276153181
354.604133647275;-82.1913302009065
354.625759812987;-82.3707911887801
354.647385978699;-82.5605606269862
354.669012144411;-82.7559774833557
354.690638310123;-82.9491192896358
354.712264475835;-83.1181094875025
354.733890641547;-83.2462223248815
354.755516807259;-83.3379852722925
354.777142972971;-83.3986339996797
354.798769138683;-83.4331252047801
354.820395304395;-83.4399901824184
354.842021470107;-83.42036230475
354.863647635819;-83.3829271582367
354.885273801531;-83.329511857503
354.906899967243;-83.2579256620575
354.928526132955;-83.1744277195228
354.950152298667;-83.0873126310967
354.971778464379;-82.9873882952978
354.993404630091;-82.8662517059144
355.015030795803;-82.7410127086551
355.036656961515;-82.6209578119351
355.058283127227;-82.5047645632368
355.079909292939;-82.4015272655889
355.101535458651;-82.3149489825995
355.123161624363;-82.2370683955925
355.144787790076;-82.1593037199468
355.166413955788;-82.0803425585315
355.1880401215;-82.0089423077837
355.209666287212;-81.9556960960616
355.231292452924;-81.9247919944503
355.252918618636;-81.9095084552934
355.274544784348;-81.8974961928473
355.29617095006;-81.8855504982294
355.317797115772;-81.8744688195314
355.339423281484;-81.8536717962185
355.361049447196;-81.816692985707
355.382675612908;-81.7752848165083
355.40430177862;-81.7330700148442
355.425927944332;-81.6903287555627
355.447554110044;-81.6366032990302
355.469180275756;-81.5691817625194
355.490806441468;-81.4873099749425
355.51243260718;-81.3808884940023
355.534058772892;-81.2390906861883
355.555684938604;-81.070283089224
355.577311104316;-80.8947333990099
355.598937270028;-80.7147640933953
355.62056343574;-80.5105672985258
355.642189601452;-80.2777578064496
355.663815767164;-80.0255947681391
355.685441932876;-79.7691608923502
355.707068098588;-79.5081579948051
355.7286942643;-79.2272386440017
355.750320430012;-78.9245462666752
355.771946595725;-78.605051859229
355.793572761437;-78.2663289746146
355.815198927149;-77.8887779302603
355.836825092861;-77.4808749288891
355.858451258573;-77.0738519624436
355.880077424285;-76.687743418888
355.901703589997;-76.3190348335358
355.923329755709;-75.9479962334745
355.944955921421;-75.5698751781145
355.966582087133;-75.2295249303865
355.988208252845;-74.9653565229945
356.009834418557;-74.7649636987207
356.031460584269;-74.6082654318432
356.053086749981;-74.4884218869587
356.074712915693;-74.4120330326532
356.096339081405;-74.3799386408099
356.117965247117;-74.3799164746045
356.139591412829;-74.3937313045939
356.161217578541;-74.40916970609
356.182843744253;-74.4255146818541
356.204469909965;-74.436953842643
356.226096075677;-74.4248506318486
356.247722241389;-74.3739832531361
356.269348407101;-74.2813413013249
356.290974572813;-74.1573971277693
356.312600738525;-74.0061642886577
356.334226904237;-73.8216505881284
356.355853069949;-73.6133618908373
356.377479235662;-73.3992591771001
356.399105401374;-73.183112893414
356.420731567086;-72.9650603550805
356.442357732798;-72.7419859337825
356.46398389851;-72.5179251520398
356.485610064222;-72.3032434312527
356.507236229934;-72.0993927912248
356.528862395646;-71.8988219110973
356.550488561358;-71.7063603080199
356.57211472707;-71.5437285008346
356.593740892782;-71.4168240311654
356.615367058494;-71.3147278947137
356.636993224206;-71.2309180950298
356.658619389918;-71.1620745252243
356.68024555563;-71.1048889071022
356.701871721342;-71.0579872138485
356.723497887054;-71.0247871493055
356.745124052766;-71.0071432646959
356.766750218478;-71.0002739353551
356.78837638419;-70.9967806491305
356.810002549902;-70.9893700660884
356.831628715614;-70.9783938785269
356.853254881326;-70.9734220323914
356.874881047038;-70.9755134733295
356.89650721275;-70.9784324141579
356.918133378462;-70.9791783763334
356.939759544174;-70.9796693810441
356.961385709886;-70.9783334728317
356.983011875598;-70.9719820250798
357.004638041311;-70.9633182996191
357.026264207023;-70.9587615073811
357.047890372735;-70.9604356999037
357.069516538447;-70.9607783594884
357.091142704159;-70.9516894514278
357.112768869871;-70.9311762034849
357.134395035583;-70.9077187939829
357.156021201295;-70.8871540454999
357.177647367007;-70.8688805940262
357.199273532719;-70.8528322108211
357.220899698431;-70.8397926307505
357.242525864143;-70.8279891377352
357.264152029855;-70.8202493317718
357.285778195567;-70.8210151120342
357.307404361279;-70.8315064755447
357.329030526991;-70.8488882325987
357.350656692703;-70.8648143197671
357.372282858415;-70.8722409615627
357.393909024127;-70.8732505414112
357.415535189839;-70.8715931129765
357.437161355551;-70.8684034216673
357.458787521263;-70.8663977749164
357.480413686975;-70.86673036722
357.502039852687;-70.8654249286473
357.523666018399;-70.8543830786434
357.545292184111;-70.8279796608259
357.566918349823;-70.786055537704
357.588544515535;-70.7354206601961
357.610170681248;-70.6819810705021
357.63179684696;-70.6255138587208
357.653423012672;-70.562276074278
357.675049178384;-70.4880299156665
357.696675344096;-70.4021113216378
357.718301509808;-70.3166708922576
357.73992767552;-70.2441828980402
357.761553841232;-70.1878145544011
357.783180006944;-70.1444809255177
357.804806172656;-70.1120608237934
357.826432338368;-70.0914258298484
357.84805850408;-70.0756995993425
357.869684669792;-70.0593591416493
357.891310835504;-70.044753105674
357.912937001216;-70.0315520266364
357.934563166928;-70.0121294454868
357.95618933264;-69.9835831436096
357.977815498352;-69.9488314117573
357.999441664064;-69.9105850175694
358.021067829776;-69.8642178701024
358.042693995488;-69.8101196043143
358.0643201612;-69.7615262657149
358.085946326912;-69.7229312841203
358.107572492624;-69.6941832912125
358.129198658336;-69.6767237979131
358.150824824048;-69.6701285268672
358.17245098976;-69.6740128943744
358.194077155472;-69.6876713726515
358.215703321184;-69.7071163957853
358.237329486896;-69.7283261902784
358.258955652609;-69.7418106325281
358.280581818321;-69.7328121749913
358.302207984033;-69.6951181229901
358.323834149745;-69.6274127697522
358.345460315457;-69.5228174057393
358.367086481169;-69.3565347580303
358.388712646881;-69.1063035486933
358.410338812593;-68.7940168225146
358.431964978305;-68.4540707927284
358.453591144017;-68.0948695051538
358.475217309729;-67.7079061316514
358.496843475441;-67.2816290081613
358.518469641153;-66.8040989343872
358.540095806865;-66.2973651496861
358.561721972577;-65.8133278382684
358.583348138289;-65.3675859719914
358.604974304001;-64.9513655063388
358.626600469713;-64.559235256588
358.648226635425;-64.1990227406753
358.669852801137;-63.8987267531397
358.691478966849;-63.6689348001501
358.713105132561;-63.4977381995898
358.734731298273;-63.3705209907103
358.756357463985;-63.2768854428813
358.777983629697;-63.2142542294685
358.799609795409;-63.1842276445084
358.821235961121;-63.1816446504888
358.842862126833;-63.1871865239919
358.864488292546;-63.1796684460771
358.886114458258;-63.154348864794
358.90774062397;-63.1134589461146
358.929366789682;-63.0577363824523
358.950992955394;-62.9917577304225
358.972619121106;-62.9115312192544
358.994245286818;-62.8032818735822
359.01587145253;-62.6673703312307
359.037497618242;-62.5199245947219
359.059123783954;-62.3676055489541
359.080749949666;-62.2148756422565
359.102376115378;-62.0768632684378
359.12400228109;-61.9489994456466
359.145628446802;-61.8215322772815
359.167254612514;-61.6962620625634
359.188880778226;-61.5818433071914
359.210506943938;-61.4785758347687
359.23213310965;-61.3814435827838
359.253759275362;-61.2897475544191
359.275385441074;-61.2019840991149
359.297011606786;-61.1123696348318
359.318637772498;-61.01026083129
359.34026393821;-60.8847726128569
359.361890103922;-60.7371032415407
359.383516269634;-60.5786086546435
359.405142435346;-60.4199041141023
359.426768601058;-60.2598183315228
359.44839476677;-60.0945058203867
359.470020932482;-59.9254263466553
359.491647098194;-59.7671536768045
359.513273263907;-59.6216909807029
359.534899429619;-59.4916670316393
359.556525595331;-59.3898866164917
359.578151761043;-59.3283546594152
359.599777926755;-59.3113603880714
359.621404092467;-59.3406345809061
359.643030258179;-59.4200958958841
359.664656423891;-59.5397044411682
359.686282589603;-59.6813743169765
359.707908755315;-59.843298118185
359.729534921027;-60.024364442726
359.751161086739;-60.2166310141869
359.772787252451;-60.4001836847143
359.794413418163;-60.5513855836112
359.816039583875;-60.6595152887436
359.837665749587;-60.7311182575851
359.859291915299;-60.7578951436252
359.880918081011;-60.7200943866513
359.902544246723;-60.6081820784318
359.924170412435;-60.4468160910572
359.945796578147;-60.2571315410883
359.967422743859;-60.0484641920621
359.989048909571;-59.830385433811
360.010675075283;-59.6056878598095
360.032301240995;-59.3714764096449
360.053927406707;-59.1367407133505
360.075553572419;-58.9192362207991
360.097179738131;-58.7146570722949
360.118805903843;-58.5077561861792
360.140432069556;-58.2898690884105
360.162058235268;-58.0601144582235
360.18368440098;-57.8194690049031
360.205310566692;-57.5611872932162
360.226936732404;-57.2837904125329
360.248562898116;-56.9882096406105
360.270189063828;-56.6710189570913
360.29181522954;-56.3315615592298
360.313441395252;-55.9959413999457
360.335067560964;-55.6833418994024
360.356693726676;-55.4007987646449
360.378319892388;-55.1398209578489
360.3999460581;-54.9032499406687
360.421572223812;-54.7058985190667
360.443198389524;-54.561013846971
360.464824555236;-54.475580441053
360.486450720948;-54.4677427961303
360.50807688666;-54.5395703579709
360.529703052372;-54.6773769161831
360.551329218084;-54.8730628721987
360.572955383796;-55.1218115823732
360.594581549508;-55.3991183284509
360.61620771522;-55.6780890066266
360.637833880932;-55.9662813785971
360.659460046644;-56.2765252118712
360.681086212356;-56.6056860928017
360.702712378068;-56.923508940351
360.72433854378;-57.2018186319461
360.745964709492;-57.4375603091743
360.767590875205;-57.6471946820334
360.789217040917;-57.8462697158444
360.810843206629;-58.0461605216213
360.832469372341;-58.2604450547413
360.854095538053;-58.5045973115593
360.875721703765;-58.7702219551431
360.897347869477;-59.0561282617404
360.918974035189;-59.3797929604569
360.940600200901;-59.7605583211568
360.962226366613;-60.1999168709285
360.983852532325;-60.6743372602419
361.005478698037;-61.1648331841548
361.027104863749;-61.6536887138665
361.048731029461;-62.130688358237
361.070357195173;-62.5861689144601
361.091983360885;-63.0101337004748
361.113609526597;-63.3883384403914
361.135235692309;-63.6960663891835
361.156861858021;-63.9103722889671
361.178488023733;-64.0317128575043
361.200114189445;-64.0692420075464
361.221740355157;-64.0276609524467
361.243366520869;-63.9112137342886
361.264992686581;-63.7294029060254
361.286618852293;-63.4861799176523
361.308245018005;-63.1838814175575
361.329871183717;-62.8431597122763
361.351497349429;-62.4920699550735
361.373123515141;-62.1388099933179
361.394749680854;-61.788530316351
361.416375846566;-61.4551400220495
361.438002012278;-61.1486713564022
361.45962817799;-60.8756398026671
361.481254343702;-60.6444731980827
361.502880509414;-60.4475478284625
361.524506675126;-60.2668996460742
361.546132840838;-60.0801236082635
361.56775900655;-59.8786515927195
361.589385172262;-59.6725733273558
361.611011337974;-59.4685938557057
361.632637503686;-59.2655563065716
361.654263669398;-59.0643918409048
361.67588983511;-58.8695084633715
361.697516000822;-58.6802396898583
361.719142166534;-58.501582624431
361.740768332246;-58.3490806623898
361.762394497958;-58.2342273210924
361.78402066367;-58.1587516864834
361.805646829382;-58.1176939672355
361.827272995094;-58.1029038852564
361.848899160806;-58.1049621560176
361.870525326518;-58.1148580618587
361.89215149223;-58.1217545412674
361.913777657942;-58.1140183689022
361.935403823654;-58.0876387557846
361.957029989366;-58.0419296155586
361.978656155078;-57.9710312129442
362.00028232079;-57.8715818431954
362.021908486503;-57.7501383397107
362.043534652215;-57.6134343501672
362.065160817927;-57.4654966487129
362.086786983639;-57.3110180123638
362.108413149351;-57.15998870831
362.130039315063;-57.0224415765483
362.151665480775;-56.8990288923756
362.173291646487;-56.7918342844674
362.194917812199;-56.7045039886849
362.216543977911;-56.6373270136236
362.238170143623;-56.5958228870332
362.259796309335;-56.5904291593232
362.281422475047;-56.620408257503
362.303048640759;-56.6735161644271
362.324674806471;-56.732293746093
362.346300972183;-56.7851087447783
362.367927137895;-56.8240794779558
362.389553303607;-56.8409330209275
362.411179469319;-56.8251080869793
362.432805635031;-56.7685207724788
362.454431800743;-56.6654583444688
362.476057966455;-56.513046083488
362.497684132167;-56.3169734998763
362.519310297879;-56.084857792972
362.540936463591;-55.8248495416486
362.562562629303;-55.5455614672126
362.584188795015;-55.251702729612
362.605814960727;-54.949024082354
362.627441126439;-54.6512749751556
362.649067292152;-54.3728998016161
362.670693457864;-54.120407155191
362.692319623576;-53.8952150518854
362.713945789288;-53.696507046713
362.735571955;-53.5212146077735
362.757198120712;-53.3603852101348
362.778824286424;-53.2078360583778
362.800450452136;-53.0760469167959
362.822076617848;-52.9680786428161
362.84370278356;-52.8777284712277
362.865328949272;-52.8028638539814
362.886955114984;-52.7603550191374
362.908581280696;-52.7507608778089
362.930207446408;-52.7712263816731
362.95183361212;-52.8265128176558
362.973459777832;-52.9250351562765
