Name;ESR_BC_1_29min_X_gon_120dg_result

Recipe
Accumulations;5;Number of accumulations
RetryCount;0;Number of retries on error
AbortOnError;True;Abort on error
EnableQFactorMeasurement;False;Enable/Disable q-Factor measurement
Bfrom;313;B from
Bto;363;B to
SweepTime;60;Sweep time
Modulation;0.2;Modulation
ModulationFreq;100;Modulation
BHoldEnabled;False;B hold enabled
BHold;0;B hold
MicrowavePower;2;Microwave power
MarkerEnabled;False;
MarkerStartField;0;
MarkerEndField;0;
Mode;;
KineticGFact;0;
KineticTotalTransientTime;0;
KineticTimeResolution;0;
TempFrom;5;
TempUseSlope;False;
TempTo;5;
TempdT;1;
TempSetupTime;0;
GonFrom;0;
GonTo;180;
GonSteps;20;
XRayEnabled;False;
XRayTime;3;
XRayVoltage;40;
XRayCurrent;0.5;
UVEnabled;False;
UVIntensity;0;
UVTime;0;
UVLeadTime;0;
UVWavelength;0;
PowSweepFrom;1;
PowSweepTo;5;
PowSweepSteps;5;
AmpModSweepFrom;0;
AmpModSweepTo;1;
AmpModSweepSteps;10;
ExtTriggerEnabled;False;
ExtTrigLeadTime;0;
ExtTrigOnTime;5;

Meas
BField [mT];MW_Absorption []
313.016418609619;537.369161684061
313.038045265396;536.945616976505
313.059671921173;536.499360224088
313.081298576949;535.997201055374
313.102925232726;535.42059845879
313.124551888503;534.786965552116
313.14617854428;534.110225974815
313.167805200057;533.399073967689
313.189431855833;532.658835144424
313.21105851161;531.882680133188
313.232685167387;531.042555804392
313.254311823164;530.135511466599
313.27593847894;529.162846446439
313.297565134717;528.156290502681
313.319191790494;527.161255506956
313.340818446271;526.178109856587
313.362445102048;525.209561727138
313.384071757824;524.263351650888
313.405698413601;523.337040264952
313.427325069378;522.432548952043
313.448951725155;521.559346355733
313.470578380932;520.732888265998
313.492205036708;519.950732146201
313.513831692485;519.19426226532
313.535458348262;518.454736659872
313.557085004039;517.753189228054
313.578711659815;517.084650849866
313.600338315592;516.416190801979
313.621964971369;515.733170727137
313.643591627146;515.048955348351
313.665218282922;514.367776666242
313.686844938699;513.689730601518
313.708471594476;513.011861607089
313.730098250253;512.343924938828
313.75172490603;511.68150078592
313.773351561806;510.993253106085
313.794978217583;510.272416345564
313.81660487336;509.533543789814
313.838231529137;508.798046190664
313.859858184913;508.074655347463
313.88148484069;507.363277663354
313.903111496467;506.674086383083
313.924738152244;506.002698065831
313.946364808021;505.326071141999
313.967991463797;504.673378937193
313.989618119574;504.066495035606
314.011244775351;503.502598802878
314.032871431128;502.961718338726
314.054498086905;502.433367577342
314.076124742681;501.935540197531
314.097751398458;501.485441166962
314.119378054235;501.063699512949
314.141004710012;500.643531067295
314.162631365788;500.217284151986
314.184258021565;499.799747641454
314.205884677342;499.391744788088
314.227511333119;498.973339273925
314.249137988896;498.537479897302
314.270764644672;498.088523302117
314.292391300449;497.630247114688
314.314017956226;497.169858935659
314.335644612003;496.710706478205
314.357271267779;496.249822996251
314.378897923556;495.78844007885
314.400524579333;495.338968299899
314.42215123511;494.900170074192
314.443777890887;494.45706003061
314.465404546663;493.992170151706
314.48703120244;493.50258814765
314.508657858217;493.012020991292
314.530284513994;492.523749676248
314.55191116977;492.010931306526
314.573537825547;491.454326859658
314.595164481324;490.884954247403
314.616791137101;490.323398243784
314.638417792878;489.777001790728
314.660044448654;489.240321548022
314.681671104431;488.696015816693
314.703297760208;488.126167670829
314.724924415985;487.532637523584
314.746551071761;486.939377001319
314.768177727538;486.345453628078
314.789804383315;485.732844765269
314.811431039092;485.108259987775
314.833057694869;484.493699783984
314.854684350645;483.872260643722
314.876311006422;483.227107744071
314.897937662199;482.557962137849
314.919564317976;481.840626236397
314.941190973753;481.066292785595
314.962817629529;480.275026046396
314.984444285306;479.483741495183
315.006070941083;478.695693353884
315.02769759686;477.913764628097
315.049324252636;477.131008215611
315.070950908413;476.346441060357
315.09257756419;475.565326443713
315.114204219967;474.786019619603
315.135830875743;474.038059408989
315.15745753152;473.348106499901
315.179084187297;472.712638837144
315.200710843074;472.132167262097
315.222337498851;471.617137058691
315.243964154627;471.165090017958
315.265590810404;470.762016079786
315.287217466181;470.405665535294
315.308844121958;470.113604890654
315.330470777734;469.885418430505
315.352097433511;469.697549982354
315.373724089288;469.528067739858
315.395350745065;469.362389242969
315.416977400842;469.184515244936
315.438604056618;468.971256217741
315.460230712395;468.701419513173
315.481857368172;468.355875585305
315.503484023949;467.922529476112
315.525110679726;467.422754050725
315.546737335502;466.869835278815
315.568363991279;466.246806022283
315.589990647056;465.527635126699
315.611617302833;464.708205555593
315.633243958609;463.800128894289
315.654870614386;462.834832704624
315.676497270163;461.846317128831
315.69812392594;460.865775135813
315.719750581717;459.911234231515
315.741377237493;458.956352679363
315.76300389327;457.969779505353
315.784630549047;457.018944269689
315.806257204824;456.156829623414
315.8278838606;455.35599511179
315.849510516377;454.590348579866
315.871137172154;453.842039045136
315.892763827931;453.122011127488
315.914390483708;452.449470927499
315.936017139484;451.835109428126
315.957643795261;451.271687187287
315.979270451038;450.748490172751
316.000897106815;450.266883341586
316.022523762591;449.824005599817
316.044150418368;449.397185076515
316.065777074145;448.959046373073
316.087403729922;448.472783344153
316.109030385699;447.918257819666
316.130657041475;447.324587153561
316.152283697252;446.690149810988
316.173910353029;445.994416748148
316.195537008806;445.234789398547
316.217163664582;444.417451028027
316.238790320359;443.534648391942
316.260416976136;442.569350628122
316.282043631913;441.520544105575
316.30367028769;440.426470235049
316.325296943466;439.34151038291
316.346923599243;438.284438895243
316.36855025502;437.251841591128
316.390176910797;436.242658576621
316.411803566574;435.277874499296
316.43343022235;434.386257989608
316.455056878127;433.565520257651
316.476683533904;432.792763610337
316.498310189681;432.06687774534
316.519936845457;431.413552899161
316.541563501234;430.843106031529
316.563190157011;430.337611269827
316.584816812788;429.876035279675
316.606443468564;429.449586075275
316.628070124341;429.058466655788
316.649696780118;428.69832924544
316.671323435895;428.361145421405
316.692950091672;428.041742331759
316.714576747448;427.7397926984
316.736203403225;427.446650407278
316.757830059002;427.150454975637
316.779456714779;426.843742585443
316.801083370555;426.520063584979
316.822710026332;426.167213317524
316.844336682109;425.779686648029
316.865963337886;425.38036095047
316.887589993663;424.985794271504
316.909216649439;424.600618697807
316.930843305216;424.212272143154
316.952469960993;423.81163441699
316.97409661677;423.397590342643
316.995723272547;422.974478203421
317.017349928323;422.557909933831
317.0389765841;422.15352549571
317.060603239877;421.746462773179
317.082229895654;421.321735030172
317.10385655143;420.876347040392
317.125483207207;420.413847647498
317.147109862984;419.920686023767
317.168736518761;419.392556106688
317.190363174538;418.846132060403
317.211989830314;418.276452059056
317.233616486091;417.690373494498
317.255243141868;417.08350361415
317.276869797645;416.462881763453
317.298496453421;415.850437978521
317.320123109198;415.254019761676
317.341749764975;414.66672645016
317.363376420752;414.085013683507
317.385003076529;413.53591998163
317.406629732305;413.043269418809
317.428256388082;412.605363837527
317.449883043859;412.207771090463
317.471509699636;411.840901501
317.493136355412;411.495505967278
317.514763011189;411.167335706187
317.536389666966;410.85334729228
317.558016322743;410.541901766956
317.57964297852;410.214493591856
317.601269634296;409.861155239964
317.622896290073;409.478760503847
317.64452294585;409.067847045784
317.666149601627;408.636486528236
317.687776257403;408.185329627133
317.70940291318;407.705806128541
317.731029568957;407.177659954553
317.752656224734;406.586367639199
317.774282880511;405.96419417877
317.795909536287;405.338591844053
317.817536192064;404.702143968732
317.839162847841;404.03131071314
317.860789503618;403.33050772335
317.882416159395;402.61640000653
317.904042815171;401.906872859532
317.925669470948;401.207258450905
317.947296126725;400.506032371154
317.968922782502;399.777574946633
317.990549438278;399.019136043245
318.012176094055;398.261261385153
318.033802749832;397.515927334511
318.055429405609;396.787790921281
318.077056061385;396.081940967219
318.098682717162;395.382134425347
318.120309372939;394.666017873668
318.141936028716;393.949552111749
318.163562684493;393.247240171808
318.185189340269;392.562060667329
318.206815996046;391.89009000223
318.228442651823;391.219636664844
318.2500693076;390.55044181306
318.271695963376;389.901828752152
318.293322619153;389.282256438221
318.31494927493;388.682621375003
318.336575930707;388.102839391808
318.358202586484;387.554668545216
318.37982924226;387.043249251193
318.401455898037;386.566832838108
318.423082553814;386.125464089404
318.444709209591;385.730201057538
318.466335865368;385.381283263128
318.487962521144;385.069069491352
318.509589176921;384.789258446883
318.531215832698;384.527152229871
318.552842488475;384.261208180092
318.574469144251;383.980267051872
318.596095800028;383.692355922883
318.617722455805;383.397779633816
318.639349111582;383.086302806305
318.660975767359;382.750807271245
318.682602423135;382.383328778007
318.704229078912;381.971810057055
318.725855734689;381.513411946246
318.747482390466;381.026162455888
318.769109046242;380.522330777149
318.790735702019;380.002920205892
318.812362357796;379.484947551237
318.833989013573;378.989670379027
318.85561566935;378.51829707581
318.877242325126;378.06516677759
318.898868980903;377.628431883082
318.92049563668;377.216917787383
318.942122292457;376.83879390068
318.963748948233;376.480732818378
318.98537560401;376.122449562089
319.007002259787;375.742218036437
319.028628915564;375.319887641987
319.050255571341;374.865955088702
319.071882227117;374.393698230489
319.093508882894;373.885100502354
319.115135538671;373.325823116305
319.136762194448;372.727326375023
319.158388850224;372.108868334317
319.180015506001;371.477581248458
319.201642161778;370.836531130156
319.223268817555;370.212556981578
319.244895473332;369.624871727449
319.266522129108;369.075444560345
319.288148784885;368.55190060776
319.309775440662;368.046282767084
319.331402096439;367.57417413369
319.353028752215;367.153025858153
319.374655407992;366.786612161739
319.396282063769;366.470547801175
319.417908719546;366.204744857728
319.439535375323;365.992832990553
319.461162031099;365.822945768996
319.482788686876;365.677725394447
319.504415342653;365.542618904164
319.52604199843;365.416321720824
319.547668654206;365.293823534533
319.569295309983;365.163764739448
319.59092196576;365.018639275365
319.612548621537;364.858732457443
319.634175277314;364.683166842473
319.65580193309;364.490093078445
319.677428588867;364.272228977598
319.699055244644;364.012739093719
319.720681900421;363.703420055673
319.742308556197;363.375098471311
319.763935211974;363.042003598679
319.785561867751;362.694064965897
319.807188523528;362.319567044539
319.828815179305;361.924958703953
319.850441835081;361.524664999917
319.872068490858;361.12625181795
319.893695146635;360.737706041991
319.915321802412;360.358968583297
319.936948458189;360.014164403363
319.958575113965;359.722347630937
319.980201769742;359.493487127078
320.001828425519;359.332574923291
320.023455081296;359.236492517452
320.045081737072;359.204681158598
320.066708392849;359.234340237695
320.088335048626;359.324287643631
320.109961704403;359.476131788031
320.13158836018;359.693085035161
320.153215015956;359.972622988725
320.174841671733;360.302996544198
320.19646832751;360.686901068122
320.218094983287;361.127598979998
320.239721639063;361.592164457886
320.26134829484;362.036183572349
320.282974950617;362.439723415411
320.304601606394;362.786938113358
320.326228262171;363.048707119938
320.347854917947;363.207476329678
320.369481573724;363.239698184087
320.391108229501;363.11013070505
320.412734885278;362.785978673302
320.434361541054;362.254008047845
320.455988196831;361.514500119364
320.477614852608;360.578325828945
320.499241508385;359.4377769603
320.520868164162;358.09313076963
320.542494819938;356.608938601321
320.564121475715;355.042563328738
320.585748131492;353.412820675693
320.607374787269;351.744661501415
320.629001443045;350.088003703882
320.650628098822;348.495119404271
320.672254754599;346.986670381002
320.693881410376;345.584645816287
320.715508066153;344.353593337947
320.737134721929;343.307652676504
320.758761377706;342.424856536598
320.780388033483;341.695533868874
320.80201468926;341.124125258706
320.823641345036;340.688312545537
320.845268000813;340.34994251299
320.86689465659;340.076656626635
320.888521312367;339.843762501363
320.910147968144;339.624099103529
320.93177462392;339.390348354338
320.953401279697;339.116464002807
320.975027935474;338.775532599764
320.996654591251;338.342079574467
321.018281247027;337.814960021607
321.039907902804;337.20030309014
321.061534558581;336.495554590727
321.083161214358;335.696805359713
321.104787870135;334.80055886321
321.126414525911;333.80138736149
321.148041181688;332.713396996052
321.169667837465;331.569972742262
321.191294493242;330.377212493956
321.212921149018;329.106435811033
321.234547804795;327.731609330637
321.256174460572;326.365179282864
321.277801116349;325.075665763797
321.299427772126;323.887616177132
321.321054427902;322.80231109233
321.342681083679;321.806169030473
321.364307739456;320.877265768507
321.385934395233;320.029219281444
321.40756105101;319.306392916302
321.429187706786;318.715845534916
321.450814362563;318.247224839916
321.47244101834;317.8970614106
321.494067674117;317.662448664071
321.515694329893;317.527356748902
321.53732098567;317.464712260484
321.558947641447;317.448979629821
321.580574297224;317.463100033995
321.602200953001;317.501181599088
321.623827608777;317.557687594175
321.645454264554;317.616487907153
321.667080920331;317.664397991775
321.688707576108;317.697623374432
321.710334231884;317.713576242226
321.731960887661;317.70445332535
321.753587543438;317.660746599735
321.775214199215;317.584053019497
321.796840854992;317.48310192624
321.818467510768;317.366364281921
321.840094166545;317.235380683725
321.861720822322;317.085322057114
321.883347478099;316.909874585327
321.904974133875;316.71150254496
321.926600789652;316.497201189144
321.948227445429;316.264565110131
321.969854101206;316.010003458521
321.991480756983;315.737309571047
322.013107412759;315.452657924171
322.034734068536;315.160062610186
322.056360724313;314.874050556372
322.07798738009;314.617213070338
322.099614035866;314.394377965196
322.121240691643;314.20096013979
322.14286734742;314.028086457734
322.164494003197;313.874495749437
322.186120658974;313.750471639537
322.20774731475;313.666018368698
322.229373970527;313.610548459743
322.251000626304;313.568791615197
322.272627282081;313.525081939834
322.294253937857;313.46071002672
322.315880593634;313.362441862104
322.337507249411;313.219388212605
322.359133905188;313.013843014603
322.380760560965;312.730819935271
322.402387216741;312.357035313385
322.424013872518;311.88494597589
322.445640528295;311.335751821708
322.467267184072;310.718994717783
322.488893839848;310.029854866347
322.510520495625;309.272658926053
322.532147151402;308.471224009988
322.553773807179;307.622141287526
322.575400462956;306.689840615011
322.597027118732;305.657130478442
322.618653774509;304.548241699882
322.640280430286;303.404222729774
322.661907086063;302.279951341993
322.683533741839;301.154973502491
322.705160397616;300.006973130234
322.726787053393;298.855612585551
322.74841370917;297.745789896396
322.770040364947;296.732016633259
322.791667020723;295.797618725308
322.8132936765;294.910404142742
322.834920332277;294.048116096476
322.856546988054;293.198217538273
322.878173643831;292.380684723807
322.899800299607;291.631399162694
322.921426955384;290.939331630972
322.943053611161;290.278932725536
322.964680266938;289.645206066042
322.986306922714;289.037670028379
323.007933578491;288.447069309138
323.029560234268;287.858306137803
323.051186890045;287.245598635721
323.072813545822;286.587866188084
323.094440201598;285.900691001041
323.116066857375;285.260304411198
323.137693513152;284.681953572573
323.159320168929;284.132044421216
323.180946824705;283.608637060795
323.202573480482;283.113513511295
323.224200136259;282.648774253562
323.245826792036;282.230024099541
323.267453447813;281.867027558637
323.289080103589;281.546408278268
323.310706759366;281.251694660476
323.332333415143;280.964703739124
323.35396007092;280.679129206355
323.375586726696;280.399362966751
323.397213382473;280.126532202807
323.41884003825;279.849853836792
323.440466694027;279.554673869224
323.462093349804;279.229668409037
323.48372000558;278.879192944045
323.505346661357;278.512903987807
323.526973317134;278.128583272547
323.548599972911;277.712250320041
323.570226628687;277.266163766697
323.591853284464;276.79209260233
323.613479940241;276.287113302041
323.635106596018;275.747927103468
323.656733251795;275.163875294678
323.678359907571;274.549091247794
323.699986563348;273.943876462503
323.721613219125;273.342693947263
323.743239874902;272.734884540028
323.764866530678;272.115215348782
323.786493186455;271.492035002462
323.808119842232;270.854411435401
323.829746498009;270.198580277886
323.851373153786;269.551287293231
323.872999809562;268.934261505084
323.894626465339;268.338188189117
323.916253121116;267.739355887657
323.937879776893;267.118164503616
323.959506432669;266.471147582856
323.981133088446;265.81383947842
324.002759744223;265.154103693635
324.0243864;264.46424807273
324.046013055777;263.745355773618
324.067639711553;263.013498961892
324.08926636733;262.28283734283
324.110893023107;261.57096663744
324.132519678884;260.890498220393
324.15414633466;260.234225947945
324.175772990437;259.579640475083
324.197399646214;258.926986999012
324.219026301991;258.291050677518
324.240652957768;257.666492844588
324.262279613544;257.051425968334
324.283906269321;256.441596498004
324.305532925098;255.842658363661
324.327159580875;255.25051178236
324.348786236652;254.667102319848
324.370412892428;254.09168052678
324.392039548205;253.520446372352
324.413666203982;252.938536218345
324.435292859759;252.322784883387
324.456919515535;251.644405199161
324.478546171312;250.884126415218
324.500172827089;250.042000538022
324.521799482866;249.1130707145
324.543426138643;248.075333728143
324.565052794419;246.92311101045
324.586679450196;245.667883756088
324.608306105973;244.320389605967
324.62993276175;242.878061438188
324.651559417526;241.329480187638
324.673186073303;239.632507211328
324.69481272908;237.824004411546
324.716439384857;236.023273907147
324.738066040634;234.224196064633
324.75969269641;232.363452792191
324.781319352187;230.46087300015
324.802946007964;228.602663441519
324.824572663741;226.861269439301
324.846199319517;225.241895854754
324.867825975294;223.708331392199
324.889452631071;222.280935915736
324.911079286848;220.970389636982
324.932705942625;219.781629278814
324.954332598401;218.68542473885
324.975959254178;217.67448116227
324.997585909955;216.750508814664
325.019212565732;215.900030312345
325.040839221508;215.10954415337
325.062465877285;214.376567789834
325.084092533062;213.679568524107
325.105719188839;213.002824269164
325.127345844616;212.376780313911
325.148972500392;211.830769072152
325.170599156169;211.360412066014
325.192225811946;210.953849605917
325.213852467723;210.602184934694
325.235479123499;210.289918567781
325.257105779276;210.000973821549
325.278732435053;209.724843391435
325.30035909083;209.450261194413
325.321985746607;209.158572762749
325.343612402383;208.844916731712
325.36523905816;208.512383058501
325.386865713937;208.154419496712
325.408492369714;207.75522930641
325.43011902549;207.302246321643
325.451745681267;206.779092710043
325.473372337044;206.175043411803
325.494998992821;205.506607513373
325.516625648598;204.778257409142
325.538252304374;203.965463720636
325.559878960151;203.046118067241
325.581505615928;202.028680569565
325.603132271705;200.941367941426
325.624758927481;199.810410759568
325.646385583258;198.664194350303
325.668012239035;197.537529210418
325.689638894812;196.455207833915
325.711265550589;195.381898190022
325.732892206365;194.280902875099
325.754518862142;193.167128528744
325.776145517919;192.085116621025
325.797772173696;191.059915235023
325.819398829473;190.08185344352
325.841025485249;189.148340108414
325.862652141026;188.246471850296
325.884278796803;187.364583964148
325.90590545258;186.521028082726
325.927532108356;185.741303857988
325.949158764133;185.005566467754
325.97078541991;184.282976750164
325.992412075687;183.541780408223
326.014038731464;182.763896662851
326.03566538724;181.969400578202
326.057292043017;181.171957039904
326.078918698794;180.376255350094
326.100545354571;179.583653878997
326.122172010347;178.796460534668
326.143798666124;178.010338485372
326.165425321901;177.210721889273
326.187051977678;176.410215826533
326.208678633455;175.631397583133
326.230305289231;174.865941679611
326.251931945008;174.094125456073
326.273558600785;173.278864665596
326.295185256562;172.380047269458
326.316811912338;171.430774130225
326.338438568115;170.481863455952
326.360065223892;169.515856317682
326.381691879669;168.511774778383
326.403318535446;167.445651947179
326.424945191222;166.31812431014
326.446571846999;165.193629691235
326.468198502776;164.095066598047
326.489825158553;162.999042880254
326.511451814329;161.884860767532
326.533078470106;160.768633114706
326.554705125883;159.693027219777
326.57633178166;158.659323253918
326.597958437437;157.657703224739
326.619585093213;156.660171190448
326.64121174899;155.651321189083
326.662838404767;154.656592018995
326.684465060544;153.681313400274
326.70609171632;152.701110446585
326.727718372097;151.701944382553
326.749345027874;150.697797857799
326.770971683651;149.68769449234
326.792598339428;148.629488149184
326.814224995204;147.495326403824
326.835851650981;146.314047219331
326.857478306758;145.111065308037
326.879104962535;143.866762195102
326.900731618311;142.513203665429
326.922358274088;141.006753578502
326.943984929865;139.433162818406
326.965611585642;137.870398668803
326.987238241419;136.307107127988
327.008864897195;134.67951388958
327.030491552972;132.961644095862
327.052118208749;131.2225359804
327.073744864526;129.541011129463
327.095371520302;127.951009817571
327.116998176079;126.418931208273
327.138624831856;124.956243652617
327.160251487633;123.593338036867
327.18187814341;122.35176633925
327.203504799186;121.226226887262
327.225131454963;120.188016994641
327.24675811074;119.211462741177
327.268384766517;118.312513901881
327.290011422294;117.54779741233
327.31163807807;116.9295460782
327.333264733847;116.434347394857
327.354891389624;116.038620716199
327.376518045401;115.722163125807
327.398144701177;115.481471927154
327.419771356954;115.321323987081
327.441398012731;115.217975590818
327.463024668508;115.151674875047
327.484651324285;115.108472229168
327.506277980061;115.078896957006
327.527904635838;115.05755985795
327.549531291615;115.039527577077
327.571157947392;115.01570183867
327.592784603168;114.977075895428
327.614411258945;114.926150027188
327.636037914722;114.865153685748
327.657664570499;114.789211147424
327.679291226276;114.694753242135
327.700917882052;114.577362950538
327.722544537829;114.431153983268
327.744171193606;114.252213831082
327.765797849383;114.033355756456
327.787424505159;113.763275248872
327.809051160936;113.435480117072
327.830677816713;113.065766497737
327.85230447249;112.675523542012
327.873931128267;112.254271872713
327.895557784043;111.76808952573
327.91718443982;111.219885276637
327.938811095597;110.658940860053
327.960437751374;110.117094813163
327.98206440715;109.579806103403
328.003691062927;109.034454690097
328.025317718704;108.50101449334
328.046944374481;107.997677939828
328.068571030258;107.510260759051
328.090197686034;107.009877595239
328.111824341811;106.480745438497
328.133450997588;105.937565961792
328.155077653365;105.399899273224
328.176704309141;104.860705082207
328.198330964918;104.309099903112
328.219957620695;103.755808362314
328.241584276472;103.20013705133
328.263210932249;102.616407137547
328.284837588025;101.982665163871
328.306464243802;101.309157092251
328.328090899579;100.608133061903
328.349717555356;99.8919107298897
328.371344211132;99.1548584005458
328.392970866909;98.3870706592871
328.414597522686;97.5981460149151
328.436224178463;96.8083198860859
328.45785083424;96.0370021463033
328.479477490016;95.3216947701521
328.501104145793;94.6821985428115
328.52273080157;94.1072748366333
328.544357457347;93.577283286644
328.565984113123;93.0879009790922
328.5876107689;92.6517637512846
328.609237424677;92.2675808494388
328.630864080454;91.9297781586156
328.652490736231;91.6283761143581
328.674117392007;91.3467892079526
328.695744047784;91.0735401249
328.717370703561;90.8030066846224
328.738997359338;90.525362464253
328.760624015115;90.2207368562802
328.782250670891;89.8650243265697
328.803877326668;89.4456441421056
328.825503982445;88.9696946640554
328.847130638222;88.4449834257928
328.868757293998;87.8535316874905
328.890383949775;87.1838966097427
328.912010605552;86.4511999489022
328.933637261329;85.6811080393126
328.955263917106;84.8991331811459
328.976890572882;84.122612247909
328.998517228659;83.346256296079
329.020143884436;82.5558247181945
329.041770540213;81.7607631667585
329.063397195989;80.9997392417216
329.085023851766;80.2977014460599
329.106650507543;79.6638257393245
329.12827716332;79.1197202825215
329.149903819097;78.6756244972831
329.171530474873;78.3076178403779
329.19315713065;77.9990551513057
329.214783786427;77.7478067031527
329.236410442204;77.5480198115321
329.25803709798;77.3919680446012
329.279663753757;77.265428876928
329.301290409534;77.1469548314703
329.322917065311;77.023150762597
329.344543721088;76.8905467282417
329.366170376864;76.7441948155212
329.387797032641;76.5717529502372
329.409423688418;76.3668349330847
329.431050344195;76.1359495402523
329.452676999971;75.8784485468977
329.474303655748;75.5868301379873
329.495930311525;75.249834636015
329.517556967302;74.8563987621343
329.539183623079;74.4031359721899
329.560810278855;73.8956175699228
329.582436934632;73.3409068294113
329.604063590409;72.7346047302595
329.625690246186;72.067621840707
329.647316901962;71.3343713762453
329.668943557739;70.5364883034791
329.690570213516;69.7023230032333
329.712196869293;68.8619602085983
329.73382352507;68.0214053889997
329.755450180846;67.1874274580078
329.777076836623;66.3572579236404
329.7987034924;65.5353883276993
329.820330148177;64.7399127017933
329.841956803954;63.9488282042016
329.86358345973;63.1503128397387
329.885210115507;62.3457632459989
329.906836771284;61.5393295952954
329.928463427061;60.7281394705149
329.950090082837;59.9058849287803
329.971716738614;59.0635104169532
329.993343394391;58.1783646448902
330.014970050168;57.2569495557891
330.036596705944;56.3310489192514
330.058223361721;55.4014092836933
330.079850017498;54.4610209312994
330.101476673275;53.5392131943861
330.123103329052;52.6486325835287
330.144729984828;51.8069247504504
330.166356640605;51.0126462720403
330.187983296382;50.2417655412322
330.209609952159;49.4904250559609
330.231236607936;48.7809025389319
330.252863263712;48.1294597694693
330.274489919489;47.5414352210576
330.296116575266;47.002167078498
330.317743231043;46.4762814338284
330.339369886819;45.940703149323
330.360996542596;45.393060972752
330.382623198373;44.8448306808806
330.40424985415;44.3255866229015
330.425876509927;43.8332809819063
330.447503165703;43.3560831009361
330.46912982148;42.8818263753894
330.490756477257;42.4172512202006
330.512383133034;41.9761138645214
330.53400978881;41.5652730135474
330.555636444587;41.1778980692721
330.577263100364;40.8055822811372
330.598889756141;40.4586615634776
330.620516411918;40.1645207356885
330.642143067694;39.9218452593059
330.663769723471;39.7237546238783
330.685396379248;39.5615712458714
330.707023035025;39.4290928917687
330.728649690801;39.3258424483417
330.750276346578;39.2510543169838
330.771903002355;39.2085677915166
330.793529658132;39.1936462014992
330.815156313909;39.1868895960177
330.836782969685;39.1638523561933
330.858409625462;39.0954036312301
330.880036281239;38.9530976406693
330.901662937016;38.7138917269043
330.923289592792;38.3354452854715
330.944916248569;37.7728985516129
330.966542904346;37.004525613329
330.988169560123;36.0360103036722
331.0097962159;34.8692296611192
331.031422871676;33.4791199421396
331.053049527453;31.8080605255346
331.07467618323;29.8535270556227
331.096302839007;27.6901387550207
331.117929494783;25.4255606513013
331.13955615056;23.1793195378161
331.161182806337;21.0585366268025
331.182809462114;19.0529305270832
331.204436117891;17.1742353095839
331.226062773667;15.5518562851909
331.247689429444;14.2972110444508
331.269316085221;13.3775165296867
331.290942740998;12.7307493609493
331.312569396775;12.3564238534693
331.334196052551;12.2874145748561
331.355822708328;12.4579396690306
331.377449364105;12.796880715021
331.399076019882;13.2526902567425
331.420702675658;13.7774821756882
331.442329331435;14.3353072972631
331.463955987212;14.8992768966223
331.485582642989;15.4426845289813
331.507209298765;15.9485916901436
331.528835954542;16.4150510410568
331.550462610319;16.866176119913
331.572089266096;17.3131938995224
331.593715921873;17.7552708371196
331.615342577649;18.21176004112
331.636969233426;18.6955612620936
331.658595889203;19.2099882541971
331.68022254498;19.7475123244812
331.701849200757;20.3082316919035
331.723475856533;20.9031176495421
331.74510251231;21.5203023518453
331.766729168087;22.1371060830492
331.788355823864;22.7519659139291
331.80998247964;23.3759016057849
331.831609135417;24.0120863492667
331.853235791194;24.653252703521
331.874862446971;25.3108329777573
331.896489102748;25.9797564075601
331.918115758524;26.6535180240202
331.939742414301;27.3257458970474
331.961369070078;27.9792774445048
331.982995725855;28.6109147435533
332.004622381631;29.2277344485116
332.026249037408;29.8374182760484
332.047875693185;30.445977302319
332.069502348962;31.0610991792315
332.091129004739;31.6935098788244
332.112755660515;32.3599740082732
332.134382316292;33.0745891316318
332.156008972069;33.8679311959282
332.177635627846;34.7293920111869
332.199262283622;35.6561244871308
332.220888939399;36.6714729718001
332.242515595176;37.8242009543063
332.264142250953;39.1382817015817
332.28576890673;40.6226013688388
332.307395562506;42.2624916012587
332.329022218283;44.0351339068353
332.35064887406;45.9912121480156
332.372275529837;48.1252642286269
332.393902185613;50.317264182084
332.41552884139;52.4748386006117
332.437155497167;54.5970463144035
332.458782152944;56.6935297500252
332.480408808721;58.7572367132602
332.502035464497;60.7692557541575
332.523662120274;62.7084289124896
332.545288776051;64.492700230184
332.566915431828;66.1210569681346
332.588542087604;67.5936384469751
332.610168743381;68.8958419434354
332.631795399158;70.0213572329143
332.653422054935;70.9889482765373
332.675048710712;71.8045379888843
332.696675366488;72.4810621624085
332.718302022265;73.0508741076366
332.739928678042;73.5607520180969
332.761555333819;74.063502305876
332.783181989596;74.6078502438976
332.804808645372;75.2448916291144
332.826435301149;76.0321074107894
332.848061956926;77.0119536471557
332.869688612703;78.2433446803236
332.891315268479;79.7749742640073
332.912941924256;81.5800766921996
332.934568580033;83.6242691793619
332.95619523581;85.8967517763128
332.977821891586;88.4090960769025
332.999448547363;91.156415913161
333.02107520314;94.0511634200944
333.042701858917;96.8803110886126
333.064328514694;99.4611675094669
333.08595517047;101.702926314193
333.107581826247;103.500550209014
333.129208482024;104.687773599232
333.150835137801;105.048245077056
333.172461793578;104.575238573984
333.194088449354;103.268312623715
333.215715105131;101.198124646483
333.237341760908;98.4374027440001
333.258968416685;94.9507446905192
333.280595072461;90.9327341634825
333.302221728238;86.8289494218493
333.323848384015;82.7858673218588
333.345475039792;79.1065690082968
333.367101695569;76.0690471798732
333.388728351345;73.7823495640617
333.410355007122;72.3721081720359
333.431981662899;71.9387655821677
333.453608318676;72.4939518155384
333.475234974452;74.0455728445815
333.496861630229;76.6288397068672
333.518488286006;80.3383915912162
333.540114941783;85.0843022063212
333.56174159756;90.5518190819986
333.583368253336;96.6702788485766
333.604994909113;103.482718571431
333.62662156489;110.946043670939
333.648248220667;118.889179777699
333.669874876443;126.986916071719
333.69150153222;135.337001619611
333.713128187997;144.035670242415
333.734754843774;153.024504705415
333.756381499551;162.11721326621
333.778008155327;171.035626084632
333.799634811104;179.750864811766
333.821261466881;188.26108806348
333.842888122658;196.29862041619
333.864514778434;203.788768051934
333.886141434211;210.446114417955
333.907768089988;216.230098186406
333.929394745765;221.043545528307
333.951021401542;224.707573879972
333.972648057318;227.057550767241
333.994274713095;228.04668415384
334.015901368872;227.737050298916
334.037528024649;226.315058128939
334.059154680425;223.938742225474
334.080781336202;220.72441481917
334.102407991979;216.87696774598
334.124034647756;212.787056840617
334.145661303533;208.803335945702
334.167287959309;205.135791036903
334.188914615086;201.897090019313
334.210541270863;199.214157242777
334.23216792664;197.330389765762
334.253794582417;196.472828033031
334.275421238193;196.73459126043
334.29704789397;198.088839525991
334.318674549747;200.431676917422
334.340301205524;203.664925966476
334.3619278613;207.719359510701
334.383554517077;212.375184011686
334.405181172854;217.360075110357
334.426807828631;222.497473348709
334.448434484407;227.627619404233
334.470061140184;232.580747557046
334.491687795961;237.312845959333
334.513314451738;241.947592153466
334.534941107515;246.51074146812
334.556567763291;250.792741827592
334.578194419068;254.718703091397
334.599821074845;258.445485138462
334.621447730622;262.154159718351
334.643074386399;266.032416958883
334.664701042175;270.197325347671
334.686327697952;274.795904527949
334.707954353729;280.153317265624
334.729581009506;286.614943057894
334.751207665282;294.423663926316
334.772834321059;303.74889172435
334.794460976836;314.946556564467
334.816087632613;328.619940340101
334.83771428839;345.511591109162
334.859340944166;366.490049081832
334.880967599943;392.27425234944
334.90259425572;423.149642426612
334.924220911497;459.610461317463
334.945847567273;503.011684244308
334.96747422305;554.66363095247
334.989100878827;616.066021110447
335.010727534604;690.074843824313
335.032354190381;774.754322215912
335.053980846157;868.671263319594
335.075607501934;976.075992756063
335.097234157711;1101.0753470536
335.118860813488;1244.19130533151
335.140487469264;1402.31473179748
335.162114125041;1575.12889788785
335.183740780818;1769.25632211867
335.205367436595;1996.27630915258
335.226994092372;2249.00965008281
335.248620748148;2499.94589051486
335.270247403925;2740.51601511461
335.291874059702;2984.60533141321
335.313500715479;3234.86691235209
335.335127371255;3471.28622347777
335.356754027032;3681.4425099277
335.378380682809;3863.56785219519
335.400007338586;4008.09113843206
335.421633994363;4106.32044672172
335.443260650139;4149.99649333474
335.464887305916;4128.30582202607
335.486513961693;4032.6626487616
335.50814061747;3859.78543375502
335.529767273246;3610.79375284856
335.551393929023;3288.46118711563
335.5730205848;2890.65766550522
335.594647240577;2421.02579812248
335.616273896354;1907.72931823083
335.63790055213;1371.52302817415
335.659527207907;814.289333606677
335.681153863684;250.778327310808
335.702780519461;-303.336513878
335.724407175238;-837.472110570589
335.746033831014;-1335.20988106064
335.767660486791;-1784.3118717638
335.789287142568;-2185.06997954835
335.810913798345;-2537.21692627633
335.832540454121;-2830.69304445983
335.854167109898;-3037.87257257693
335.875793765675;-3168.72188952717
335.897420421452;-3244.38483078995
335.919047077228;-3269.12458162578
335.940673733005;-3253.89502428692
335.962300388782;-3204.92571540917
335.983927044559;-3127.78803913274
336.005553700336;-3028.0411829252
336.027180356112;-2913.14888210859
336.048807011889;-2792.02158235347
336.070433667666;-2669.00528205206
336.092060323443;-2548.65924529101
336.113686979219;-2436.64338823282
336.135313634996;-2334.49606360397
336.156940290773;-2240.80638759207
336.17856694655;-2155.18301957313
336.200193602327;-2079.30162693795
336.221820258103;-2016.43193257048
336.24344691388;-1969.39752359758
336.265073569657;-1935.74613533857
336.286700225434;-1910.73666594816
336.308326881211;-1892.20680574152
336.329953536987;-1879.50438798078
336.351580192764;-1871.16737942844
336.373206848541;-1864.73021361276
336.394833504318;-1858.20028621259
336.416460160094;-1849.45451549096
336.438086815871;-1836.36298571512
336.459713471648;-1817.95332192968
336.481340127425;-1793.43451652679
336.502966783202;-1761.14761438723
336.524593438978;-1719.50229705132
336.546220094755;-1669.00755449285
336.567846750532;-1611.7002330045
336.589473406309;-1548.99184215511
336.611100062085;-1481.47645731216
336.632726717862;-1409.77882882992
336.654353373639;-1335.84632904289
336.675980029416;-1261.07643206665
336.697606685193;-1185.92272463392
336.719233340969;-1110.3799523307
336.740859996746;-1034.93819275129
336.762486652523;-962.205596226317
336.7841133083;-894.14079174782
336.805739964076;-829.731055544922
336.827366619853;-767.961384411389
336.84899327563;-710.119178171775
336.870619931407;-659.322138483766
336.892246587184;-614.957975588502
336.91387324296;-575.411008593371
336.935499898737;-540.231118052389
336.957126554514;-509.075780691947
336.978753210291;-481.580987417731
337.000379866067;-456.652835178423
337.022006521844;-433.519954718174
337.043633177621;-411.9269191656
337.065259833398;-392.382141363814
337.086886489175;-374.93000964506
337.108513144951;-358.813885755638
337.130139800728;-343.444278358772
337.151766456505;-329.13249441073
337.173393112282;-316.044924760815
337.195019768059;-303.861109355502
337.216646423835;-292.559405934959
337.238273079612;-282.137998287653
337.259899735389;-272.423808486326
337.281526391166;-263.20123649906
337.303153046942;-254.212618721783
337.324779702719;-245.250973737931
337.346406358496;-236.911783705925
337.368033014273;-229.496063695042
337.389659670049;-222.767988614275
337.411286325826;-216.640782005924
337.432912981603;-211.383339713949
337.45453963738;-207.253425147922
337.476166293157;-204.348047434072
337.497792948933;-202.673468708668
337.51941960471;-202.235135883995
337.541046260487;-203.021075335444
337.562672916264;-205.012369112525
337.58429957204;-208.098424733762
337.605926227817;-212.200690403546
337.627552883594;-217.1798917242
337.649179539371;-222.73443084625
337.670806195148;-228.449712943507
337.692432850924;-234.003911885942
337.714059506701;-239.292598276255
337.735686162478;-244.15267400832
337.757312818255;-248.288643233866
337.778939474032;-251.545447392105
337.800566129808;-253.858651807506
337.822192785585;-255.296354222649
337.843819441362;-255.961031907571
337.865446097139;-255.891910442972
337.887072752915;-255.111664871983
337.908699408692;-253.787193257741
337.930326064469;-252.107061168273
337.951952720246;-250.221836666801
337.973579376023;-248.227824772894
337.995206031799;-246.240129423455
338.016832687576;-244.417633037949
338.038459343353;-242.825312361559
338.06008599913;-241.436018953226
338.081712654906;-240.251333473832
338.103339310683;-239.297824553399
338.12496596646;-238.559244186517
338.146592622237;-237.970124785353
338.168219278014;-237.488296698983
338.18984593379;-237.049795384001
338.211472589567;-236.57781102856
338.233099245344;-236.00956114161
338.254725901121;-235.278815356586
338.276352556897;-234.319264904559
338.297979212674;-233.09703961601
338.319605868451;-231.608132360501
338.341232524228;-229.874674669554
338.362859180005;-227.875002315695
338.384485835781;-225.639449912632
338.406112491558;-223.226358889051
338.427739147335;-220.733851211895
338.449365803112;-218.162599619395
338.470992458888;-215.493025446479
338.492619114665;-212.862774499985
338.514245770442;-210.338614834773
338.535872426219;-207.874977239067
338.557499081996;-205.425758885626
338.579125737772;-203.045383360419
338.600752393549;-200.851161970723
338.622379049326;-198.879067376241
338.644005705103;-197.081403544635
338.66563236088;-195.37419020246
338.687259016656;-193.711079485015
338.708885672433;-192.13035099362
338.73051232821;-190.645212170964
338.752138983987;-189.236027840278
338.773765639763;-187.891905997061
338.79539229554;-186.632435292307
338.817018951317;-185.469033182225
338.838645607094;-184.437199273068
338.86027226287;-183.575617460415
338.881898918647;-182.893174173924
338.903525574424;-182.430402167954
338.925152230201;-182.212818215368
338.946778885978;-182.237900701625
338.968405541754;-182.497800041041
338.990032197531;-182.99249842551
339.011658853308;-183.677050382844
339.033285509085;-184.550986134421
339.054912164861;-185.59547784005
339.076538820638;-186.749067504709
339.098165476415;-187.952708954542
339.119792132192;-189.165754036621
339.141418787969;-190.347887247362
339.163045443745;-191.416963115482
339.184672099522;-192.340852954893
339.206298755299;-193.133146677036
339.227925411076;-193.776227379217
339.249552066853;-194.215111098814
339.271178722629;-194.473902486998
339.292805378406;-194.534135726194
339.314432034183;-194.424615709876
339.33605868996;-194.183838456545
339.357685345736;-193.819017595359
339.379312001513;-193.331790045195
339.40093865729;-192.757079347726
339.422565313067;-192.119765592164
339.444191968844;-191.426720704455
339.46581862462;-190.728478406553
339.487445280397;-190.081631086587
339.509071936174;-189.517488507268
339.530698591951;-189.058275154987
339.552325247727;-188.737322008515
339.573951903504;-188.600858242426
339.595578559281;-188.662084828454
339.617205215058;-188.964023113789
339.638831870835;-189.575222062708
339.660458526611;-190.521244721355
339.682085182388;-191.774311140691
339.703711838165;-193.320676088882
339.725338493942;-195.145758929636
339.746965149718;-197.149865540881
339.768591805495;-199.319393474615
339.790218461272;-201.599682138517
339.811845117049;-203.871459592856
339.833471772826;-206.094416829842
339.855098428602;-208.206402750148
339.876725084379;-210.107382443467
339.898351740156;-211.750313133502
339.919978395933;-213.096433328762
339.941605051709;-214.139274612806
339.963231707486;-214.900612886312
339.984858363263;-215.392536988691
340.00648501904;-215.650608238434
340.028111674817;-215.747275421287
340.049738330593;-215.742177523708
340.07136498637;-215.696021640073
340.092991642147;-215.663096772814
340.114618297924;-215.683850077394
340.136244953701;-215.776553292311
340.157871609477;-215.937665282761
340.179498265254;-216.150223321048
340.201124921031;-216.398526933206
340.222751576808;-216.683637384801
340.244378232584;-217.001699076938
340.266004888361;-217.326087757289
340.287631544138;-217.625250789082
340.309258199915;-217.867433167947
340.330884855691;-218.04136249388
340.352511511468;-218.158709445257
340.374138167245;-218.222640845473
340.395764823022;-218.229542111745
340.417391478799;-218.184185625244
340.439018134575;-218.101619716981
340.460644790352;-218.006252324261
340.482271446129;-217.924600446058
340.503898101906;-217.869602060113
340.525524757682;-217.840218717943
340.547151413459;-217.824902544757
340.568778069236;-217.826622143092
340.590404725013;-217.882804431871
340.61203138079;-217.996893133994
340.633658036566;-218.154772047476
340.655284692343;-218.354915599698
340.67691134812;-218.592688578577
340.698538003897;-218.862289126003
340.720164659674;-219.174518592949
340.74179131545;-219.532846821719
340.763417971227;-219.90485839786
340.785044627004;-220.273377162989
340.806671282781;-220.639443474751
340.828297938557;-221.00117342641
340.849924594334;-221.362145772584
340.871551250111;-221.730375961363
340.893177905888;-222.095882838669
340.914804561665;-222.43849537503
340.936431217441;-222.743895041645
340.958057873218;-223.002101033064
340.979684528995;-223.20467203616
341.001311184772;-223.349333936423
341.022937840548;-223.446739170328
341.044564496325;-223.507346587392
341.066191152102;-223.523628064009
341.087817807879;-223.488719220058
341.109444463656;-223.409650610142
341.131071119432;-223.299050374154
341.152697775209;-223.164427336792
341.174324430986;-223.006303848895
341.195951086763;-222.829182714564
341.217577742539;-222.638151612247
341.239204398316;-222.430539870948
341.260831054093;-222.215739170845
341.28245770987;-222.006752760554
341.304084365647;-221.810990820911
341.325711021423;-221.641404327598
341.3473376772;-221.515871821748
341.368964332977;-221.438900055163
341.390590988754;-221.4112018124
341.41221764453;-221.444651688481
341.433844300307;-221.5517078119
341.455470956084;-221.727726872737
341.477097611861;-221.968161203824
341.498724267638;-222.270991850639
341.520350923414;-222.631946372176
341.541977579191;-223.042155721204
341.563604234968;-223.497276732156
341.585230890745;-223.989016705874
341.606857546522;-224.487830972538
341.628484202298;-224.959882623774
341.650110858075;-225.397053059385
341.671737513852;-225.792840002751
341.693364169629;-226.135825776327
341.714990825405;-226.422376611135
341.736617481182;-226.653367963727
341.758244136959;-226.831481958747
341.779870792736;-226.969365068029
341.801497448512;-227.085740486293
341.823124104289;-227.19530401741
341.844750760066;-227.310387896529
341.866377415843;-227.445378079202
341.88800407162;-227.610870214947
341.909630727396;-227.799350415104
341.931257383173;-228.002391813889
341.95288403895;-228.209927794597
341.974510694727;-228.410661297279
341.996137350503;-228.600373848817
342.01776400628;-228.779702147651
342.039390662057;-228.942022281675
342.061017317834;-229.080799721212
342.082643973611;-229.20200283655
342.104270629387;-229.311933929952
342.125897285164;-229.396260356122
342.147523940941;-229.439063849755
342.169150596718;-229.443674343316
342.190777252495;-229.41214881424
342.212403908271;-229.344956707062
342.234030564048;-229.24152121408
342.255657219825;-229.101196113343
342.277283875602;-228.917429148152
342.298910531378;-228.680140415328
342.320537187155;-228.39541678065
342.342163842932;-228.08177265153
342.363790498709;-227.750074714406
342.385417154486;-227.394485818757
342.407043810262;-227.015126235195
342.428670466039;-226.622945777254
342.450297121816;-226.239304497247
342.471923777593;-225.884649272328
342.493550433369;-225.569038345117
342.515177089146;-225.297481488435
342.536803744923;-225.081602314711
342.5584304007;-224.932663231441
342.580057056477;-224.855546154479
342.601683712253;-224.854065829343
342.62331036803;-224.93012608862
342.644937023807;-225.073846005646
342.666563679584;-225.273542560234
342.68819033536;-225.525375509998
342.709816991137;-225.816921592348
342.731443646914;-226.119490768076
342.753070302691;-226.409725230129
342.774696958468;-226.690318703489
342.796323614244;-226.965701997115
342.817950270021;-227.238695944028
342.839576925798;-227.514222705624
342.861203581575;-227.796209516248
342.882830237351;-228.079740482625
342.904456893128;-228.368725319292
342.926083548905;-228.668177598543
342.947710204682;-228.982531045727
342.969336860459;-229.321903501248
342.990963516235;-229.700634036812
343.012590172012;-230.125796115512
343.034216827789;-230.596439244797
343.055843483566;-231.10709170604
343.077470139342;-231.656170989005
343.099096795119;-232.241760787125
343.120723450896;-232.846482140869
343.142350106673;-233.462134604388
343.16397676245;-234.094959516869
343.185603418226;-234.738248517663
343.207230074003;-235.350644204524
343.22885672978;-235.912451713814
343.250483385557;-236.425356161125
343.272110041333;-236.882897762112
343.29373669711;-237.274923510811
343.315363352887;-237.592600927167
343.336990008664;-237.835276146357
343.358616664441;-238.004838079453
343.380243320217;-238.095125967333
343.401869975994;-238.117683247201
343.423496631771;-238.097112029303
343.445123287548;-238.044825955383
343.466749943324;-237.962223716328
343.488376599101;-237.863042465196
343.510003254878;-237.767103319626
343.531629910655;-237.67790676617
343.553256566432;-237.598640915583
343.574883222208;-237.535566924027
343.596509877985;-237.490666034339
343.618136533762;-237.470082600912
343.639763189539;-237.471213113342
343.661389845316;-237.489334811853
343.683016501092;-237.523713964814
343.704643156869;-237.576626850206
343.726269812646;-237.649496143435
343.747896468423;-237.740247164121
343.769523124199;-237.848941674106
343.791149779976;-237.971689372928
343.812776435753;-238.101862809781
343.83440309153;-238.244294343062
343.856029747307;-238.408078105477
343.877656403083;-238.58746413618
343.89928305886;-238.751294377846
343.920909714637;-238.87646758155
343.942536370414;-238.958762661977
343.96416302619;-239.002796382723
343.985789681967;-239.011189196411
344.007416337744;-238.987171224183
344.029042993521;-238.93049026545
344.050669649298;-238.836963154973
344.072296305074;-238.717262552516
344.093922960851;-238.584489317046
344.115549616628;-238.439084020961
344.137176272405;-238.283015827871
344.158802928181;-238.137376374172
344.180429583958;-238.024247113458
344.202056239735;-237.956444272709
344.223682895512;-237.927348357636
344.245309551289;-237.935963816614
344.266936207065;-237.986693141723
344.288562862842;-238.086009925159
344.310189518619;-238.233452343488
344.331816174396;-238.421157951305
344.353442830172;-238.649095655045
344.375069485949;-238.921554333708
344.396696141726;-239.232935049806
344.418322797503;-239.583969807623
344.43994945328;-239.970867919094
344.461576109056;-240.398160460075
344.483202764833;-240.857165395264
344.50482942061;-241.335870555898
344.526456076387;-241.821139561048
344.548082732163;-242.306031449364
344.56970938794;-242.793898241103
344.591336043717;-243.27232703461
344.612962699494;-243.732896922951
344.634589355271;-244.179126756772
344.656216011047;-244.62083397047
344.677842666824;-245.050961770517
344.699469322601;-245.45653531584
344.721095978378;-245.841879746051
344.742722634154;-246.205151024074
344.764349289931;-246.525212417805
344.785975945708;-246.792671133988
344.807602601485;-247.015825773533
344.829229257262;-247.19647927881
344.850855913038;-247.32705951072
344.872482568815;-247.405732374439
344.894109224592;-247.427152747801
344.915735880369;-247.380702645813
344.937362536145;-247.277730341128
344.958989191922;-247.125991029401
344.980615847699;-246.931366075656
345.002242503476;-246.708316430339
345.023869159253;-246.470111684237
345.045495815029;-246.21972287492
345.067122470806;-245.977481176612
345.088749126583;-245.764329261086
345.11037578236;-245.582180042501
345.132002438137;-245.429280439941
345.153629093913;-245.301798802974
345.17525574969;-245.194502135498
345.196882405467;-245.102810513309
345.218509061244;-245.023848515281
345.24013571702;-244.956874849696
345.261762372797;-244.897988891095
345.283389028574;-244.844266254093
345.305015684351;-244.801433059187
345.326642340128;-244.77204865959
345.348268995904;-244.745573295025
345.369895651681;-244.710514429891
345.391522307458;-244.667227870286
345.413148963235;-244.620177963428
345.434775619011;-244.561434896306
345.456402274788;-244.472574699862
345.478028930565;-244.333170285222
345.499655586342;-244.13303320108
345.521282242119;-243.87654119605
345.542908897895;-243.579386892578
345.564535553672;-243.25668513046
345.586162209449;-242.917602068142
345.607788865226;-242.5695310223
345.629415521002;-242.218169242674
345.651042176779;-241.872858790408
345.672668832556;-241.546982130006
345.694295488333;-241.254103707754
345.71592214411;-241.003991877561
345.737548799886;-240.791273862423
345.759175455663;-240.604797254127
345.78080211144;-240.451478618952
345.802428767217;-240.342845756076
345.824055422993;-240.252611868437
345.84568207877;-240.147373002422
345.867308734547;-240.020006466322
345.888935390324;-239.868024156988
345.910562046101;-239.684779748498
345.932188701877;-239.47511115954
345.953815357654;-239.243589759204
345.975442013431;-238.991617039108
345.997068669208;-238.725107498603
346.018695324984;-238.451014756535
346.040321980761;-238.188854081431
346.061948636538;-237.9682761657
346.083575292315;-237.795865858924
346.105201948092;-237.669613583107
346.126828603868;-237.599356366672
346.148455259645;-237.599817867231
346.170081915422;-237.677582344453
346.191708571199;-237.825488173453
346.213335226975;-238.026929384201
346.234961882752;-238.276386741417
346.256588538529;-238.569916382463
346.278215194306;-238.899792262427
346.299841850083;-239.250666577489
346.321468505859;-239.602513689141
346.343095161636;-239.941439501509
346.364721817413;-240.265363016685
346.38634847319;-240.570531796735
346.407975128966;-240.851022722788
346.429601784743;-241.101313433924
346.45122844052;-241.307067910421
346.472855096297;-241.451281926311
346.494481752074;-241.535370364643
346.51610840785;-241.570926293866
346.537735063627;-241.56547979487
346.559361719404;-241.52586111631
346.580988375181;-241.465980336556
346.602615030958;-241.395470785288
346.624241686734;-241.32046186076
346.645868342511;-241.248507330002
346.667494998288;-241.186060947878
346.689121654065;-241.137399533712
346.710748309841;-241.113241539028
346.732374965618;-241.134083886032
346.754001621395;-241.202882337195
346.775628277172;-241.303418849379
346.797254932949;-241.427881494476
346.818881588725;-241.573698152544
346.840508244502;-241.731545089904
346.862134900279;-241.890326705409
346.883761556056;-242.036844761389
346.905388211832;-242.161481212865
346.927014867609;-242.2493905491
346.948641523386;-242.286110796044
346.970268179163;-242.26437894003
346.99189483494;-242.184324826252
347.013521490716;-242.053371615632
347.035148146493;-241.880442298817
347.05677480227;-241.669073771289
347.078401458047;-241.415258047468
347.100028113823;-241.112967062855
347.1216547696;-240.769433186931
347.143281425377;-240.410674426996
347.164908081154;-240.053782720044
347.186534736931;-239.700225350853
347.208161392707;-239.350353949091
347.229788048484;-239.014182854528
347.251414704261;-238.695953415343
347.273041360038;-238.398711175363
347.294668015814;-238.139477516289
347.316294671591;-237.937643425892
347.337921327368;-237.789649185194
347.359547983145;-237.671408256176
347.381174638922;-237.579278188655
347.402801294698;-237.519286245105
347.424427950475;-237.489304594369
347.446054606252;-237.480117771238
347.467681262029;-237.47969161075
347.489307917805;-237.477037041842
347.510934573582;-237.460353972107
347.532561229359;-237.419849229324
347.554187885136;-237.347760242798
347.575814540913;-237.240230563065
347.597441196689;-237.093700828276
347.619067852466;-236.90899001574
347.640694508243;-236.683269336567
347.66232116402;-236.412843743769
347.683947819796;-236.09867903256
347.705574475573;-235.739284778399
347.72720113135;-235.33984850312
347.748827787127;-234.910174000352
347.770454442904;-234.449106329587
347.79208109868;-233.963472393586
347.813707754457;-233.462295869402
347.835334410234;-232.954731340796
347.856961066011;-232.465946911311
347.878587721787;-232.004677132201
347.900214377564;-231.562203444605
347.921841033341;-231.129106765727
347.943467689118;-230.709369266241
347.965094344895;-230.322223940306
347.986721000671;-229.988830158419
348.008347656448;-229.729118211217
348.029974312225;-229.539078984107
348.051600968002;-229.406938168802
348.073227623779;-229.323370304657
348.094854279555;-229.287998232264
348.116480935332;-229.297690245317
348.138107591109;-229.343414601964
348.159734246886;-229.413811742546
348.181360902662;-229.495056041963
348.202987558439;-229.566185551324
348.224614214216;-229.607279443914
348.246240869993;-229.61604312212
348.26786752577;-229.586033800301
348.289494181546;-229.500724859628
348.311120837323;-229.341807148706
348.3327474931;-229.102424367232
348.354374148877;-228.792776025898
348.376000804653;-228.427304816818
348.39762746043;-228.003831490041
348.419254116207;-227.517030431428
348.440880771984;-226.989168680374
348.462507427761;-226.453708875174
348.484134083537;-225.944955542705
348.505760739314;-225.483069207019
348.527387395091;-225.082492987984
348.549014050868;-224.76962008817
348.570640706644;-224.57927088246
348.592267362421;-224.540275612648
348.613894018198;-224.674189403777
348.635520673975;-225.032733098439
348.657147329752;-225.611483604174
348.678773985528;-226.362363580325
348.700400641305;-227.265719739061
348.722027297082;-228.317309921066
348.743653952859;-229.509205672273
348.765280608635;-230.791118867458
348.786907264412;-232.093442678335
348.808533920189;-233.406057670555
348.830160575966;-234.715255219499
348.851787231743;-235.949819682711
348.873413887519;-237.061157351601
348.895040543296;-238.021387481674
348.916667199073;-238.827651451239
348.93829385485;-239.492919231623
348.959920510626;-240.028799593201
348.981547166403;-240.428249110143
349.00317382218;-240.672858252574
349.024800477957;-240.808474385532
349.046427133734;-240.85220612058
349.06805378951;-240.806209542686
349.089680445287;-240.677629892264
349.111307101064;-240.496645189745
349.132933756841;-240.279884373995
349.154560412617;-240.050110701991
349.176187068394;-239.824027516167
349.197813724171;-239.592433319324
349.219440379948;-239.341713924076
349.241067035725;-239.074910167395
349.262693691501;-238.796736845117
349.284320347278;-238.496268029072
349.305947003055;-238.174022811384
349.327573658832;-237.83468446793
349.349200314608;-237.471450384167
349.370826970385;-237.073204662147
349.392453626162;-236.629246376473
349.414080281939;-236.143605143983
349.435706937716;-235.641522045426
349.457333593492;-235.139851848953
349.478960249269;-234.66065185954
349.500586905046;-234.215397974459
349.522213560823;-233.811443356799
349.5438402166;-233.468480396562
349.565466872376;-233.199515080959
349.587093528153;-233.023774576346
349.60872018393;-232.954951806489
349.630346839707;-232.999296915579
349.651973495483;-233.137583790889
349.67360015126;-233.362818125446
349.695226807037;-233.67550146062
349.716853462814;-234.088404208625
349.738480118591;-234.598258015215
349.760106774367;-235.175731029805
349.781733430144;-235.785139823964
349.803360085921;-236.395600430256
349.824986741698;-236.993857758913
349.846613397474;-237.578118102233
349.868240053251;-238.153464869572
349.889866709028;-238.724088356381
349.911493364805;-239.276600646979
349.933120020582;-239.773797777879
349.954746676358;-240.20379675927
349.976373332135;-240.558557770132
349.997999987912;-240.830549061661
350.019626643689;-241.019745301729
350.041253299465;-241.134932312836
350.062879955242;-241.168171866469
350.084506611019;-241.109608608575
350.106133266796;-240.961398860633
350.127759922573;-240.720912659931
350.149386578349;-240.373210393353
350.171013234126;-239.915174060635
350.192639889903;-239.368696165367
350.21426654568;-238.75970990563
350.235893201456;-238.09594726639
350.257519857233;-237.390736690506
350.27914651301;-236.668111700877
350.300773168787;-235.948261571951
350.322399824564;-235.26408270297
350.34402648034;-234.637246318642
350.365653136117;-234.072181447827
350.387279791894;-233.573323170126
350.408906447671;-233.150534475215
350.430533103447;-232.80016668947
350.452159759224;-232.512514862697
350.473786415001;-232.291275547185
350.495413070778;-232.136676183017
350.517039726555;-232.051665757871
350.538666382331;-232.027352044551
350.560293038108;-232.040017913955
350.581919693885;-232.084117947922
350.603546349662;-232.152582058856
350.625173005438;-232.236893954957
350.646799661215;-232.327336317578
350.668426316992;-232.415083612202
350.690052972769;-232.497885789903
350.711679628546;-232.568359547994
350.733306284322;-232.599636332639
350.754932940099;-232.569923643284
350.776559595876;-232.482367250242
350.798186251653;-232.345251336207
350.819812907429;-232.153284229797
350.841439563206;-231.889956183664
350.863066218983;-231.539264458655
350.88469287476;-231.090528615386
350.906319530537;-230.553541071626
350.927946186313;-229.946108046546
350.94957284209;-229.274234500953
350.971199497867;-228.543855227919
350.992826153644;-227.762160571375
351.014452809421;-226.929021242962
351.036079465197;-226.051323357872
351.057706120974;-225.144429154137
351.079332776751;-224.248470236521
351.100959432528;-223.374302396085
351.122586088304;-222.533500081843
351.144212744081;-221.732875564941
351.165839399858;-220.988442466296
351.187466055635;-220.310901736034
351.209092711412;-219.685442574113
351.230719367188;-219.083638171782
351.252346022965;-218.493084796439
351.273972678742;-217.933063590792
351.295599334519;-217.438609991026
351.317225990295;-217.003629968909
351.338852646072;-216.610380668396
351.360479301849;-216.250237834288
351.382105957626;-215.919070407891
351.403732613403;-215.608172947586
351.425359269179;-215.317129463279
351.446985924956;-215.049910702461
351.468612580733;-214.795768956544
351.49023923651;-214.539382358514
351.511865892286;-214.282617842877
351.533492548063;-214.029477754867
351.55511920384;-213.772655587031
351.576745859617;-213.503568289882
351.598372515394;-213.221502040958
351.61999917117;-212.93772659522
351.641625826947;-212.659734424138
351.663252482724;-212.377019417357
351.684879138501;-212.070465689262
351.706505794277;-211.736829742525
351.728132450054;-211.387165978356
351.749759105831;-211.035354682169
351.771385761608;-210.687754740027
351.793012417385;-210.351020826164
351.814639073161;-210.034338302725
351.836265728938;-209.741788083953
351.857892384715;-209.474340648907
351.879519040492;-209.237519988617
351.901145696268;-209.039814295523
351.922772352045;-208.878038277496
351.944399007822;-208.736971368626
351.966025663599;-208.598836206122
351.987652319376;-208.450304582218
352.009278975152;-208.282638463728
352.030905630929;-208.08592712552
352.052532286706;-207.850897907169
352.074158942483;-207.582808310934
352.095785598259;-207.286596952704
352.117412254036;-206.961688733738
352.139038909813;-206.607508587114
352.16066556559;-206.23290246049
352.182292221367;-205.857939577706
352.203918877143;-205.49797361924
352.22554553292;-205.162191038623
352.247172188697;-204.861288147628
352.268798844474;-204.597212700594
352.29042550025;-204.364618420623
352.312052156027;-204.153832385467
352.333678811804;-203.953419669771
352.355305467581;-203.759319761234
352.376932123358;-203.562229451331
352.398558779134;-203.360662138221
352.420185434911;-203.166666855845
352.441812090688;-202.973756633526
352.463438746465;-202.761010374976
352.485065402242;-202.508345570277
352.506692058018;-202.220481108733
352.528318713795;-201.91479048066
352.549945369572;-201.598708124729
352.571572025349;-201.276922716535
352.593198681125;-200.953744315857
352.614825336902;-200.625251065516
352.636451992679;-200.298531407362
352.658078648456;-200.004121881013
352.679705304233;-199.753837354739
352.701331960009;-199.537698698131
352.722958615786;-199.347220826107
352.744585271563;-199.182684260908
352.76621192734;-199.046713161769
352.787838583116;-198.940333282555
352.809465238893;-198.858446158345
352.83109189467;-198.792806182288
352.852718550447;-198.739130752922
352.874345206224;-198.697222596996
352.895971862;-198.672712872721
352.917598517777;-198.664449898844
352.939225173554;-198.670318830387
352.960851829331;-198.690522476335
352.982478485107;-198.715573461006
353.004105140884;-198.734335718612
353.025731796661;-198.749313316151
353.047358452438;-198.758901068814
353.068985108215;-198.748516252957
353.090611763991;-198.716615050112
353.112238419768;-198.679078420937
353.133865075545;-198.642252056575
353.155491731322;-198.596129196417
353.177118387098;-198.53810603958
353.198745042875;-198.486511078151
353.220371698652;-198.448859547402
353.241998354429;-198.422490072158
353.263625010206;-198.405629325164
353.285251665982;-198.40191606474
353.306878321759;-198.418496774981
353.328504977536;-198.466674988364
353.350131633313;-198.549838386562
353.371758289089;-198.668068324922
353.393384944866;-198.819754313073
353.415011600643;-198.997889431219
353.43663825642;-199.194628627793
353.458264912197;-199.404569380971
353.479891567973;-199.629518151862
353.50151822375;-199.873739329625
353.523144879527;-200.136030186873
353.544771535304;-200.401925442501
353.56639819108;-200.658959013583
353.588024846857;-200.902919125308
353.609651502634;-201.140382442832
353.631278158411;-201.37313520557
353.652904814188;-201.59608208816
353.674531469964;-201.802708329588
353.696158125741;-201.984449494521
353.717784781518;-202.133544527233
353.739411437295;-202.245914939596
353.761038093071;-202.315546236367
353.782664748848;-202.338181206294
353.804291404625;-202.311994781535
353.825918060402;-202.236430443069
353.847544716179;-202.112625865259
353.869171371955;-201.950940321507
353.890798027732;-201.766367448946
353.912424683509;-201.568470902846
353.934051339286;-201.356990525451
353.955677995063;-201.12565528695
353.977304650839;-200.873000477504
353.998931306616;-200.608499742567
354.020557962393;-200.34045306125
354.04218461817;-200.063705541065
354.063811273946;-199.773097436624
354.085437929723;-199.470701765185
354.1070645855;-199.15200414004
354.128691241277;-198.810511764173
354.150317897054;-198.440276891488
354.17194455283;-198.026542605553
354.193571208607;-197.547173456241
354.215197864384;-196.992523900537
354.236824520161;-196.392371864426
354.258451175937;-195.786387163365
354.280077831714;-195.187457572305
354.301704487491;-194.57198846137
354.323331143268;-193.929517660629
354.344957799045;-193.27648541685
354.366584454821;-192.629345129762
354.388211110598;-191.988082938686
354.409837766375;-191.366238095882
354.431464422152;-190.774397313355
354.453091077928;-190.218812042501
354.474717733705;-189.699729314926
354.496344389482;-189.207674205747
354.517971045259;-188.730817892388
354.539597701036;-188.263647766362
354.561224356812;-187.817119565662
354.582851012589;-187.410637442905
354.604477668366;-187.062873129168
354.626104324143;-186.754706466161
354.647730979919;-186.455786799182
354.669357635696;-186.153085444563
354.690984291473;-185.862471281022
354.71261094725;-185.599941273625
354.734237603027;-185.355723468646
354.755864258803;-185.124527238314
354.77749091458;-184.910285607386
354.799117570357;-184.710527140236
354.820744226134;-184.523339328714
354.84237088191;-184.356438670369
354.863997537687;-184.210783711579
354.885624193464;-184.089064031318
354.907250849241;-183.996667931365
354.928877505018;-183.932219452364
354.950504160794;-183.887375455649
354.972130816571;-183.856787742376
354.993757472348;-183.839253987254
355.015384128125;-183.824348025798
355.037010783901;-183.793329755768
355.058637439678;-183.731667513986
355.080264095455;-183.637492076836
355.101890751232;-183.51674672139
355.123517407009;-183.367662148139
355.145144062785;-183.170121181109
355.166770718562;-182.916055263506
355.188397374339;-182.608762031016
355.210024030116;-182.250491000491
355.231650685892;-181.839194485348
355.253277341669;-181.376392808775
355.274903997446;-180.868252321285
355.296530653223;-180.322014138968
355.318157309;-179.774991273721
355.339783964776;-179.254244312187
355.361410620553;-178.737270342654
355.38303727633;-178.200535828492
355.404663932107;-177.621099585918
355.426290587884;-177.011261963062
355.44791724366;-176.39780250654
355.469543899437;-175.792226360945
355.491170555214;-175.197146227195
355.512797210991;-174.610939483931
355.534423866767;-174.014850279107
355.556050522544;-173.376933090548
355.577677178321;-172.692437568768
355.599303834098;-171.983727684507
355.620930489875;-171.271985778568
355.642557145651;-170.561498210693
355.664183801428;-169.863302122045
355.685810457205;-169.177812757575
355.707437112982;-168.480816370261
355.729063768758;-167.754901064963
355.750690424535;-167.005652273676
355.772317080312;-166.25939587518
355.793943736089;-165.544251996013
355.815570391866;-164.862849358631
355.837197047642;-164.195616299725
355.858823703419;-163.520301779683
355.880450359196;-162.844820824097
355.902077014973;-162.200131373884
355.923703670749;-161.579758132113
355.945330326526;-160.977728507911
355.966956982303;-160.408890169815
355.98858363808;-159.876882919698
356.010210293857;-159.359934427439
356.031836949633;-158.838215392498
356.05346360541;-158.309957573567
356.075090261187;-157.802613669564
356.096716916964;-157.35782124655
356.11834357274;-156.99359898172
356.139970228517;-156.697585463211
356.161596884294;-156.455627235107
356.183223540071;-156.263927918113
356.204850195848;-156.126979948572
356.226476851624;-156.043722697944
356.248103507401;-156.008766144741
356.269730163178;-156.015626131629
356.291356818955;-156.050662938387
356.312983474731;-156.099314942348
356.334610130508;-156.149627207795
356.356236786285;-156.190135994429
356.377863442062;-156.211910574418
356.399490097839;-156.214194224577
356.421116753615;-156.198723150341
356.442743409392;-156.160480825724
356.464370065169;-156.095948706278
356.485996720946;-156.005063838321
356.507623376722;-155.886336000759
356.529250032499;-155.734009212872
356.550876688276;-155.543062101904
356.572503344053;-155.317498550641
356.59412999983;-155.066715528777
356.615756655606;-154.797974312196
356.637383311383;-154.516831450204
356.65900996716;-154.224877646315
356.680636622937;-153.92070902031
356.702263278713;-153.602026396848
356.72388993449;-153.27952100166
356.745516590267;-152.976434327724
356.767143246044;-152.700795249642
356.788769901821;-152.449084235057
356.810396557597;-152.21714936932
356.832023213374;-152.00028878701
356.853649869151;-151.807496240564
356.875276524928;-151.651127080076
356.896903180705;-151.52903953612
356.918529836481;-151.434668882511
356.940156492258;-151.365901584266
356.961783148035;-151.323812580491
356.983409803812;-151.299790410571
357.005036459588;-151.282383947431
357.026663115365;-151.269240646345
357.048289771142;-151.259445680879
357.069916426919;-151.24902846145
357.091543082696;-151.232582092677
357.113169738472;-151.202243427544
357.134796394249;-151.153016657457
357.156423050026;-151.08933643728
357.178049705803;-151.016744529955
357.199676361579;-150.940521933678
357.221303017356;-150.864015821972
357.242929673133;-150.788102281844
357.26455632891;-150.71291872812
357.286182984687;-150.641783030297
357.307809640463;-150.581293034489
357.32943629624;-150.53059926514
357.351062952017;-150.485735546456
357.372689607794;-150.444532699103
357.39431626357;-150.40264966977
357.415942919347;-150.353736525907
357.437569575124;-150.294792625828
357.459196230901;-150.224451396009
357.480822886678;-150.143010699089
357.502449542454;-150.051484449032
357.524076198231;-149.938201530185
357.545702854008;-149.790487449672
357.567329509785;-149.610313478153
357.588956165561;-149.399128299338
357.610582821338;-149.148789771173
357.632209477115;-148.850831247644
357.653836132892;-148.51185711925
357.675462788669;-148.137563492946
357.697089444445;-147.729794290953
357.718716100222;-147.290751527453
357.740342755999;-146.821827441092
357.761969411776;-146.31988450565
357.783596067552;-145.790243637491
357.805222723329;-145.250347692535
357.826849379106;-144.71015135689
357.848476034883;-144.160182278684
357.87010269066;-143.593859401998
357.891729346436;-143.025574200332
357.913356002213;-142.466685857901
357.93498265799;-141.908287783418
357.956609313767;-141.345251429262
357.978235969543;-140.781470827415
357.99986262532;-140.211732155518
358.021489281097;-139.624334226019
358.043115936874;-139.021114139836
358.064742592651;-138.423697145967
358.086369248427;-137.838217022508
358.107995904204;-137.246648320656
358.129622559981;-136.635500058281
358.151249215758;-136.01353048723
358.172875871534;-135.397032023874
358.194502527311;-134.764079755705
358.216129183088;-134.104538967078
358.237755838865;-133.431736701074
358.259382494642;-132.741335106247
358.281009150418;-132.029779463942
358.302635806195;-131.312170998852
358.324262461972;-130.604929955616
358.345889117749;-129.917123834873
358.367515773526;-129.246125667198
358.389142429302;-128.640069748173
358.410769085079;-128.10871892789
358.432395740856;-127.653006168145
358.454022396633;-127.28899056808
358.475649052409;-127.047212329956
358.497275708186;-126.94038835701
358.518902363963;-126.985127273908
358.54052901974;-127.201359739462
358.562155675517;-127.566692845808
358.583782331293;-128.081343552682
358.60540898707;-128.723152533983
358.627035642847;-129.441969081941
358.648662298624;-130.211096376733
358.6702889544;-131.005577175066
358.691915610177;-131.836368902197
358.713542265954;-132.690934090768
358.735168921731;-133.507686776035
358.756795577508;-134.218846092496
358.778422233284;-134.813360044384
358.800048889061;-135.293329967097
358.821675544838;-135.65449676039
358.843302200615;-135.882361002956
358.864928856391;-135.986971652918
358.886555512168;-135.994851043134
358.908182167945;-135.911235248324
358.929808823722;-135.749053888167
358.951435479499;-135.531443405206
358.973062135275;-135.26562152863
358.994688791052;-134.946898669069
359.016315446829;-134.577278662175
359.037942102606;-134.196369198523
359.059568758382;-133.823933822041
359.081195414159;-133.471780243668
359.102822069936;-133.153382193991
359.124448725713;-132.866620506319
359.14607538149;-132.602371062549
359.167702037266;-132.346004094695
359.189328693043;-132.100151004997
359.21095534882;-131.878451595676
359.232582004597;-131.694507692004
359.254208660373;-131.538385532833
359.27583531615;-131.39487713385
359.297461971927;-131.251792712314
359.319088627704;-131.110619947883
359.340715283481;-130.977811641615
359.362341939257;-130.845363491381
359.383968595034;-130.700033710036
359.405595250811;-130.525650397361
359.427221906588;-130.30966784194
359.448848562364;-130.03953133487
359.470475218141;-129.713747692977
359.492101873918;-129.331849302456
359.513728529695;-128.889810271357
359.535355185472;-128.401814627166
359.556981841248;-127.867695608648
359.578608497025;-127.291710261003
359.600235152802;-126.695672551227
359.621861808579;-126.087824558236
359.643488464355;-125.474366915747
359.665115120132;-124.875866588381
359.686741775909;-124.309350152819
359.708368431686;-123.768629859861
359.729995087463;-123.249529914239
359.751621743239;-122.766301848982
359.773248399016;-122.329079422659
359.794875054793;-121.939431584261
359.81650171057;-121.605872980637
359.838128366347;-121.331509042505
359.859755022123;-121.117297885574
359.8813816779;-120.961758922797
359.903008333677;-120.86898454938
359.924634989454;-120.842970495186
359.94626164523;-120.881756153513
359.967888301007;-120.979801708498
359.989514956784;-121.129270074812
360.011141612561;-121.327115626722
360.032768268338;-121.564373189313
360.054394924114;-121.828508701993
360.076021579891;-122.1044101711
360.097648235668;-122.378529511481
360.119274891445;-122.641140714398
360.140901547221;-122.882090234353
360.162528202998;-123.084313814853
360.184154858775;-123.232014678915
360.205781514552;-123.314783861721
360.227408170329;-123.32793732034
360.249034826105;-123.278542402447
360.270661481882;-123.178225526472
360.292288137659;-123.024011017729
360.313914793436;-122.794092343344
360.335541449212;-122.480708283689
360.357168104989;-122.090703303428
360.378794760766;-121.628450992396
360.400421416543;-121.103289788582
360.42204807232;-120.534404550816
360.443674728096;-119.935687264123
360.465301383873;-119.302969749106
360.48692803965;-118.633025986011
360.508554695427;-117.946396411117
360.530181351203;-117.277502239026
360.55180800698;-116.650113422214
360.573434662757;-116.062182698542
360.595061318534;-115.491634368918
360.616687974311;-114.932472725618
360.638314630087;-114.390308099252
360.659941285864;-113.883774934317
360.681567941641;-113.406860549584
360.703194597418;-112.946787598807
360.724821253194;-112.509312201649
360.746447908971;-112.101298818021
360.768074564748;-111.709516500234
360.789701220525;-111.329729252189
360.811327876302;-110.962718850697
360.832954532078;-110.611412871446
360.854581187855;-110.273887573125
360.876207843632;-109.941073895531
360.897834499409;-109.602424427214
360.919461155185;-109.262699494066
360.941087810962;-108.939458648879
360.962714466739;-108.639481941392
360.984341122516;-108.354227662701
361.005967778293;-108.078510283703
361.027594434069;-107.80678607635
361.049221089846;-107.528743416927
361.070847745623;-107.241031402632
361.0924744014;-106.945804101824
361.114101057176;-106.646843873213
361.135727712953;-106.343687953941
361.15735436873;-106.03395779188
361.178981024507;-105.720536071685
361.200607680284;-105.399669978944
361.22223433606;-105.065045975946
361.243860991837;-104.71826008343
361.265487647614;-104.36058627167
361.287114303391;-103.993793700681
361.308740959167;-103.61628963238
361.330367614944;-103.227021888409
361.351994270721;-102.833589608809
361.373620926498;-102.442334365772
361.395247582275;-102.050302833989
361.416874238051;-101.665911361999
361.438500893828;-101.296870677361
361.460127549605;-100.944799999109
361.481754205382;-100.6126163195
361.503380861159;-100.304197228675
361.525007516935;-100.017328423365
361.546634172712;-99.7475999907695
361.568260828489;-99.4885058754983
361.589887484266;-99.2306139861763
361.611514140042;-98.9792120685098
361.633140795819;-98.7349271552544
361.654767451596;-98.4862063846358
361.676394107373;-98.2115731119685
361.69802076315;-97.8993896781853
361.719647418926;-97.551126453995
361.741274074703;-97.1517077197323
361.76290073048;-96.6924156335579
361.784527386257;-96.1876798088657
361.806154042033;-95.6558729033105
361.82778069781;-95.09065578247
361.849407353587;-94.4702052451161
361.871034009364;-93.7930876049712
361.892660665141;-93.0781991313579
361.914287320917;-92.3444067583364
361.935913976694;-91.606551391777
361.957540632471;-90.8711621115888
361.979167288248;-90.1519519554787
362.000793944024;-89.4636939387651
362.022420599801;-88.7955210034175
362.044047255578;-88.1429307417234
362.065673911355;-87.5051849218709
362.087300567132;-86.8742798712458
362.108927222908;-86.2433844589115
362.130553878685;-85.6127116150744
362.152180534462;-84.9850730915711
362.173807190239;-84.3604785102776
362.195433846015;-83.7382504900039
362.217060501792;-83.1146091994806
362.238687157569;-82.5013054093992
362.260313813346;-81.9305308042959
362.281940469123;-81.4093454883986
362.303567124899;-80.9185347112
362.325193780676;-80.4530743475324
362.346820436453;-80.0166351715886
362.36844709223;-79.6339542294712
362.390073748006;-79.3313120405651
362.411700403783;-79.1032557253429
362.43332705956;-78.9379497663084
362.454953715337;-78.8304463259377
362.476580371114;-78.7830611877118
362.49820702689;-78.7832860964812
362.519833682667;-78.8083217516806
362.541460338444;-78.8423141625289
362.563086994221;-78.8754478140287
362.584713649997;-78.8950420450761
362.606340305774;-78.8916173474083
362.627966961551;-78.8633635489937
362.649593617328;-78.8094576447553
362.671220273105;-78.7209432855136
362.692846928881;-78.5978797425219
362.714473584658;-78.4477152139777
362.736100240435;-78.2745054451572
362.757726896212;-78.083112935921
362.779353551988;-77.8871393146562
362.800980207765;-77.6963119359795
362.822606863542;-77.5124779696756
362.844233519319;-77.3293627325744
362.865860175096;-77.1369717287455
362.887486830872;-76.9284973181136
362.909113486649;-76.7036946555093
362.930740142426;-76.4679483766124
362.952366798203;-76.2226769966038
362.97399345398;-75.9515061431537
