Name;ESR_BC_1_Natural_Z_gon_20dg_result

Recipe
Accumulations;5;Number of accumulations
RetryCount;0;Number of retries on error
AbortOnError;True;Abort on error
EnableQFactorMeasurement;False;Enable/Disable q-Factor measurement
Bfrom;313;B from
Bto;363;B to
SweepTime;60;Sweep time
Modulation;0.2;Modulation
ModulationFreq;100;Modulation
BHoldEnabled;False;B hold enabled
BHold;0;B hold
MicrowavePower;2;Microwave power
MarkerEnabled;False;
MarkerStartField;0;
MarkerEndField;0;
Mode;;
KineticGFact;0;
KineticTotalTransientTime;0;
KineticTimeResolution;0;
TempFrom;5;
TempUseSlope;False;
TempTo;5;
TempdT;1;
TempSetupTime;0;
GonFrom;0;
GonTo;180;
GonSteps;20;
XRayEnabled;False;
XRayTime;3;
XRayVoltage;40;
XRayCurrent;0.5;
UVEnabled;False;
UVIntensity;0;
UVTime;0;
UVLeadTime;0;
UVWavelength;0;
PowSweepFrom;1;
PowSweepTo;5;
PowSweepSteps;5;
AmpModSweepFrom;0;
AmpModSweepTo;1;
AmpModSweepSteps;10;
ExtTriggerEnabled;False;
ExtTrigLeadTime;0;
ExtTrigOnTime;5;

Meas
BField [mT];MW_Absorption []
313.009854431152;84.3109347901335
313.031481852546;83.7414505024896
313.053109273939;82.9717335136723
313.074736695333;82.2827004232815
313.096364116726;81.6952882445011
313.11799153812;81.2410354015323
313.139618959514;80.9038545035211
313.161246380907;80.665428044975
313.182873802301;80.5303230731072
313.204501223694;80.5000835598341
313.226128645088;80.5569015527559
313.247756066481;80.6868497316388
313.269383487875;80.8845694323483
313.291010909268;81.1331404072734
313.312638330662;81.4200713210293
313.334265752055;81.742959971784
313.355893173449;82.0792558937546
313.377520594842;82.3970796825351
313.399148016236;82.6919134169574
313.420775437629;82.9749973225743
313.442402859023;83.2360082993408
313.464030280417;83.4616000526201
313.48565770181;83.6550853883636
313.507285123204;83.8271571909806
313.528912544597;83.9841841405602
313.550539965991;84.1233793664689
313.572167387384;84.2386719058758
313.593794808778;84.3360152742511
313.615422230171;84.423513133541
313.637049651565;84.5102487334531
313.658677072958;84.5973260473266
313.680304494352;84.6907618145149
313.701931915745;84.7925102530305
313.723559337139;84.8923280996339
313.745186758532;84.9744906340658
313.766814179926;85.034409934939
313.78844160132;85.0685359403224
313.810069022713;85.0817723273939
313.831696444107;85.0865946265756
313.8533238655;85.0883085781427
313.874951286894;85.0907595291025
313.896578708287;85.1084626288408
313.918206129681;85.1478438829434
313.939833551074;85.2045947662865
313.961460972468;85.2764853028104
313.983088393861;85.3671272624653
314.004715815255;85.4755213871637
314.026343236648;85.5989292297717
314.047970658042;85.7481128995476
314.069598079435;85.9273091319919
314.091225500829;86.1248679078964
314.112852922223;86.3348044193099
314.134480343616;86.564229149789
314.15610776501;86.8145980258085
314.177735186403;87.0717151761535
314.199362607797;87.3208637434902
314.22099002919;87.551915818563
314.242617450584;87.7569835938446
314.264244871977;87.929880645604
314.285872293371;88.0707918587603
314.307499714764;88.1901817964689
314.329127136158;88.2806719367896
314.350754557551;88.336425841401
314.372381978945;88.3626007726059
314.394009400338;88.3543076059109
314.415636821732;88.3055121482209
314.437264243126;88.2243729590239
314.458891664519;88.1181595260961
314.480519085913;87.9904331897241
314.502146507306;87.8402516863451
314.5237739287;87.6591444770193
314.545401350093;87.4510272005781
314.567028771487;87.2267985958835
314.58865619288;86.9803202278928
314.610283614274;86.6995370148122
314.631911035667;86.3827030419124
314.653538457061;86.0396791781086
314.675165878454;85.6801681361367
314.696793299848;85.3089875642011
314.718420721241;84.9272939443369
314.740048142635;84.5362337597678
314.761675564029;84.1430101757921
314.783302985422;83.76027682071
314.804930406816;83.3997841578015
314.826557828209;83.0630669968962
314.848185249603;82.751425488688
314.869812670996;82.4653378765969
314.89144009239;82.2071858637895
314.913067513783;81.9826251909507
314.934694935177;81.7903428033511
314.95632235657;81.6306883055254
314.977949777964;81.5092519341923
314.999577199357;81.4201108378813
315.021204620751;81.3608834293309
315.042832042144;81.3313774250132
315.064459463538;81.3292358480663
315.086086884931;81.3487883923198
315.107714306325;81.3834272362676
315.129341727719;81.427204892392
315.150969149112;81.4736025602577
315.172596570506;81.517089951276
315.194223991899;81.5553300554801
315.215851413293;81.5846594879458
315.237478834686;81.604289757999
315.25910625608;81.6106054325963
315.280733677473;81.5989784290846
315.302361098867;81.5774801126234
315.32398852026;81.5587707913531
315.345615941654;81.5417693382498
315.367243363047;81.5252808360986
315.388870784441;81.5178580927974
315.410498205834;81.5273086359078
315.432125627228;81.5462932571969
315.453753048622;81.567793176802
315.475380470015;81.5942464329423
315.497007891409;81.6247216087615
315.518635312802;81.6520266666889
315.540262734196;81.6757272628265
315.561890155589;81.6925072728717
315.583517576983;81.6917212283395
315.605144998376;81.6704305920297
315.62677241977;81.6333906624114
315.648399841163;81.5926311536925
315.670027262557;81.5590011914762
315.69165468395;81.5334942967722
315.713282105344;81.515513283466
315.734909526737;81.512436958667
315.756536948131;81.5311690979793
315.778164369525;81.5679718029216
315.799791790918;81.6106782142505
315.821419212312;81.6604603272448
315.843046633705;81.7178345380665
315.864674055099;81.7814113574107
315.886301476492;81.8530728327884
315.907928897886;81.9301419178377
315.929556319279;82.0024502629301
315.951183740673;82.0628842379396
315.972811162066;82.1104721137129
315.99443858346;82.1462173121924
316.016066004853;82.1721893839547
316.037693426247;82.1906922521671
316.05932084764;82.2039172254991
316.080948269034;82.2094148962446
316.102575690428;82.2076414439976
316.124203111821;82.1992294297856
316.145830533215;82.1811942001824
316.167457954608;82.1533571374457
316.189085376002;82.1153987721078
316.210712797395;82.0678823217076
316.232340218789;82.0107961971561
316.253967640182;81.9430066954006
316.275595061576;81.8623382731366
316.297222482969;81.7675862277589
316.318849904363;81.6640976174863
316.340477325756;81.5565664008382
316.36210474715;81.4447876777906
316.383732168543;81.3279739150112
316.405359589937;81.20356713992
316.426987011331;81.0702343752066
316.448614432724;80.9307897237309
316.470241854118;80.7896385108094
316.491869275511;80.6464594985455
316.513496696905;80.5095201531374
316.535124118298;80.3870803220088
316.556751539692;80.2756781385917
316.578378961085;80.1705312353514
316.600006382479;80.0780950388806
316.621633803872;80.0020341212306
316.643261225266;79.9388266599927
316.664888646659;79.8909873255722
316.686516068053;79.8596279515083
316.708143489446;79.8415039205787
316.72977091084;79.8268923398419
316.751398332234;79.8082154715754
316.773025753627;79.7846050198305
316.794653175021;79.7548921269414
316.816280596414;79.7100249902307
316.837908017808;79.6341200559325
316.859535439201;79.520542241988
316.881162860595;79.3742693917528
316.902790281988;79.1996808412113
316.924417703382;78.9917675070767
316.946045124775;78.7416447589595
316.967672546169;78.4552052932298
316.989299967562;78.1508992156549
317.010927388956;77.8416493327445
317.032554810349;77.535272170508
317.054182231743;77.2478423042771
317.075809653137;76.9951206785235
317.09743707453;76.7910589075357
317.119064495924;76.6482202925265
317.140691917317;76.571478562101
317.162319338711;76.5564823810099
317.183946760104;76.6027039869014
317.205574181498;76.7098375101163
317.227201602891;76.8639823264408
317.248829024285;77.051287523594
317.270456445678;77.2663748783469
317.292083867072;77.5053807678372
317.313711288465;77.759675328394
317.335338709859;78.0193640459272
317.356966131252;78.2807050747863
317.378593552646;78.5406950698033
317.400220974039;78.7822141694448
317.421848395433;78.9965624889973
317.443475816827;79.1790169833419
317.46510323822;79.3221089380839
317.486730659614;79.4183346296915
317.508358081007;79.4448769635478
317.529985502401;79.3981882770303
317.551612923794;79.2986630521477
317.573240345188;79.1591698544928
317.594867766581;78.9842228671507
317.616495187975;78.7808748504629
317.638122609368;78.5673606140786
317.659750030762;78.3503136674316
317.681377452155;78.1285201430662
317.703004873549;77.9196570564073
317.724632294942;77.7388102305522
317.746259716336;77.5849873033213
317.76788713773;77.451715135418
317.789514559123;77.3327521795725
317.811141980517;77.224843286397
317.83276940191;77.1259148478747
317.854396823304;77.029654156851
317.876024244697;76.9299461678992
317.897651666091;76.8242116471364
317.919279087484;76.7116007243067
317.940906508878;76.5825690152358
317.962533930271;76.4343371308604
317.984161351665;76.2791303997142
318.005788773058;76.120255420156
318.027416194452;75.9466272818304
318.049043615845;75.7470187269976
318.070671037239;75.5347507055875
318.092298458633;75.3309588554978
318.113925880026;75.1301506960431
318.13555330142;74.9339035734519
318.157180722813;74.7506727733202
318.178808144207;74.5785591299593
318.2004355656;74.4134807109701
318.222062986994;74.2641533649622
318.243690408387;74.1371819676853
318.265317829781;74.0272116476031
318.286945251174;73.935499659894
318.308572672568;73.8554668548249
318.330200093961;73.7722249336779
318.351827515355;73.6779753483711
318.373454936748;73.5652112364607
318.395082358142;73.440282745356
318.416709779535;73.2983996507966
318.438337200929;73.1327767585111
318.459964622323;72.9554535452831
318.481592043716;72.7827275497842
318.50321946511;72.6073621142335
318.524846886503;72.4341528060638
318.546474307897;72.2795590834848
318.56810172929;72.1498273106702
318.589729150684;72.0492943953124
318.611356572077;71.9873973538531
318.632983993471;71.9745074399247
318.654611414864;72.0137165506222
318.676238836258;72.0931459116153
318.697866257651;72.1949272379108
318.719493679045;72.3079456086727
318.741121100439;72.4413398370777
318.762748521832;72.6196279362866
318.784375943226;72.8137060037818
318.806003364619;72.9795498749999
318.827630786013;73.1076677512971
318.849258207406;73.2057658300587
318.8708856288;73.2717533492539
318.892513050193;73.2948568691193
318.914140471587;73.2717008077912
318.93576789298;73.214395011803
318.957395314374;73.1343516959678
318.979022735767;73.0292031768729
319.000650157161;72.8972636476268
319.022277578554;72.7376609293296
319.043904999948;72.5637069287777
319.065532421342;72.3845878346685
319.087159842735;72.1965197326063
319.108787264129;72.002532799607
319.130414685522;71.8034414990222
319.152042106916;71.5984280425778
319.173669528309;71.3835140295178
319.195296949703;71.1579898303543
319.216924371096;70.9412926214642
319.23855179249;70.745068479218
319.260179213883;70.5663479278625
319.281806635277;70.4068477194785
319.30343405667;70.2702230390666
319.325061478064;70.1556615871526
319.346688899457;70.0617172201304
319.368316320851;69.9991652818763
319.389943742245;69.9891294760158
319.411571163638;70.029263274301
319.433198585032;70.0926900763514
319.454826006425;70.161295625297
319.476453427819;70.2265171511859
319.498080849212;70.2867692508923
319.519708270606;70.341018875816
319.541335691999;70.3876838573534
319.562963113393;70.4225337913774
319.584590534786;70.4421590973756
319.60621795618;70.4434934025988
319.627845377573;70.4248331028214
319.649472798967;70.3897146090269
319.67110022036;70.3377831373448
319.692727641754;70.2692255370783
319.714355063147;70.1850294368622
319.735982484541;70.0859199118071
319.757609905935;69.9720450570462
319.779237327328;69.8364350799287
319.800864748722;69.6706501581691
319.822492170115;69.4775605885591
319.844119591509;69.2697526190176
319.865747012902;69.0560063084725
319.887374434296;68.8365167983508
319.909001855689;68.6057646962639
319.930629277083;68.3601849532336
319.952256698476;68.1023763149421
319.97388411987;67.8402344764121
319.995511541263;67.5779002975204
320.017138962657;67.3064390629083
320.03876638405;67.0260942256717
320.060393805444;66.743904721816
320.082021226838;66.453217237329
320.103648648231;66.1411571990517
320.125276069625;65.8137190915205
320.146903491018;65.4942782984577
320.168530912412;65.2027712764854
320.190158333805;64.9432962654987
320.211785755199;64.7049112299644
320.233413176592;64.4807542827076
320.255040597986;64.2758796342515
320.276668019379;64.1019814720701
320.298295440773;63.9595831129749
320.319922862166;63.8428481253314
320.34155028356;63.7521599893288
320.363177704953;63.6912111281921
320.384805126347;63.6562763052135
320.406432547741;63.6415944371078
320.428059969134;63.6523767022545
320.449687390528;63.6847182926902
320.471314811921;63.7260970858149
320.492942233315;63.7730463061065
320.514569654708;63.8317074626995
320.536197076102;63.895000388746
320.557824497495;63.9488105296118
320.579451918889;63.985830929951
320.601079340282;63.9990043573868
320.622706761676;63.9867276049205
320.644334183069;63.9507123427498
320.665961604463;63.8924885966892
320.687589025856;63.8152294963091
320.70921644725;63.7264520963381
320.730843868644;63.6319800092437
320.752471290037;63.5406901123474
320.774098711431;63.4700867010855
320.795726132824;63.4315110645949
320.817353554218;63.4296326292237
320.838980975611;63.4688408728511
320.860608397005;63.5545887691518
320.882235818398;63.6913967665289
320.903863239792;63.878968881224
320.925490661185;64.1140062120962
320.947118082579;64.3858160991475
320.968745503972;64.6711179760857
320.990372925366;64.9447568284046
321.012000346759;65.2017298393736
321.033627768153;65.4350690885819
321.055255189547;65.6193251402836
321.07688261094;65.7346585562969
321.098510032334;65.7749894386152
321.120137453727;65.7375149956662
321.141764875121;65.6240898830934
321.163392296514;65.4404990822414
321.185019717908;65.1901253332048
321.206647139301;64.8793961393484
321.228274560695;64.5257575158338
321.249901982088;64.1493535603212
321.271529403482;63.7571606318552
321.293156824875;63.3497743142599
321.314784246269;62.9436319622655
321.336411667662;62.5736882797765
321.358039089056;62.2458871678545
321.37966651045;61.9480862396292
321.401293931843;61.6776572861434
321.422921353237;61.4677792324595
321.44454877463;61.3535214637429
321.466176196024;61.3107099244329
321.487803617417;61.31143820684
321.509431038811;61.332002722486
321.531058460204;61.3851389340041
321.552685881598;61.4680371930133
321.574313302991;61.5668764532296
321.595940724385;61.6673419584846
321.617568145778;61.7577615410649
321.639195567172;61.8314282190743
321.660822988565;61.8834995720467
321.682450409959;61.9067574660304
321.704077831352;61.8926361964083
321.725705252746;61.8327657565644
321.74733267414;61.7137502573046
321.768960095533;61.5263209730921
321.790587516927;61.2763574071423
321.81221493832;60.9604629509706
321.833842359714;60.5850719613404
321.855469781107;60.1731917844202
321.877097202501;59.7210795382192
321.898724623894;59.2148381855471
321.920352045288;58.6656661577176
321.941979466681;58.0985282211253
321.963606888075;57.532274999829
321.985234309468;56.9819163970638
322.006861730862;56.4725904446692
322.028489152255;56.0216733048552
322.050116573649;55.6322375212886
322.071743995043;55.3094371854992
322.093371416436;55.0570649634182
322.11499883783;54.8693498937749
322.136626259223;54.7408273848571
322.158253680617;54.6593500945692
322.17988110201;54.6045028993673
322.201508523404;54.5610028528862
322.223135944797;54.5227124140092
322.244763366191;54.4910521186524
322.266390787584;54.4610696289675
322.288018208978;54.4253765741376
322.309645630371;54.3737977105658
322.331273051765;54.3036515858349
322.352900473158;54.2385097599734
322.374527894552;54.2031577795693
322.396155315946;54.1721101538864
322.417782737339;54.1138037050289
322.439410158733;54.0457068377861
322.461037580126;53.9848925740522
322.48266500152;53.9359867173253
322.504292422913;53.899322086291
322.525919844307;53.8642179343958
322.5475472657;53.8219465756277
322.569174687094;53.7596124968184
322.590802108487;53.6710282916909
322.612429529881;53.5645789340008
322.634056951274;53.4527771024991
322.655684372668;53.3484888087747
322.677311794061;53.2436546099786
322.698939215455;53.120687179442
322.720566636849;52.9968934297581
322.742194058242;52.8919834593525
322.763821479636;52.8033365400564
322.785448901029;52.7160551966101
322.807076322423;52.6179137480273
322.828703743816;52.5151659388347
322.85033116521;52.4245733497009
322.871958586603;52.3471891852053
322.893586007997;52.2847406679282
322.91521342939;52.2379403143203
322.936840850784;52.2026175420746
322.958468272177;52.1851437112755
322.980095693571;52.1916842691381
323.001723114964;52.2215893396133
323.023350536358;52.2681130895549
323.044977957752;52.3248718415158
323.066605379145;52.391855881433
323.088232800539;52.4630827043151
323.109860221932;52.5218872957523
323.131487643326;52.5634638338561
323.153115064719;52.5922178320645
323.174742486113;52.6114866627547
323.196369907506;52.6176155692147
323.2179973289;52.6039900796703
323.239624750293;52.5667979742465
323.261252171687;52.5072287550276
323.28287959308;52.4312804224151
323.304507014474;52.3523506819388
323.326134435867;52.2788233389848
323.347761857261;52.2027317460018
323.369389278655;52.1171830312346
323.391016700048;52.0241042698859
323.412644121442;51.928928067839
323.434271542835;51.8327054486602
323.455898964229;51.7375229184395
323.477526385622;51.6419221951634
323.499153807016;51.5389402292258
323.520781228409;51.4295717018774
323.542408649803;51.3133701518674
323.564036071196;51.190347528854
323.58566349259;51.066801599501
323.607290913983;50.9442016317951
323.628918335377;50.8230860385345
323.65054575677;50.7109552472475
323.672173178164;50.6195874700522
323.693800599558;50.5527180561949
323.715428020951;50.5117837450958
323.737055442345;50.4990560013593
323.758682863738;50.5180748283036
323.780310285132;50.5701555716809
323.801937706525;50.6575639109317
323.823565127919;50.7804915594835
323.845192549312;50.9297230317646
323.866819970706;51.0933088061498
323.888447392099;51.2592473217414
323.910074813493;51.4178407942079
323.931702234886;51.5594159572058
323.95332965628;51.6743707322077
323.974957077673;51.7530727274724
323.996584499067;51.7940358341438
324.01821192046;51.7994943051492
324.039839341854;51.7621704017636
324.061466763248;51.6779950277181
324.083094184641;51.5540227647094
324.104721606035;51.3963370475085
324.126349027428;51.2126699985429
324.147976448822;51.0160694573357
324.169603870215;50.8113723795945
324.191231291609;50.5951381990927
324.212858713002;50.363833139205
324.234486134396;50.116459368342
324.256113555789;49.8557202342866
324.277740977183;49.5960756934614
324.299368398576;49.3482100359811
324.32099581997;49.1213236855967
324.342623241363;48.9180135484117
324.364250662757;48.727571187622
324.385878084151;48.5438417736963
324.407505505544;48.366109510879
324.429132926938;48.1987170618865
324.450760348331;48.0428399188058
324.472387769725;47.8907391317515
324.494015191118;47.7282936980502
324.515642612512;47.545257356967
324.537270033905;47.3452089931391
324.558897455299;47.1417251967022
324.580524876692;46.9274064228671
324.602152298086;46.6831506496234
324.623779719479;46.3926254884712
324.645407140873;46.0493965714015
324.667034562266;45.6749139121911
324.68866198366;45.2938909612585
324.710289405054;44.9111128622678
324.731916826447;44.5200494824028
324.753544247841;44.1162385445988
324.775171669234;43.7000468907199
324.796799090628;43.2716952819093
324.818426512021;42.8301578352494
324.840053933415;42.3912194677384
324.861681354808;41.9827063027384
324.883308776202;41.6072537650391
324.904936197595;41.2517484493242
324.926563618989;40.9043586198034
324.948191040382;40.5667986428894
324.969818461776;40.2426735884733
324.991445883169;39.9285039445093
325.013073304563;39.6398733321297
325.034700725957;39.3966697314849
325.05632814735;39.1917309773432
325.077955568744;39.0174394601117
325.099582990137;38.879427977507
325.121210411531;38.7915034636519
325.142837832924;38.753326558254
325.164465254318;38.7544606124735
325.186092675711;38.788630716742
325.207720097105;38.8598592284689
325.229347518498;38.971433580609
325.250974939892;39.1209568436259
325.272602361285;39.2978065084293
325.294229782679;39.4882249974982
325.315857204072;39.6877990084663
325.337484625466;39.8927541421488
325.35911204686;40.0939531881059
325.380739468253;40.2844349811144
325.402366889647;40.4551593831764
325.42399431104;40.5954689928775
325.445621732434;40.7047913637409
325.467249153827;40.7957604439203
325.488876575221;40.8733054364005
325.510503996614;40.9220086573669
325.532131418008;40.9207796375665
325.553758839401;40.8578853832523
325.575386260795;40.7518665801287
325.597013682188;40.6405260244897
325.618641103582;40.5302424194993
325.640268524975;40.4109491084035
325.661895946369;40.2757506467878
325.683523367763;40.1225302479723
325.705150789156;39.9671599047737
325.72677821055;39.8172486033024
325.748405631943;39.6711580720508
325.770033053337;39.5330646948573
325.79166047473;39.4036950786408
325.813287896124;39.2756067627089
325.834915317517;39.1449340303011
325.856542738911;39.0159907740602
325.878170160304;38.8918312935847
325.899797581698;38.7681370868194
325.921425003091;38.6438323172721
325.943052424485;38.5252867547992
325.964679845878;38.4256121668051
325.986307267272;38.3418605697404
326.007934688666;38.2496637919768
326.029562110059;38.1414936873743
326.051189531453;38.0170621989207
326.072816952846;37.8818811688926
326.09444437424;37.7432049860685
326.116071795633;37.6004367584426
326.137699217027;37.4430957411177
326.15932663842;37.2585638105478
326.180954059814;37.0440682256605
326.202581481207;36.8113885007568
326.224208902601;36.5690838189835
326.245836323994;36.310922637113
326.267463745388;36.027776323328
326.289091166781;35.7281365148768
326.310718588175;35.4366638225618
326.332346009568;35.1655524887755
326.353973430962;34.9091214882732
326.375600852356;34.6621576702288
326.397228273749;34.4218230308596
326.418855695143;34.1898143792486
326.440483116536;33.958543271802
326.46211053793;33.7110100870641
326.483737959323;33.4437482848278
326.505365380717;33.1566791438849
326.52699280211;32.8380878617863
326.548620223504;32.471275670552
326.570247644897;32.0524513573394
326.591875066291;31.5963644420426
326.613502487684;31.1355805799348
326.635129909078;30.6954276038125
326.656757330471;30.2794885522925
326.678384751865;29.8827159990772
326.700012173259;29.5162545388329
326.721639594652;29.2012001595357
326.743267016046;28.9457223941899
326.764894437439;28.7395324247068
326.786521858833;28.5735338516153
326.808149280226;28.4488407728954
326.82977670162;28.3760593635771
326.851404123013;28.357820187708
326.873031544407;28.3786540665467
326.8946589658;28.4183422138691
326.916286387194;28.4677238183745
326.937913808587;28.5200621413046
326.959541229981;28.5709035874254
326.981168651374;28.613253606215
327.002796072768;28.6383762355063
327.024423494162;28.6438264565041
327.046050915555;28.6360489017416
327.067678336949;28.6083567506238
327.089305758342;28.5548150412639
327.110933179736;28.4729956718842
327.132560601129;28.363891789249
327.154188022523;28.2267371963663
327.175815443916;28.0686972298646
327.19744286531;27.8970193180716
327.219070286703;27.7109571659154
327.240697708097;27.5009454555495
327.26232512949;27.2603367370136
327.283952550884;27.0109461509082
327.305579972277;26.7741491779712
327.327207393671;26.5561834263629
327.348834815065;26.3545837173767
327.370462236458;26.1722167825483
327.392089657852;26.0125792118656
327.413717079245;25.8774175615451
327.435344500639;25.7623198817978
327.456971922032;25.6529959650467
327.478599343426;25.538449382062
327.500226764819;25.4275372213618
327.521854186213;25.325514843063
327.543481607606;25.2181059234466
327.565109029;25.0942998824721
327.586736450393;24.9520568927553
327.608363871787;24.7917704773336
327.62999129318;24.6109574783632
327.651618714574;24.4051004781609
327.673246135968;24.1657273536309
327.694873557361;23.8790478227951
327.716500978755;23.5448736940601
327.738128400148;23.1749394928483
327.759755821542;22.7670032384131
327.781383242935;22.3274154021451
327.803010664329;21.8684613575791
327.824638085722;21.3973963804081
327.846265507116;20.9062289665099
327.867892928509;20.3814480182215
327.889520349903;19.8243060647259
327.911147771296;19.274539304641
327.93277519269;18.7714453680754
327.954402614083;18.3217136903033
327.976030035477;17.9115313487035
327.997657456871;17.5320380659235
328.019284878264;17.190948981188
328.040912299658;16.8986629993711
328.062539721051;16.6571423093622
328.084167142445;16.4664860179332
328.105794563838;16.3251327211066
328.127421985232;16.2277828076246
328.149049406625;16.1641839889863
328.170676828019;16.1229584382041
328.192304249412;16.0906128241647
328.213931670806;16.0504901412477
328.235559092199;16.0035485711245
328.257186513593;15.9594210623335
328.278813934986;15.9185120382601
328.30044135638;15.8657864796504
328.322068777774;15.7882065181518
328.343696199167;15.68346786919
328.365323620561;15.5541158047958
328.386951041954;15.414041317576
328.408578463348;15.2724438754294
328.430205884741;15.133200320371
328.451833306135;14.9983207068237
328.473460727528;14.8638871563741
328.495088148922;14.7371244181866
328.516715570315;14.6274487579802
328.538342991709;14.5338925254713
328.559970413102;14.4484360789333
328.581597834496;14.3654220869143
328.603225255889;14.2889770787301
328.624852677283;14.2232692529607
328.646480098676;14.170416939473
328.66810752007;14.1336673844896
328.689734941464;14.1141558393976
328.711362362857;14.1113905749723
328.732989784251;14.1282015437568
328.754617205644;14.1788801772725
328.776244627038;14.2780743993692
328.797872048431;14.4088690740832
328.819499469825;14.5392688546917
328.841126891218;14.6688689914529
328.862754312612;14.8162384013576
328.884381734005;14.9746651176492
328.906009155399;15.1092700421241
328.927636576792;15.2028397427881
328.949263998186;15.252562947672
328.970891419579;15.2410152994005
328.992518840973;15.1545430444476
329.014146262367;15.0026033035265
329.03577368376;14.8058578430895
329.057401105154;14.5673054656546
329.079028526547;14.2840707752943
329.100655947941;13.9650250295783
329.122283369334;13.6275268726112
329.143910790728;13.295550714644
329.165538212121;12.9841126251668
329.187165633515;12.6899073658075
329.208793054908;12.4139707823096
329.230420476302;12.1640005504957
329.252047897695;11.9447395241971
329.273675319089;11.7520311716065
329.295302740483;11.5829005567058
329.316930161876;11.4378199677424
329.33855758327;11.3117225621157
329.360185004663;11.1999040259631
329.381812426057;11.1021965561483
329.40343984745;11.0190592037036
329.425067268844;10.9499650909719
329.446694690237;10.8977676969002
329.468322111631;10.8631568565252
329.489949533024;10.8398108030888
329.511576954418;10.8144713065995
329.533204375811;10.779065243382
329.554831797205;10.7345857992479
329.576459218598;10.681638556817
329.598086639992;10.6168174292052
329.619714061385;10.5345487440898
329.641341482779;10.4261473945414
329.662968904173;10.2906073461497
329.684596325566;10.1339658432791
329.70622374696;9.96412511495876
329.727851168353;9.79022187324489
329.749478589747;9.62319485722549
329.77110601114;9.47384454309586
329.792733432534;9.35198494786398
329.814360853927;9.26017188690832
329.835988275321;9.20283103991164
329.857615696714;9.18924354249982
329.879243118108;9.21565052125163
329.900870539501;9.26992487670394
329.922497960895;9.34718564963573
329.944125382288;9.45052054072184
329.965752803682;9.57899005110471
329.987380225076;9.73391597052127
330.009007646469;9.91476733917683
330.030635067863;10.1027281471758
330.052262489256;10.2751781037911
330.07388991065;10.4267568952811
330.095517332043;10.5632328008361
330.117144753437;10.6932583895941
330.13877217483;10.8206053963905
330.160399596224;10.9365140437425
330.182027017617;11.0352570530846
330.203654439011;11.1167755195314
330.225281860404;11.174844974071
330.246909281798;11.210460342631
330.268536703191;11.2298436040361
330.290164124585;11.2356902288985
330.311791545979;11.2325399363215
330.333418967372;11.226544401622
330.355046388766;11.2081110276867
330.376673810159;11.1763446391944
330.398301231553;11.1347919062448
330.419928652946;11.0765856127581
330.44155607434;10.9980374450552
330.463183495733;10.9120627630334
330.484810917127;10.8267793212463
330.50643833852;10.7436310749707
330.528065759914;10.6637996173311
330.549693181307;10.594211541016
330.571320602701;10.5464453367098
330.592948024094;10.5334248553353
330.614575445488;10.5616771315364
330.636202866881;10.6363164246863
330.657830288275;10.7672626482035
330.679457709669;10.9553669978384
330.701085131062;11.1955696329178
330.722712552456;11.4931672282345
330.744339973849;11.8574605641595
330.765967395243;12.284417292017
330.787594816636;12.7534719682298
330.80922223803;13.2493195847128
330.830849659423;13.7741744576056
330.852477080817;14.3236226808089
330.87410450221;14.8830955287526
330.895731923604;15.4540925662329
330.917359344997;16.0458514995891
330.938986766391;16.6265223861971
330.960614187784;17.1478543123426
330.982241609178;17.6166250220745
331.003869030572;18.0409633973317
331.025496451965;18.4123652440593
331.047123873359;18.7186757310419
331.068751294752;18.9572994484529
331.090378716146;19.1234556586896
331.112006137539;19.2104368334571
331.133633558933;19.2218508392701
331.155260980326;19.1664751211018
331.17688840172;19.0518260569588
331.198515823113;18.8850311890363
331.220143244507;18.6763425293095
331.2417706659;18.4484588118784
331.263398087294;18.2237373540312
331.285025508687;18.0076816250386
331.306652930081;17.8000687300915
331.328280351475;17.611099484444
331.349907772868;17.4584226857168
331.371535194262;17.3579178935609
331.393162615655;17.3198849734776
331.414790037049;17.3426824048489
331.436417458442;17.427873559678
331.458044879836;17.5814842598118
331.479672301229;17.7936460634229
331.501299722623;18.0399926929323
331.522927144016;18.3068091754295
331.54455456541;18.5789337553863
331.566181986803;18.8382937001921
331.587809408197;19.0577461317127
331.60943682959;19.1939702876871
331.631064250984;19.2018274112978
331.652691672378;19.0383123665026
331.674319093771;18.6565621121937
331.695946515165;18.0382573106254
331.717573936558;17.2035218641635
331.739201357952;16.1534505335665
331.760828779345;14.8699525535631
331.782456200739;13.3527509443275
331.804083622132;11.645858980958
331.825711043526;9.80677519665993
331.847338464919;7.90043447721548
331.868965886313;6.00256413859353
331.890593307706;4.19114640858585
331.9122207291;2.54479702784808
331.933848150493;1.14322384074735
331.955475571887;0.0168768784646716
331.977102993281;-0.828607742728906
331.998730414674;-1.3759246770429
332.020357836068;-1.62084217572882
332.041985257461;-1.62285998784157
332.063612678855;-1.43833563851685
332.085240100248;-1.12123723630309
332.106867521642;-0.721381374463007
332.128494943035;-0.285818870015845
332.150122364429;0.156052550735069
332.171749785822;0.575308995342269
332.193377207216;0.942923964406091
332.215004628609;1.24840648109237
332.236632050003;1.49635465829135
332.258259471396;1.69886002041434
332.27988689279;1.86565831463579
332.301514314184;2.00476928306732
332.323141735577;2.12893781436101
332.344769156971;2.25935558211064
332.366396578364;2.41865656455472
332.388023999758;2.60929701533222
332.409651421151;2.82395684523324
332.431278842545;3.06069468404893
332.452906263938;3.31428370958008
332.474533685332;3.58086343310025
332.496161106725;3.85983996322091
332.517788528119;4.14609514651369
332.539415949512;4.43339694990905
332.561043370906;4.71384717495248
332.582670792299;4.98799342309873
332.604298213693;5.26170954576978
332.625925635087;5.53612362447103
332.64755305648;5.81782085611489
332.669180477874;6.11467711981634
332.690807899267;6.42669178052843
332.712435320661;6.75506609318846
332.734062742054;7.10739160167917
332.755690163448;7.49118395623893
332.777317584841;7.91270748876397
332.798945006235;8.37475672520533
332.820572427628;8.881943616847
332.842199849022;9.43961979139176
332.863827270415;10.051596105718
332.885454691809;10.7292466446668
332.907082113202;11.4810425855298
332.928709534596;12.3077575804682
332.950336955989;13.2076584357031
332.971964377383;14.1836072330644
332.993591798777;15.2533988798858
333.01521922017;16.4125496423534
333.036846641564;17.6100315022185
333.058474062957;18.8061896715364
333.080101484351;20.0093065230533
333.101728905744;21.2596627558029
333.123356327138;22.5838846810168
333.144983748531;23.9412043398922
333.166611169925;25.2917818021973
333.188238591318;26.6419168211114
333.209866012712;27.9875055674976
333.231493434105;29.3084989553374
333.253120855499;30.5959165088469
333.274748276892;31.8027637212295
333.296375698286;32.8899439160126
333.31800311968;33.8630682531899
333.339630541073;34.7047055625815
333.361257962467;35.4088633674246
333.38288538386;35.9955240404668
333.404512805254;36.4944305822184
333.426140226647;36.9272599777694
333.447767648041;37.3131128028188
333.469395069434;37.6871223037291
333.491022490828;38.1106748555538
333.512649912221;38.6518727395217
333.534277333615;39.3699530195585
333.555904755008;40.2941210215085
333.577532176402;41.438256168843
333.599159597796;42.8278842117417
333.620787019189;44.5623004326092
333.642414440583;46.7454430479761
333.664041861976;49.2404368585304
333.68566928337;51.8435177326776
333.707296704763;54.4917947502621
333.728924126157;57.2044970454531
333.75055154755;59.9977770039137
333.772178968944;62.6938193195077
333.793806390337;64.9726356710444
333.815433811731;66.649780766832
333.837061233124;67.6220939438178
333.858688654518;67.7692098144087
333.880316075911;66.9670977879105
333.901943497305;65.0471930798342
333.923570918698;61.9186473871694
333.945198340092;57.7672756788735
333.966825761486;52.9072611014246
333.988453182879;47.5349166517583
334.010080604273;41.7949806560858
334.031708025666;35.8338669245553
334.05333544706;29.8099270035703
334.074962868453;23.9265575423793
334.096590289847;18.4949642317411
334.11821771124;13.794504278758
334.139845132634;9.73741897977369
334.161472554027;6.39669332319976
334.183099975421;3.93686551746285
334.204727396814;2.33254612630154
334.226354818208;1.55995148364839
334.247982239601;1.55397481267566
334.269609660995;2.24734391725956
334.291237082389;3.52760109126768
334.312864503782;5.33426094276217
334.334491925176;7.51258254944965
334.356119346569;9.96187902893513
334.377746767963;12.7289102108829
334.399374189356;15.7950012950544
334.42100161075;19.0015710716281
334.442629032143;22.2709895346316
334.464256453537;25.6234299050885
334.48588387493;29.1128073072678
334.507511296324;32.7437230032927
334.529138717717;36.4524168953921
334.550766139111;40.1752687735699
334.572393560504;43.9017391816574
334.594020981898;47.6689150009127
334.615648403292;51.3894164814388
334.637275824685;54.9743087481306
334.658903246079;58.4409323584239
334.680530667472;61.9397523518639
334.702158088866;65.643319532742
334.723785510259;69.4348818478948
334.745412931653;73.0260428161707
334.767040353046;76.4085583602308
334.78866777444;79.6545691277834
334.810295195833;82.8366395292404
334.831922617227;85.9933438189239
334.85355003862;89.1190277517708
334.875177460014;92.1485582756553
334.896804881407;95.064245091746
334.918432302801;97.8593096948949
334.940059724195;100.475109330154
334.961687145588;102.816820477816
334.983314566982;104.954930146794
335.004941988375;106.922082449248
335.026569409769;108.670407652227
335.048196831162;110.159301548098
335.069824252556;111.37201656227
335.091451673949;112.390381673372
335.113079095343;113.208948887869
335.134706516736;113.828486393251
335.15633393813;114.301769564248
335.177961359523;114.66942031728
335.199588780917;114.972748648013
335.22121620231;115.271065658717
335.242843623704;115.624033821517
335.264471045097;116.117841407064
335.286098466491;116.85058228134
335.307725887885;117.886756931739
335.329353309278;119.353884412817
335.350980730672;121.404325689593
335.372608152065;124.218510328247
335.394235573459;127.847095867953
335.415862994852;132.314537899076
335.437490416246;137.680653332854
335.459117837639;144.157950614548
335.480745259033;151.791402360931
335.502372680426;160.338808659141
335.52400010182;169.90948573916
335.545627523213;180.982899818757
335.567254944607;194.139732138484
335.588882366;208.75826385403
335.610509787394;224.168690638169
335.632137208788;240.506792032939
335.653764630181;258.29612430161
335.675392051575;278.113728338312
335.697019472968;300.200286403224
335.718646894362;324.392819883959
335.740274315755;350.496498532914
335.761901737149;379.0651543809
335.783529158542;411.068704293732
335.805156579936;447.932392363362
335.826784001329;491.347720022749
335.848411422723;541.458703797584
335.870038844116;598.165043780086
335.89166626551;663.206660279044
335.913293686904;738.155308250964
335.934921108297;823.28573108633
335.956548529691;915.127758740071
335.978175951084;1010.83029730898
335.999803372478;1110.38365687608
336.021430793871;1215.07119687937
336.043058215265;1326.64981465465
336.064685636658;1442.68062061164
336.086313058052;1558.86189079782
336.107940479445;1671.9975269129
336.129567900839;1775.69085543692
336.151195322232;1864.52484162615
336.172822743626;1940.05421092881
336.194450165019;2003.84156388188
336.216077586413;2051.96784126249
336.237705007806;2078.05948294075
336.2593324292;2081.08520721071
336.280959850594;2058.9095696171
336.302587271987;2011.21422066851
336.324214693381;1939.33303146861
336.345842114774;1842.84793514529
336.367469536168;1723.9231960251
336.389096957561;1582.73051428357
336.410724378955;1414.35985610084
336.432351800348;1219.61731277859
336.453979221742;1016.09032055885
336.475606643135;815.266479839198
336.497234064529;616.90240632561
336.518861485922;421.430323740248
336.540488907316;229.251629535756
336.562116328709;38.8310731754829
336.583743750103;-145.656605402552
336.605371171497;-321.742426868136
336.62699859289;-487.820775256767
336.648626014284;-639.605473169357
336.670253435677;-776.609303416162
336.691880857071;-898.160546797003
336.713508278464;-1002.74535688901
336.735135699858;-1090.23485257567
336.756763121251;-1165.25453989593
336.778390542645;-1231.02243056787
336.800017964038;-1287.53242723093
336.821645385432;-1335.87128493417
336.843272806825;-1378.39049631337
336.864900228219;-1415.40569328417
336.886527649612;-1446.44416018011
336.908155071006;-1472.26528320043
336.9297824924;-1493.70398612866
336.951409913793;-1511.51109751989
336.973037335187;-1525.96445463591
336.99466475658;-1536.71471822796
337.016292177974;-1543.71640368323
337.037919599367;-1546.99466993198
337.059547020761;-1546.1223189857
337.081174442154;-1540.73622159917
337.102801863548;-1530.63954290335
337.124429284941;-1515.79881967817
337.146056706335;-1495.81026861898
337.167684127728;-1469.25451467587
337.189311549122;-1434.54277488417
337.210938970515;-1392.52546132414
337.232566391909;-1344.89511236724
337.254193813302;-1293.58039532334
337.275821234696;-1238.11731663527
337.29744865609;-1178.22431562617
337.319076077483;-1114.77288669127
337.340703498877;-1048.71572819939
337.36233092027;-981.149759223786
337.383958341664;-911.626993958566
337.405585763057;-839.262155126939
337.427213184451;-765.571161033426
337.448840605844;-696.457780707363
337.470468027238;-635.623077997666
337.492095448631;-580.423503155079
337.513722870025;-528.217962905132
337.535350291418;-478.04630262691
337.556977712812;-430.544638078576
337.578605134205;-387.793617187304
337.600232555599;-350.006745637233
337.621859976993;-316.301993766966
337.643487398386;-286.354399961401
337.66511481978;-259.827365101822
337.686742241173;-236.186961231094
337.708369662567;-215.047464606539
337.72999708396;-196.451922237742
337.751624505354;-180.172255125423
337.773251926747;-165.617072888096
337.794879348141;-152.277585896338
337.816506769534;-140.063029351029
337.838134190928;-129.123382893184
337.859761612321;-119.215301422394
337.881389033715;-109.859314058132
337.903016455108;-100.819247083364
337.924643876502;-92.1626056351927
337.946271297896;-84.0127576917999
337.967898719289;-76.3004072628092
337.989526140683;-68.8313554913012
338.011153562076;-61.4695029188276
338.03278098347;-54.43601067964
338.054408404863;-47.9086473034998
338.076035826257;-41.8427945115784
338.09766324765;-36.2437006121363
338.119290669044;-31.217753473932
338.140918090437;-26.9145160151496
338.162545511831;-23.5264690862312
338.184172933224;-21.2500183775781
338.205800354618;-20.1343711535314
338.227427776012;-20.2034783724348
338.249055197405;-21.5660936170412
338.270682618799;-24.3163475941315
338.292310040192;-28.3572212904148
338.313937461586;-33.4887134271918
338.335564882979;-39.4755445586246
338.357192304373;-45.9760509436232
338.378819725766;-52.7723756039547
338.40044714716;-59.7065977934494
338.422074568553;-66.5016271276626
338.443701989947;-72.8209509548551
338.46532941134;-78.3612593326901
338.486956832734;-82.8630840712541
338.508584254127;-86.2317652576185
338.530211675521;-88.5303723204336
338.551839096914;-89.8481893655049
338.573466518308;-90.2132683744663
338.595093939702;-89.6623895177462
338.616721361095;-88.3018976073463
338.638348782489;-86.3936164179347
338.659976203882;-84.1540266093796
338.681603625276;-81.7145283163875
338.703231046669;-79.2056155843651
338.724858468063;-76.7151718940185
338.746485889456;-74.3221641779927
338.76811331085;-72.1293960804235
338.789740732243;-70.1554666632676
338.811368153637;-68.3714170468148
338.83299557503;-66.7641372794594
338.854622996424;-65.3747591839989
338.876250417817;-64.1943070141889
338.897877839211;-63.1544669129624
338.919505260605;-62.2049204450211
338.941132681998;-61.2900949156681
338.962760103392;-60.3612982007443
338.984387524785;-59.3693593218937
339.006014946179;-58.2768803294956
339.027642367572;-57.0883837660865
339.049269788966;-55.81625321165
339.070897210359;-54.4607947446579
339.092524631753;-52.9972258823833
339.114152053146;-51.4126600855165
339.13577947454;-49.7311770138916
339.157406895933;-48.0140605959261
339.179034317327;-46.3396487931056
339.20066173872;-44.7643405126093
339.222289160114;-43.2733143905798
339.243916581508;-41.8293012569753
339.265544002901;-40.4447824107986
339.287171424295;-39.1459991236086
339.308798845688;-37.9306425812312
339.330426267082;-36.772178987866
339.352053688475;-35.6593781897064
339.373681109869;-34.6323541348407
339.395308531262;-33.7303660261517
339.416935952656;-32.9410973871619
339.438563374049;-32.2220181998615
339.460190795443;-31.564817459692
339.481818216836;-31.0001480790125
339.50344563823;-30.525218074671
339.525073059623;-30.117906584952
339.546700481017;-29.7604156916969
339.56832790241;-29.4437799438693
339.589955323804;-29.1702928792588
339.611582745198;-28.9363920558859
339.633210166591;-28.7319062204688
339.654837587985;-28.5488477343724
339.676465009378;-28.3950699546784
339.698092430772;-28.279179555525
339.719719852165;-28.1963566356789
339.741347273559;-28.1398319260106
339.762974694952;-28.1092187763029
339.784602116346;-28.1053246189931
339.806229537739;-28.1392988014265
339.827856959133;-28.2188126426805
339.849484380526;-28.3317910727002
339.87111180192;-28.4591641612279
339.892739223313;-28.580132631134
339.914366644707;-28.6692474018421
339.935994066101;-28.7017055672293
339.957621487494;-28.6523152833871
339.979248908888;-28.5030394023599
340.000876330281;-28.2399968503962
340.022503751675;-27.8484594310134
340.044131173068;-27.3080310842629
340.065758594462;-26.6058789348637
340.087386015855;-25.7390607562547
340.109013437249;-24.72944121965
340.130640858642;-23.5955629605224
340.152268280036;-22.3553511407817
340.173895701429;-21.0311911504979
340.195523122823;-19.6464662454303
340.217150544216;-18.2368876931059
340.23877796561;-16.8649501309776
340.260405387004;-15.6057514411328
340.282032808397;-14.5381957064223
340.303660229791;-13.7274596339346
340.325287651184;-13.2256415055223
340.346915072578;-13.060988023673
340.368542493971;-13.2571511980409
340.390169915365;-13.8670266141791
340.411797336758;-14.9244990164591
340.433424758152;-16.4205119224892
340.455052179545;-18.3364084311694
340.476679600939;-20.5753823597762
340.498307022332;-22.9508848639565
340.519934443726;-25.3376727626794
340.541561865119;-27.6829099763457
340.563189286513;-29.9332698954857
340.584816707907;-32.0012734398502
340.6064441293;-33.7905628730772
340.628071550694;-35.2764160445675
340.649698972087;-36.4554915039172
340.671326393481;-37.3046624455442
340.692953814874;-37.8080667479611
340.714581236268;-37.9851185279133
340.736208657661;-37.8929958951449
340.757836079055;-37.6123910344624
340.779463500448;-37.2181228286112
340.801090921842;-36.7696489589287
340.822718343235;-36.3110755239549
340.844345764629;-35.8744254709526
340.865973186022;-35.4953063630675
340.887600607416;-35.2001582403163
340.90922802881;-34.9978141473214
340.930855450203;-34.8866020729608
340.952482871597;-34.8572591655984
340.97411029299;-34.8837628957193
340.995737714384;-34.9422625410729
341.017365135777;-35.0220207714488
341.038992557171;-35.1048188311465
341.060619978564;-35.1657136235972
341.082247399958;-35.1776800105076
341.103874821351;-35.1242047450267
341.125502242745;-34.9988651082346
341.147129664138;-34.8124591414607
341.168757085532;-34.5663827157183
341.190384506925;-34.2579866078414
341.212011928319;-33.8947121465759
341.233639349713;-33.4732105097659
341.255266771106;-32.9950530231971
341.2768941925;-32.4903579080109
341.298521613893;-31.9783038014125
341.320149035287;-31.457276734014
341.34177645668;-30.9293323199273
341.363403878074;-30.4079471773547
341.385031299467;-29.9115701941796
341.406658720861;-29.4506201434326
341.428286142254;-29.0301779587923
341.449913563648;-28.6550364519403
341.471540985041;-28.3176776400982
341.493168406435;-28.0076350452976
341.514795827828;-27.7195925277569
341.536423249222;-27.4511119151303
341.558050670616;-27.1881601694033
341.579678092009;-26.926402444463
341.601305513403;-26.6677089133254
341.622932934796;-26.4173064974748
341.64456035619;-26.1753634830687
341.666187777583;-25.9338446333558
341.687815198977;-25.6791950451081
341.70944262037;-25.4069513197747
341.731070041764;-25.1188475089019
341.752697463157;-24.8251318189046
341.774324884551;-24.5349241260516
341.795952305944;-24.2517808547504
341.817579727338;-23.9661984256414
341.839207148731;-23.6852623226333
341.860834570125;-23.4286206235778
341.882461991518;-23.2025340060937
341.904089412912;-23.0019531517058
341.925716834306;-22.8280575260952
341.947344255699;-22.7020144320708
341.968971677093;-22.6423457588082
341.990599098486;-22.6314498203679
342.01222651988;-22.6537794006729
342.033853941273;-22.7075966839236
342.055481362667;-22.7890831196628
342.07710878406;-22.8845498842222
342.098736205454;-22.981372646799
342.120363626847;-23.0769526219008
342.141991048241;-23.1680545529798
342.163618469634;-23.2468562636289
342.185245891028;-23.3119125132515
342.206873312421;-23.3631341810486
342.228500733815;-23.4031688779527
342.250128155209;-23.4456913584398
342.271755576602;-23.4926925723393
342.293382997996;-23.5406353153466
342.315010419389;-23.5904894165452
342.336637840783;-23.6412472560104
342.358265262176;-23.7003740380027
342.37989268357;-23.7739635392258
342.401520104963;-23.8663659120907
342.423147526357;-23.972870616946
342.44477494775;-24.0850521730803
342.466402369144;-24.2048525340769
342.488029790537;-24.3453330672908
342.509657211931;-24.5180989680343
342.531284633325;-24.7224464035162
342.552912054718;-24.9510490086211
342.574539476112;-25.1976925577509
342.596166897505;-25.4632349679992
342.617794318899;-25.7484341147058
342.639421740292;-26.0492853779745
342.661049161686;-26.3677027203275
342.682676583079;-26.7108593501008
342.704304004473;-27.0857775252397
342.725931425866;-27.4838148967136
342.74755884726;-27.9024591825083
342.769186268653;-28.3508931992705
342.790813690047;-28.8199129398815
342.81244111144;-29.2874146157394
342.834068532834;-29.7404729885933
342.855695954227;-30.1850706884343
342.877323375621;-30.6337525349233
342.898950797015;-31.0863594981541
342.920578218408;-31.5241368357289
342.942205639802;-31.9279536975604
342.963833061195;-32.3017525613638
342.985460482589;-32.6488617923405
343.007087903982;-32.9520441071014
343.028715325376;-33.1936819154598
343.050342746769;-33.383112064979
343.071970168163;-33.5245253315093
343.093597589556;-33.6043091887395
343.11522501095;-33.6253568696284
343.136852432343;-33.5806959304486
343.158479853737;-33.4787543642161
343.18010727513;-33.3391097022384
343.201734696524;-33.170406079983
343.223362117918;-32.9794140148012
343.244989539311;-32.7681059280793
343.266616960705;-32.5372559448076
343.288244382098;-32.2988782530911
343.309871803492;-32.0719269460493
343.331499224885;-31.867757452017
343.353126646279;-31.6912690791177
343.374754067672;-31.5421875796346
343.396381489066;-31.4177220828083
343.418008910459;-31.3161889954961
343.439636331853;-31.2411751103832
343.461263753246;-31.1916879847911
343.48289117464;-31.1624573731972
343.504518596033;-31.152988916496
343.526146017427;-31.1651159050269
343.547773438821;-31.1986973952184
343.569400860214;-31.2565037426087
343.591028281608;-31.348027377675
343.612655703001;-31.4757542501514
343.634283124395;-31.6360575650698
343.655910545788;-31.8263288866404
343.677537967182;-32.044767423694
343.699165388575;-32.2970015482311
343.720792809969;-32.5920710306902
343.742420231362;-32.9264807157681
343.764047652756;-33.2735155146479
343.785675074149;-33.6100380259572
343.807302495543;-33.9299620099351
343.828929916936;-34.228296367636
343.85055733833;-34.495272104973
343.872184759724;-34.7188881346311
343.893812181117;-34.8886500182598
343.915439602511;-34.9900159980552
343.937067023904;-35.005541548113
343.958694445298;-34.9341166009513
343.980321866691;-34.7773507420838
344.001949288085;-34.5278454545769
344.023576709478;-34.1775423503617
344.045204130872;-33.7383801044981
344.066831552265;-33.2472179785852
344.088458973659;-32.7365742430629
344.110086395052;-32.217777842605
344.131713816446;-31.6924432987001
344.153341237839;-31.1606725306983
344.174968659233;-30.6317570938026
344.196596080626;-30.1216633070858
344.21822350202;-29.6368493939939
344.239850923414;-29.209649341269
344.261478344807;-28.8516008392975
344.283105766201;-28.5414858845169
344.304733187594;-28.2668516747206
344.326360608988;-28.0361678541945
344.347988030381;-27.860723109667
344.369615451775;-27.7362143816736
344.391242873168;-27.6548242812754
344.412870294562;-27.6134590175632
344.434497715955;-27.6165840076755
344.456125137349;-27.6717474194422
344.477752558742;-27.7902168593349
344.499379980136;-27.982041198062
344.521007401529;-28.2449222238883
344.542634822923;-28.5710490520266
344.564262244317;-28.9500391562436
344.58588966571;-29.3645286621308
344.607517087104;-29.8074758430789
344.629144508497;-30.2816372900927
344.650771929891;-30.7799784300957
344.672399351284;-31.2791030673275
344.694026772678;-31.7578572858332
344.715654194071;-32.1998598655615
344.737281615465;-32.5849606130965
344.758909036858;-32.9029075364438
344.780536458252;-33.1615282181782
344.802163879645;-33.3592512209031
344.823791301039;-33.4726988517668
344.845418722433;-33.5107774695446
344.867046143826;-33.4924870143374
344.88867356522;-33.4189503527646
344.910300986613;-33.290980799756
344.931928408007;-33.1212140291729
344.9535558294;-32.9265295198048
344.975183250794;-32.712780608068
344.996810672187;-32.483118166594
345.018438093581;-32.249546215369
345.040065514974;-32.0284336211296
345.061692936368;-31.8206891218207
345.083320357761;-31.6153219301661
345.104947779155;-31.4035561914126
345.126575200548;-31.1822215260945
345.148202621942;-30.9526655483165
345.169830043335;-30.7259404189091
345.191457464729;-30.5085687266993
345.213084886123;-30.2929951738251
345.234712307516;-30.0787235102363
345.25633972891;-29.8929366920641
345.277967150303;-29.7642451331794
345.299594571697;-29.6943808403848
345.32122199309;-29.6703134452427
345.342849414484;-29.6825629124477
345.364476835877;-29.7336461975357
345.386104257271;-29.836976912886
345.407731678664;-30.0165566763353
345.429359100058;-30.2751615792449
345.450986521451;-30.5961126108252
345.472613942845;-30.9609263853356
345.494241364238;-31.3576551153808
345.515868785632;-31.7791341075524
345.537496207026;-32.2117901799336
345.559123628419;-32.6492652464274
345.580751049813;-33.0738712310192
345.602378471206;-33.4679601345956
345.6240058926;-33.8121608118567
345.645633313993;-34.0928999229539
345.667260735387;-34.3132019502528
345.68888815678;-34.4785000174292
345.710515578174;-34.5881167756895
345.732142999567;-34.6354574265771
345.753770420961;-34.6226406091432
345.775397842354;-34.5636196299998
345.797025263748;-34.4781971116959
345.818652685141;-34.3774827451749
345.840280106535;-34.2694984682133
345.861907527929;-34.1561712968604
345.883534949322;-34.0475744639226
345.905162370716;-33.9630517627517
345.926789792109;-33.9120727430667
345.948417213503;-33.898071646052
345.970044634896;-33.9169389276638
345.99167205629;-33.9566735847779
346.013299477683;-34.0091789769708
346.034926899077;-34.0782310526482
346.05655432047;-34.1663115220065
346.078181741864;-34.2612899283709
346.099809163257;-34.3494676803223
346.121436584651;-34.4292896396569
346.143064006044;-34.5024430144452
346.164691427438;-34.5699789477482
346.186318848831;-34.628542458451
346.207946270225;-34.6737092742441
346.229573691619;-34.6977902870091
346.251201113012;-34.6991115805633
346.272828534406;-34.6739774539465
346.294455955799;-34.6526685841636
346.316083377193;-34.6406758511748
346.337710798586;-34.6248742112578
346.35933821998;-34.5887747182303
346.380965641373;-34.5362607212119
346.402593062767;-34.4875057820032
346.42422048416;-34.4480562934725
346.445847905554;-34.404960405482
346.467475326947;-34.3366664518661
346.489102748341;-34.2450978073886
346.510730169734;-34.1393114188656
346.532357591128;-34.0363259367427
346.553985012522;-33.9451671108431
346.575612433915;-33.8621104507495
346.597239855309;-33.7878877299387
346.618867276702;-33.7304570616485
346.640494698096;-33.6966326982908
346.662122119489;-33.6839733647512
346.683749540883;-33.6891274157905
346.705376962276;-33.7120486005931
346.72700438367;-33.7477868103331
346.748631805063;-33.7847415713058
346.770259226457;-33.8139691652956
346.79188664785;-33.8307951315142
346.813514069244;-33.8308114932749
346.835141490638;-33.8102555768412
346.856768912031;-33.7668323385869
346.878396333425;-33.7056604700542
346.900023754818;-33.631999482832
346.921651176212;-33.5525565777364
346.943278597605;-33.4692374508523
346.964906018999;-33.3919794247494
346.986533440392;-33.3304632795724
347.008160861786;-33.2962500451093
347.029788283179;-33.2957230904096
347.051415704573;-33.3287106999291
347.073043125966;-33.3978961354814
347.09467054736;-33.5028582487815
347.116297968753;-33.6331820891713
347.137925390147;-33.7844165414716
347.15955281154;-33.9594407592823
347.181180232934;-34.1597960770415
347.202807654328;-34.3877570392894
347.224435075721;-34.630714690544
347.246062497115;-34.8732899199674
347.267689918508;-35.1021393375674
347.289317339902;-35.3185638354446
347.310944761295;-35.5182515177625
347.332572182689;-35.6818349715418
347.354199604082;-35.8015798783078
347.375827025476;-35.8713780147156
347.397454446869;-35.8814934904845
347.419081868263;-35.8334992181441
347.440709289656;-35.7397165186846
347.46233671105;-35.6122936489863
347.483964132443;-35.4591204168453
347.505591553837;-35.286843287711
347.527218975231;-35.1027800678362
347.548846396624;-34.9165183424107
347.570473818018;-34.7366541564191
347.592101239411;-34.5673749022739
347.613728660805;-34.4140848049634
347.635356082198;-34.2818883675058
347.656983503592;-34.1738626693584
347.678610924985;-34.0984918894208
347.700238346379;-34.0552983986695
347.721865767772;-34.0364120898505
347.743493189166;-34.0398917374785
347.765120610559;-34.0727778992498
347.786748031953;-34.1352409591162
347.808375453346;-34.2077592174091
347.83000287474;-34.2802023708604
347.851630296134;-34.3427952279146
347.873257717527;-34.3960926975862
347.894885138921;-34.4485321233903
347.916512560314;-34.5018174186878
347.938139981708;-34.5396868802508
347.959767403101;-34.5502051712379
347.981394824495;-34.5490865976383
348.003022245888;-34.5524408153296
348.024649667282;-34.5777163934947
348.046277088675;-34.6330466935225
348.067904510069;-34.7084726002512
348.089531931462;-34.7911222271875
348.111159352856;-34.8865312687007
348.132786774249;-35.004579137645
348.154414195643;-35.1470808554747
348.176041617037;-35.3047549068302
348.19766903843;-35.4622081957425
348.219296459824;-35.6156263863095
348.240923881217;-35.7688573714749
348.262551302611;-35.9119366685156
348.284178724004;-36.0334979175564
348.305806145398;-36.12505045604
348.327433566791;-36.1817915335533
348.349060988185;-36.205110314516
348.370688409578;-36.1998507291907
348.392315830972;-36.1755691484862
348.413943252365;-36.1474687162278
348.435570673759;-36.126041800936
348.457198095152;-36.1173134846651
348.478825516546;-36.1300507537128
348.500452937939;-36.1758232994342
348.522080359333;-36.2639070810615
348.543707780727;-36.3994735486702
348.56533520212;-36.5684007900216
348.586962623514;-36.7412105251355
348.608590044907;-36.9162509415181
348.630217466301;-37.1008552018914
348.651844887694;-37.2918646296544
348.673472309088;-37.4694684220356
348.695099730481;-37.6069056580379
348.716727151875;-37.6963737262383
348.738354573268;-37.7344272016267
348.759981994662;-37.7203000501556
348.781609416055;-37.6683382899039
348.803236837449;-37.5860533882472
348.824864258842;-37.4736744955741
348.846491680236;-37.3325369026119
348.86811910163;-37.1694199875837
348.889746523023;-36.9996192601811
348.911373944417;-36.8358475950138
348.93300136581;-36.687385029497
348.954628787204;-36.5567663068184
348.976256208597;-36.4337404403258
348.997883629991;-36.3110608291377
349.019511051384;-36.192274495618
349.041138472778;-36.0863929635522
349.062765894171;-35.9940133962436
349.084393315565;-35.9067702170706
349.106020736958;-35.8204441679105
349.127648158352;-35.7426111910244
349.149275579746;-35.6914053953387
349.170903001139;-35.6777051814852
349.192530422533;-35.7001680116564
349.214157843926;-35.7639252135745
349.23578526532;-35.8750186903936
349.257412686713;-36.0345208119271
349.279040108107;-36.2378410465251
349.3006675295;-36.4726336598751
349.322294950894;-36.7291384527157
349.343922372287;-37.0062608300173
349.365549793681;-37.3112769479474
349.387177215074;-37.6575342469813
349.408804636468;-38.0461808394151
349.430432057861;-38.4524671478204
349.452059479255;-38.850110408811
349.473686900648;-39.2400568490419
349.495314322042;-39.6385647001597
349.516941743436;-40.0485746130335
349.538569164829;-40.4537707614071
349.560196586223;-40.8388777645506
349.581824007616;-41.1919641534257
349.60345142901;-41.4958371926858
349.625078850403;-41.7430721840653
349.646706271797;-41.9297136162509
349.66833369319;-42.05467990036
349.689961114584;-42.1185646251283
349.711588535977;-42.1193183447282
349.733215957371;-42.0586575538228
349.754843378764;-41.9549931235977
349.776470800158;-41.820960912127
349.798098221551;-41.6594380838279
349.819725642945;-41.4757111133502
349.841353064339;-41.2809179699722
349.862980485732;-41.0845002872482
349.884607907126;-40.8930365367047
349.906235328519;-40.7128618745277
349.927862749913;-40.5485560017091
349.949490171306;-40.4007042725201
349.9711175927;-40.2686571839978
349.992745014093;-40.1557391936107
350.014372435487;-40.0608551711734
350.03599985688;-39.9810274266852
350.057627278274;-39.9186222239774
350.079254699667;-39.8833265808157
350.100882121061;-39.8799311093188
350.122509542454;-39.9091502112748
350.144136963848;-39.9735268204491
350.165764385242;-40.0786117671453
350.187391806635;-40.2303098757706
350.209019228029;-40.4299942872902
350.230646649422;-40.6702089844034
350.252274070816;-40.9384317489735
350.273901492209;-41.2278394522378
350.295528913603;-41.5276099976931
350.317156334996;-41.8295789046435
350.33878375639;-42.133424635156
350.360411177783;-42.4299530106547
350.382038599177;-42.70418742755
350.40366602057;-42.9465921648303
350.425293441964;-43.1481478967189
350.446920863357;-43.3061213475435
350.468548284751;-43.4246514026487
350.490175706145;-43.5097785725922
350.511803127538;-43.5673325023682
350.533430548932;-43.60547360346
350.555057970325;-43.6252675765433
350.576685391719;-43.6330953947354
350.598312813112;-43.6397642099143
350.619940234506;-43.6497717681908
350.641567655899;-43.6615182435597
350.663195077293;-43.670873242492
350.684822498686;-43.6710871317552
350.70644992008;-43.6608443933271
350.728077341473;-43.6353457116992
350.749704762867;-43.5738595821163
350.77133218426;-43.4849631667798
350.792959605654;-43.3856484318694
350.814587027047;-43.269414445566
350.836214448441;-43.1346673258839
350.857841869835;-42.9913708521456
350.879469291228;-42.843601515394
350.901096712622;-42.6917095641168
350.922724134015;-42.5427584803533
350.944351555409;-42.406049284575
350.965978976802;-42.2819605174595
350.987606398196;-42.1747261263434
351.009233819589;-42.100445451722
351.030861240983;-42.0544437976253
351.052488662376;-42.0302965755451
351.07411608377;-42.0351641929536
351.095743505163;-42.0826320985091
351.117370926557;-42.1764637127096
351.138998347951;-42.3024017588801
351.160625769344;-42.4462900429263
351.182253190738;-42.603245762217
351.203880612131;-42.7712191320374
351.225508033525;-42.9493807450288
351.247135454918;-43.1400041464315
351.268762876312;-43.3343951858827
351.290390297705;-43.5276984799339
351.312017719099;-43.7193145609048
351.333645140492;-43.9054981967484
351.355272561886;-44.0769835364727
351.376899983279;-44.2306740934178
351.398527404673;-44.3643773300876
351.420154826066;-44.4699044861792
351.44178224746;-44.5481058160659
351.463409668854;-44.6036530867746
351.485037090247;-44.633608366917
351.506664511641;-44.6300628078772
351.528291933034;-44.5925226743179
351.549919354428;-44.520858881698
351.571546775821;-44.4179307562468
351.593174197215;-44.2920868581934
351.614801618608;-44.1460988796347
351.636429040002;-43.982520880138
351.658056461395;-43.8063400195829
351.679683882789;-43.6103703756018
351.701311304182;-43.3904756087703
351.722938725576;-43.1537129984678
351.744566146969;-42.8947364147609
351.766193568363;-42.5997277114045
351.787820989756;-42.2615141832421
351.80944841115;-41.9000231273635
351.831075832544;-41.5329236507949
351.852703253937;-41.1531339753962
351.874330675331;-40.7639594494328
351.895958096724;-40.3808152978569
351.917585518118;-40.0162220762138
351.939212939511;-39.674944697566
351.960840360905;-39.3710143207513
351.982467782298;-39.1143024095921
352.004095203692;-38.9012341409465
352.025722625085;-38.7341796818345
352.047350046479;-38.6152771380577
352.068977467872;-38.5352290299937
352.090604889266;-38.482104967948
352.112232310659;-38.4479856013328
352.133859732053;-38.4254032521622
352.155487153447;-38.4162967340538
352.17711457484;-38.4183575844235
352.198741996234;-38.416775035467
352.220369417627;-38.4034435550749
352.241996839021;-38.392316059226
352.263624260414;-38.4001756324893
352.285251681808;-38.4320098430219
352.306879103201;-38.4904368988489
352.328506524595;-38.5739251326972
352.350133945988;-38.6824687294121
352.371761367382;-38.8238708090553
352.393388788775;-39.016392949769
352.415016210169;-39.2660447067477
352.436643631562;-39.5596719389212
352.458271052956;-39.8787957502892
352.47989847435;-40.213815511571
352.501525895743;-40.5697831514858
352.523153317137;-40.9431221328864
352.54478073853;-41.3139980160572
352.566408159924;-41.6740407845012
352.588035581317;-42.0252022901903
352.609663002711;-42.3676933404174
352.631290424104;-42.6866081411769
352.652917845498;-42.9604837752873
352.674545266891;-43.1961460496138
352.696172688285;-43.4041889383201
352.717800109678;-43.5980077049925
352.739427531072;-43.7760676027358
352.761054952465;-43.9149602528386
352.782682373859;-44.0011466594445
352.804309795252;-44.0546447236529
352.825937216646;-44.0892788950233
352.84756463804;-44.0931417553857
352.869192059433;-44.0561394315149
352.890819480827;-43.9849174463315
352.91244690222;-43.890655504953
352.934074323614;-43.7716987715739
352.955701745007;-43.6217077366841
352.977329166401;-43.4381450478911
352.998956587794;-43.2179628369308
353.020584009188;-42.9544184418953
353.042211430581;-42.6387311860456
353.063838851975;-42.2717302244533
353.085466273368;-41.8683274121183
353.107093694762;-41.4458167714454
353.128721116155;-41.0112372861437
353.150348537549;-40.5708158138416
353.171975958943;-40.1389238892914
353.193603380336;-39.7251781460812
353.21523080173;-39.3205307146418
353.236858223123;-38.9236251011244
353.258485644517;-38.557257044771
353.28011306591;-38.2547553798172
353.301740487304;-38.0163374466903
353.323367908697;-37.8271136144734
353.344995330091;-37.6834884903114
353.366622751484;-37.5945488841725
353.388250172878;-37.5667409947109
353.409877594271;-37.5945289378284
353.431505015665;-37.6687335161435
353.453132437059;-37.7878534239557
353.474759858452;-37.9528795730611
353.496387279846;-38.1586981839685
353.518014701239;-38.4005206293974
353.539642122633;-38.6753025114724
353.561269544026;-38.9746793489891
353.58289696542;-39.2909459692745
353.604524386813;-39.6284616811124
353.626151808207;-39.9929962699659
353.6477792296;-40.3824251925659
353.669406650994;-40.7910624833192
353.691034072387;-41.2153342303094
353.712661493781;-41.6565668234184
353.734288915174;-42.1170888383734
353.755916336568;-42.5927279206307
353.777543757962;-43.0562542377141
353.799171179355;-43.4783492063987
353.820798600749;-43.8521926787427
353.842426022142;-44.1856471691473
353.864053443536;-44.4803211173967
353.885680864929;-44.7292356122418
353.907308286323;-44.9157358042011
353.928935707716;-45.0274355210222
353.95056312911;-45.0718536017508
353.972190550503;-45.0573025472044
353.993817971897;-44.9803468949819
354.01544539329;-44.8413485174003
354.037072814684;-44.6657841090259
354.058700236077;-44.473674923968
354.080327657471;-44.2730115353354
354.101955078864;-44.075744985827
354.123582500258;-43.8992677136667
354.145209921652;-43.7579582808941
354.166837343045;-43.6582628234725
354.188464764439;-43.5939352301529
354.210092185832;-43.5582261100524
354.231719607226;-43.5566410311127
354.253347028619;-43.5962430281471
354.274974450013;-43.6776532803635
354.296601871406;-43.7976899125704
354.3182292928;-43.9454107689632
354.339856714193;-44.1103521600767
354.361484135587;-44.2925925028625
354.38311155698;-44.5022303347285
354.404738978374;-44.741069098077
354.426366399767;-45.0069272059506
354.447993821161;-45.2918023388109
354.469621242555;-45.5939239789527
354.491248663948;-45.9181093092289
354.512876085342;-46.2499526189725
354.534503506735;-46.568396125233
354.556130928129;-46.8690051035574
354.577758349522;-47.1416854729608
354.599385770916;-47.3701602658711
354.621013192309;-47.5455257681757
354.642640613703;-47.6656289628895
354.664268035096;-47.72616635843
354.68589545649;-47.7202210595501
354.707522877883;-47.6358591219924
354.729150299277;-47.4653566105968
354.75077772067;-47.2148194107029
354.772405142064;-46.9001784134866
354.794032563458;-46.5337417510524
354.815659984851;-46.1220908775702
354.837287406245;-45.6681739757392
354.858914827638;-45.1760151007808
354.880542249032;-44.6707672621955
354.902169670425;-44.1818155579718
354.923797091819;-43.7240798687973
354.945424513212;-43.305222753737
354.967051934606;-42.9295912961744
354.988679355999;-42.592833315643
355.010306777393;-42.3168936056915
355.031934198786;-42.1362432141077
355.05356162018;-42.057218415591
355.075189041573;-42.0618368925601
355.096816462967;-42.1366494500727
355.11844388436;-42.2771749138824
355.140071305754;-42.4759952744452
355.161698727148;-42.7243518197818
355.183326148541;-43.0175231089518
355.204953569935;-43.3473422956664
355.226580991328;-43.696957703931
355.248208412722;-44.0487339079587
355.269835834115;-44.3875506834436
355.291463255509;-44.7156028016908
355.313090676902;-45.0412167378258
355.334718098296;-45.3701752942455
355.356345519689;-45.7034543286089
355.377972941083;-46.0331543484382
355.399600362476;-46.3547206704616
355.42122778387;-46.6666019806913
355.442855205264;-46.9793190208059
355.464482626657;-47.2944701502734
355.486110048051;-47.5985489646445
355.507737469444;-47.888235892702
355.529364890838;-48.1793711665914
355.550992312231;-48.4820553304296
355.572619733625;-48.7792552734285
355.594247155018;-49.0662246476089
355.615874576412;-49.3568015651189
355.637501997805;-49.661122166228
355.659129419199;-49.9514169799481
355.680756840592;-50.190896512326
355.702384261986;-50.3772636048256
355.724011683379;-50.5236792060174
355.745639104773;-50.6375764264311
355.767266526167;-50.7082970569883
355.78889394756;-50.7191136800541
355.810521368954;-50.6691587248517
355.832148790347;-50.5575117880104
355.853776211741;-50.3743029398257
355.875403633134;-50.1177580112761
355.897031054528;-49.8080089395861
355.918658475921;-49.4620689354084
355.940285897315;-49.085793140448
355.961913318708;-48.6760250245999
355.983540740102;-48.2367427175858
356.005168161495;-47.7835659153328
356.026795582889;-47.3244787266192
356.048423004282;-46.861225138473
356.070050425676;-46.3942124650871
356.091677847069;-45.9387284798129
356.113305268463;-45.5046086312957
356.134932689857;-45.0989716288747
356.15656011125;-44.7282304829314
356.178187532644;-44.387519532257
356.199814954037;-44.0709332285981
356.221442375431;-43.781161660918
356.243069796824;-43.5194550539595
356.264697218218;-43.2859331224252
356.286324639611;-43.0800640592457
356.307952061005;-42.8967526186238
356.329579482398;-42.7173031091311
356.351206903792;-42.5261562714809
356.372834325185;-42.3206991693386
356.394461746579;-42.1156117423058
356.416089167972;-41.9154334310661
356.437716589366;-41.7157199828311
356.45934401076;-41.5169584478174
356.480971432153;-41.3430431772628
356.502598853547;-41.2230286673946
356.52422627494;-41.1728343174495
356.545853696334;-41.1942667165652
356.567481117727;-41.2822517542634
356.589108539121;-41.4400479301123
356.610735960514;-41.6791316811905
356.632363381908;-42.0042085697746
356.653990803301;-42.400073695934
356.675618224695;-42.867478018413
356.697245646088;-43.3994342354659
356.718873067482;-43.969911543726
356.740500488875;-44.5605211077453
356.762127910269;-45.1581318515123
356.783755331663;-45.7476911846712
356.805382753056;-46.3060910116289
356.82701017445;-46.8101025150541
356.848637595843;-47.244694270736
356.870265017237;-47.5949941260506
356.89189243863;-47.8572413971759
356.913519860024;-48.0450141832472
356.935147281417;-48.1629834547387
356.956774702811;-48.2078404970543
356.978402124204;-48.1801555038859
357.000029545598;-48.0897276820114
357.021656966991;-47.943991876873
357.043284388385;-47.7423908154004
357.064911809778;-47.4878072918918
357.086539231172;-47.1985918902001
357.108166652566;-46.8901371814101
357.129794073959;-46.5649480531266
357.151421495353;-46.2176319373368
357.173048916746;-45.8510928518459
357.19467633814;-45.4730297879156
357.216303759533;-45.0900132761714
357.237931180927;-44.7137478395618
357.25955860232;-44.3607620727101
357.281186023714;-44.0249041435429
357.302813445107;-43.6946384975406
357.324440866501;-43.3683350886765
357.346068287894;-43.0497725798641
357.367695709288;-42.7394896842839
357.389323130681;-42.4500475362555
357.410950552075;-42.1942639783702
357.432577973468;-41.9724872720369
357.454205394862;-41.7774526611086
357.475832816256;-41.6235698842476
357.497460237649;-41.5390513292821
357.519087659043;-41.5269852690107
357.540715080436;-41.5761944776941
357.56234250183;-41.6888410274655
357.583969923223;-41.8657758061356
357.605597344617;-42.1091219440303
357.62722476601;-42.4412365359464
357.648852187404;-42.8809410434893
357.670479608797;-43.4124532779281
357.692107030191;-44.0004527475156
357.713734451584;-44.6153182785027
357.735361872978;-45.2361571367454
357.756989294372;-45.8557689081094
357.778616715765;-46.4808855663872
357.800244137159;-47.1032932056615
357.821871558552;-47.6979602086622
357.843498979946;-48.2554195768882
357.865126401339;-48.7799590838506
357.886753822733;-49.2646750266649
357.908381244126;-49.6917836091566
357.93000866552;-50.0662390998563
357.951636086913;-50.4043341719494
357.973263508307;-50.7109912515068
357.9948909297;-50.9718536268821
358.016518351094;-51.1784882469329
358.038145772487;-51.3418512567963
358.059773193881;-51.4707989664994
358.081400615275;-51.5699237200589
358.103028036668;-51.6396036871254
358.124655458062;-51.6772085458913
358.146282879455;-51.683961799961
358.167910300849;-51.6574515174713
358.189537722242;-51.5877416539848
358.211165143636;-51.4696465714551
358.232792565029;-51.3138276240875
358.254419986423;-51.1289406827799
358.276047407816;-50.9099514167396
358.29767482921;-50.648201624529
358.319302250603;-50.3406014065426
358.340929671997;-49.982905871293
358.36255709339;-49.5788153161619
358.384184514784;-49.1502916720441
358.405811936177;-48.7159436474348
358.427439357571;-48.2713059218691
358.449066778965;-47.8145902882861
358.470694200358;-47.3632878372236
358.492321621752;-46.9515935197041
358.513949043145;-46.5784459737212
358.535576464539;-46.2270668159493
358.557203885932;-45.888600639292
358.578831307326;-45.5718995739691
358.600458728719;-45.2975517670454
358.622086150113;-45.0787662144857
358.643713571506;-44.9189373422303
358.6653409929;-44.8033723635724
358.686968414293;-44.704806447058
358.708595835687;-44.6106233697168
358.73022325708;-44.5227556462229
358.751850678474;-44.4557352027988
358.773478099868;-44.4108728343164
358.795105521261;-44.3603542720342
358.816732942655;-44.2894080441269
358.838360364048;-44.211718263377
358.859987785442;-44.143926438791
358.881615206835;-44.0888398919729
358.903242628229;-44.0321541033468
358.924870049622;-43.9643529602662
358.946497471016;-43.8916713599675
358.968124892409;-43.8208356010788
358.989752313803;-43.7517784849533
359.011379735196;-43.6809318474825
359.03300715659;-43.601635801389
359.054634577983;-43.5116503401818
359.076261999377;-43.4185463424233
359.097889420771;-43.3292087056924
359.119516842164;-43.2457314870637
359.141144263558;-43.1696083052021
359.162771684951;-43.1071388972354
359.184399106345;-43.070581484755
359.206026527738;-43.0717517111688
359.227653949132;-43.1180469908419
359.249281370525;-43.214852325147
359.270908791919;-43.3702859972604
359.292536213312;-43.5998245666136
359.314163634706;-43.9140261790251
359.335791056099;-44.310178849091
359.357418477493;-44.7942225226148
359.379045898886;-45.3532104605741
359.40067332028;-45.9608881086422
359.422300741674;-46.6155017657533
359.443928163067;-47.29952312273
359.465555584461;-47.9700814340046
359.487183005854;-48.5911790116537
359.508810427248;-49.1560918669721
359.530437848641;-49.6467586170278
359.552065270035;-50.0323184809466
359.573692691428;-50.2967555393238
359.595320112822;-50.45485194185
359.616947534215;-50.5245315904519
359.638574955609;-50.5029033531305
359.660202377002;-50.3965672101097
359.681829798396;-50.2216169403633
359.703457219789;-49.9887267564937
359.725084641183;-49.7235664974262
359.746712062577;-49.4536635393065
359.76833948397;-49.1990515320774
359.789966905364;-48.9651438754546
359.811594326757;-48.7527691201223
359.833221748151;-48.5716738704272
359.854849169544;-48.4304003532535
359.876476590938;-48.3297113248212
359.898104012331;-48.2685778372526
359.919731433725;-48.2357738047621
359.941358855118;-48.2161432647406
359.962986276512;-48.2021508823732
359.984613697905;-48.187632972847
360.006241119299;-48.1610932900905
360.027868540692;-48.1076639582764
360.049495962086;-48.017381490034
360.07112338348;-47.8947767261983
360.092750804873;-47.7449308769279
360.114378226267;-47.5701760308266
360.13600564766;-47.3730190871678
360.157633069054;-47.1619496218087
360.179260490447;-46.954446618126
360.200887911841;-46.7539237337437
360.222515333234;-46.5573674902273
360.244142754628;-46.3662137185715
360.265770176021;-46.214545100595
360.287397597415;-46.1073702694229
360.309025018808;-46.0271424489565
360.330652440202;-45.9337253088868
360.352279861595;-45.8187536821695
360.373907282989;-45.6821907295226
360.395534704383;-45.5179965234053
360.417162125776;-45.3193051408963
360.43878954717;-45.0825271187674
360.460416968563;-44.8144280118851
360.482044389957;-44.532092510848
360.50367181135;-44.2416899984161
360.525299232744;-43.9511964278069
360.546926654137;-43.6725347640224
360.568554075531;-43.4192995033753
360.590181496924;-43.2085432375894
360.611808918318;-43.0580515782825
360.633436339711;-42.9734176577835
360.655063761105;-42.9630476339658
360.676691182498;-43.031145095774
360.698318603892;-43.1720707326226
360.719946025285;-43.372929793038
360.741573446679;-43.6271730301052
360.763200868073;-43.9300247010233
360.784828289466;-44.2720383450431
360.80645571086;-44.645847898865
360.828083132253;-45.0430377526456
360.849710553647;-45.4446429000833
360.87133797504;-45.8352559979549
360.892965396434;-46.2043315677554
360.914592817827;-46.5460142612719
360.936220239221;-46.8793863692347
360.957847660614;-47.19952476336
360.979475082008;-47.465958082382
361.001102503401;-47.6738575564426
361.022729924795;-47.8388463734475
361.044357346188;-47.9659483771828
361.065984767582;-48.0566395950106
361.087612188976;-48.1264749365677
361.109239610369;-48.1909133819856
361.130867031763;-48.2500587098559
361.152494453156;-48.2993870763769
361.17412187455;-48.3448534397377
361.195749295943;-48.3996811575588
361.217376717337;-48.4763883910717
361.23900413873;-48.5740918540465
361.260631560124;-48.6746607103838
361.282258981517;-48.7683576436011
361.303886402911;-48.8585399617583
361.325513824304;-48.9420266384547
361.347141245698;-49.0073234340381
361.368768667091;-49.0549301416968
361.390396088485;-49.0912999174373
361.412023509879;-49.1169868152734
361.433650931272;-49.1097252746305
361.455278352666;-49.061769285908
361.476905774059;-49.0025248324296
361.498533195453;-48.9415458188423
361.520160616846;-48.8780489822622
361.54178803824;-48.8176706588649
361.563415459633;-48.7561115353191
361.585042881027;-48.6972045428572
361.60667030242;-48.6497687214956
361.628297723814;-48.6186686625151
361.649925145207;-48.6006806342242
361.671552566601;-48.5927780306488
361.693179987994;-48.5967929581294
361.714807409388;-48.6149581625996
361.736434830781;-48.643225363049
361.758062252175;-48.6702799040428
361.779689673569;-48.6928716915876
361.801317094962;-48.7110767982946
361.822944516356;-48.7221233383535
361.844571937749;-48.7253160585989
361.866199359143;-48.7194613176871
361.887826780536;-48.7019865071782
361.90945420193;-48.6723884128876
361.931081623323;-48.6449851412098
361.952709044717;-48.6303202354346
361.97433646611;-48.6319288836469
361.995963887504;-48.6505342712707
362.017591308897;-48.6917000081468
362.039218730291;-48.7583831999104
362.060846151685;-48.8479290227498
362.082473573078;-48.9636045208674
362.104100994472;-49.1158328221922
362.125728415865;-49.3002141687584
362.147355837259;-49.5070680235493
362.168983258652;-49.7395009449845
362.190610680046;-49.9907323673012
362.212238101439;-50.2433251612159
362.233865522833;-50.4872061935668
362.255492944226;-50.7202905291133
362.27712036562;-50.9396186566498
362.298747787013;-51.1373005686638
362.320375208407;-51.3120430223752
362.3420026298;-51.4678089109359
362.363630051194;-51.6012045906045
362.385257472588;-51.6973184807805
362.406884893981;-51.7406029316977
362.428512315375;-51.7239914102248
362.450139736768;-51.6465708765675
362.471767158162;-51.5155012774867
362.493394579555;-51.3513396769343
362.515022000949;-51.1679158486239
362.536649422342;-50.9643951422217
362.558276843736;-50.7429711814152
362.579904265129;-50.5106377536861
362.601531686523;-50.2749716611993
362.623159107916;-50.0446845528256
362.64478652931;-49.8390326497409
362.666413950703;-49.6811255057188
362.688041372097;-49.5707575485355
362.70966879349;-49.4934168077677
362.731296214884;-49.4350841268542
362.752923636278;-49.3825637233469
362.774551057671;-49.3236890392173
362.796178479065;-49.2479627531345
362.817805900458;-49.1545598681729
362.839433321852;-49.0402120568897
362.861060743245;-48.8826815115155
362.882688164639;-48.6628871068762
362.904315586032;-48.3982582470028
362.925943007426;-48.1175751098042
362.947570428819;-47.8412812051799
362.969197850213;-47.5747775775987
362.990825271606;-47.3157559110045
