Name;ESR_BC_1_3600s_X_gon_160dg_result

Recipe
Accumulations;5;Number of accumulations
RetryCount;0;Number of retries on error
AbortOnError;True;Abort on error
EnableQFactorMeasurement;False;Enable/Disable q-Factor measurement
Bfrom;313;B from
Bto;363;B to
SweepTime;60;Sweep time
Modulation;0.2;Modulation
ModulationFreq;100;Modulation
BHoldEnabled;False;B hold enabled
BHold;0;B hold
MicrowavePower;2;Microwave power
MarkerEnabled;False;
MarkerStartField;0;
MarkerEndField;0;
Mode;;
KineticGFact;0;
KineticTotalTransientTime;0;
KineticTimeResolution;0;
TempFrom;5;
TempUseSlope;False;
TempTo;5;
TempdT;1;
TempSetupTime;0;
GonFrom;0;
GonTo;180;
GonSteps;20;
XRayEnabled;False;
XRayTime;3;
XRayVoltage;40;
XRayCurrent;0.5;
UVEnabled;False;
UVIntensity;0;
UVTime;0;
UVLeadTime;0;
UVWavelength;0;
PowSweepFrom;1;
PowSweepTo;5;
PowSweepSteps;5;
AmpModSweepFrom;0;
AmpModSweepTo;1;
AmpModSweepSteps;10;
ExtTriggerEnabled;False;
ExtTrigLeadTime;0;
ExtTrigOnTime;5;

Meas
BField [mT];MW_Absorption []
313.020463027954;626.118490827639
313.042081314542;625.554087940612
313.063699601131;625.01683726693
313.085317887719;624.512902477262
313.106936174308;624.045448467897
313.128554460896;623.599139468657
313.150172747484;623.160835064375
313.171791034073;622.740495756148
313.193409320661;622.341699449939
313.21502760725;621.935808027895
313.236645893838;621.502714722816
313.258264180426;621.053001845222
313.279882467015;620.580220501049
313.301500753603;620.055541484303
313.323119040192;619.477334524909
313.34473732678;618.849214032728
313.366355613368;618.150312649828
313.387973899957;617.362785308834
313.409592186545;616.493936521617
313.431210473134;615.579289740465
313.452828759722;614.641178919518
313.47444704631;613.65956600203
313.496065332899;612.602484248136
313.517683619487;611.481985769845
313.539301906076;610.337944462262
313.560920192664;609.16467520568
313.582538479252;607.978030043784
313.604156765841;606.795973277618
313.625775052429;605.606766158007
313.647393339018;604.373323169018
313.669011625606;603.140031850846
313.690629912194;601.965739849537
313.712248198783;600.86783711045
313.733866485371;599.787049422329
313.75548477196;598.694837354146
313.777103058548;597.572923358902
313.798721345136;596.444465248492
313.820339631725;595.396823326515
313.841957918313;594.48252450932
313.863576204902;593.672830531425
313.88519449149;592.924519990967
313.906812778078;592.211833799166
313.928431064667;591.534029349635
313.950049351255;590.90589067944
313.971667637844;590.33490527905
313.993285924432;589.815807757444
314.01490421102;589.331910070245
314.036522497609;588.875244443685
314.058140784197;588.430398618649
314.079759070786;587.986386382472
314.101377357374;587.551429856495
314.122995643962;587.109679017284
314.144613930551;586.631012884659
314.166232217139;586.0989924471
314.187850503728;585.512722077266
314.209468790316;584.878096353484
314.231087076904;584.187916502889
314.252705363493;583.416889412798
314.274323650081;582.553405562048
314.29594193667;581.639830037133
314.317560223258;580.726669714505
314.339178509846;579.820036100369
314.360796796435;578.911508206774
314.382415083023;578.016132624434
314.404033369612;577.152510592225
314.4256516562;576.318002106081
314.447269942788;575.525372368898
314.468888229377;574.804928296948
314.490506515965;574.18013746868
314.512124802554;573.649076587502
314.533743089142;573.187216314125
314.55536137573;572.77508708568
314.576979662319;572.41228943401
314.598597948907;572.107717831273
314.620216235495;571.860944283801
314.641834522084;571.650930302959
314.663452808672;571.448448902047
314.685071095261;571.238699145399
314.706689381849;571.022308644497
314.728307668437;570.794859633878
314.749925955026;570.53844939433
314.771544241614;570.231945783499
314.793162528203;569.866722735849
314.814780814791;569.455964105354
314.836399101379;569.008348576785
314.858017387968;568.509933184423
314.879635674556;567.947275968409
314.901253961145;567.364214937062
314.922872247733;566.779445959376
314.944490534321;566.179079943091
314.96610882091;565.542493082535
314.987727107498;564.91480823354
315.009345394087;564.316300823405
315.030963680675;563.743202365843
315.052581967263;563.184315040336
315.074200253852;562.632939360103
315.09581854044;562.095823420674
315.117436827029;561.581505941695
315.139055113617;561.088006941123
315.160673400205;560.606898183672
315.182291686794;560.123582875623
315.203909973382;559.626953773548
315.225528259971;559.119120415334
315.247146546559;558.601742058549
315.268764833147;558.069725470814
315.290383119736;557.522717749512
315.312001406324;556.957378276811
315.333619692913;556.36750463771
315.355237979501;555.748463444319
315.376856266089;555.097503954412
315.398474552678;554.425322577078
315.420092839266;553.718862888022
315.441711125855;552.958279886215
315.463329412443;552.152367873785
315.484947699031;551.316902442284
315.50656598562;550.442484287929
315.528184272208;549.507183682872
315.549802558797;548.524066048799
315.571420845385;547.535230281264
315.593039131973;546.534443927657
315.614657418562;545.516154806524
315.63627570515;544.485740608344
315.657893991739;543.427270703745
315.679512278327;542.34562916157
315.701130564915;541.259343645316
315.722748851504;540.157786181836
315.744367138092;539.051541043207
315.765985424681;537.963800807818
315.787603711269;536.880292021078
315.809221997857;535.781947580745
315.830840284446;534.725627465528
315.852458571034;533.761766444794
315.874076857623;532.858323260688
315.895695144211;531.996573892098
315.917313430799;531.188450208661
315.938931717388;530.4499633573
315.960550003976;529.768995101805
315.982168290565;529.120631058952
316.003786577153;528.495189295305
316.025404863741;527.905507237029
316.04702315033;527.360278482706
316.068641436918;526.858043939408
316.090259723507;526.383341456831
316.111878010095;525.909202192125
316.133496296683;525.421352237119
316.155114583272;524.912630009902
316.17673286986;524.388624365153
316.198351156449;523.860769656645
316.219969443037;523.33271924916
316.241587729625;522.803155785161
316.263206016214;522.274668344303
316.284824302802;521.748671662338
316.30644258939;521.222046102085
316.328060875979;520.691453322413
316.349679162567;520.163172941479
316.371297449156;519.644551033648
316.392915735744;519.136693797655
316.414534022332;518.635153763856
316.436152308921;518.12592497688
316.457770595509;517.583837369911
316.479388882098;517.00598564341
316.501007168686;516.412980846626
316.522625455274;515.810971288747
316.544243741863;515.183854514623
316.565862028451;514.532591363985
316.58748031504;513.856374305757
316.609098601628;513.162629456553
316.630716888216;512.456596818711
316.652335174805;511.743835108326
316.673953461393;511.025692691514
316.695571747982;510.294970673949
316.71719003457;509.576138696423
316.738808321158;508.897852535957
316.760426607747;508.262521798582
316.782044894335;507.653194635314
316.803663180924;507.055931260943
316.825281467512;506.48956164884
316.8468997541;505.967835832811
316.868518040689;505.474154511365
316.890136327277;504.994469224458
316.911754613866;504.529604997831
316.933372900454;504.085654114203
316.954991187042;503.656445518049
316.976609473631;503.220389996474
316.998227760219;502.752849962378
317.019846046808;502.23740471961
317.041464333396;501.681263024836
317.063082619984;501.106527024029
317.084700906573;500.523564313175
317.106319193161;499.914807635644
317.12793747975;499.259156505199
317.149555766338;498.550876995611
317.171174052926;497.836907801119
317.192792339515;497.157112330796
317.214410626103;496.497287247307
317.236028912692;495.844261187846
317.25764719928;495.213023557363
317.279265485868;494.614382602342
317.300883772457;494.049529499859
317.322502059045;493.509633707038
317.344120345634;492.975847069712
317.365738632222;492.442347753082
317.38735691881;491.916849050601
317.408975205399;491.38957349421
317.430593491987;490.847008803984
317.452211778576;490.316478931565
317.473830065164;489.805713773571
317.495448351752;489.288711014869
317.517066638341;488.764768432977
317.538684924929;488.266726965224
317.560303211518;487.797416703888
317.581921498106;487.356464394062
317.603539784694;486.936299399903
317.625158071283;486.527932943811
317.646776357871;486.122469502608
317.66839464446;485.720652869221
317.690012931048;485.320333801923
317.711631217636;484.909972220321
317.733249504225;484.482320720231
317.754867790813;484.033154874719
317.776486077401;483.562392127153
317.79810436399;483.068176819259
317.819722650578;482.547684998451
317.841340937167;481.992013631138
317.862959223755;481.397421595103
317.884577510343;480.771636144394
317.906195796932;480.124994932983
317.92781408352;479.476874243219
317.949432370109;478.819508472976
317.971050656697;478.162362025412
317.992668943285;477.510208800429
318.014287229874;476.868972965839
318.035905516462;476.214832182014
318.057523803051;475.521258938368
318.079142089639;474.82687359967
318.100760376227;474.147752301035
318.122378662816;473.476291385072
318.143996949404;472.819036126286
318.165615235993;472.18221449272
318.187233522581;471.575803630678
318.208851809169;471.001625870143
318.230470095758;470.438235938861
318.252088382346;469.869810714752
318.273706668935;469.33997358706
318.295324955523;468.875796701239
318.316943242111;468.460864769835
318.3385615287;468.070230384008
318.360179815288;467.691302330042
318.381798101877;467.32027432041
318.403416388465;466.96131369745
318.425034675053;466.605109135618
318.446652961642;466.237180802223
318.46827124823;465.846386840134
318.489889534819;465.432413194854
318.511507821407;465.002846937103
318.533126107995;464.56341250389
318.554744394584;464.110613673223
318.576362681172;463.633775851983
318.597980967761;463.129957846319
318.619599254349;462.603588513127
318.641217540937;462.04462207709
318.662835827526;461.430163108296
318.684454114114;460.75166020853
318.706072400703;460.031828605239
318.727690687291;459.278858185616
318.749308973879;458.496570183619
318.770927260468;457.679395518347
318.792545547056;456.816231952813
318.814163833645;455.902083101471
318.835782120233;454.939853955092
318.857400406821;453.953749305561
318.87901869341;452.959400449279
318.900636979998;451.934124724114
318.922255266587;450.873106243839
318.943873553175;449.831554104988
318.965491839763;448.815945772724
318.987110126352;447.799379171259
319.00872841294;446.782674610301
319.030346699529;445.777132112967
319.051964986117;444.815191421722
319.073583272705;443.940009427981
319.095201559294;443.160891761197
319.116819845882;442.461328382291
319.138438132471;441.814351205153
319.160056419059;441.210645406716
319.181674705647;440.651470773195
319.203292992236;440.132618641205
319.224911278824;439.64201347487
319.246529565412;439.172189964145
319.268147852001;438.718043338715
319.289766138589;438.263087572095
319.311384425178;437.772486831382
319.333002711766;437.253194490587
319.354620998354;436.722650428687
319.376239284943;436.170998596512
319.397857571531;435.584002361267
319.41947585812;434.943072997231
319.441094144708;434.233311972683
319.462712431296;433.484615254801
319.484330717885;432.719273123648
319.505949004473;431.933894191599
319.527567291062;431.14876583091
319.54918557765;430.38597694663
319.570803864238;429.626695169864
319.592422150827;428.861409877016
319.614040437415;428.105171659697
319.635658724004;427.372140774725
319.657277010592;426.67691956343
319.67889529718;426.01647852845
319.700513583769;425.366332502434
319.722131870357;424.713287418691
319.743750156946;424.055999897729
319.765368443534;423.374769208472
319.786986730122;422.683785194419
319.808605016711;422.030120511395
319.830223303299;421.428629993706
319.851841589888;420.87799618329
319.873459876476;420.375259139946
319.895078163064;419.913990643952
319.916696449653;419.495362074283
319.938314736241;419.14323115642
319.95993302283;418.872608632084
319.981551309418;418.683271069576
320.003169596006;418.570739096824
320.024787882595;418.52020496193
320.046406169183;418.514284905479
320.068024455772;418.550527985615
320.08964274236;418.631519515082
320.111261028948;418.745725278486
320.132879315537;418.883502729635
320.154497602125;419.048040298604
320.176115888714;419.237641389641
320.197734175302;419.453734874875
320.21935246189;419.69197554216
320.240970748479;419.940984215
320.262589035067;420.211102320883
320.284207321656;420.502008870404
320.305825608244;420.804697112722
320.327443894832;421.097350079956
320.349062181421;421.351490515617
320.370680468009;421.537594363057
320.392298754598;421.623880400545
320.413917041186;421.578508269371
320.435535327774;421.371504669459
320.457153614363;420.978532657137
320.478771900951;420.378831373065
320.50039018754;419.563073393421
320.522008474128;418.539592633964
320.543626760716;417.327348832891
320.565245047305;415.92605898926
320.586863333893;414.311073116133
320.608481620482;412.521965559987
320.63009990707;410.73550320296
320.651718193658;409.037248385495
320.673336480247;407.384893728456
320.694954766835;405.78624701455
320.716573053424;404.331117560083
320.738191340012;403.061891717782
320.7598096266;401.956527664869
320.781427913189;400.979071988296
320.803046199777;400.109163713906
320.824664486365;399.357086121247
320.846282772954;398.694840872435
320.867901059542;398.075855426331
320.889519346131;397.454545184209
320.911137632719;396.81786386313
320.932755919307;396.179559739113
320.954374205896;395.522383643863
320.975992492484;394.822548405085
320.997610779073;394.108672081528
321.019229065661;393.369318907326
321.040847352249;392.558808651962
321.062465638838;391.639715812469
321.084083925426;390.636531846748
321.105702212015;389.617721409948
321.127320498603;388.595120013528
321.148938785191;387.536473900728
321.17055707178;386.419018566097
321.192175358368;385.272906695346
321.213793644957;384.135192090133
321.235411931545;383.010356072324
321.257030218133;381.895431374024
321.278648504722;380.809252482985
321.30026679131;379.756221311904
321.321885077899;378.718574489666
321.343503364487;377.716511207414
321.365121651075;376.792237299309
321.386739937664;375.943185497279
321.408358224252;375.158753984083
321.429976510841;374.432722950367
321.451594797429;373.776022703785
321.473213084017;373.204766766873
321.494831370606;372.704319127261
321.516449657194;372.269668310928
321.538067943783;371.893034887592
321.559686230371;371.573363620834
321.581304516959;371.301819492047
321.602922803548;371.070903084239
321.624541090136;370.891604287865
321.646159376725;370.776325730216
321.667777663313;370.717211753382
321.689395949901;370.705596044793
321.71101423649;370.734565946541
321.732632523078;370.804849370446
321.754250809667;370.91364998786
321.775869096255;371.048067933946
321.797487382843;371.194648448554
321.819105669432;371.349476859357
321.84072395602;371.516436555267
321.862342242609;371.69288636352
321.883960529197;371.837651239329
321.905578815785;371.930110294511
321.927197102374;371.983739863037
321.948815388962;372.000137878298
321.970433675551;371.975128304719
321.992051962139;371.913157412666
322.013670248727;371.819047242197
322.035288535316;371.697742636299
322.056906821904;371.552769988303
322.078525108493;371.378591841215
322.100143395081;371.158717491683
322.121761681669;370.890946956804
322.143379968258;370.595517042864
322.164998254846;370.281177336831
322.186616541435;369.92200588981
322.208234828023;369.496932631708
322.229853114611;368.995672478181
322.2514714012;368.438744279672
322.273089687788;367.861138742803
322.294707974376;367.271894099688
322.316326260965;366.688508995314
322.337944547553;366.11657602896
322.359562834142;365.547904435695
322.38118112073;364.977820112278
322.402799407318;364.408310234903
322.424417693907;363.849197621108
322.446035980495;363.31253195161
322.467654267084;362.800905854037
322.489272553672;362.301664624482
322.51089084026;361.804231230327
322.532509126849;361.305570543688
322.554127413437;360.807433293259
322.575745700026;360.31624988197
322.597363986614;359.837643373142
322.618982273202;359.360146872414
322.640600559791;358.85829984268
322.662218846379;358.326649147044
322.683837132968;357.781021935706
322.705455419556;357.216406309101
322.727073706144;356.615857741584
322.748691992733;355.959851770569
322.770310279321;355.241955636667
322.79192856591;354.505077945843
322.813546852498;353.792826448135
322.835165139086;353.098485709075
322.856783425675;352.40206161587
322.878401712263;351.695063018224
322.900019998852;350.972846289624
322.92163828544;350.223789785686
322.943256572028;349.452433860802
322.964874858617;348.684340996078
322.986493145205;347.938354507532
323.008111431794;347.207784013539
323.029729718382;346.462002766079
323.05134800497;345.68367266249
323.072966291559;344.875423259675
323.094584578147;344.057828697642
323.116202864736;343.239839345003
323.137821151324;342.412658695467
323.159439437912;341.582559177451
323.181057724501;340.766373901098
323.202676011089;339.94146397332
323.224294297678;339.101614956963
323.245912584266;338.273959481098
323.267530870854;337.460295368091
323.289149157443;336.638741249761
323.310767444031;335.796285019929
323.33238573062;334.942903983293
323.354004017208;334.072336499349
323.375622303796;333.179952271918
323.397240590385;332.278041281221
323.418858876973;331.362081263139
323.440477163562;330.435387767038
323.46209545015;329.475934647043
323.483713736738;328.45524599358
323.505332023327;327.408305427636
323.526950309915;326.391783022592
323.548568596504;325.429239356593
323.570186883092;324.540510090028
323.59180516968;323.714971773451
323.613423456269;322.94631255537
323.635041742857;322.229760748787
323.656660029446;321.558247785438
323.678278316034;320.921390317916
323.699896602622;320.299998320485
323.721514889211;319.692657998831
323.743133175799;319.118686547101
323.764751462387;318.566104178423
323.786369748976;318.005131520633
323.807988035564;317.411311953848
323.829606322153;316.79123835045
323.851224608741;316.18234714405
323.872842895329;315.571327238928
323.894461181918;314.927526184071
323.916079468506;314.242294373529
323.937697755095;313.509125598334
323.959316041683;312.731223337978
323.980934328271;311.922981239989
324.00255261486;311.092341950143
324.024170901448;310.242553967678
324.045789188037;309.379846470496
324.067407474625;308.51268421034
324.089025761213;307.652651250212
324.110644047802;306.783061951741
324.13226233439;305.912443855521
324.153880620979;305.058338068781
324.175498907567;304.221881123682
324.197117194155;303.405433379078
324.218735480744;302.642046189619
324.240353767332;301.92251451984
324.261972053921;301.225597728413
324.283590340509;300.555814180644
324.305208627097;299.91093672452
324.326826913686;299.272771705238
324.348445200274;298.641284320063
324.370063486863;298.010641197091
324.391681773451;297.358028676569
324.413300060039;296.66295081122
324.434918346628;295.932405594397
324.456536633216;295.203137949146
324.478154919805;294.476025041863
324.499773206393;293.720009174243
324.521391492981;292.914309704791
324.54300977957;292.040318767718
324.564628066158;291.076112178022
324.586246352747;290.007097436212
324.607864639335;288.835612301027
324.629482925923;287.558911147871
324.651101212512;286.176762849736
324.6727194991;284.697421140278
324.694337785689;283.144621200737
324.715956072277;281.544168657741
324.737574358865;279.903385449795
324.759192645454;278.203422230533
324.780810932042;276.399812429636
324.802429218631;274.499688777474
324.824047505219;272.560319026004
324.845665791807;270.643843081455
324.867284078396;268.787760207202
324.888902364984;266.987064309767
324.910520651573;265.239031797111
324.932138938161;263.564136573958
324.953757224749;261.998801025097
324.975375511338;260.525658806423
324.996993797926;259.089547553217
325.018612084515;257.653407907943
325.040230371103;256.264687006216
325.061848657691;255.007251013526
325.08346694428;253.847408409297
325.105085230868;252.745001863689
325.126703517457;251.718726455018
325.148321804045;250.77945146027
325.169940090633;249.902906713928
325.191558377222;249.072940483934
325.21317666381;248.296199238734
325.234794950399;247.571866447985
325.256413236987;246.878213624026
325.278031523575;246.182846405922
325.299649810164;245.492939819028
325.321268096752;244.810211053676
325.342886383341;244.112824640576
325.364504669929;243.397587485818
325.386122956517;242.659554654692
325.407741243106;241.890509150312
325.429359529694;241.053650703882
325.450977816282;240.1246083792
325.472596102871;239.130327702786
325.494214389459;238.084701117973
325.515832676048;236.982143614728
325.537450962636;235.859646263311
325.559069249224;234.71814331282
325.580687535813;233.523873282046
325.602305822401;232.272977096718
325.62392410899;231.014789413515
325.645542395578;229.792452666795
325.667160682166;228.625029598458
325.688778968755;227.517022186544
325.710397255343;226.454397344982
325.732015541932;225.44287373462
325.75363382852;224.5394171385
325.775252115108;223.757370772645
325.796870401697;223.079003405301
325.818488688285;222.486264396288
325.840106974874;221.963591204387
325.861725261462;221.504037393254
325.88334354805;221.092651225016
325.904961834639;220.712298721685
325.926580121227;220.344861015038
325.948198407816;219.968296465085
325.969816694404;219.559925867413
325.991434980992;219.095773945337
326.013053267581;218.56609508644
326.034671554169;217.989236331119
326.056289840758;217.354161407002
326.077908127346;216.63285029483
326.099526413934;215.82265775826
326.121144700523;214.936153770468
326.142762987111;213.976275795858
326.1643812737;212.939676114765
326.185999560288;211.855889649601
326.207617846876;210.771486465646
326.229236133465;209.705459334198
326.250854420053;208.640253777478
326.272472706642;207.553755116177
326.29409099323;206.444176272481
326.315709279818;205.331157723715
326.337327566407;204.225814028167
326.358945852995;203.117741454941
326.380564139584;202.023969050035
326.402182426172;200.99709037437
326.42380071276;200.042089985388
326.445418999349;199.114407344876
326.467037285937;198.186586034766
326.488655572526;197.269464636006
326.510273859114;196.397749662079
326.531892145702;195.56919456328
326.553510432291;194.757640483774
326.575128718879;193.958253989964
326.596747005468;193.156986843351
326.618365292056;192.350623711747
326.639983578644;191.52169874406
326.661601865233;190.664554584948
326.683220151821;189.784606154222
326.70483843841;188.864670725115
326.726456724998;187.889242229878
326.748075011586;186.861930141672
326.769693298175;185.791462442281
326.791311584763;184.670247227099
326.812929871352;183.515642393639
326.83454815794;182.33142751007
326.856166444528;181.084486748842
326.877784731117;179.747846947017
326.899403017705;178.350600476306
326.921021304294;176.95494939053
326.942639590882;175.534076958801
326.96425787747;174.041965085903
326.985876164059;172.528111417591
327.007494450647;171.047977655912
327.029112737235;169.591969681144
327.050731023824;168.135983954136
327.072349310412;166.692312984653
327.093967597001;165.294965628513
327.115585883589;163.939747920341
327.137204170177;162.586689914352
327.158822456766;161.208073679666
327.180440743354;159.807344190045
327.202059029943;158.440877773024
327.223677316531;157.173091207858
327.245295603119;155.984963603984
327.266913889708;154.829781371418
327.288532176296;153.697301352221
327.310150462885;152.617921396285
327.331768749473;151.573803123086
327.353387036061;150.51522266161
327.37500532265;149.426538639247
327.396623609238;148.330323021973
327.418241895827;147.253178987943
327.439860182415;146.207069957586
327.461478469003;145.191493477185
327.483096755592;144.198685648552
327.50471504218;143.231748298917
327.526333328769;142.330582626596
327.547951615357;141.515554000406
327.569569901945;140.765225234588
327.591188188534;140.059879095206
327.612806475122;139.394257297237
327.634424761711;138.773239291521
327.656043048299;138.184525041023
327.677661334887;137.608237363383
327.699279621476;137.041195058828
327.720897908064;136.492654476853
327.742516194653;135.955340529299
327.764134481241;135.408080257391
327.785752767829;134.829684967924
327.807371054418;134.210978493672
327.828989341006;133.567325895315
327.850607627595;132.928603438887
327.872225914183;132.297700874168
327.893844200771;131.644042496705
327.91546248736;130.958219714875
327.937080773948;130.269492535983
327.958699060537;129.603889635263
327.980317347125;128.940601167778
328.001935633713;128.276797795962
328.023553920302;127.633088420084
328.04517220689;127.006339767632
328.066790493479;126.381406639562
328.088408780067;125.741010297344
328.110027066655;125.061107890045
328.131645353244;124.328058576689
328.153263639832;123.547549414985
328.174881926421;122.744962088729
328.196500213009;121.911107936679
328.218118499597;121.010188503392
328.239736786186;120.010669672218
328.261355072774;118.926533969993
328.282973359363;117.821689403145
328.304591645951;116.739097544746
328.326209932539;115.68277815342
328.347828219128;114.634431938867
328.369446505716;113.579116691051
328.391064792305;112.520190888871
328.412683078893;111.48679490628
328.434301365481;110.524834515176
328.45591965207;109.630416256931
328.477537938658;108.775440848805
328.499156225247;107.958993819309
328.520774511835;107.185706002058
328.542392798423;106.471033716512
328.564011085012;105.817937652168
328.5856293716;105.212346719522
328.607247658189;104.647107452212
328.628865944777;104.124119541821
328.650484231365;103.631025027419
328.672102517954;103.150033883632
328.693720804542;102.667835877454
328.71533909113;102.187161725571
328.736957377719;101.715572944536
328.758575664307;101.247430621247
328.780193950896;100.767406364085
328.801812237484;100.25725317083
328.823430524072;99.715600367418
328.845048810661;99.1470584016397
328.866667097249;98.5440877002017
328.888285383838;97.8902436214518
328.909903670426;97.1884017307034
328.931521957014;96.4700245933045
328.953140243603;95.7458951282239
328.974758530191;95.0354873582222
328.99637681678;94.3648641872596
329.017995103368;93.7413784781268
329.039613389956;93.1652002974924
329.061231676545;92.6399088106168
329.082849963133;92.1713450820366
329.104468249722;91.7604506123043
329.12608653631;91.4149963600794
329.147704822898;91.1530813707594
329.169323109487;90.9802164209976
329.190941396075;90.891887454063
329.212559682664;90.87620502091
329.234177969252;90.9191949045685
329.25579625584;91.0069293356183
329.277414542429;91.1331823265606
329.299032829017;91.3040589202018
329.320651115606;91.5086095123211
329.342269402194;91.7334826391675
329.363887688782;91.9706897320452
329.385505975371;92.2094855930904
329.407124261959;92.4323888253296
329.428742548548;92.6221190204136
329.450360835136;92.7600020771528
329.471979121724;92.830832225716
329.493597408313;92.8182132850998
329.515215694901;92.6984927911142
329.53683398149;92.436921035336
329.558452268078;91.9929390597201
329.580070554666;91.3634573866692
329.601688841255;90.5543813245794
329.623307127843;89.5486065134443
329.644925414432;88.3576549835956
329.66654370102;87.0253634080724
329.688161987608;85.5747340863718
329.709780274197;84.019001493988
329.731398560785;82.4100420115306
329.753016847374;80.727975678817
329.774635133962;78.9431374058457
329.79625342055;77.1207522154343
329.817871707139;75.4354552940594
329.839489993727;73.9413003853291
329.861108280316;72.564959194997
329.882726566904;71.2442096196601
329.904344853492;69.9609895016695
329.925963140081;68.7573336194929
329.947581426669;67.7057887331009
329.969199713258;66.784230839586
329.990817999846;65.9528707039116
330.012436286434;65.2144541813428
330.034054573023;64.5544821643182
330.055672859611;63.950537565845
330.0772911462;63.4143662720172
330.098909432788;62.9525229401366
330.120527719376;62.5429954154341
330.142146005965;62.1586969761877
330.163764292553;61.7798693955722
330.185382579142;61.3951516091723
330.20700086573;61.0091270848865
330.228619152318;60.6214732582617
330.250237438907;60.2202413572767
330.271855725495;59.8008405077067
330.293474012083;59.3569439930898
330.315092298672;58.8732805795743
330.33671058526;58.3367934238149
330.358328871849;57.7454942374827
330.379947158437;57.1140740914717
330.401565445025;56.4504282434865
330.423183731614;55.7515837797117
330.444802018202;55.0095018224857
330.466420304791;54.2228798216076
330.488038591379;53.3936225796119
330.509656877967;52.5283966687078
330.531275164556;51.6597931062048
330.552893451144;50.797044460284
330.574511737733;49.9105629056571
330.596130024321;48.9979893201412
330.617748310909;48.0859074783322
330.639366597498;47.1878007380487
330.660984884086;46.3262326175122
330.682603170675;45.5194475247333
330.704221457263;44.7394997327798
330.725839743851;43.9747146043821
330.74745803044;43.2595905290459
330.769076317028;42.613314901858
330.790694603617;42.0354182645227
330.812312890205;41.5087728384513
330.833931176793;41.0010783507477
330.855549463382;40.4915429956524
330.87716774997;39.9706632920833
330.898786036559;39.4099924066877
330.920404323147;38.7575405640166
330.942022609735;37.9589637927799
330.963640896324;36.9811648628082
330.985259182912;35.8010769412255
331.006877469501;34.3779424185598
331.028495756089;32.6611469256226
331.050114042677;30.6473041777489
331.071732329266;28.388334924198
331.093350615854;25.9091288551158
331.114968902443;23.2219472960919
331.136587189031;20.3228919696163
331.158205475619;17.1749880734401
331.179823762208;13.9032834718951
331.201442048796;10.7509946061008
331.223060335385;7.85241920001204
331.244678621973;5.27918943067641
331.266296908561;3.05390770986037
331.28791519515;1.14029159407494
331.309533481738;-0.491690347102235
331.331151768327;-1.82096389380115
331.352770054915;-2.83691653469509
331.374388341503;-3.54920423741828
331.396006628092;-3.98242187598316
331.41762491468;-4.16786700858142
331.439243201269;-4.14042449286603
331.460861487857;-3.93959681831302
331.482479774445;-3.60918450074132
331.504098061034;-3.18847655248112
331.525716347622;-2.696920584233
331.547334634211;-2.13569653784498
331.568952920799;-1.50412625744036
331.590571207387;-0.825917378554891
331.612189493976;-0.130005277320606
331.633807780564;0.587380500668587
331.655426067153;1.32282675697058
331.677044353741;2.07916167274368
331.698662640329;2.88542953189494
331.720280926918;3.75981950569371
331.741899213506;4.69142772056443
331.763517500095;5.68951382459716
331.785135786683;6.78644963868089
331.806754073271;7.99427684969476
331.82837235986;9.29859885839301
331.849990646448;10.6913238973103
331.871608933037;12.1945915426033
331.893227219625;13.8443756680227
331.914845506213;15.6154943109055
331.936463792802;17.4217241000714
331.95808207939;19.2573805937033
331.979700365978;21.1594539956679
332.001318652567;23.116829108227
332.022936939155;25.0825393672262
332.044555225744;27.0311263702135
332.066173512332;28.9476156983304
332.08779179892;30.8375347455707
332.109410085509;32.739579248221
332.131028372097;34.6427538875317
332.152646658686;36.4750956919783
332.174264945274;38.2083100817885
332.195883231862;39.8612529132876
332.217501518451;41.4799580729243
332.239119805039;43.1188465039209
332.260738091628;44.8024063212066
332.282356378216;46.5421351356623
332.303974664804;48.3741317533603
332.325592951393;50.3396745563123
332.347211237981;52.4545496436211
332.36882952457;54.7039810077696
332.390447811158;57.0734942431741
332.412066097746;59.5647160408315
332.433684384335;62.1484406368535
332.455302670923;64.722201627175
332.476920957512;67.2682952664347
332.4985392441;69.8652418818174
332.520157530688;72.5350610939229
332.541775817277;75.2051447970346
332.563394103865;77.7640853967361
332.585012390454;80.1265190271592
332.606630677042;82.2737859164755
332.62824896363;84.1529490090218
332.649867250219;85.7973353579204
332.671485536807;87.2112169920634
332.693103823396;88.3611081985316
332.714722109984;89.246132223547
332.736340396572;89.9008394138083
332.757958683161;90.3552947335353
332.779576969749;90.6816195637919
332.801195256338;90.9588204205079
332.822813542926;91.2571018861789
332.844431829514;91.6493571013126
332.866050116103;92.1958183729425
332.887668402691;92.9488632221359
332.90928668928;93.9656125343113
332.930904975868;95.3158370525995
332.952523262456;97.0561116083538
332.974141549045;99.2152672635734
332.995759835633;101.791190120042
333.017378122222;104.649072907686
333.03899640881;107.617207474448
333.060614695398;110.68401652253
333.082232981987;113.834008590364
333.103851268575;116.904363717735
333.125469555164;119.633990621174
333.147087841752;121.854168729648
333.16870612834;123.44495995232
333.190324414929;124.225220249358
333.211942701517;124.071906137618
333.233560988106;122.975648942421
333.255179274694;121.023640053461
333.276797561282;118.322464666106
333.298415847871;114.901854779709
333.320034134459;110.859949820746
333.341652421048;106.477833715561
333.363270707636;102.231462355704
333.384888994224;98.425156383234
333.406507280813;95.1449141641918
333.428125567401;92.5702621889669
333.44974385399;90.9964806863455
333.471362140578;90.5716250723499
333.492980427166;91.3583529970994
333.514598713755;93.4168724237732
333.536217000343;96.7033576219402
333.557835286931;101.126091137954
333.57945357352;106.820248391899
333.601071860108;114.088789481967
333.622690146697;122.937142611631
333.644308433285;132.90045570946
333.665926719873;143.508452276819
333.687545006462;154.903907370909
333.70916329305;167.240019979985
333.730781579639;180.298348182209
333.752399866227;193.802249906135
333.774018152815;207.564292562042
333.795636439404;221.178472556142
333.817254725992;234.303157044955
333.838873012581;247.213853305996
333.860491299169;259.787686670869
333.882109585757;271.324885514567
333.903727872346;281.253136157265
333.925346158934;289.55986974526
333.946964445523;296.163579309468
333.968582732111;300.506309873698
333.990201018699;302.399954549136
334.011819305288;302.023770705229
334.033437591876;299.115065551369
334.055055878465;293.297552445311
334.076674165053;285.093119734947
334.098292451641;275.352784623272
334.11991073823;264.50871636731
334.141529024818;252.810933896452
334.163147311407;240.638241135045
334.184765597995;228.573393677437
334.206383884583;217.289925686914
334.228002171172;207.065851552617
334.24962045776;198.111003840618
334.271238744349;191.008566823276
334.292857030937;186.112331889164
334.314475317525;183.665143692044
334.336093604114;183.165009512489
334.357711890702;184.320418271309
334.379330177291;187.093368104598
334.400948463879;191.475747930352
334.422566750467;197.24907096099
334.444185037056;203.98923088983
334.465803323644;211.288539294409
334.487421610233;218.903515940034
334.509039896821;226.4810166476
334.530658183409;233.686202192476
334.552276469998;240.511222505466
334.573894756586;246.984556645697
334.595513043175;253.072115111473
334.617131329763;258.673445022788
334.638749616351;263.65739971684
334.66036790294;268.17355089676
334.681986189528;272.479737416524
334.703604476117;276.762419203586
334.725222762705;281.13118518935
334.746841049293;285.712848246932
334.768459335882;290.795125268052
334.79007762247;297.093709471785
334.811695909059;305.219711762255
334.833314195647;315.470176720006
334.854932482235;328.445620362058
334.876550768824;344.561804692342
334.898169055412;364.656844118474
334.919787342001;390.442026596796
334.941405628589;422.754469231891
334.963023915177;462.078791430759
334.984642201766;509.537595448585
335.006260488354;565.19893022725
335.027878774943;629.952788410369
335.049497061531;707.55295697011
335.071115348119;801.706988638189
335.092733634708;912.940334753759
335.114351921296;1035.7981735153
335.135970207885;1169.23607154916
335.157588494473;1319.75254887659
335.179206781061;1487.40728550022
335.20082506765;1668.46755698487
335.222443354238;1859.82746158411
335.244061640826;2065.50851194447
335.265679927415;2287.85015468478
335.287298214003;2529.60431804745
335.308916500592;2790.0807455474
335.33053478718;3061.13892253714
335.352153073768;3329.35043128406
335.373771360357;3580.42761770366
335.395389646945;3809.2323369275
335.417007933534;4014.8850775911
335.438626220122;4194.28380527041
335.46024450671;4341.99547495051
335.481862793299;4449.93921822374
335.503481079887;4508.1017807167
335.525099366476;4508.04330059303
335.546717653064;4446.06176612717
335.568335939652;4323.9812239125
335.589954226241;4143.56380789374
335.611572512829;3900.42731239345
335.633190799418;3594.82799666578
335.654809086006;3237.00092202897
335.676427372594;2831.63014096814
335.698045659183;2375.0574972487
335.719663945771;1868.02750032808
335.74128223236;1344.33066837415
335.762900518948;826.105253412983
335.784518805536;311.308886497828
335.806137092125;-194.18147842829
335.827755378713;-684.514108229522
335.849373665302;-1163.57336717747
335.87099195189;-1612.63102671471
335.892610238478;-2019.65444880515
335.914228525067;-2382.78892742238
335.935846811655;-2688.43877914443
335.957465098244;-2944.31027273332
335.979083384832;-3159.72074177258
336.00070167142;-3332.18236143281
336.022319958009;-3465.93948214155
336.043938244597;-3564.05998692771
336.065556531186;-3629.66465952684
336.087174817774;-3666.65569971071
336.108793104362;-3678.64859415041
336.130411390951;-3669.69910368808
336.152029677539;-3644.50085695858
336.173647964128;-3607.67280082276
336.195266250716;-3562.00241422397
336.216884537304;-3508.91886126623
336.238502823893;-3451.82575743871
336.260121110481;-3395.34986371896
336.28173939707;-3341.11495432728
336.303357683658;-3288.69729374623
336.324975970246;-3236.92851964795
336.346594256835;-3186.11663851345
336.368212543423;-3136.91214606043
336.389830830012;-3088.01782772363
336.4114491166;-3037.60156399147
336.433067403188;-2983.32224855124
336.454685689777;-2923.03135881059
336.476303976365;-2856.60479153675
336.497922262954;-2784.98882362153
336.519540549542;-2706.90216822883
336.54115883613;-2620.25813049794
336.562777122719;-2526.13027463751
336.584395409307;-2425.34696242406
336.606013695896;-2319.79365287658
336.627631982484;-2210.62187861923
336.649250269072;-2097.99219175131
336.670868555661;-1983.92904958032
336.692486842249;-1869.4236293781
336.714105128838;-1754.02376709265
336.735723415426;-1637.48658136345
336.757341702014;-1519.1288114449
336.778959988603;-1400.41017220142
336.800578275191;-1289.0174831662
336.822196561779;-1189.63627294024
336.843814848368;-1101.44037437302
336.865433134956;-1021.62405577073
336.887051421545;-948.337465176351
336.908669708133;-880.893435457759
336.930287994721;-818.740911794163
336.95190628131;-762.664342115903
336.973524567898;-713.142307882737
336.995142854487;-669.973626568348
337.016761141075;-632.13441805922
337.038379427663;-597.57181618705
337.059997714252;-565.279326447952
337.08161600084;-535.31522452289
337.103234287429;-508.229557010805
337.124852574017;-484.499660239219
337.146470860605;-463.238520707121
337.168089147194;-443.802836965757
337.189707433782;-426.135389389489
337.211325720371;-409.91019058789
337.232944006959;-394.852230437917
337.254562293547;-380.981741066913
337.276180580136;-368.086982061136
337.297798866724;-355.874102187316
337.319417153313;-344.16199640009
337.341035439901;-332.883288349122
337.362653726489;-322.176897290449
337.384272013078;-312.262429794637
337.405890299666;-303.12123388739
337.427508586255;-294.684588617569
337.449126872843;-287.628752802858
337.470745159431;-282.032260817767
337.49236344602;-277.428742183189
337.513981732608;-273.766995123465
337.535600019197;-271.264686208923
337.557218305785;-270.158267433273
337.578836592373;-270.491183973514
337.600454878962;-272.100089596415
337.62207316555;-274.854668824057
337.643691452139;-278.628400268522
337.665309738727;-283.205965112001
337.686928025315;-288.37232107079
337.708546311904;-293.890816341714
337.730164598492;-299.419878045022
337.751782885081;-304.670423792209
337.773401171669;-309.45511766201
337.795019458257;-313.640484631861
337.816637744846;-316.982142584073
337.838256031434;-319.318893512944
337.859874318023;-320.707220767795
337.881492604611;-321.320915635739
337.903110891199;-321.225791838832
337.924729177788;-320.49206879751
337.946347464376;-319.260154002317
337.967965750965;-317.689586854962
337.989584037553;-315.895194253381
338.011202324141;-313.990841621353
338.03282061073;-312.103110665767
338.054438897318;-310.320553697195
338.076057183907;-308.672987566456
338.097675470495;-307.141408414787
338.119293757083;-305.714940427865
338.140912043672;-304.417083087615
338.16253033026;-303.247848931034
338.184148616849;-302.175820546075
338.205766903437;-301.15521250913
338.227385190025;-300.111659948452
338.249003476614;-298.949467639316
338.270621763202;-297.644737133062
338.292240049791;-296.213144227632
338.313858336379;-294.646695840785
338.335476622967;-292.934668699093
338.357094909556;-291.041650889131
338.378713196144;-288.92169996359
338.400331482733;-286.603277193751
338.421949769321;-284.131988176609
338.443568055909;-281.524809598317
338.465186342498;-278.849780418822
338.486804629086;-276.196385874357
338.508422915674;-273.564631413805
338.530041202263;-270.929901254296
338.551659488851;-268.333451061204
338.57327777544;-265.834772469374
338.594896062028;-263.420140183638
338.616514348616;-261.058778251934
338.638132635205;-258.737150068407
338.659750921793;-256.428211524919
338.681369208382;-254.068160431521
338.70298749497;-251.624776248771
338.724605781558;-249.176216712796
338.746224068147;-246.822562972333
338.767842354735;-244.600937346328
338.789460641324;-242.484157525626
338.811078927912;-240.458229452926
338.8326972145;-238.532611220779
338.854315501089;-236.745712264281
338.875933787677;-235.134017776563
338.897552074266;-233.75115798953
338.919170360854;-232.649074595557
338.940788647442;-231.869695199534
338.962406934031;-231.426924597752
338.984025220619;-231.287778496389
339.005643507208;-231.437835533075
339.027261793796;-231.873735895244
339.048880080384;-232.560179082565
339.070498366973;-233.430835961987
339.092116653561;-234.420102609155
339.11373494015;-235.511521088447
339.135353226738;-236.668880094863
339.156971513326;-237.814832719509
339.178589799915;-238.874109568464
339.200208086503;-239.772290997686
339.221826373092;-240.469089758043
339.24344465968;-240.970670184391
339.265062946268;-241.295061182621
339.286681232857;-241.438760672054
339.308299519445;-241.376071660499
339.329917806034;-241.093783123765
339.351536092622;-240.619341170724
339.37315437921;-240.017973923484
339.394772665799;-239.347117197093
339.416390952387;-238.641418480149
339.438009238976;-237.916563315539
339.459627525564;-237.182196003669
339.481245812152;-236.45826024476
339.502864098741;-235.789060252509
339.524482385329;-235.221505006829
339.546100671918;-234.782446745962
339.567718958506;-234.494957451368
339.589337245094;-234.39179662922
339.610955531683;-234.503165244991
339.632573818271;-234.851596630147
339.65419210486;-235.430481682363
339.675810391448;-236.256736557388
339.697428678036;-237.410114153621
339.719046964625;-238.880138206966
339.740665251213;-240.581859613237
339.762283537802;-242.496695136515
339.78390182439;-244.59421752921
339.805520110978;-246.82946233489
339.827138397567;-249.14055947466
339.848756684155;-251.501498488036
339.870374970744;-253.857393693075
339.891993257332;-256.159741231165
339.91361154392;-258.363206160267
339.935229830509;-260.392151140778
339.956848117097;-262.128514325969
339.978466403686;-263.548387816009
340.000084690274;-264.718194529961
340.021702976862;-265.683007878919
340.043321263451;-266.451236153294
340.064939550039;-266.972501319981
340.086557836627;-267.300684697573
340.108176123216;-267.486642079963
340.129794409804;-267.602141670115
340.151412696393;-267.679250639586
340.173030982981;-267.73265936184
340.194649269569;-267.771716538467
340.216267556158;-267.795645783828
340.237885842746;-267.796779828414
340.259504129335;-267.785501145989
340.281122415923;-267.768713756488
340.302740702511;-267.736617102291
340.3243589891;-267.67156631254
340.345977275688;-267.557719015889
340.367595562277;-267.38932595642
340.389213848865;-267.163030156752
340.410832135453;-266.854747103896
340.432450422042;-266.455602464846
340.45406870863;-266.009645632216
340.475686995219;-265.516404145719
340.497305281807;-264.975623340859
340.518923568395;-264.415293411544
340.540541854984;-263.84670708007
340.562160141572;-263.264873451552
340.583778428161;-262.68221885893
340.605396714749;-262.114046382482
340.627015001337;-261.561864504396
340.648633287926;-261.020500068905
340.670251574514;-260.491102137433
340.691869861103;-259.984693213185
340.713488147691;-259.520156303198
340.735106434279;-259.118445310627
340.756724720868;-258.777518935309
340.778343007456;-258.487779740877
340.799961294045;-258.2436631361
340.821579580633;-258.033331520658
340.843197867221;-257.836186781634
340.86481615381;-257.654541161156
340.886434440398;-257.489454759072
340.908052726987;-257.334015719925
340.929671013575;-257.180425406358
340.951289300163;-257.023470043645
340.972907586752;-256.867047340337
340.99452587334;-256.718948689978
341.016144159929;-256.572965567504
341.037762446517;-256.436483142783
341.059380733105;-256.321894605914
341.080999019694;-256.222662797963
341.102617306282;-256.140742896846
341.124235592871;-256.088845695475
341.145853879459;-256.069314125775
341.167472166047;-256.068335722835
341.189090452636;-256.077175236003
341.210708739224;-256.095397194426
341.232327025813;-256.129200611798
341.253945312401;-256.177980544083
341.275563598989;-256.22962413004
341.297181885578;-256.270295271935
341.318800172166;-256.292294461117
341.340418458755;-256.288276493372
341.362036745343;-256.24532648685
341.383655031931;-256.149282323299
341.40527331852;-256.002926612515
341.426891605108;-255.81196810555
341.448509891697;-255.583123283143
341.470128178285;-255.322722075101
341.491746464873;-255.03092600366
341.513364751462;-254.71443064818
341.53498303805;-254.378017198117
341.556601324639;-254.024408924363
341.578219611227;-253.664529664196
341.599837897815;-253.306321451326
341.621456184404;-252.947429685491
341.643074470992;-252.584356466455
341.664692757581;-252.213116203475
341.686311044169;-251.836647168518
341.707929330757;-251.484770296158
341.729547617346;-251.178930986372
341.751165903934;-250.907209907532
341.772784190522;-250.662655610864
341.794402477111;-250.458279676755
341.816020763699;-250.310224334444
341.837639050288;-250.215889553641
341.859257336876;-250.179379097537
341.880875623464;-250.216160711681
341.902493910053;-250.323175441072
341.924112196641;-250.47537634805
341.94573048323;-250.659143322154
341.967348769818;-250.868221393736
341.988967056406;-251.088757156056
342.010585342995;-251.2977679177
342.032203629583;-251.477187073126
342.053821916172;-251.608331635451
342.07544020276;-251.672433359716
342.097058489348;-251.664419216854
342.118676775937;-251.583328414634
342.140295062525;-251.436186496387
342.161913349114;-251.242181854042
342.183531635702;-251.013030386915
342.20514992229;-250.755032162303
342.226768208879;-250.469004114063
342.248386495467;-250.167301884665
342.270004782056;-249.885889934482
342.291623068644;-249.638154624775
342.313241355232;-249.423658293201
342.334859641821;-249.244773278877
342.356477928409;-249.103880052326
342.378096214998;-249.003154414294
342.399714501586;-248.941384290461
342.421332788174;-248.906430762863
342.442951074763;-248.893848294179
342.464569361351;-248.907396337911
342.48618764794;-248.944128699457
342.507805934528;-248.992939697619
342.529424221116;-249.052599305653
342.551042507705;-249.122920903057
342.572660794293;-249.198954493619
342.594279080882;-249.285912560913
342.61589736747;-249.396628406617
342.637515654058;-249.530439527776
342.659133940647;-249.675625728293
342.680752227235;-249.829990581355
342.702370513824;-250.008146560557
342.723988800412;-250.216637487633
342.745607087;-250.456176638087
342.767225373589;-250.739745186147
342.788843660177;-251.07753137835
342.810461946766;-251.457510926246
342.832080233354;-251.853713758543
342.853698519942;-252.273086581369
342.875316806531;-252.734136015491
342.896935093119;-253.245600877501
342.918553379708;-253.781011105224
342.940171666296;-254.310891475254
342.961789952884;-254.834617623808
342.983408239473;-255.360234124373
343.005026526061;-255.884684832812
343.02664481265;-256.40766425575
343.048263099238;-256.944276650891
343.069881385826;-257.494639640044
343.091499672415;-258.0447167909
343.113117959003;-258.591839582606
343.134736245592;-259.143119817005
343.15635453218;-259.709610302699
343.177972818768;-260.296748218632
343.199591105357;-260.894582628843
343.221209391945;-261.478172987271
343.242827678534;-262.02136245227
343.264445965122;-262.522919995772
343.28606425171;-263.002269775889
343.307682538299;-263.467080336618
343.329300824887;-263.906757977121
343.350919111475;-264.307115868723
343.372537398064;-264.667871203342
343.394155684652;-264.988935335001
343.415773971241;-265.260801603314
343.437392257829;-265.478593779106
343.459010544417;-265.638447442352
343.480628831006;-265.740569675897
343.502247117594;-265.790677625238
343.523865404183;-265.788274699462
343.545483690771;-265.731738213512
343.567101977359;-265.623499370137
343.588720263948;-265.479772207881
343.610338550536;-265.320413971875
343.631956837125;-265.152487563848
343.653575123713;-264.97939512532
343.675193410301;-264.809289710193
343.69681169689;-264.655507632378
343.718429983478;-264.524568152519
343.740048270067;-264.412441260353
343.761666556655;-264.317492078253
343.783284843243;-264.240070749414
343.804903129832;-264.173953534451
343.82652141642;-264.101147111269
343.848139703009;-264.016914183323
343.869757989597;-263.918986056804
343.891376276185;-263.796765424476
343.912994562774;-263.63698888541
343.934612849362;-263.433762073751
343.956231135951;-263.192354805645
343.977849422539;-262.910126495318
343.999467709127;-262.58278472661
344.021085995716;-262.202310295606
344.042704282304;-261.764362366776
344.064322568893;-261.289800369858
344.085940855481;-260.793884505088
344.107559142069;-260.281896569106
344.129177428658;-259.770872590613
344.150795715246;-259.27302991633
344.172414001835;-258.79371749428
344.194032288423;-258.334138533155
344.215650575011;-257.914671138111
344.2372688616;-257.544860630882
344.258887148188;-257.216647972755
344.280505434777;-256.924411000198
344.302123721365;-256.68056049182
344.323742007953;-256.506423867675
344.345360294542;-256.405186126867
344.36697858113;-256.36485631484
344.388596867719;-256.37049709624
344.410215154307;-256.41442266528
344.431833440895;-256.496709533545
344.453451727484;-256.622843691369
344.475070014072;-256.786930851281
344.496688300661;-256.974409795387
344.518306587249;-257.173883608208
344.539924873837;-257.39022434254
344.561543160426;-257.646397125833
344.583161447014;-257.944275371574
344.604779733603;-258.275378120258
344.626398020191;-258.637314811282
344.648016306779;-259.042038228713
344.669634593368;-259.512244529127
344.691252879956;-260.057118611273
344.712871166545;-260.668571164331
344.734489453133;-261.350745609188
344.756107739721;-262.105981713251
344.77772602631;-262.927674328595
344.799344312898;-263.808871627373
344.820962599487;-264.752097074279
344.842580886075;-265.755286311424
344.864199172663;-266.745577068091
344.885817459252;-267.714876784231
344.90743574584;-268.706003068011
344.929054032429;-269.701231859065
344.950672319017;-270.607551068262
344.972290605605;-271.4048002277
344.993908892194;-272.11821492195
345.015527178782;-272.723335824944
345.03714546537;-273.218785506561
345.058763751959;-273.619223426599
345.080382038547;-273.919587537749
345.102000325136;-274.127080164764
345.123618611724;-274.251850171214
345.145236898312;-274.310746932147
345.166855184901;-274.304222766666
345.188473471489;-274.228882574844
345.210091758078;-274.092980650292
345.231710044666;-273.908297322683
345.253328331254;-273.689642197487
345.274946617843;-273.447103961513
345.296564904431;-273.179133905799
345.31818319102;-272.881828702439
345.339801477608;-272.560550158122
345.361419764196;-272.22986123338
345.383038050785;-271.890598947084
345.404656337373;-271.544053454453
345.426274623962;-271.198927151209
345.44789291055;-270.86479556234
345.469511197138;-270.540167485323
345.491129483727;-270.227781592102
345.512747770315;-269.937718023673
345.534366056904;-269.670579664482
345.555984343492;-269.422935190996
345.57760263008;-269.196208980437
345.599220916669;-268.983054843992
345.620839203257;-268.772506776091
345.642457489846;-268.56581394722
345.664075776434;-268.372624308779
345.685694063022;-268.186097070992
345.707312349611;-267.998007457812
345.728930636199;-267.80513792728
345.750548922788;-267.608788519023
345.772167209376;-267.411830562338
345.793785495964;-267.203836452447
345.815403782553;-266.983734219603
345.837022069141;-266.764409444362
345.85864035573;-266.555569553628
345.880258642318;-266.353392121683
345.901876928906;-266.150549258717
345.923495215495;-265.942350802491
345.945113502083;-265.729028902769
345.966731788672;-265.519181637375
345.98835007526;-265.326354047172
346.009968361848;-265.151090903876
346.031586648437;-264.989307350357
346.053204935025;-264.837448974156
346.074823221614;-264.697907409104
346.096441508202;-264.573909848973
346.11805979479;-264.467111529942
346.139678081379;-264.375392945208
346.161296367967;-264.302181197495
346.182914654556;-264.259176102792
346.204532941144;-264.25540461052
346.226151227732;-264.291481588224
346.247769514321;-264.359394129962
346.269387800909;-264.462383144489
346.291006087498;-264.609532781429
346.312624374086;-264.79711232796
346.334242660674;-265.008950553333
346.355860947263;-265.240644966416
346.377479233851;-265.503068841023
346.39909752044;-265.789633061412
346.420715807028;-266.072043318762
346.442334093616;-266.329554410402
346.463952380205;-266.559179659526
346.485570666793;-266.771785809749
346.507188953382;-266.972720502024
346.52880723997;-267.144607360816
346.550425526558;-267.264120796007
346.572043813147;-267.338083211022
346.593662099735;-267.380975889985
346.615280386323;-267.379517338189
346.636898672912;-267.305480809923
346.6585169595;-267.157882835284
346.680135246089;-266.962299873693
346.701753532677;-266.736996523449
346.723371819265;-266.494805153238
346.744990105854;-266.251806301986
346.766608392442;-266.019823108111
346.788226679031;-265.802853856193
346.809844965619;-265.605433661325
346.831463252207;-265.447206810794
346.853081538796;-265.346921017131
346.874699825384;-265.310069927359
346.896318111973;-265.325162164215
346.917936398561;-265.379312417399
346.939554685149;-265.472781127022
346.961172971738;-265.618041674106
346.982791258326;-265.813964943153
347.004409544915;-266.034509618201
347.026027831503;-266.260416914142
347.047646118091;-266.493255986987
347.06926440468;-266.73372611107
347.090882691268;-266.96810721382
347.112500977857;-267.174883249485
347.134119264445;-267.341979535988
347.155737551033;-267.45790649711
347.177355837622;-267.5066676576
347.19897412421;-267.470021997858
347.220592410799;-267.348882419672
347.242210697387;-267.154009473224
347.263828983975;-266.876826097661
347.285447270564;-266.496013970137
347.307065557152;-266.01184386991
347.328683843741;-265.471467794126
347.350302130329;-264.911540799252
347.371920416917;-264.340206660285
347.393538703506;-263.765650451065
347.415156990094;-263.195001237438
347.436775276683;-262.632549943438
347.458393563271;-262.106135231943
347.480011849859;-261.635585333021
347.501630136448;-261.219277817011
347.523248423036;-260.856220647042
347.544866709625;-260.556701541318
347.566484996213;-260.337008713043
347.588103282801;-260.203097617722
347.60972156939;-260.13976258565
347.631339855978;-260.130725228374
347.652958142567;-260.166864912181
347.674576429155;-260.247514848711
347.696194715743;-260.365003460228
347.717813002332;-260.511190115521
347.73943128892;-260.681983926699
347.761049575509;-260.874899275059
347.782667862097;-261.086369581653
347.804286148685;-261.314318207662
347.825904435274;-261.560435558711
347.847522721862;-261.827688196591
347.869141008451;-262.111870554492
347.890759295039;-262.407205559762
347.912377581627;-262.721336446598
347.933995868216;-263.0462890383
347.955614154804;-263.366759350344
347.977232441393;-263.683987811779
347.998850727981;-263.987337321839
348.020469014569;-264.271398486398
348.042087301158;-264.53184208619
348.063705587746;-264.75250986963
348.085323874334;-264.899030907286
348.106942160923;-264.968804297634
348.128560447511;-264.968791087706
348.1501787341;-264.894033292275
348.171797020688;-264.729905834455
348.193415307277;-264.479384622188
348.215033593865;-264.151943663627
348.236651880453;-263.766298705881
348.258270167042;-263.31295337737
348.27988845363;-262.787176723513
348.301506740218;-262.216059548142
348.323125026807;-261.640752224361
348.344743313395;-261.069437035426
348.366361599984;-260.497347420625
348.387979886572;-259.926935714214
348.40959817316;-259.371781436996
348.431216459749;-258.832459449448
348.452834746337;-258.312147938676
348.474453032926;-257.841862545339
348.496071319514;-257.457558974941
348.517689606102;-257.186036824193
348.539307892691;-257.042529566888
348.560926179279;-257.030654038234
348.582544465868;-257.160016195172
348.604162752456;-257.436704533053
348.625781039044;-257.848380579671
348.647399325633;-258.387760246146
348.669017612221;-259.05571581259
348.69063589881;-259.840849679195
348.712254185398;-260.740930956984
348.733872471986;-261.754551599997
348.755490758575;-262.839226344051
348.777109045163;-263.935427369298
348.798727331752;-265.004973223811
348.82034561834;-266.007924770277
348.841963904928;-266.902542720955
348.863582191517;-267.679908574766
348.885200478105;-268.366366978815
348.906818764694;-268.961750646528
348.928437051282;-269.445957591138
348.95005533787;-269.825779225004
348.971673624459;-270.119779030802
348.993291911047;-270.329923252283
349.014910197636;-270.458216280028
349.036528484224;-270.516975286479
349.058146770812;-270.532433667399
349.079765057401;-270.506238069593
349.101383343989;-270.440119602958
349.123001630578;-270.341145189782
349.144619917166;-270.208275595302
349.166238203754;-270.0437034752
349.187856490343;-269.846678967197
349.209474776931;-269.60515387536
349.23109306352;-269.309351908279
349.252711350108;-268.954528196563
349.274329636696;-268.527814923881
349.295947923285;-267.998592925088
349.317566209873;-267.354623176287
349.339184496462;-266.66262204819
349.36080278305;-265.942764875715
349.382421069638;-265.185900376728
349.404039356227;-264.379848313521
349.425657642815;-263.535079031723
349.447275929404;-262.688753090318
349.468894215992;-261.861469282694
349.49051250258;-261.040399369664
349.512130789169;-260.223802437795
349.533749075757;-259.447141243077
349.555367362346;-258.725802301054
349.576985648934;-258.091747741572
349.598603935522;-257.570373208357
349.620222222111;-257.140043390207
349.641840508699;-256.784596014513
349.663458795288;-256.496256055891
349.685077081876;-256.278919338515
349.706695368464;-256.131216765958
349.728313655053;-256.055185877639
349.749931941641;-256.056529651525
349.771550228229;-256.123331518016
349.793168514818;-256.24331357134
349.814786801406;-256.425161986271
349.836405087995;-256.673367734844
349.858023374583;-256.974055136796
349.879641661171;-257.308822472074
349.90125994776;-257.682851047601
349.922878234348;-258.107495786
349.944496520937;-258.565808118438
349.966114807525;-259.038073559289
349.987733094113;-259.523022213162
350.009351380702;-260.013605710976
350.03096966729;-260.478461013936
350.052587953879;-260.887387776893
350.074206240467;-261.234012959056
350.095824527055;-261.51510719895
350.117442813644;-261.729749540558
350.139061100232;-261.877703472745
350.160679386821;-261.957762164471
350.182297673409;-261.967828493637
350.203915959997;-261.905390219164
350.225534246586;-261.797795613091
350.247152533174;-261.684248717308
350.268770819763;-261.574198508628
350.290389106351;-261.472750697212
350.312007392939;-261.38176934556
350.333625679528;-261.304938877817
350.355243966116;-261.252100939533
350.376862252705;-261.225233871705
350.398480539293;-261.215487482506
350.420098825881;-261.215751121761
350.44171711247;-261.211508513908
350.463335399058;-261.187005090829
350.484953685647;-261.135030642558
350.506571972235;-261.050199409476
350.528190258823;-260.914632899076
350.549808545412;-260.730072069566
350.571426832;-260.492788610007
350.593045118589;-260.19822699309
350.614663405177;-259.848591745104
350.636281691765;-259.437039331726
350.657899978354;-258.950610612298
350.679518264942;-258.397221726032
350.701136551531;-257.806093789922
350.722754838119;-257.191259270928
350.744373124707;-256.564852544862
350.765991411296;-255.936709559888
350.787609697884;-255.306878010208
350.809227984473;-254.664661667516
350.830846271061;-253.999833618296
350.852464557649;-253.327789850468
350.874082844238;-252.684454074554
350.895701130826;-252.087930862761
350.917319417415;-251.545434053788
350.938937704003;-251.064127012819
350.960555990591;-250.634716078948
350.98217427718;-250.246361260427
351.003792563768;-249.909444333609
351.025410850357;-249.626959756063
351.047029136945;-249.382869502866
351.068647423533;-249.156573409596
351.090265710122;-248.937875204755
351.11188399671;-248.721654214387
351.133502283299;-248.50535603355
351.155120569887;-248.283660334967
351.176738856475;-248.048767115893
351.198357143064;-247.800272386568
351.219975429652;-247.545688481319
351.24159371624;-247.29128883817
351.263212002829;-247.033779619891
351.284830289417;-246.771967024093
351.306448576006;-246.515184897686
351.328066862594;-246.276172064339
351.349685149182;-246.054657036767
351.371303435771;-245.846010632507
351.392921722359;-245.650624025415
351.414540008948;-245.466343171713
351.436158295536;-245.287190167888
351.457776582124;-245.103776216314
351.479394868713;-244.909661662193
351.501013155301;-244.698336294445
351.52263144189;-244.458163226474
351.544249728478;-244.178478340997
351.565868015066;-243.860953968848
351.587486301655;-243.51288979908
351.609104588243;-243.136811176528
351.630722874832;-242.735646013351
351.65234116142;-242.317342563717
351.673959448008;-241.891169166405
351.695577734597;-241.461405538717
351.717196021185;-241.036860570877
351.738814307774;-240.628594315632
351.760432594362;-240.241684964323
351.78205088095;-239.869255481075
351.803669167539;-239.499088959123
351.825287454127;-239.130736323754
351.846905740716;-238.768286884468
351.868524027304;-238.408191146671
351.890142313892;-238.048688313395
351.911760600481;-237.696023950461
351.933378887069;-237.349990534723
351.954997173658;-237.01597819203
351.976615460246;-236.707621941064
351.998233746834;-236.428063286108
352.019852033423;-236.180935722317
352.041470320011;-235.97511088562
352.0630886066;-235.81416678387
352.084706893188;-235.695818020369
352.106325179776;-235.620006034527
352.127943466365;-235.59274132692
352.149561752953;-235.612901239929
352.171180039542;-235.666518078738
352.19279832613;-235.737896530552
352.214416612718;-235.81900545035
352.236034899307;-235.901225840902
352.257653185895;-235.976391724475
352.279271472484;-236.035766968837
352.300889759072;-236.064703108372
352.32250804566;-236.050905154017
352.344126332249;-235.990747127653
352.365744618837;-235.88579876887
352.387362905426;-235.747665412107
352.408981192014;-235.581341312341
352.430599478602;-235.378101547735
352.452217765191;-235.121264459201
352.473836051779;-234.8216961525
352.495454338368;-234.509062592391
352.517072624956;-234.200546384172
352.538690911544;-233.891023008375
352.560309198133;-233.573824868732
352.581927484721;-233.256206709567
352.60354577131;-232.958093078184
352.625164057898;-232.680739511325
352.646782344486;-232.411475906312
352.668400631075;-232.138683792251
352.690018917663;-231.853313710522
352.711637204251;-231.537479845998
352.73325549084;-231.206847297321
352.754873777428;-230.883849930751
352.776492064017;-230.572688390222
352.798110350605;-230.263508545425
352.819728637193;-229.946921658242
352.841346923782;-229.631126154196
352.86296521037;-229.328974835155
352.884583496959;-229.037861694376
352.906201783547;-228.760094213027
352.927820070135;-228.518422418421
352.949438356724;-228.320333115094
352.971056643312;-228.152924394747
352.992674929901;-228.024046608319
353.014293216489;-227.946176891802
353.035911503077;-227.91319529207
353.057529789666;-227.91747306489
353.079148076254;-227.95237110149
353.100766362843;-228.013716701685
353.122384649431;-228.098958448766
353.144002936019;-228.205198948914
353.165621222608;-228.325034887545
353.187239509196;-228.449557709535
353.208857795785;-228.573280132834
353.230476082373;-228.69275887013
353.252094368961;-228.803439527219
353.27371265555;-228.899982871043
353.295330942138;-228.977835847214
353.316949228727;-229.030797328296
353.338567515315;-229.057015675712
353.360185801903;-229.054021020358
353.381804088492;-229.012343710131
353.40342237508;-228.927662072779
353.425040661669;-228.815090032868
353.446658948257;-228.678607760078
353.468277234845;-228.508894928755
353.489895521434;-228.316330442106
353.511513808022;-228.121630848179
353.533132094611;-227.9213900569
353.554750381199;-227.714905032682
353.576368667787;-227.517563795245
353.597986954376;-227.339711685872
353.619605240964;-227.184789120214
353.641223527553;-227.056731401258
353.662841814141;-226.958743560359
353.684460100729;-226.880851432375
353.706078387318;-226.818459200952
353.727696673906;-226.771249449666
353.749314960495;-226.735948942255
353.770933247083;-226.707449500039
353.792551533671;-226.683241073223
353.81416982026;-226.657119206306
353.835788106848;-226.616393296794
353.857406393437;-226.552852767951
353.879024680025;-226.476786686422
353.900642966613;-226.386671109191
353.922261253202;-226.274817406492
353.94387953979;-226.141902843355
353.965497826379;-225.993927611384
353.987116112967;-225.831631701712
354.008734399555;-225.650533154433
354.030352686144;-225.450154357557
354.051970972732;-225.242330397129
354.073589259321;-225.032525004587
354.095207545909;-224.81977034553
354.116825832497;-224.595362351607
354.138444119086;-224.354877248937
354.160062405674;-224.103135209412
354.181680692262;-223.84920449675
354.203298978851;-223.598337599636
354.224917265439;-223.346632775286
354.246535552028;-223.094992915567
354.268153838616;-222.84593741838
354.289772125205;-222.604920317407
354.311390411793;-222.362563570133
354.333008698381;-222.10615541521
354.35462698497;-221.844754380837
354.376245271558;-221.588441400015
354.397863558146;-221.347720984087
354.419481844735;-221.131851151918
354.441100131323;-220.932551058402
354.462718417912;-220.746018663325
354.4843367045;-220.572245632904
354.505954991088;-220.413381728263
354.527573277677;-220.271497956973
354.549191564265;-220.151769208302
354.570809850854;-220.063283477528
354.592428137442;-219.989222865226
354.61404642403;-219.912277035324
354.635664710619;-219.817582715225
354.657282997207;-219.693012125924
354.678901283796;-219.53705852082
354.700519570384;-219.348289667324
354.722137856972;-219.127719478951
354.743756143561;-218.862017461638
354.765374430149;-218.535622665099
354.786992716738;-218.143676486399
354.808611003326;-217.696211651925
354.830229289914;-217.22919208493
354.851847576503;-216.763765691316
354.873465863091;-216.30144001489
354.89508414968;-215.8408124038
354.916702436268;-215.381820681573
354.938320722856;-214.93324358559
354.959939009445;-214.515659903255
354.981557296033;-214.150076015523
355.003175582622;-213.834706573073
355.02479386921;-213.551708040615
355.046412155798;-213.28954300839
355.068030442387;-213.041256863365
355.089648728975;-212.794468342647
355.111267015564;-212.538688102154
355.132885302152;-212.275970539158
355.15450358874;-212.007015924928
355.176121875329;-211.723905521781
355.197740161917;-211.411476688546
355.219358448506;-211.05762843238
355.240976735094;-210.664817314671
355.262595021682;-210.239680087218
355.284213308271;-209.781881973408
355.305831594859;-209.280336713843
355.327449881448;-208.721736267373
355.349068168036;-208.129237434629
355.370686454624;-207.539726550833
355.392304741213;-206.96621275682
355.413923027801;-206.404779733228
355.43554131439;-205.859155834141
355.457159600978;-205.329646421576
355.478777887566;-204.813067820276
355.500396174155;-204.318062877661
355.522014460743;-203.866494722299
355.543632747332;-203.478339985486
355.56525103392;-203.168286165066
355.586869320508;-202.947345942445
355.608487607097;-202.809264655202
355.630105893685;-202.739981933784
355.651724180274;-202.733118461618
355.673342466862;-202.783194177779
355.69496075345;-202.877193375966
355.716579040039;-202.994701752367
355.738197326627;-203.11572397788
355.759815613216;-203.228420392226
355.781433899804;-203.321619576288
355.803052186392;-203.379355806005
355.824670472981;-203.389199162231
355.846288759569;-203.341096342154
355.867907046157;-203.228201945556
355.889525332746;-203.054634655028
355.911143619334;-202.818661335802
355.932761905923;-202.518847631067
355.954380192511;-202.157185160515
355.975998479099;-201.734826157934
355.997616765688;-201.253974175091
356.019235052276;-200.719870269327
356.040853338865;-200.135457607355
356.062471625453;-199.514903707725
356.084089912041;-198.872093561341
356.10570819863;-198.215883628764
356.127326485218;-197.566040817437
356.148944771807;-196.94013326918
356.170563058395;-196.350221086978
356.192181344983;-195.812455769071
356.213799631572;-195.326992734582
356.23541791816;-194.884269960064
356.257036204749;-194.480421189079
356.278654491337;-194.119363480542
356.300272777925;-193.826233410013
356.321891064514;-193.632348827971
356.343509351102;-193.51593545822
356.365127637691;-193.449017818032
356.386745924279;-193.416228392065
356.408364210867;-193.412891747548
356.429982497456;-193.434644553854
356.451600784044;-193.475108006175
356.473219070633;-193.529460412313
356.494837357221;-193.596260030235
356.516455643809;-193.6704200389
356.538073930398;-193.745495959286
356.559692216986;-193.818530675984
356.581310503575;-193.88775920363
356.602928790163;-193.955411265934
356.624547076751;-194.022942130841
356.64616536334;-194.093029517225
356.667783649928;-194.163568801406
356.689401936517;-194.226911890121
356.711020223105;-194.277680774679
356.732638509693;-194.313001565139
356.754256796282;-194.327475785762
356.77587508287;-194.302047433223
356.797493369459;-194.222076495267
356.819111656047;-194.087451891244
356.840729942635;-193.900466958761
356.862348229224;-193.658306402239
356.883966515812;-193.354223909454
356.905584802401;-192.993684267925
356.927203088989;-192.59402979759
356.948821375577;-192.164051850154
356.970439662166;-191.692828657151
356.992057948754;-191.172296212165
357.013676235343;-190.619023223211
357.035294521931;-190.062799386681
357.056912808519;-189.51011133124
357.078531095108;-188.939373312754
357.100149381696;-188.318472838033
357.121767668285;-187.670508275242
357.143385954873;-187.040475176752
357.165004241461;-186.41732488187
357.18662252805;-185.779457342921
357.208240814638;-185.144257022334
357.229859101227;-184.560424318416
357.251477387815;-184.031200176976
357.273095674403;-183.544666992101
357.294713960992;-183.093175108892
357.31633224758;-182.682832121702
357.337950534169;-182.32337786323
357.359568820757;-182.007244491672
357.381187107345;-181.724979042338
357.402805393934;-181.47532009832
357.424423680522;-181.236420116127
357.44604196711;-180.984137521355
357.467660253699;-180.706357146091
357.489278540287;-180.392567913691
357.510896826876;-180.054709459988
357.532515113464;-179.722059363839
357.554133400052;-179.397454364222
357.575751686641;-179.072113124971
357.597369973229;-178.730817994943
357.618988259818;-178.358635508396
357.640606546406;-177.955473429404
357.662224832994;-177.529062226213
357.683843119583;-177.099866434957
357.705461406171;-176.694889665279
357.72707969276;-176.300455530813
357.748697979348;-175.892483477203
357.770316265936;-175.456906075867
357.791934552525;-174.992600644371
357.813552839113;-174.496749784022
357.835171125702;-173.95985464024
357.85678941229;-173.388457879565
357.878407698878;-172.799509992817
357.900025985467;-172.183577953907
357.921644272055;-171.529691113104
357.943262558644;-170.849394237666
357.964880845232;-170.152111801145
357.98649913182;-169.422176234513
358.008117418409;-168.650466136751
358.029735704997;-167.84917231223
358.051353991586;-167.008540341508
358.072972278174;-166.103282893383
358.094590564762;-165.117332963923
358.116208851351;-164.073058753149
358.137827137939;-162.99552696775
358.159445424528;-161.894236503999
358.181063711116;-160.750100663278
358.202681997704;-159.541145967354
358.224300284293;-158.302659769045
358.245918570881;-156.988291492897
358.26753685747;-155.57386617864
358.289155144058;-154.123730324065
358.310773430646;-152.698585654693
358.332391717235;-151.302854290603
358.354010003823;-149.921006778049
358.375628290412;-148.543058870554
358.397246577;-147.195189385269
358.418864863588;-145.948855164821
358.440483150177;-144.84119236113
358.462101436765;-143.904604398421
358.483719723354;-143.185447087762
358.505338009942;-142.688630853683
358.52695629653;-142.427487998825
358.548574583119;-142.412233383939
358.570192869707;-142.644827092873
358.591811156296;-143.121479194089
358.613429442884;-143.829200128852
358.635047729472;-144.752558888461
358.656666016061;-145.861017172927
358.678284302649;-147.075153293738
358.699902589238;-148.34066775877
358.721520875826;-149.671912196965
358.743139162414;-151.074167108234
358.764757449003;-152.509687689608
358.786375735591;-153.863214793225
358.80799402218;-155.026642537743
358.829612308768;-155.991987836324
358.851230595356;-156.787745996631
358.872848881945;-157.429999265999
358.894467168533;-157.909127833324
358.916085455122;-158.165311175385
358.93770374171;-158.227576580818
358.959322028298;-158.134340183255
358.980940314887;-157.910295026411
359.002558601475;-157.556088347687
359.024176888063;-157.070543805728
359.045795174652;-156.496271112433
359.06741346124;-155.889461209041
359.089031747829;-155.278741451256
359.110650034417;-154.681452943813
359.132268321005;-154.094254095445
359.153886607594;-153.507165136853
359.175504894182;-152.920146724463
359.197123180771;-152.348843970798
359.218741467359;-151.805589290655
359.240359753947;-151.266269375594
359.261978040536;-150.703375748452
359.283596327124;-150.117690598852
359.305214613713;-149.52717130643
359.326832900301;-148.95268346755
359.348451186889;-148.396558968346
359.370069473478;-147.841536418062
359.391687760066;-147.2722151977
359.413306046655;-146.693708443982
359.434924333243;-146.114516416377
359.456542619831;-145.531794961104
359.47816090642;-144.947683844995
359.499779193008;-144.392739669409
359.521397479597;-143.884773444743
359.543015766185;-143.415436728085
359.564634052773;-142.9773686247
359.586252339362;-142.569000970939
359.60787062595;-142.188204798924
359.629488912539;-141.824889691673
359.651107199127;-141.478451843171
359.672725485715;-141.156331186391
359.694343772304;-140.856925233954
359.715962058892;-140.582993946044
359.737580345481;-140.350746786592
359.759198632069;-140.172915325824
359.780816918657;-140.03767784717
359.802435205246;-139.937557031126
359.824053491834;-139.874486808264
359.845671778423;-139.857326555281
359.867290065011;-139.900478247137
359.888908351599;-140.00148476388
359.910526638188;-140.142971943283
359.932144924776;-140.317087087439
359.953763211365;-140.519599287494
359.975381497953;-140.750623983089
359.996999784541;-140.996213656535
360.01861807113;-141.230245117848
360.040236357718;-141.440195152876
360.061854644307;-141.619428276089
360.083472930895;-141.753640749757
360.105091217483;-141.810393112647
360.126709504072;-141.775073012351
360.14832779066;-141.658003686242
360.169946077249;-141.472590520883
360.191564363837;-141.230119739872
360.213182650425;-140.928565655308
360.234800937014;-140.558778270935
360.256419223602;-140.11769973462
360.278037510191;-139.618483344102
360.299655796779;-139.086491864582
360.321274083367;-138.535982336014
360.342892369956;-137.969335671272
360.364510656544;-137.386021835537
360.386128943133;-136.79894409942
360.407747229721;-136.225272832644
360.429365516309;-135.667634085762
360.450983802898;-135.124737891682
360.472602089486;-134.619612214578
360.494220376075;-134.160336510264
360.515838662663;-133.736869885374
360.537456949251;-133.345837203654
360.55907523584;-132.993958035368
360.580693522428;-132.679882316955
360.602311809017;-132.400238519129
360.623930095605;-132.153950214858
360.645548382193;-131.937347033857
360.667166668782;-131.739972207158
360.68878495537;-131.554578801838
360.710403241958;-131.372689412867
360.732021528547;-131.189482289464
360.753639815135;-131.0009945101
360.775258101724;-130.802354721597
360.796876388312;-130.590057013313
360.8184946749;-130.36423589304
360.840112961489;-130.118834684157
360.861731248077;-129.843843587007
360.883349534666;-129.550883020246
360.904967821254;-129.255612888983
360.926586107842;-128.956242769028
360.948204394431;-128.642484342413
360.969822681019;-128.301454777746
360.991440967608;-127.941966654047
361.013059254196;-127.582248954916
361.034677540784;-127.218305229587
361.056295827373;-126.839097916666
361.077914113961;-126.436208258297
361.09953240055;-126.007261167346
361.121150687138;-125.575897067438
361.142768973726;-125.149380007542
361.164387260315;-124.706341708276
361.186005546903;-124.230047620439
361.207623833492;-123.703358327218
361.22924212008;-123.125219092319
361.250860406668;-122.502030628583
361.272478693257;-121.868173121542
361.294096979845;-121.246581840002
361.315715266434;-120.646117489463
361.337333553022;-120.074510745309
361.35895183961;-119.53994982403
361.380570126199;-119.045373444497
361.402188412787;-118.585464779057
361.423806699376;-118.149709664185
361.445424985964;-117.734351450937
361.467043272552;-117.351210138533
361.488661559141;-116.981469208813
361.510279845729;-116.601768279022
361.531898132318;-116.215410312324
361.553516418906;-115.842677013598
361.575134705494;-115.477103877754
361.596752992083;-115.092374854413
361.618371278671;-114.674539702639
361.63998956526;-114.217956729499
361.661607851848;-113.708961220054
361.683226138436;-113.129670584859
361.704844425025;-112.479050792765
361.726462711613;-111.794290309361
361.748080998202;-111.099432504118
361.76969928479;-110.369896984422
361.791317571378;-109.589752213981
361.812935857967;-108.785502082475
361.834554144555;-107.989716363939
361.856172431144;-107.207717608304
361.877790717732;-106.411707111811
361.89940900432;-105.597745342299
361.921027290909;-104.79950082218
361.942645577497;-104.050843089342
361.964263864086;-103.356456301456
361.985882150674;-102.695276454782
362.007500437262;-102.05740722351
362.029118723851;-101.461202399205
362.050737010439;-100.909069851749
362.072355297028;-100.384073598967
362.093973583616;-99.8743955506271
362.115591870204;-99.4004795870361
362.137210156793;-98.9706341286316
362.158828443381;-98.5741407606278
362.18044672997;-98.1932894129775
362.202065016558;-97.8147296318944
362.223683303146;-97.4224810369557
362.245301589735;-97.0040015713319
362.266919876323;-96.5661469076091
362.288538162911;-96.1210550023674
362.3101564495;-95.6662891978007
362.331774736088;-95.1945826077174
362.353393022677;-94.7082013281115
362.375011309265;-94.20981151134
362.396629595853;-93.6996308156841
362.418247882442;-93.21146530438
362.43986616903;-92.7473730459534
362.461484455619;-92.3042676711086
362.483102742207;-91.8907662092985
362.504721028795;-91.5180838328004
362.526339315384;-91.1961441191868
362.547957601972;-90.9194130301487
362.569575888561;-90.6802492664937
362.591194175149;-90.469273914214
362.612812461737;-90.2908656036682
362.634430748326;-90.1496700143033
362.656049034914;-90.0355567308853
362.677667321503;-89.9399056021678
362.699285608091;-89.8548139006607
362.720903894679;-89.767559840723
362.742522181268;-89.6690332660003
362.764140467856;-89.5572775851042
362.785758754445;-89.4221706282651
362.807377041033;-89.2485497353164
362.828995327621;-89.0323445395073
362.85061361421;-88.7660115121273
362.872231900798;-88.4455728863883
362.893850187387;-88.0737176152805
362.915468473975;-87.6591805511183
362.937086760563;-87.2018278064667
362.958705047152;-86.6874124615571
362.98032333374;-86.1668635886009
