Name;ESR_BC_1_89s_Y_gon_0dg_result

Recipe
Accumulations;5;Number of accumulations
RetryCount;0;Number of retries on error
AbortOnError;True;Abort on error
EnableQFactorMeasurement;False;Enable/Disable q-Factor measurement
Bfrom;313;B from
Bto;363;B to
SweepTime;60;Sweep time
Modulation;0.2;Modulation
ModulationFreq;100;Modulation
BHoldEnabled;False;B hold enabled
BHold;0;B hold
MicrowavePower;2;Microwave power
MarkerEnabled;False;
MarkerStartField;0;
MarkerEndField;0;
Mode;;
KineticGFact;0;
KineticTotalTransientTime;0;
KineticTimeResolution;0;
TempFrom;5;
TempUseSlope;False;
TempTo;5;
TempdT;1;
TempSetupTime;0;
GonFrom;0;
GonTo;180;
GonSteps;20;
XRayEnabled;False;
XRayTime;3;
XRayVoltage;40;
XRayCurrent;0.5;
UVEnabled;False;
UVIntensity;0;
UVTime;0;
UVLeadTime;0;
UVWavelength;0;
PowSweepFrom;1;
PowSweepTo;5;
PowSweepSteps;5;
AmpModSweepFrom;0;
AmpModSweepTo;1;
AmpModSweepSteps;10;
ExtTriggerEnabled;False;
ExtTrigLeadTime;0;
ExtTrigOnTime;5;

Meas
BField [mT];MW_Absorption []
313.01658821106;172.785020495421
313.038211940716;172.251292896763
313.059835670372;171.70101420118
313.081459400028;171.124256706649
313.103083129685;170.493514189272
313.124706859341;169.773780532345
313.146330588997;168.96253963917
313.167954318653;168.085848305986
313.18957804831;167.146657824744
313.211201777966;166.16206724942
313.232825507622;165.171029573187
313.254449237278;164.180836955162
313.276072966935;163.166833560584
313.297696696591;162.121467794795
313.319320426247;161.089697258356
313.340944155904;160.087684764167
313.36256788556;159.133740064756
313.384191615216;158.260658849933
313.405815344872;157.479844995374
313.427439074529;156.789508591337
313.449062804185;156.195768776298
313.470686533841;155.690209671984
313.492310263497;155.263810967551
313.513933993154;154.908412938311
313.53555772281;154.615602099356
313.557181452466;154.389639871572
313.578805182122;154.206494422539
313.600428911779;154.032941658374
313.622052641435;153.845980836434
313.643676371091;153.621920210388
313.665300100748;153.345131521728
313.686923830404;153.029689788898
313.70854756006;152.687761970832
313.730171289716;152.303998593832
313.751795019373;151.858268444189
313.773418749029;151.365510635212
313.795042478685;150.862534569106
313.816666208341;150.36239872516
313.838289937998;149.860499791202
313.859913667654;149.349042464442
313.88153739731;148.818367785837
313.903161126967;148.272710648717
313.924784856623;147.735479511214
313.946408586279;147.219921232492
313.968032315935;146.727948493139
313.989656045592;146.262840544145
314.011279775248;145.822762589041
314.032903504904;145.398583004308
314.05452723456;144.982232098558
314.076150964217;144.584652023338
314.097774693873;144.224207055123
314.119398423529;143.893246640627
314.141022153186;143.578840287797
314.162645882842;143.277713650501
314.184269612498;142.986708046077
314.205893342154;142.698195899019
314.227517071811;142.397445906613
314.249140801467;142.068246853287
314.270764531123;141.707252362935
314.292388260779;141.320905208651
314.314011990436;140.907888763066
314.335635720092;140.457702175416
314.357259449748;139.969632831763
314.378883179404;139.460734956606
314.400506909061;138.967875414046
314.422130638717;138.504617953623
314.443754368373;138.067377720953
314.46537809803;137.645844597294
314.487001827686;137.241950722195
314.508625557342;136.8722927379
314.530249286998;136.528398452569
314.551873016655;136.185368273308
314.573496746311;135.837543228115
314.595120475967;135.522441780668
314.616744205623;135.237057983599
314.63836793528;134.96218703437
314.659991664936;134.683823382735
314.681615394592;134.393783293294
314.703239124249;134.07677940296
314.724862853905;133.729586345411
314.746486583561;133.365489537686
314.768110313217;132.988769550458
314.789734042874;132.611166225239
314.81135777253;132.253267669724
314.832981502186;131.917261357629
314.854605231842;131.596745252155
314.876228961499;131.290720769047
314.897852691155;130.9896182053
314.919476420811;130.683083276203
314.941100150467;130.382571650795
314.962723880124;130.109055578452
314.98434760978;129.874913441294
315.005971339436;129.672369842551
315.027595069093;129.490362859365
315.049218798749;129.318822979839
315.070842528405;129.147765545819
315.092466258061;128.990713290221
315.114089987718;128.869981428715
315.135713717374;128.787781421643
315.15733744703;128.740970006707
315.178961176686;128.729029667128
315.200584906343;128.743194868039
315.222208635999;128.773526671315
315.243832365655;128.816307498588
315.265456095311;128.876642248333
315.287079824968;128.956469417444
315.308703554624;129.049236807946
315.33032728428;129.147105193209
315.351951013937;129.244744551839
315.373574743593;129.339976323496
315.395198473249;129.424286902385
315.416822202905;129.483302937634
315.438445932562;129.514738240437
315.460069662218;129.52523583765
315.481693391874;129.516764961467
315.50331712153;129.489997023941
315.524940851187;129.435020373043
315.546564580843;129.335084888331
315.568188310499;129.184983920548
315.589812040156;128.998881419264
315.611435769812;128.784006092306
315.633059499468;128.52900614614
315.654683229124;128.224194274893
315.676306958781;127.869118434955
315.697930688437;127.463765585652
315.719554418093;127.030332176932
315.741178147749;126.576151858556
315.762801877406;126.109858767074
315.784425607062;125.649721399866
315.806049336718;125.200306813204
315.827673066374;124.762331185119
315.849296796031;124.347014959869
315.870920525687;123.961536292258
315.892544255343;123.608137173888
315.914167985;123.305547786294
315.935791714656;123.077831460889
315.957415444312;122.928943555547
315.979039173968;122.854849961422
316.000662903625;122.859200242199
316.022286633281;122.93711393473
316.043910362937;123.080589511214
316.065534092593;123.278830523129
316.08715782225;123.516014185686
316.108781551906;123.783703504442
316.130405281562;124.067348087349
316.152029011219;124.348036170608
316.173652740875;124.620073751064
316.195276470531;124.874025006125
316.216900200187;125.096715105867
316.238523929844;125.282237159631
316.2601476595;125.430337757922
316.281771389156;125.537048247898
316.303395118812;125.582946265957
316.325018848469;125.553014573486
316.346642578125;125.4565563539
316.368266307781;125.325663089943
316.389890037438;125.168116070688
316.411513767094;124.979290422209
316.43313749675;124.74363107857
316.454761226406;124.448399505917
316.476384956063;124.091379908646
316.498008685719;123.681384287034
316.519632415375;123.241571646762
316.541256145031;122.781870181209
316.562879874688;122.297194779044
316.584503604344;121.775232340476
316.606127334;121.20112461425
316.627751063656;120.562359938304
316.649374793313;119.895040093787
316.670998522969;119.226455824193
316.692622252625;118.557871658236
316.714245982282;117.877337151195
316.735869711938;117.195031185475
316.757493441594;116.534030979656
316.77911717125;115.922751443368
316.800740900907;115.36713198144
316.822364630563;114.857074987701
316.843988360219;114.385460844525
316.865612089875;113.947112799148
316.887235819532;113.551367228192
316.908859549188;113.204506687323
316.930483278844;112.90041613718
316.9521070085;112.627251781955
316.973730738157;112.392995236557
316.995354467813;112.201442748466
317.016978197469;112.046678868697
317.038601927126;111.922180254264
317.060225656782;111.823737629985
317.081849386438;111.747533413759
317.103473116094;111.695555687248
317.125096845751;111.662527438058
317.146720575407;111.637684671443
317.168344305063;111.617903654158
317.189968034719;111.600634837956
317.211591764376;111.580694323525
317.233215494032;111.556904647903
317.254839223688;111.523328573774
317.276462953344;111.47615627487
317.298086683001;111.42615308705
317.319710412657;111.386660339256
317.341334142313;111.367042578021
317.36295787197;111.375280831053
317.384581601626;111.416989404198
317.406205331282;111.497621741084
317.427829060938;111.626761133683
317.449452790595;111.811742544024
317.471076520251;112.045812993186
317.492700249907;112.308557466255
317.514323979563;112.580647726256
317.53594770922;112.847442641704
317.557571438876;113.10057704894
317.579195168532;113.331274138992
317.600818898189;113.520001418951
317.622442627845;113.640592550744
317.644066357501;113.687129348262
317.665690087157;113.675029582653
317.687313816814;113.615516863539
317.70893754647;113.514560471972
317.730561276126;113.380472385439
317.752185005782;113.230375415099
317.773808735439;113.083298796152
317.795432465095;112.950735759222
317.817056194751;112.840969865188
317.838679924408;112.764602058571
317.860303654064;112.728240475544
317.88192738372;112.72696152002
317.903551113376;112.748341011306
317.925174843033;112.781114749171
317.946798572689;112.815778875839
317.968422302345;112.835859181146
317.990046032001;112.825208874967
318.011669761658;112.773082531641
318.033293491314;112.677977975031
318.05491722097;112.539731455271
318.076540950626;112.360385452377
318.098164680283;112.151963968241
318.119788409939;111.928537395626
318.141412139595;111.687522465329
318.163035869252;111.420254731466
318.184659598908;111.136334787037
318.206283328564;110.857802921675
318.22790705822;110.599312417479
318.249530787877;110.352104050102
318.271154517533;110.10578514736
318.292778247189;109.870468413857
318.314401976845;109.670579493072
318.336025706502;109.514055034298
318.357649436158;109.383738518064
318.379273165814;109.274721152481
318.400896895471;109.199402546888
318.422520625127;109.160176670313
318.444144354783;109.156644048823
318.465768084439;109.192526484981
318.487391814096;109.260171229911
318.509015543752;109.347880358871
318.530639273408;109.451445494569
318.552263003064;109.578525816258
318.573886732721;109.729522163372
318.595510462377;109.894166727943
318.617134192033;110.057333443308
318.638757921689;110.194367009334
318.660381651346;110.28508279309
318.682005381002;110.340606040306
318.703629110658;110.358755972683
318.725252840315;110.328924391504
318.746876569971;110.246638279414
318.768500299627;110.103741340789
318.790124029283;109.894552197304
318.81174775894;109.648779118111
318.833371488596;109.372906605107
318.854995218252;109.077470174993
318.876618947908;108.776160014499
318.898242677565;108.478035287262
318.919866407221;108.186483514491
318.941490136877;107.920645010194
318.963113866533;107.69461952763
318.98473759619;107.513834291239
319.006361325846;107.383015646733
319.027985055502;107.291565138742
319.049608785159;107.239865868238
319.071232514815;107.223644208499
319.092856244471;107.22579287019
319.114479974127;107.233823557611
319.136103703784;107.237541375207
319.15772743344;107.222369393118
319.179351163096;107.177599941102
319.200974892752;107.097413811742
319.222598622409;106.981987045875
319.244222352065;106.826583017439
319.265846081721;106.633613613025
319.287469811378;106.410550032512
319.309093541034;106.161544617298
319.33071727069;105.889768634545
319.352341000346;105.607496743559
319.373964730003;105.32320570518
319.395588459659;105.033751203412
319.417212189315;104.741486985233
319.438835918971;104.453012917422
319.460459648628;104.188176678468
319.482083378284;103.953882595179
319.50370710794;103.74497786886
319.525330837596;103.553799329637
319.546954567253;103.381428655722
319.568578296909;103.247787502329
319.590202026565;103.156514916991
319.611825756222;103.093176135661
319.633449485878;103.042877661078
319.655073215534;102.993381380601
319.67669694519;102.937104119429
319.698320674847;102.866844091612
319.719944404503;102.777556616582
319.741568134159;102.664770598299
319.763191863815;102.534710141796
319.784815593472;102.389558933762
319.806439323128;102.2280391498
319.828063052784;102.049684501283
319.849686782441;101.859637511481
319.871310512097;101.66397871028
319.892934241753;101.467655616541
319.914557971409;101.267757691611
319.936181701066;101.061863660774
319.957805430722;100.845690141852
319.979429160378;100.611470085695
320.001052890034;100.348726298008
320.022676619691;100.047112520917
320.044300349347;99.7025006806658
320.065924079003;99.3261811948317
320.08754780866;98.9356969958871
320.109171538316;98.5341599013194
320.130795267972;98.1113005476187
320.152418997628;97.6563663779229
320.174042727285;97.171247312258
320.195666456941;96.6832384008722
320.217290186597;96.2213110480295
320.238913916253;95.795186384152
320.26053764591;95.4105913046307
320.282161375566;95.07395303049
320.303785105222;94.7907755976398
320.325408834878;94.5639561782981
320.347032564535;94.3947322181327
320.368656294191;94.2928905991422
320.390280023847;94.261738871443
320.411903753504;94.2834157919119
320.43352748316;94.3410931822948
320.455151212816;94.4337338525894
320.476774942472;94.5565068592734
320.498398672129;94.687841778887
320.520022401785;94.810240763241
320.541646131441;94.9244136511024
320.563269861097;95.0396020421602
320.584893590754;95.1579780584064
320.60651732041;95.2738886284945
320.628141050066;95.3881339268442
320.649764779722;95.5105605809701
320.671388509379;95.6481251815714
320.693012239035;95.8055692786146
320.714635968691;95.9862953531721
320.736259698348;96.191870561569
320.757883428004;96.4145379343759
320.77950715766;96.6429283908847
320.801130887316;96.874420847425
320.822754616973;97.0993511074491
320.844378346629;97.3083057608871
320.866002076285;97.5033764784572
320.887625805941;97.6882715857092
320.909249535598;97.8496403370911
320.930873265254;97.9723942126715
320.95249699491;98.0582496184361
320.974120724567;98.1132675681006
320.995744454223;98.1421931882975
321.017368183879;98.1526968353397
321.038991913535;98.1475406370529
321.060615643192;98.121334217778
321.082239372848;98.0754837201077
321.103863102504;98.0210072466271
321.12548683216;97.9701443204171
321.147110561817;97.9176455521989
321.168734291473;97.8512085950434
321.190358021129;97.7947710150976
321.211981750785;97.7632146995004
321.233605480442;97.7530586333558
321.255229210098;97.7536457247231
321.276852939754;97.7725953461897
321.298476669411;97.8142776595577
321.320100399067;97.8750085563883
321.341724128723;97.9514212308323
321.363347858379;98.0347293402228
321.384971588036;98.1150439319639
321.406595317692;98.1987175033315
321.428219047348;98.2830021835582
321.449842777004;98.3580240255702
321.471466506661;98.4252619037978
321.493090236317;98.4856028802059
321.514713965973;98.527808353559
321.53633769563;98.5379907080348
321.557961425286;98.5024805221013
321.579585154942;98.4364023672379
321.601208884598;98.3508481219037
321.622832614255;98.2365405998511
321.644456343911;98.0882347678812
321.666080073567;97.9020185133595
321.687703803223;97.6724598111771
321.70932753288;97.3986042787287
321.730951262536;97.0874539865676
321.752574992192;96.7455567322749
321.774198721849;96.369801607687
321.795822451505;95.9614271951027
321.817446181161;95.541452085795
321.839069910817;95.1267601844813
321.860693640474;94.7180141270149
321.88231737013;94.3200238183344
321.903941099786;93.9268657502554
321.925564829442;93.5257711226327
321.947188559099;93.1107837227912
321.968812288755;92.6855438774775
321.990436018411;92.2574160922286
322.012059748067;91.8172200216027
322.033683477724;91.3584108564325
322.05530720738;90.8900471608076
322.076930937036;90.4384466853702
322.098554666693;90.0274128101248
322.120178396349;89.6397439819806
322.141802126005;89.2279952008595
322.163425855661;88.798434301126
322.185049585318;88.4003048192556
322.206673314974;88.0292514529942
322.22829704463;87.6727878008284
322.249920774286;87.3272056082515
322.271544503943;86.9965854057816
322.293168233599;86.6714614602999
322.314791963255;86.3503027215694
322.336415692911;86.0444519373472
322.358039422568;85.7688728546827
322.379663152224;85.5167311599318
322.40128688188;85.280393020683
322.422910611537;85.0553645309203
322.444534341193;84.8451860576317
322.466158070849;84.6690314397488
322.487781800505;84.5297768929327
322.509405530162;84.4160795420454
322.531029259818;84.3176194004832
322.552652989474;84.2285593705309
322.57427671913;84.1427479274496
322.595900448787;84.070075286003
322.617524178443;84.0228319717039
322.639147908099;83.9980778511921
322.660771637755;83.9917676721903
322.682395367412;83.9923932778716
322.704019097068;83.9899735701961
322.725642826724;83.9904331285349
322.747266556381;84.0006675078868
322.768890286037;84.0233241233862
322.790514015693;84.0562309454258
322.812137745349;84.0768193204741
322.833761475006;84.0756395818376
322.855385204662;84.0621019849864
322.877008934318;84.0490848969826
322.898632663974;84.0377923227387
322.920256393631;84.0203001819267
322.941880123287;83.9963345586345
322.963503852943;83.9663925727707
322.9851275826;83.9284247157971
323.006751312256;83.8766432739924
323.028375041912;83.8034995855373
323.049998771568;83.7124630555561
323.071622501225;83.6126431643429
323.093246230881;83.5043250549187
323.114869960537;83.3856834790805
323.136493690193;83.2588239980536
323.15811741985;83.1251232479252
323.179741149506;82.9851268434299
323.201364879162;82.8413869309538
323.222988608819;82.6929864950657
323.244612338475;82.5372869671601
323.266236068131;82.3748777871766
323.287859797787;82.2120263127551
323.309483527444;82.0465264309756
323.3311072571;81.8587931260403
323.352730986756;81.6392690672422
323.374354716412;81.4050553095556
323.395978446069;81.1601204285915
323.417602175725;80.8974422470918
323.439225905381;80.6152518155518
323.460849635037;80.3200077614813
323.482473364694;80.0136773959631
323.50409709435;79.6959841857874
323.525720824006;79.3697800361453
323.547344553663;79.04050018727
323.568968283319;78.7088885234125
323.590592012975;78.3765206002044
323.612215742631;78.0494373725081
323.633839472288;77.7322070620766
323.655463201944;77.4183684914471
323.6770869316;77.097804737436
323.698710661256;76.7771585776023
323.720334390913;76.4676156464141
323.741958120569;76.1662365973994
323.763581850225;75.8631493446503
323.785205579882;75.5543298173214
323.806829309538;75.2371255298601
323.828453039194;74.9139923324941
323.85007676885;74.5887022766505
323.871700498507;74.2582451995759
323.893324228163;73.924326090483
323.914947957819;73.608058714714
323.936571687475;73.3213516365876
323.958195417132;73.0600484812552
323.979819146788;72.8259032781042
324.001442876444;72.6315682912822
324.0230666061;72.4888318625872
324.044690335757;72.4009159849097
324.066314065413;72.3686959468506
324.087937795069;72.3821594104851
324.109561524726;72.4250032736661
324.131185254382;72.482449752728
324.152808984038;72.544512270648
324.174432713694;72.5943107448151
324.196056443351;72.6159359000831
324.217680173007;72.6049899981769
324.239303902663;72.5623039132091
324.260927632319;72.4842632183705
324.282551361976;72.3695790521928
324.304175091632;72.2241279031024
324.325798821288;72.0596194775084
324.347422550944;71.8775021503154
324.369046280601;71.6734421540221
324.390670010257;71.4497861853781
324.412293739913;71.2112956852052
324.43391746957;70.9608965795836
324.455541199226;70.7088776779417
324.477164928882;70.4745754012353
324.498788658538;70.2707153728037
324.520412388195;70.0952768506785
324.542036117851;69.9407253604928
324.563659847507;69.8011682725807
324.585283577163;69.6784812545498
324.60690730682;69.5788313652509
324.628531036476;69.4993793568687
324.650154766132;69.4304484872867
324.671778495789;69.3718281881836
324.693402225445;69.3317381091264
324.715025955101;69.2966043241295
324.736649684757;69.2525910349257
324.758273414414;69.1939892572475
324.77989714407;69.1176800939252
324.801520873726;69.0229290645045
324.823144603382;68.9103607233861
324.844768333039;68.7790536008885
324.866392062695;68.6336057285433
324.888015792351;68.4852228044804
324.909639522007;68.3402326016222
324.931263251664;68.2005541963274
324.95288698132;68.0688332656742
324.974510710976;67.9454345972461
324.996134440633;67.8249215201948
325.017758170289;67.6959432820696
325.039381899945;67.5557308350604
325.061005629601;67.4180066339144
325.082629359258;67.2935056403793
325.104253088914;67.1696911030231
325.12587681857;67.0371784183171
325.147500548226;66.8914935473321
325.169124277883;66.7306330626538
325.190748007539;66.5539368438792
325.212371737195;66.3571880669439
325.233995466852;66.1418009329643
325.255619196508;65.9173893860866
325.277242926164;65.690619573633
325.29886665582;65.4396360111941
325.320490385477;65.1526007770718
325.342114115133;64.8364450723992
325.363737844789;64.507744842053
325.385361574445;64.1733162771766
325.406985304102;63.8228199379783
325.428609033758;63.4335026495576
325.450232763414;63.0047241954608
325.471856493071;62.5524647977501
325.493480222727;62.0826821445335
325.515103952383;61.5996142224311
325.536727682039;61.1066752657719
325.558351411696;60.6048606183132
325.579975141352;60.0923919060795
325.601598871008;59.5671386013981
325.623222600664;59.0342847364278
325.644846330321;58.5105250344304
325.666470059977;58.0068152623992
325.688093789633;57.5180008835581
325.709717519289;57.0361084911534
325.731341248946;56.5607128131892
325.752964978602;56.0838271753194
325.774588708258;55.5996494508918
325.796212437915;55.1275644313742
325.817836167571;54.6804155178098
325.839459897227;54.2428380544104
325.861083626883;53.8014801487006
325.88270735654;53.3537601211334
325.904331086196;52.9114320584232
325.925954815852;52.5007081563381
325.947578545508;52.1374953299443
325.969202275165;51.8171905742541
325.990826004821;51.5243244559046
326.012449734477;51.2506113258125
326.034073464133;50.9977738990888
326.05569719379;50.7691198007452
326.077320923446;50.5549752801882
326.098944653102;50.3383640871401
326.120568382759;50.0988423116766
326.142192112415;49.8204412724569
326.163815842071;49.4940319091369
326.185439571727;49.1180761345536
326.207063301384;48.6971847097901
326.22868703104;48.2313061417754
326.250310760696;47.7042615469091
326.271934490352;47.1062458917377
326.293558220009;46.4548136838958
326.315181949665;45.7624486286958
326.336805679321;45.0329791807661
326.358429408978;44.2776225914213
326.380053138634;43.5172423727305
326.40167686829;42.7693410833602
326.423300597946;42.0417681897599
326.444924327603;41.3544612818409
326.466548057259;40.735556508306
326.488171786915;40.1772711639417
326.509795516571;39.6729264719265
326.531419246228;39.2244143772666
326.553042975884;38.836639867293
326.57466670554;38.5131142873974
326.596290435196;38.2476138296436
326.617914164853;38.023788756268
326.639537894509;37.8258873228787
326.661161624165;37.6443668111764
326.682785353822;37.4707058741909
326.704409083478;37.2895573462388
326.726032813134;37.0934759998184
326.74765654279;36.8855876431869
326.769280272447;36.6625432519503
326.790904002103;36.4195624862176
326.812527731759;36.15859107629
326.834151461415;35.8868497808976
326.855775191072;35.6178129370806
326.877398920728;35.3563599465096
326.899022650384;35.0985565545564
326.920646380041;34.8379207562339
326.942270109697;34.5695503200853
326.963893839353;34.2976269990401
326.985517569009;34.0272611848852
327.007141298666;33.7639074840106
327.028765028322;33.5262653239456
327.050388757978;33.312413413815
327.072012487634;33.106754176063
327.093636217291;32.8934603918712
327.115259946947;32.6586224221788
327.136883676603;32.4042491017989
327.158507406259;32.1600137898123
327.180131135916;31.9442051807208
327.201754865572;31.7460035219918
327.223378595228;31.5565253176386
327.245002324885;31.3806017213532
327.266626054541;31.228577287449
327.288249784197;31.1047366549548
327.309873513853;31.0003655617216
327.33149724351;30.9044578867466
327.353120973166;30.8200194316806
327.374744702822;30.7518528857394
327.396368432478;30.6932390059222
327.417992162135;30.6320170248835
327.439615891791;30.5534452889032
327.461239621447;30.4496202204226
327.482863351104;30.3150229306153
327.50448708076;30.1398977533067
327.526110810416;29.9121089858251
327.547734540072;29.6238988947389
327.569358269729;29.2694242989187
327.590981999385;28.8401795862729
327.612605729041;28.3391256454055
327.634229458697;27.7935330363695
327.655853188354;27.2183497362063
327.67747691801;26.6028831157368
327.699100647666;25.9505804956197
327.720724377322;25.2794657169249
327.742348106979;24.6081111468482
327.763971836635;23.9818646152279
327.785595566291;23.4089894280253
327.807219295948;22.8550033896805
327.828843025604;22.3192701835845
327.85046675526;21.8320609364029
327.872090484916;21.3968217538074
327.893714214573;21.010813407521
327.915337944229;20.6579021980104
327.936961673885;20.3241334630173
327.958585403541;19.9990034022165
327.980209133198;19.6871441349007
328.001832862854;19.4007703437332
328.02345659251;19.1308202231454
328.045080322166;18.8633437022503
328.066704051823;18.5905264496306
328.088327781479;18.3112546404132
328.109951511135;18.0331864386224
328.131575240792;17.7738976422221
328.153198970448;17.5390022662753
328.174822700104;17.320564985086
328.19644642976;17.1077079219195
328.218070159417;16.8910353382179
328.239693889073;16.6593714182332
328.261317618729;16.400995377156
328.282941348385;16.1104919546342
328.304565078042;15.7870397664659
328.326188807698;15.4303912919485
328.347812537354;15.0381804846402
328.369436267011;14.6122394527211
328.391059996667;14.160569998159
328.412683726323;13.6901140495914
328.434307455979;13.207717055623
328.455931185636;12.7262502878343
328.477554915292;12.2525021344392
328.499178644948;11.7831732320689
328.520802374604;11.3275281292543
328.542426104261;10.8921417672337
328.564049833917;10.4789490882006
328.585673563573;10.0867227436205
328.60729729323;9.71698421396056
328.628921022886;9.3708150845215
328.650544752542;9.04054774918788
328.672168482198;8.72325215366479
328.693792211855;8.41511713571148
328.715415941511;8.10948269570136
328.737039671167;7.80598973833764
328.758663400823;7.50891412635633
328.78028713048;7.22583710681525
328.801910860136;6.97178572039147
328.823534589792;6.75251233197773
328.845158319448;6.56432813243987
328.866782049105;6.40540376324572
328.888405778761;6.27773861104282
328.910029508417;6.18098615200043
328.931653238074;6.10262619666585
328.95327696773;6.04310226886912
328.974900697386;6.02257072294756
328.996524427042;6.03811724590034
329.018148156699;6.07368729826459
329.039771886355;6.1148149445886
329.061395616011;6.15637234714072
329.083019345667;6.21547277874922
329.104643075324;6.28730042371734
329.12626680498;6.35583964007293
329.147890534636;6.418200459574
329.169514264293;6.47976148161945
329.191137993949;6.54242078446308
329.212761723605;6.60255169961383
329.234385453261;6.65357270536262
329.256009182918;6.69102312462934
329.277632912574;6.71824210081414
329.29925664223;6.74120120469104
329.320880371886;6.77056913961169
329.342504101543;6.80560715054889
329.364127831199;6.84252155949565
329.385751560855;6.88140789997917
329.407375290511;6.9234028518442
329.428999020168;6.96966738793904
329.450622749824;7.02158105886974
329.47224647948;7.07671106562407
329.493870209137;7.12481573566936
329.515493938793;7.15678085938285
329.537117668449;7.17489744759931
329.558741398105;7.18099364526464
329.580365127762;7.16553460980805
329.601988857418;7.12745677050498
329.623612587074;7.06844990358383
329.64523631673;6.98455168410806
329.666860046387;6.87763437989784
329.688483776043;6.75587657972861
329.710107505699;6.61516491031259
329.731731235355;6.44804942403223
329.753354965012;6.25232318837766
329.774978694668;6.03398838865937
329.796602424324;5.79580451627274
329.818226153981;5.53105495647475
329.839849883637;5.2316154725157
329.861473613293;4.88984876053249
329.883097342949;4.50723295125974
329.904721072606;4.09489234167097
329.926344802262;3.65477283336449
329.947968531918;3.17524073659328
329.969592261574;2.65373101207581
329.991215991231;2.10160854462907
330.012839720887;1.53307864805555
330.034463450543;0.967088141759092
330.0560871802;0.422951431397166
330.077710909856;-0.0933378957800812
330.099334639512;-0.573295416162551
330.120958369168;-0.988179169704921
330.142582098825;-1.3202315267994
330.164205828481;-1.57558414299629
330.185829558137;-1.76934589343657
330.207453287793;-1.90967726758103
330.22907701745;-1.99207558669835
330.250700747106;-2.01402955732559
330.272324476762;-1.98243497802221
330.293948206418;-1.91473261617418
330.315571936075;-1.82527717640519
330.337195665731;-1.71388010771329
330.358819395387;-1.58363498662075
330.380443125044;-1.43963696026401
330.4020668547;-1.28076842006996
330.423690584356;-1.11512394579194
330.445314314012;-0.944800464806121
330.466938043669;-0.763484427432218
330.488561773325;-0.581954119600596
330.510185502981;-0.411402478062172
330.531809232637;-0.253164910140271
330.553432962294;-0.101999482502208
330.57505669195;0.0393427542948643
330.596680421606;0.167276419727386
330.618304151263;0.280722247734388
330.639927880919;0.380198636937024
330.661551610575;0.466561650965161
330.683175340231;0.537231071983257
330.704799069888;0.595825619473885
330.726422799544;0.653345925829427
330.7480465292;0.713804335830559
330.769670258856;0.76777953421211
330.791293988513;0.819111138279851
330.812917718169;0.886176700630415
330.834541447825;0.976277602311399
330.856165177482;1.08633488985319
330.877788907138;1.21549385229744
330.899412636794;1.36834414717282
330.92103636645;1.54268407893298
330.942660096107;1.72359565638467
330.964283825763;1.8983856216513
330.985907555419;2.06560989774604
331.007531285075;2.22964420730921
331.029155014732;2.38513244869623
331.050778744388;2.51383072124432
331.072402474044;2.59756309981782
331.0940262037;2.63929337778441
331.115649933357;2.64763321007058
331.137273663013;2.62005409445649
331.158897392669;2.55700604237583
331.180521122326;2.46422160676303
331.202144851982;2.33959594798552
331.223768581638;2.1779204156812
331.245392311294;1.98804901656192
331.267016040951;1.78080005393539
331.288639770607;1.56161834211989
331.310263500263;1.33039421418576
331.331887229919;1.08934977019842
331.353510959576;0.846590443602651
331.375134689232;0.611126689398901
331.396758418888;0.380471981974523
331.418382148544;0.152706280116575
331.440005878201;-0.0721139298886726
331.461629607857;-0.290316682350067
331.483253337513;-0.490710880127239
331.50487706717;-0.668748856921837
331.526500796826;-0.83638866218368
331.548124526482;-1.01514237558658
331.569748256138;-1.21228576370316
331.591371985795;-1.41812930694664
331.612995715451;-1.62602247301726
331.634619445107;-1.83557644781379
331.656243174763;-2.03900505617608
331.67786690442;-2.22542029110917
331.699490634076;-2.38987907310587
331.721114363732;-2.52901675916723
331.742738093388;-2.63102508872726
331.764361823045;-2.67336105252625
331.785985552701;-2.64045677031962
331.807609282357;-2.52512833344429
331.829233012014;-2.32957494761533
331.85085674167;-2.08190661159415
331.872480471326;-1.82682465519983
331.894104200982;-1.59646530118314
331.915727930639;-1.41421091917044
331.937351660295;-1.31884746665682
331.958975389951;-1.36494342396037
331.980599119607;-1.58369217312895
332.002222849264;-1.99427849147889
332.02384657892;-2.63652708931667
332.045470308576;-3.55001871730934
332.067094038233;-4.73541531203159
332.088717767889;-6.14562104794433
332.110341497545;-7.73602011291717
332.131965227201;-9.48742073298055
332.153588956858;-11.3255188573552
332.175212686514;-13.1452590797182
332.19683641617;-14.8657998375268
332.218460145826;-16.4205468247227
332.240083875483;-17.7640449182441
332.261707605139;-18.8857852853827
332.283331334795;-19.7657674123636
332.304955064452;-20.3494757948175
332.326578794108;-20.6306068586117
332.348202523764;-20.6263952798209
332.36982625342;-20.3786553057905
332.391449983077;-19.956008411233
332.413073712733;-19.4147182260291
332.434697442389;-18.7931712258167
332.456321172045;-18.117771251029
332.477944901702;-17.4156318920645
332.499568631358;-16.7118577802037
332.521192361014;-16.0337990459533
332.54281609067;-15.4224419979347
332.564439820327;-14.8749647385869
332.586063549983;-14.3785559879164
332.607687279639;-13.9383599414283
332.629311009296;-13.5584485475911
332.650934738952;-13.2403081268021
332.672558468608;-12.9792393774864
332.694182198264;-12.7746072887556
332.715805927921;-12.62899507146
332.737429657577;-12.5445748843211
332.759053387233;-12.5034580871568
332.780677116889;-12.4959773011197
332.802300846546;-12.5041344181785
332.823924576202;-12.5078929609489
332.845548305858;-12.4896104541567
332.867172035515;-12.4308102034181
332.888795765171;-12.3166572614582
332.910419494827;-12.1341608697262
332.932043224483;-11.8690608546078
332.95366695414;-11.516241645642
332.975290683796;-11.0855062047153
332.996914413452;-10.5950395247967
333.018538143108;-10.0719144419798
333.040161872765;-9.54288957240234
333.061785602421;-9.01619413770661
333.083409332077;-8.48922701903808
333.105033061733;-7.97302356492267
333.12665679139;-7.50117243341515
333.148280521046;-7.08115972921559
333.169904250702;-6.70332476321127
333.191527980359;-6.36010879486128
333.213151710015;-6.03089619484459
333.234775439671;-5.69039313383513
333.256399169327;-5.31086932255261
333.278022898984;-4.87610615508953
333.29964662864;-4.36388597082984
333.321270358296;-3.75153636636077
333.342894087952;-3.05739240693302
333.364517817609;-2.27738220968402
333.386141547265;-1.38016499955791
333.407765276921;-0.361779718204133
333.429389006577;0.742045808181558
333.451012736234;1.88771532167962
333.47263646589;3.05529875964689
333.494260195546;4.2226360326307
333.515883925203;5.37074234330987
333.537507654859;6.46493968962039
333.559131384515;7.45285937602003
333.580755114171;8.3103374134308
333.602378843828;9.04776354008686
333.624002573484;9.68072988489189
333.64562630314;10.2050663782589
333.667250032796;10.6065987329105
333.688873762453;10.8924042670435
333.710497492109;11.0838447649347
333.732121221765;11.2066177284819
333.753744951422;11.2893841446653
333.775368681078;11.3684340824092
333.796992410734;11.4858868916775
333.81861614039;11.6931827785229
333.840239870047;12.0486731979981
333.861863599703;12.5878744614043
333.883487329359;13.2983618540741
333.905111059015;14.1694186791147
333.926734788672;15.2413492030314
333.948358518328;16.5860776647606
333.969982247984;18.2262063930924
333.99160597764;20.0602372705338
334.013229707297;21.9736716184859
334.034853436953;23.9255236333728
334.056477166609;25.8626056345755
334.078100896266;27.6966799279433
334.099724625922;29.2402277368877
334.121348355578;30.3469640452481
334.142972085234;30.9202487740469
334.164595814891;30.8467204062099
334.186219544547;30.0096548978701
334.207843274203;28.3645255934671
334.229467003859;26.016592249719
334.251090733516;23.0043167134577
334.272714463172;19.3067638407272
334.294338192828;14.9835204814104
334.315961922485;10.1986441100606
334.337585652141;5.28553847878993
334.359209381797;0.57590439798372
334.380833111453;-3.79671539160353
334.40245684111;-7.82351581922092
334.424080570766;-11.4296535980657
334.445704300422;-14.3830359254805
334.467328030078;-16.480064151487
334.488951759735;-17.6327510844504
334.510575489391;-17.9738170395353
334.532199219047;-17.6851454159912
334.553822948704;-16.8989086838437
334.57544667836;-15.6440351994853
334.597070408016;-13.8770099660513
334.618694137672;-11.7414692003188
334.640317867329;-9.22635777570068
334.661941596985;-6.46326772400491
334.683565326641;-3.63529682621089
334.705189056297;-0.83133332101167
334.726812785954;2.03340677532069
334.74843651561;5.08169953602007
334.770060245266;8.26122321333816
334.791683974922;11.4643987307427
334.813307704579;14.6702466083891
334.834931434235;17.9548392939071
334.856555163891;21.3543432735082
334.878178893548;24.7988247573962
334.899802623204;28.2065662773443
334.92142635286;31.532522117537
334.943050082516;34.8025041679717
334.964673812173;38.0158152592254
334.986297541829;41.1386069010292
335.007921271485;44.1998144712115
335.029545001141;47.2840953028803
335.051168730798;50.3662795284145
335.072792460454;53.2563186893086
335.09441619011;55.901634498964
335.116039919766;58.3626374073761
335.137663649423;60.6661713881319
335.159287379079;62.7796693625174
335.180911108735;64.654393676729
335.202534838392;66.3194816357183
335.224158568048;67.8560020906664
335.245782297704;69.2566370012878
335.26740602736;70.47418701702
335.289029757017;71.5085262678657
335.310653486673;72.3956753949304
335.332277216329;73.1819815665715
335.353900945985;73.8916178131081
335.375524675642;74.5358573370718
335.397148405298;75.1201580434466
335.418772134954;75.6396070609768
335.440395864611;76.1287609702769
335.462019594267;76.6397416989529
335.483643323923;77.2107719440101
335.505267053579;77.8528045174833
335.526890783236;78.5838904374233
335.548514512892;79.4691145709372
335.570138242548;80.6479828707875
335.591761972204;82.1954967977589
335.613385701861;84.0868891154821
335.635009431517;86.313904930999
335.656633161173;89.1177732704716
335.678256890829;92.5812338429484
335.699880620486;96.6784233224021
335.721504350142;101.644215083104
335.743128079798;107.602056301448
335.764751809455;114.410683120645
335.786375539111;122.244862643598
335.807999268767;131.418036000836
335.829622998423;141.837015222995
335.85124672808;153.024229993699
335.872870457736;165.076043878063
335.894494187392;178.534630069532
335.916117917048;193.827955141294
335.937741646705;211.120359657274
335.959365376361;230.930962206578
335.980989106017;253.81433803001
336.002612835674;280.105869992613
336.02423656533;310.005894923055
336.045860294986;343.737181992362
336.067484024642;381.945488628711
336.089107754299;425.289367608469
336.110731483955;473.680160063622
336.132355213611;526.822415835636
336.153978943267;586.560965187258
336.175602672924;655.454213762751
336.19722640258;734.947372080698
336.218850132236;824.943735260318
336.240473861893;925.106581603876
336.262097591549;1036.52814849865
336.283721321205;1159.80825317371
336.305345050861;1289.56034828608
336.326968780518;1417.65687219736
336.348592510174;1540.04575824785
336.37021623983;1657.57645279045
336.391839969486;1771.94766653638
336.413463699143;1877.7278276745
336.435087428799;1966.21256003466
336.456711158455;2030.73475580004
336.478334888111;2067.74389802193
336.499958617768;2071.48829033762
336.521582347424;2035.52995649217
336.54320607708;1961.21310484299
336.564829806737;1850.46187732588
336.586453536393;1703.06851276974
336.608077266049;1521.64707416213
336.629700995705;1311.41928788514
336.651324725362;1077.31704475851
336.672948455018;821.968298736408
336.694572184674;555.483185445697
336.71619591433;291.386851601308
336.737819643987;36.2701542183594
336.759443373643;-209.296730558531
336.781067103299;-446.473969446211
336.802690832955;-671.247617457696
336.824314562612;-875.721643631848
336.845938292268;-1052.7171212689
336.867562021924;-1199.10924683782
336.889185751581;-1313.44335185285
336.910809481237;-1396.30090497699
336.932433210893;-1450.16206409885
336.954056940549;-1477.42248326339
336.975680670206;-1483.25150501633
336.997304399862;-1473.8102421545
337.018928129518;-1453.17452980241
337.040551859174;-1422.72249289005
337.062175588831;-1383.19332799721
337.083799318487;-1336.15792977926
337.105423048143;-1284.52852962553
337.127046777799;-1231.70839157694
337.148670507456;-1180.73341742855
337.170294237112;-1134.3561495752
337.191917966768;-1093.6802901219
337.213541696425;-1057.89226215277
337.235165426081;-1026.15717924721
337.256789155737;-998.574424833578
337.278412885393;-975.633153624317
337.30003661505;-956.911191964433
337.321660344706;-941.639619377104
337.343284074362;-929.144284031446
337.364907804018;-918.705487931187
337.386531533675;-909.38902876121
337.408155263331;-900.605002651866
337.429778992987;-891.848435450541
337.451402722644;-882.33517398991
337.4730264523;-871.063718722676
337.494650181956;-857.346815309719
337.516273911612;-840.906724251616
337.537897641269;-821.717296299238
337.559521370925;-799.732886274296
337.581145100581;-774.238449320967
337.602768830237;-744.559186857879
337.624392559894;-711.211786161272
337.64601628955;-674.649842473113
337.667640019206;-636.97314832114
337.689263748863;-599.827311023738
337.710887478519;-562.92234746455
337.732511208175;-525.44688597442
337.754134937831;-488.208486758795
337.775758667488;-452.756416568922
337.797382397144;-419.041591555154
337.8190061268;-386.456398685109
337.840629856456;-355.590681440277
337.862253586113;-327.279560506666
337.883877315769;-301.614870639221
337.905501045425;-278.196802412742
337.927124775081;-256.982364953164
337.948748504738;-238.230371153363
337.970372234394;-221.555982976378
337.99199596405;-206.445378314433
338.013619693707;-192.795889219038
338.035243423363;-180.631297831357
338.056867153019;-169.786792181441
338.078490882675;-159.886694895757
338.100114612332;-150.618721108597
338.121738341988;-141.908992654229
338.143362071644;-133.714744787139
338.1649858013;-126.007557873525
338.186609530957;-119.029647480375
338.208233260613;-112.745246930259
338.229856990269;-106.833510174408
338.251480719926;-101.117096173076
338.273104449582;-95.5975937284986
338.294728179238;-90.2707809810299
338.316351908894;-85.0444653539638
338.337975638551;-79.8770400599614
338.359599368207;-74.9890844647699
338.381223097863;-70.5148947167959
338.402846827519;-66.3863122539908
338.424470557176;-62.6507197806565
338.446094286832;-59.4944275487569
338.467718016488;-57.0532204160863
338.489341746144;-55.3840877223493
338.510965475801;-54.5381241360296
338.532589205457;-54.6029342268665
338.554212935113;-55.6494924381394
338.57583666477;-57.6502979829455
338.597460394426;-60.5302849919979
338.619084124082;-64.2834642347279
338.640707853738;-68.9009122938365
338.662331583395;-74.122798371784
338.683955313051;-79.4626916080119
338.705579042707;-84.617082135542
338.727202772363;-89.4948538311992
338.74882650202;-94.0183433272211
338.770450231676;-98.0069177532607
338.792073961332;-101.303913524944
338.813697690988;-103.882132987328
338.835321420645;-105.703958234354
338.856945150301;-106.709786679098
338.878568879957;-106.952971248781
338.900192609614;-106.546063128991
338.92181633927;-105.534021456471
338.943440068926;-103.98435899589
338.965063798582;-102.104768304734
338.986687528239;-100.043234600093
339.008311257895;-97.8998685252383
339.029934987551;-95.7932531435073
339.051558717207;-93.8260957810123
339.073182446864;-92.0214495651487
339.09480617652;-90.4422873196938
339.116429906176;-89.1177820145811
339.138053635833;-88.0109163138011
339.159677365489;-87.0631227423513
339.181301095145;-86.22519714667
339.202924824801;-85.4561030137496
339.224548554458;-84.7185825148644
339.246172284114;-83.9684602344448
339.26779601377;-83.1957450911435
339.289419743426;-82.3910074888022
339.311043473083;-81.5012349808841
339.332667202739;-80.4723221289481
339.354290932395;-79.2891123265843
339.375914662051;-77.999229708874
339.397538391708;-76.6236004133242
339.419162121364;-75.1397966356515
339.44078585102;-73.5843257370737
339.462409580677;-72.0504797355362
339.484033310333;-70.5973055622689
339.505657039989;-69.2309191407899
339.527280769645;-67.9139488179892
339.548904499302;-66.6094207785205
339.570528228958;-65.3342465364621
339.592151958614;-64.1460294499634
339.61377568827;-63.0915990186223
339.635399417927;-62.1670528303409
339.657023147583;-61.3370412409698
339.678646877239;-60.5770768073727
339.700270606896;-59.8733204064077
339.721894336552;-59.2242577440508
339.743518066208;-58.6387056834206
339.765141795864;-58.1195447321462
339.786765525521;-57.6537896434894
339.808389255177;-57.215529265873
339.830012984833;-56.8210309840064
339.851636714489;-56.4878721881778
339.873260444146;-56.1988927104256
339.894884173802;-55.9348969097342
339.916507903458;-55.6817100669111
339.938131633114;-55.4429756518946
339.959755362771;-55.2454225098287
339.981379092427;-55.1056071297887
340.003002822083;-55.0172590735739
340.02462655174;-54.9684874443623
340.046250281396;-54.9568856892734
340.067874011052;-54.9866494077634
340.089497740708;-55.057436502758
340.111121470365;-55.1632002071865
340.132745200021;-55.3012399457844
340.154368929677;-55.4654064946005
340.175992659333;-55.6436693738502
340.19761638899;-55.8166531897681
340.219240118646;-55.9572358889471
340.240863848302;-56.0505512233694
340.262487577959;-56.0934071339927
340.284111307615;-56.0714203662839
340.305735037271;-55.9565511120226
340.327358766927;-55.743586798528
340.348982496584;-55.4341092626252
340.37060622624;-55.0245614347335
340.392229955896;-54.5006662707439
340.413853685552;-53.8322833464257
340.435477415209;-53.038487925628
340.457101144865;-52.1729808824039
340.478724874521;-51.2808927444627
340.500348604177;-50.3617684082153
340.521972333834;-49.4217143758575
340.54359606349;-48.483784973089
340.565219793146;-47.5705557716888
340.586843522803;-46.719207301584
340.608467252459;-46.0140391688753
340.630090982115;-45.5384066859795
340.651714711771;-45.3055413061105
340.673338441428;-45.3470987800916
340.694962171084;-45.711028061677
340.71658590074;-46.3628673819667
340.738209630396;-47.2444199653367
340.759833360053;-48.3500791352147
340.781457089709;-49.6834676020182
340.803080819365;-51.2038467246715
340.824704549022;-52.8898384825911
340.846328278678;-54.7053644966846
340.867952008334;-56.4224251123699
340.88957573799;-57.9487930070268
340.911199467647;-59.2690138980074
340.932823197303;-60.3489062421802
340.954446926959;-61.1864120316304
340.976070656615;-61.7816712135329
340.997694386272;-62.1454928738084
341.019318115928;-62.3022080993067
341.040941845584;-62.2679621540268
341.06256557524;-62.0669673601278
341.084189304897;-61.7652395490616
341.105813034553;-61.4274979113812
341.127436764209;-61.0948876927872
341.149060493866;-60.7839394481114
341.170684223522;-60.4993841068726
341.192307953178;-60.2471275547155
341.213931682834;-60.0415700471509
341.235555412491;-59.8749150667618
341.257179142147;-59.7315133827524
341.278802871803;-59.6091562250229
341.300426601459;-59.5113186027715
341.322050331116;-59.4149346891848
341.343674060772;-59.2884959966763
341.365297790428;-59.1209852329281
341.386921520085;-58.9003345319439
341.408545249741;-58.6468623365126
341.430168979397;-58.3724565720202
341.451792709053;-58.0630378525659
341.47341643871;-57.7058653845704
341.495040168366;-57.3193078146733
341.516663898022;-56.9322636936525
341.538287627678;-56.5575175854704
341.559911357335;-56.1972111339616
341.581535086991;-55.8454010991415
341.603158816647;-55.5077181794967
341.624782546303;-55.2011478276093
341.64640627596;-54.9397175822982
341.668030005616;-54.7267119531306
341.689653735272;-54.5633942981011
341.711277464929;-54.4465376485337
341.732901194585;-54.3672943935966
341.754524924241;-54.3143495569424
341.776148653897;-54.276655154718
341.797772383554;-54.2669337185215
341.81939611321;-54.2962980356223
341.841019842866;-54.3538304041354
341.862643572522;-54.4260810910636
341.884267302179;-54.4994824136223
341.905891031835;-54.5617649796465
341.927514761491;-54.6081098109788
341.949138491147;-54.6367918011707
341.970762220804;-54.6354271589154
341.99238595046;-54.5917741677173
342.014009680116;-54.508544644369
342.035633409773;-54.3866766361392
342.057257139429;-54.2248855999283
342.078880869085;-54.0120946721548
342.100504598741;-53.7587017095841
342.122128328398;-53.4818534239055
342.143752058054;-53.192047547071
342.16537578771;-52.9049299389749
342.186999517366;-52.6207072057143
342.208623247023;-52.3460488901709
342.230246976679;-52.091097989158
342.251870706335;-51.8575798156872
342.273494435992;-51.6476772823975
342.295118165648;-51.464283287884
342.316741895304;-51.306691607608
342.33836562496;-51.1666958925322
342.359989354617;-51.0430090174003
342.381613084273;-50.9380969352868
342.403236813929;-50.850204126293
342.424860543585;-50.7706037732565
342.446484273242;-50.6886219612664
342.468108002898;-50.5885281083229
342.489731732554;-50.4618239539628
342.51135546221;-50.3160959612287
342.532979191867;-50.163770683602
342.554602921523;-50.0020412726915
342.576226651179;-49.8174181286396
342.597850380836;-49.6010203317479
342.619474110492;-49.3700225756412
342.641097840148;-49.1499722205094
342.662721569804;-48.9422620107479
342.684345299461;-48.7446556559184
342.705969029117;-48.5637731708345
342.727592758773;-48.4087270486703
342.749216488429;-48.2855755541484
342.770840218086;-48.1988155964768
342.792463947742;-48.157508195627
342.814087677398;-48.1678497126525
342.835711407055;-48.2350724469489
342.857335136711;-48.3658600455202
342.878958866367;-48.5592652705712
342.900582596023;-48.7959367744029
342.92220632568;-49.0568564866638
342.943830055336;-49.3441868122303
342.965453784992;-49.6607356889364
342.987077514648;-49.9930103834354
343.008701244305;-50.3194247471393
343.030324973961;-50.6267893584501
343.051948703617;-50.9096863704141
343.073572433274;-51.1624725227
343.09519616293;-51.3748196182729
343.116819892586;-51.539114168014
343.138443622242;-51.6495264639852
343.160067351899;-51.6941036406754
343.181691081555;-51.6636864823409
343.203314811211;-51.5574659166664
343.224938540867;-51.3753985312467
343.246562270524;-51.118364745255
343.26818600018;-50.7857911234848
343.289809729836;-50.3836980726523
343.311433459492;-49.9081757739177
343.333057189149;-49.3742937896104
343.354680918805;-48.8086463749107
343.376304648461;-48.2342563840778
343.397928378118;-47.6534036594657
343.419552107774;-47.0696268383892
343.44117583743;-46.5170471793024
343.462799567086;-46.0341535050009
343.484423296743;-45.6338042097999
343.506047026399;-45.3143004157221
343.527670756055;-45.0699077501019
343.549294485711;-44.8903772160687
343.570918215368;-44.7685574637621
343.592541945024;-44.7086837715284
343.61416567468;-44.711582077393
343.635789404336;-44.7673571981662
343.657413133993;-44.8588722499593
343.679036863649;-44.9762439004288
343.700660593305;-45.1160798367285
343.722284322962;-45.2689725371995
343.743908052618;-45.4170237100808
343.765531782274;-45.550989791448
343.78715551193;-45.6736999250546
343.808779241587;-45.7907249090632
343.830402971243;-45.8962281308332
343.852026700899;-45.9817819231581
343.873650430555;-46.0526615407937
343.895274160212;-46.1084634116104
343.916897889868;-46.1403785930757
343.938521619524;-46.1489964506129
343.96014534918;-46.144330434192
343.981769078837;-46.1358878027992
344.003392808493;-46.1301740375332
344.025016538149;-46.127333092937
344.046640267806;-46.1246498940293
344.068263997462;-46.1306580374779
344.089887727118;-46.1592998259315
344.111511456774;-46.2259107947233
344.133135186431;-46.3381753633075
344.154758916087;-46.4872613663285
344.176382645743;-46.6588304585612
344.198006375399;-46.8417790351147
344.219630105056;-47.0360536672709
344.241253834712;-47.2425806805861
344.262877564368;-47.4474592428851
344.284501294025;-47.6311121882392
344.306125023681;-47.7806717565342
344.327748753337;-47.8900884738985
344.349372482993;-47.9546488320922
344.37099621265;-47.9659322913182
344.392619942306;-47.9311454823703
344.414243671962;-47.8653465131144
344.435867401618;-47.7708729231444
344.457491131275;-47.6234667013968
344.479114860931;-47.4245631470258
344.500738590587;-47.1877704895635
344.522362320244;-46.9248320402105
344.5439860499;-46.6561022719426
344.565609779556;-46.4009878394635
344.587233509212;-46.1615999526825
344.608857238869;-45.9285144922475
344.630480968525;-45.6995272265162
344.652104698181;-45.4824801995943
344.673728427837;-45.2757926728828
344.695352157494;-45.0783158408469
344.71697588715;-44.8956566148038
344.738599616806;-44.7421259516417
344.760223346462;-44.6215353091285
344.781847076119;-44.5209510547583
344.803470805775;-44.4325531979199
344.825094535431;-44.3555784411541
344.846718265088;-44.2853446812173
344.868341994744;-44.2042531265971
344.8899657244;-44.098695462207
344.911589454056;-43.9740177143923
344.933213183713;-43.8323113425997
344.954836913369;-43.6703580458947
344.976460643025;-43.4871962322418
344.998084372681;-43.2648353803932
345.019708102338;-42.9996830231321
345.041331831994;-42.7115727350431
345.06295556165;-42.4403785064725
345.084579291307;-42.2030803535536
345.106203020963;-41.9987312210223
345.127826750619;-41.8310746469821
345.149450480275;-41.7056536866923
345.171074209932;-41.6198915817627
345.192697939588;-41.5634177011678
345.214321669244;-41.5273735105749
345.2359453989;-41.5049987109617
345.257569128557;-41.4963996345442
345.279192858213;-41.4940604803654
345.300816587869;-41.4882179052977
345.322440317525;-41.4738871483224
345.344064047182;-41.4333808195981
345.365687776838;-41.3402515006435
345.387311506494;-41.2033174847285
345.408935236151;-41.0316080509313
345.430558965807;-40.8336650006992
345.452182695463;-40.6128934721137
345.473806425119;-40.3776218482014
345.495430154776;-40.1346221461974
345.517053884432;-39.8888199174605
345.538677614088;-39.6405718886114
345.560301343744;-39.3961938023378
345.581925073401;-39.1728836122839
345.603548803057;-38.9815464808707
345.625172532713;-38.823286398013
345.646796262369;-38.6946140132758
345.668419992026;-38.5857829564816
345.690043721682;-38.4872971589804
345.711667451338;-38.3925895310799
345.733291180995;-38.2941914105831
345.754914910651;-38.182702287008
345.776538640307;-38.0541135861338
345.798162369963;-37.9095890388413
345.81978609962;-37.7466605467094
345.841409829276;-37.5594555934259
345.863033558932;-37.3477800131992
345.884657288588;-37.1160699861697
345.906281018245;-36.8748744581272
345.927904747901;-36.6319609505641
345.949528477557;-36.3930423649435
345.971152207214;-36.1646830897572
345.99277593687;-35.954023998853
346.014399666526;-35.7717489458499
346.036023396182;-35.6209139254561
346.057647125839;-35.5033161861214
346.079270855495;-35.4137673122789
346.100894585151;-35.350516767406
346.122518314807;-35.3088980961932
346.144142044464;-35.2821599857787
346.16576577412;-35.2732308538781
346.187389503776;-35.2874790057497
346.209013233433;-35.3260134132554
346.230636963089;-35.3855094292927
346.252260692745;-35.4674953355651
346.273884422401;-35.5655591948618
346.295508152058;-35.6580829630546
346.317131881714;-35.7435698105717
346.33875561137;-35.8260884854195
346.360379341026;-35.9027127926682
346.382003070683;-35.9614401445776
346.403626800339;-35.9862593954585
346.425250529995;-35.9769366724578
346.446874259651;-35.9374541530135
346.468497989308;-35.8733640511171
346.490121718964;-35.800242931832
346.51174544862;-35.7252731819372
346.533369178277;-35.656719471566
346.554992907933;-35.6077299523752
346.576616637589;-35.5916937501358
346.598240367245;-35.6141878597941
346.619864096902;-35.6782972103503
346.641487826558;-35.7910729435517
346.663111556214;-35.9550741056944
346.68473528587;-36.1597538137672
346.706359015527;-36.4008153482452
346.727982745183;-36.6912411187466
346.749606474839;-37.0429490005606
346.771230204496;-37.4213606621221
346.792853934152;-37.8016917635763
346.814477663808;-38.1743018739398
346.836101393464;-38.5353504837553
346.857725123121;-38.8658906183313
346.879348852777;-39.141136321361
346.900972582433;-39.3523991469092
346.922596312089;-39.5005711664489
346.944220041746;-39.5889083896463
346.965843771402;-39.6180270250514
346.987467501058;-39.5881509016439
347.009091230714;-39.4993996453007
347.030714960371;-39.3634880468496
347.052338690027;-39.1943081859189
347.073962419683;-39.00497704313
347.09558614934;-38.8046474573299
347.117209878996;-38.6037174825805
347.138833608652;-38.4230610664827
347.160457338308;-38.2787735179391
347.182081067965;-38.1751258884266
347.203704797621;-38.112281305712
347.225328527277;-38.0900934798683
347.246952256933;-38.1085823604223
347.26857598659;-38.1635506224175
347.290199716246;-38.2547004068005
347.311823445902;-38.3821176250657
347.333447175558;-38.5387735266125
347.355070905215;-38.7152145892273
347.376694634871;-38.8969033410757
347.398318364527;-39.071109373107
347.419942094184;-39.2345516048584
347.44156582384;-39.3844102329093
347.463189553496;-39.5181346469092
347.484813283152;-39.6310084891043
347.506437012809;-39.7218564435365
347.528060742465;-39.798841511741
347.549684472121;-39.8684349277154
347.571308201777;-39.9333206558605
347.592931931434;-40.0040903753851
347.61455566109;-40.0935332970411
347.636179390746;-40.2036619772368
347.657803120403;-40.3302796909874
347.679426850059;-40.4791592896462
347.701050579715;-40.6644484579471
347.722674309371;-40.8920626400077
347.744298039028;-41.1608003588393
347.765921768684;-41.4671586057114
347.78754549834;-41.8117805120798
347.809169227996;-42.1966683942184
347.830792957653;-42.6216550229261
347.852416687309;-43.0683857885081
347.874040416965;-43.5113874041595
347.895664146621;-43.9501848976566
347.917287876278;-44.3906892643115
347.938911605934;-44.8334720851142
347.96053533559;-45.2638072465897
347.982159065247;-45.6612262882988
348.003782794903;-46.0200294247031
348.025406524559;-46.3512694875716
348.047030254215;-46.6599356438385
348.068653983872;-46.9492956285582
348.090277713528;-47.2296029344415
348.111901443184;-47.5082940000351
348.13352517284;-47.7816651191341
348.155148902497;-48.0422171053085
348.176772632153;-48.2919647304986
348.198396361809;-48.5396118616173
348.220020091466;-48.7931246797783
348.241643821122;-49.0651047334349
348.263267550778;-49.3546228556834
348.284891280434;-49.6531035212171
348.306515010091;-49.9547871220014
348.328138739747;-50.2674786542851
348.349762469403;-50.6055000525712
348.371386199059;-50.9746319985523
348.393009928716;-51.375150342996
348.414633658372;-51.8083431907695
348.436257388028;-52.268909332439
348.457881117684;-52.7512768023518
348.479504847341;-53.2545898069687
348.501128576997;-53.7884835789356
348.522752306653;-54.3442258393934
348.54437603631;-54.9048807399107
348.565999765966;-55.4740875626169
348.587623495622;-56.0526286586139
348.609247225278;-56.6308466487553
348.630870954935;-57.2167606382997
348.652494684591;-57.8108599687588
348.674118414247;-58.3991689992211
348.695742143903;-58.9740561583507
348.71736587356;-59.5313359497122
348.738989603216;-60.0711925518765
348.760613332872;-60.6007033540633
348.782237062529;-61.089015855371
348.803860792185;-61.516553212864
348.825484521841;-61.9060251235593
348.847108251497;-62.2797953062807
348.868731981154;-62.6485640967048
348.89035571081;-63.0061431945859
348.911979440466;-63.3433700643402
348.933603170122;-63.6615546043339
348.955226899779;-63.9756373914722
348.976850629435;-64.3046065414179
348.998474359091;-64.6493587757566
349.020098088747;-65.0063837717426
349.041721818404;-65.3806528061085
349.06334554806;-65.7683231270253
349.084969277716;-66.1568440973557
349.106593007373;-66.5398608453285
349.128216737029;-66.9303570690577
349.149840466685;-67.3377259065995
349.171464196341;-67.7476183949495
349.193087925998;-68.1479172263446
349.214711655654;-68.5373248423687
349.23633538531;-68.901336624732
349.257959114966;-69.2316101617434
349.279582844623;-69.5203909839868
349.301206574279;-69.7611386837842
349.322830303935;-69.9504444338113
349.344454033591;-70.089049007958
349.366077763248;-70.1889494496506
349.387701492904;-70.2647871040306
349.40932522256;-70.3248906287992
349.430948952217;-70.373601163828
349.452572681873;-70.4276652999966
349.474196411529;-70.5076651066691
349.495820141185;-70.6293411535063
349.517443870842;-70.8074744684385
349.539067600498;-71.0588473412605
349.560691330154;-71.3920577160356
349.58231505981;-71.8069215643747
349.603938789467;-72.3147875617395
349.625562519123;-72.9218992101929
349.647186248779;-73.6039457388142
349.668809978436;-74.3277245795774
349.690433708092;-75.0688738418962
349.712057437748;-75.8083245000561
349.733681167404;-76.5532415699213
349.755304897061;-77.3045475710651
349.776928626717;-78.0152194121295
349.798552356373;-78.6595754330417
349.820176086029;-79.2626839366645
349.841799815686;-79.8221845276794
349.863423545342;-80.30504167977
349.885047274998;-80.6921035879525
349.906671004655;-81.0017931386569
349.928294734311;-81.2581536277362
349.949918463967;-81.4745221364245
349.971542193623;-81.6536774714756
349.99316592328;-81.795886353866
350.014789652936;-81.9076527309728
350.036413382592;-81.9989399573941
350.058037112248;-82.0781200060912
350.079660841905;-82.152591103319
350.101284571561;-82.2301963761317
350.122908301217;-82.3185671528113
350.144532030873;-82.4193670395769
350.16615576053;-82.5290459584832
350.187779490186;-82.6371672877254
350.209403219842;-82.7367237159679
350.231026949499;-82.8268252566806
350.252650679155;-82.9061286924229
350.274274408811;-82.9693834862917
350.295898138467;-83.0019385963165
350.317521868124;-82.9937613645531
350.33914559778;-82.9400477632597
350.360769327436;-82.8401287008343
350.382393057092;-82.6962007249631
350.404016786749;-82.5104327578838
350.425640516405;-82.2917608275275
350.447264246061;-82.0461107197298
350.468887975718;-81.7870239619924
350.490511705374;-81.5295878345938
350.51213543503;-81.2723004990042
350.533759164686;-81.0108882847384
350.555382894343;-80.7562586113215
350.577006623999;-80.5336404752222
350.598630353655;-80.3503278571189
350.620254083311;-80.195506490996
350.641877812968;-80.0540340941724
350.663501542624;-79.9194531524102
350.68512527228;-79.7984699581802
350.706749001936;-79.6994682174885
350.728372731593;-79.6191547290809
350.749996461249;-79.5517545851216
350.771620190905;-79.4948414165756
350.793243920562;-79.4481766718404
350.814867650218;-79.4117168280761
350.836491379874;-79.3893793272388
350.85811510953;-79.3793466945443
350.879738839187;-79.3774057844385
350.901362568843;-79.3907549742067
350.922986298499;-79.4221548427324
350.944610028155;-79.4608771623105
350.966233757812;-79.5009298121621
350.987857487468;-79.5438344421295
351.009481217124;-79.5869578159386
351.03110494678;-79.6251533826794
351.052728676437;-79.6542209971979
351.074352406093;-79.6707314927036
351.095976135749;-79.6660088630241
351.117599865406;-79.6289427723723
351.139223595062;-79.555641481047
351.160847324718;-79.4390635592251
351.182471054374;-79.2722088251394
351.204094784031;-79.0524907770084
351.225718513687;-78.7746816028608
351.247342243343;-78.4254141921038
351.268965972999;-77.9912608662331
351.290589702656;-77.4921238812029
351.312213432312;-76.9627366449251
351.333837161968;-76.4100987945191
351.355460891625;-75.8321909437564
351.377084621281;-75.2261206726727
351.398708350937;-74.592664331763
351.420332080593;-73.9509397943797
351.44195581025;-73.3268421543443
351.463579539906;-72.7386665131255
351.485203269562;-72.1997518772091
351.506826999218;-71.7241912473085
351.528450728875;-71.3199427923256
351.550074458531;-70.9776674850956
351.571698188187;-70.6972218914779
351.593321917843;-70.4894578093254
351.6149456475;-70.3487180431745
351.636569377156;-70.2526851288037
351.658193106812;-70.1849813372562
351.679816836469;-70.147689233901
351.701440566125;-70.1464968289017
351.723064295781;-70.1836672567281
351.744688025437;-70.2532172485581
351.766311755094;-70.335249860823
351.78793548475;-70.4109315530327
351.809559214406;-70.4755686561384
351.831182944062;-70.5278295752846
351.852806673719;-70.5733635653663
351.874430403375;-70.6089221119194
351.896054133031;-70.621100492828
351.917677862688;-70.6001819574188
351.939301592344;-70.5519000043464
351.960925322;-70.4739922114843
351.982549051656;-70.3632469627569
352.004172781313;-70.2282282813029
352.025796510969;-70.0778824024449
352.047420240625;-69.9119798683396
352.069043970281;-69.7354741848826
352.090667699938;-69.5540198236732
352.112291429594;-69.365862479174
352.13391515925;-69.1657170611949
352.155538888907;-68.954116473075
352.177162618563;-68.7425995652036
352.198786348219;-68.5379081866641
352.220410077875;-68.3410676444997
352.242033807532;-68.1539185756238
352.263657537188;-67.9738504540995
352.285281266844;-67.7932857874107
352.3069049965;-67.6026771421243
352.328528726157;-67.4079686061877
352.350152455813;-67.2226226946229
352.371776185469;-67.0423420151394
352.393399915125;-66.8560711365922
352.415023644782;-66.6628077649821
352.436647374438;-66.4682091044666
352.458271104094;-66.2683960087118
352.479894833751;-66.0580322918071
352.501518563407;-65.8395042792706
352.523142293063;-65.6206733940415
352.544766022719;-65.4054728436479
352.566389752376;-65.1918947340235
352.588013482032;-64.9764230205936
352.609637211688;-64.7525342089781
352.631260941344;-64.5235060547677
352.652884671001;-64.2987792069609
352.674508400657;-64.0771506853104
352.696132130313;-63.8630130310908
352.717755859969;-63.6686464632873
352.739379589626;-63.5002640542567
352.761003319282;-63.3390156938738
352.782627048938;-63.1563458048693
352.804250778595;-62.9481696730011
352.825874508251;-62.7367599266888
352.847498237907;-62.5391656205936
352.869121967563;-62.3592166521315
352.89074569722;-62.1870563450818
352.912369426876;-62.0078727862204
352.933993156532;-61.8082107765496
352.955616886188;-61.584465045709
352.977240615845;-61.3394343977993
352.998864345501;-61.0706709294326
353.020488075157;-60.7786899911694
353.042111804814;-60.461746041478
353.06373553447;-60.1161879139747
353.085359264126;-59.7525272785661
353.106982993782;-59.3820376308887
353.128606723439;-59.005211289375
353.150230453095;-58.6215019372414
353.171854182751;-58.226850267643
353.193477912407;-57.8224243171272
353.215101642064;-57.4246211400852
353.23672537172;-57.042632179017
353.258349101376;-56.6753614059272
353.279972831032;-56.3239494825226
353.301596560689;-55.9891422675472
353.323220290345;-55.6643518542157
353.344844020001;-55.3338264853203
353.366467749658;-55.0032076237865
353.388091479314;-54.6843599910642
353.40971520897;-54.3806249982146
353.431338938626;-54.0978379758735
353.452962668283;-53.8317974275658
353.474586397939;-53.5791155592558
353.496210127595;-53.3412595691302
353.517833857251;-53.1201189689115
353.539457586908;-52.9206272102905
353.561081316564;-52.7476639681888
353.58270504622;-52.6045332162097
353.604328775877;-52.49127702268
353.625952505533;-52.4064074467925
353.647576235189;-52.3498751808363
353.669199964845;-52.3159735785437
353.690823694502;-52.2967562960231
353.712447424158;-52.2840898522076
353.734071153814;-52.2764420353832
353.75569488347;-52.2756466315255
353.777318613127;-52.2796483893882
353.798942342783;-52.286801890195
353.820566072439;-52.2977675091657
353.842189802096;-52.3142139541397
353.863813531752;-52.3332102717588
353.885437261408;-52.3548118397344
353.907060991064;-52.3791455080791
353.928684720721;-52.4132797310936
353.950308450377;-52.4624469737772
353.971932180033;-52.5217473784544
353.993555909689;-52.5881340143391
354.015179639346;-52.6704164069101
354.036803369002;-52.7733193947012
354.058427098658;-52.8852140978293
354.080050828314;-52.9977048389138
354.101674557971;-53.1101257830096
354.123298287627;-53.2334430943625
354.144922017283;-53.3716668457274
354.16654574694;-53.5317803158589
354.188169476596;-53.7272254541798
354.209793206252;-53.9500568952812
354.231416935908;-54.1835975010574
354.253040665565;-54.4264901781804
354.274664395221;-54.6914479545437
354.296288124877;-55.0046813095196
354.317911854533;-55.3691743454119
354.33953558419;-55.7462556227972
354.361159313846;-56.1035609840663
354.382783043502;-56.4466620794489
354.404406773158;-56.8046641667486
354.426030502815;-57.1868055734849
354.447654232471;-57.5635349098148
354.469277962127;-57.9215548072372
354.490901691784;-58.2679936475718
354.51252542144;-58.6006430358412
354.534149151096;-58.9128770395682
354.555772880752;-59.1819651521272
354.577396610409;-59.3894328054149
354.599020340065;-59.5401868545456
354.620644069721;-59.6398102820234
354.642267799377;-59.6911304858504
354.663891529034;-59.6980441914384
354.68551525869;-59.6605207399265
354.707138988346;-59.5793811006599
354.728762718002;-59.4625159582034
354.750386447659;-59.3205063103137
354.772010177315;-59.1659417611273
354.793633906971;-59.016738519957
354.815257636628;-58.8866815896827
354.836881366284;-58.7853175369972
354.85850509594;-58.7114768860983
354.880128825596;-58.6668563908853
354.901752555253;-58.6505956912545
354.923376284909;-58.6583112570957
354.945000014565;-58.6818653208669
354.966623744221;-58.710345046624
354.988247473878;-58.7339901691735
355.009871203534;-58.7427793261035
355.03149493319;-58.7309627337472
355.053118662847;-58.6923916863736
355.074742392503;-58.6206295592224
355.096366122159;-58.5130931102676
355.117989851815;-58.3722566591387
355.139613581472;-58.2097398142446
355.161237311128;-58.03654821958
355.182861040784;-57.8515745728983
355.20448477044;-57.6570338793797
355.226108500097;-57.4725628958994
355.247732229753;-57.3099385558664
355.269355959409;-57.1656948002747
355.290979689066;-57.0370910839056
355.312603418722;-56.9211231295049
355.334227148378;-56.8142750993119
355.355850878034;-56.7167903321491
355.377474607691;-56.6204327795581
355.399098337347;-56.5175728431973
355.420722067003;-56.4073182316444
355.442345796659;-56.2826154298787
355.463969526316;-56.1395724889694
355.485593255972;-55.9743689045754
355.507216985628;-55.7830084941564
355.528840715284;-55.5639057137148
355.550464444941;-55.3160452625296
355.572088174597;-55.0335323200372
355.593711904253;-54.715115015045
355.61533563391;-54.3667012018534
355.636959363566;-54.0004506646922
355.658583093222;-53.6208327816325
355.680206822878;-53.2332929889036
355.701830552535;-52.8496529093582
355.723454282191;-52.485043248355
355.745078011847;-52.1437129027242
355.766701741503;-51.8242053784005
355.78832547116;-51.5312780659845
355.809949200816;-51.2818592535029
355.831572930472;-51.0848299128744
355.853196660129;-50.9451686710903
355.874820389785;-50.865653220902
355.896444119441;-50.8484160858837
355.918067849097;-50.8966216353494
355.939691578754;-51.0086094689883
355.96131530841;-51.1603888394499
355.982939038066;-51.3345414546425
356.004562767722;-51.5272005380926
356.026186497379;-51.7173762366265
356.047810227035;-51.8821480405155
356.069433956691;-52.016511865157
356.091057686347;-52.1247042205212
356.112681416004;-52.2048687265403
356.13430514566;-52.2496930555532
356.155928875316;-52.2606213058028
356.177552604973;-52.2436257393106
356.199176334629;-52.2018751960646
356.220800064285;-52.1411428761023
356.242423793941;-52.0705329908869
356.264047523598;-51.9997591137735
356.285671253254;-51.9376747057099
356.30729498291;-51.8866514953275
356.328918712566;-51.8431015325811
356.350542442223;-51.8006970584029
356.372166171879;-51.7635009209149
356.393789901535;-51.731839160162
356.415413631191;-51.7033793368994
356.437037360848;-51.6750541871674
356.458661090504;-51.6401516265425
356.48028482016;-51.5906665246236
356.501908549817;-51.5180316160893
356.523532279473;-51.4161502670081
356.545156009129;-51.2820556796776
356.566779738785;-51.1180330323832
356.588403468442;-50.9237916843435
356.610027198098;-50.6929522236617
356.631650927754;-50.4192679776304
356.65327465741;-50.097748267146
356.674898387067;-49.7383859182061
356.696522116723;-49.3720268738643
356.718145846379;-49.0123984846389
356.739769576036;-48.6442960042108
356.761393305692;-48.2678084121285
356.783017035348;-47.9130103498406
356.804640765004;-47.6019015025805
356.826264494661;-47.3357466350094
356.847888224317;-47.1131913912435
356.869511953973;-46.9443390364744
356.891135683629;-46.8407492742901
356.912759413286;-46.7986520347792
356.934383142942;-46.8160054471925
356.956006872598;-46.8915650634623
356.977630602254;-47.0093447610694
356.999254331911;-47.1517727895443
357.020878061567;-47.3085688671559
357.042501791223;-47.4704060685809
357.06412552088;-47.6256712263639
357.085749250536;-47.7697227588011
357.107372980192;-47.894260298227
357.128996709848;-47.984610436708
357.150620439505;-48.0258937268984
357.172244169161;-48.0176404707253
357.193867898817;-47.9700718572637
357.215491628473;-47.8914905564672
357.23711535813;-47.7794955983109
357.258739087786;-47.6258469495017
357.280362817442;-47.4202072261213
357.301986547099;-47.1644973466019
357.323610276755;-46.8735883414001
357.345234006411;-46.5684392595147
357.366857736067;-46.2528661585121
357.388481465724;-45.9296993653757
357.41010519538;-45.6078562888447
357.431728925036;-45.2948525871342
357.453352654692;-44.9870575328586
357.474976384349;-44.6926431744025
357.496600114005;-44.4227610266607
357.518223843661;-44.1710802033641
357.539847573318;-43.9278540501365
357.561471302974;-43.6931844590922
357.58309503263;-43.4674727286562
357.604718762286;-43.2502000138634
357.626342491943;-43.0418621717801
357.647966221599;-42.8422245194444
357.669589951255;-42.655067319654
357.691213680911;-42.4870047832754
357.712837410568;-42.3369470070822
357.734461140224;-42.2076206566838
357.75608486988;-42.1074582674536
357.777708599536;-42.047172612235
357.799332329193;-42.0304240812252
357.820956058849;-42.0518108796678
357.842579788505;-42.1121760344017
357.864203518162;-42.2135731262693
357.885827247818;-42.3591795895601
357.907450977474;-42.547655232331
357.92907470713;-42.7587702076866
357.950698436787;-42.9944841794425
357.972322166443;-43.2659198299966
357.993945896099;-43.5711923586339
358.015569625755;-43.9147684627389
358.037193355412;-44.3041998320071
358.058817085068;-44.7194245891229
358.080440814724;-45.114738853697
358.10206454438;-45.4813937384151
358.123688274037;-45.8209300880916
358.145312003693;-46.1444146584251
358.166935733349;-46.4600653077229
358.188559463006;-46.7405447584474
358.210183192662;-46.9642456466303
358.231806922318;-47.1386339965947
358.253430651974;-47.2676964131094
358.275054381631;-47.3424370417979
358.296678111287;-47.3646018597544
358.318301840943;-47.3361130160591
358.339925570599;-47.2550302306508
358.361549300256;-47.1156912654959
358.383173029912;-46.9082512329526
358.404796759568;-46.6378119397299
358.426420489224;-46.3428956859655
358.448044218881;-46.0377412788965
358.469667948537;-45.7116894617648
358.491291678193;-45.3577891271975
358.51291540785;-45.0014108805761
358.534539137506;-44.6373789289991
358.556162867162;-44.2647654099386
358.577786596818;-43.9158523207674
358.599410326475;-43.6003191302829
358.621034056131;-43.3008848022771
358.642657785787;-43.0044887446223
358.664281515443;-42.7025622691493
358.6859052451;-42.3890531509309
358.707528974756;-42.0600529500098
358.729152704412;-41.7173624433401
358.750776434069;-41.3669849791805
358.772400163725;-41.0184949592754
358.794023893381;-40.6759041022706
358.815647623037;-40.3215572179159
358.837271352694;-39.952691777126
358.85889508235;-39.6052800101673
358.880518812006;-39.3046135230064
358.902142541662;-39.0460842730909
358.923766271319;-38.8146601762963
358.945390000975;-38.6200298992681
358.967013730631;-38.4781587154864
358.988637460288;-38.3854863535461
359.010261189944;-38.3319438738058
359.0318849196;-38.3147131562139
359.053508649256;-38.3269263662328
359.075132378913;-38.356607127826
359.096756108569;-38.397237681507
359.118379838225;-38.4576910941927
359.140003567881;-38.5348612129989
359.161627297538;-38.6154693954959
359.183251027194;-38.6958443822431
359.20487475685;-38.7787522708405
359.226498486506;-38.851938673771
359.248122216163;-38.9053197283117
359.269745945819;-38.9440782190528
359.291369675475;-38.9652534424757
359.312993405132;-38.9612971035841
359.334617134788;-38.9367169245924
359.356240864444;-38.9005838255109
359.3778645941;-38.8562003619839
359.399488323757;-38.7953059555381
359.421112053413;-38.7141497993254
359.442735783069;-38.6172873784564
359.464359512725;-38.5123613754379
359.485983242382;-38.4079577247565
359.507606972038;-38.3093644832656
359.529230701694;-38.2232534348636
359.550854431351;-38.1565593097075
359.572478161007;-38.1122135951502
359.594101890663;-38.0972955952195
359.615725620319;-38.1106759898966
359.637349349976;-38.1593843432977
359.658973079632;-38.25064178009
359.680596809288;-38.3793623671905
359.702220538944;-38.5256637004383
359.723844268601;-38.6762020726806
359.745467998257;-38.8173215107449
359.767091727913;-38.9338021546967
359.788715457569;-39.026644576888
359.810339187226;-39.0952411621653
359.831962916882;-39.1308613129908
359.853586646538;-39.1258376738605
359.875210376195;-39.0817613345594
359.896834105851;-39.0118634785782
359.918457835507;-38.9223642080169
359.940081565163;-38.816740379501
359.96170529482;-38.6930343497434
359.983329024476;-38.5477617959353
360.004952754132;-38.3919161301122
360.026576483788;-38.2394370868282
360.048200213445;-38.0905044138928
360.069823943101;-37.9357797998204
360.091447672757;-37.7708643754011
360.113071402413;-37.5918719174898
360.13469513207;-37.3858932996958
360.156318861726;-37.1558136640251
360.177942591382;-36.9277979499697
360.199566321039;-36.698599652485
360.221190050695;-36.4444922989572
360.242813780351;-36.1579080106608
360.264437510007;-35.8486579165479
360.286061239664;-35.5284129358612
360.30768496932;-35.1906357280978
360.329308698976;-34.8369120404354
360.350932428632;-34.4800903762292
360.372556158289;-34.1296538514823
360.394179887945;-33.793502398719
360.415803617601;-33.4839119376789
360.437427347258;-33.1995513504347
360.459051076914;-32.9382811412937
360.48067480657;-32.7007428500611
360.502298536226;-32.4875336583936
360.523922265883;-32.3065548414334
360.545545995539;-32.1668606777426
360.567169725195;-32.0754785180082
360.588793454851;-32.0390424452367
360.610417184508;-32.0633558265469
360.632040914164;-32.1505696276281
360.65366464382;-32.2923550936242
360.675288373477;-32.4757209619169
360.696912103133;-32.6969719562259
360.718535832789;-32.9569692663703
360.740159562445;-33.2353001718467
360.761783292102;-33.5091187193667
360.783407021758;-33.7712755385708
360.805030751414;-34.0174254035327
360.82665448107;-34.2404184618051
360.848278210727;-34.4340178632225
360.869901940383;-34.5961101821832
360.891525670039;-34.736625535218
360.913149399695;-34.8702495315629
360.934773129352;-35.0004120535502
360.956396859008;-35.1276852555334
360.978020588664;-35.2580420284879
360.999644318321;-35.3998852095108
361.021268047977;-35.556692447562
361.042891777633;-35.7192232236457
361.064515507289;-35.8751042575921
361.086139236946;-36.0193126131661
361.107762966602;-36.1443518035511
361.129386696258;-36.2367830052452
361.151010425914;-36.2820395994877
361.172634155571;-36.2798601736424
361.194257885227;-36.2371614595579
361.215881614883;-36.1543667957226
361.23750534454;-36.0247459525779
361.259129074196;-35.8563527755358
361.280752803852;-35.6663573558832
361.302376533508;-35.465832594763
361.324000263165;-35.2618328311535
361.345623992821;-35.0622629627583
361.367247722477;-34.8653826799328
361.388871452133;-34.6589362229849
361.41049518179;-34.4413284363795
361.432118911446;-34.2240310654819
361.453742641102;-34.0101876035915
361.475366370758;-33.786479366829
361.496990100415;-33.5383927428844
361.518613830071;-33.27152616576
361.540237559727;-33.0102170155823
361.561861289384;-32.7597336079212
361.58348501904;-32.5237453252188
361.605108748696;-32.3066032030103
361.626732478352;-32.1135584080255
361.648356208009;-31.9475465660472
361.669979937665;-31.8062019193674
361.691603667321;-31.6932945946925
361.713227396977;-31.6109488247325
361.734851126634;-31.5565748761051
361.75647485629;-31.5354122176646
361.778098585946;-31.5502443905444
361.799722315602;-31.5920766509971
361.821346045259;-31.6527777630092
361.842969774915;-31.7339353531339
361.864593504571;-31.8309836853725
361.886217234228;-31.9404917644392
361.907840963884;-32.057685579687
361.92946469354;-32.1743278769874
361.951088423196;-32.282566318975
361.972712152853;-32.3821511644271
361.994335882509;-32.4677151921306
362.015959612165;-32.5354478815284
362.037583341821;-32.5867801465776
362.059207071478;-32.6231675171765
362.080830801134;-32.6449726918279
362.10245453079;-32.6575948823215
362.124078260447;-32.6618185063944
362.145701990103;-32.6538335841971
362.167325719759;-32.6375008666664
362.188949449415;-32.6196136873729
362.210573179072;-32.6003754619626
362.232196908728;-32.5818318772672
362.253820638384;-32.5659057764591
362.27544436804;-32.553602808817
362.297068097697;-32.5457187020431
362.318691827353;-32.5449080416472
362.340315557009;-32.5482127873706
362.361939286665;-32.5469630368331
362.383563016322;-32.5359313629589
362.405186745978;-32.5160358159344
362.426810475634;-32.489928604767
362.448434205291;-32.4595296152704
362.470057934947;-32.4281067164143
362.491681664603;-32.3997578196486
362.513305394259;-32.3655505091956
362.534929123916;-32.3279841738795
362.556552853572;-32.2952522908493
362.578176583228;-32.2672554562708
362.599800312884;-32.2396743178649
362.621424042541;-32.2117125203155
362.643047772197;-32.1871849857981
362.664671501853;-32.1691608745711
362.68629523151;-32.1528219089075
362.707918961166;-32.1370567857536
362.729542690822;-32.1203000618225
362.751166420478;-32.0920495291004
362.772790150135;-32.0425912003441
362.794413879791;-31.9748747939049
362.816037609447;-31.8950851229472
362.837661339103;-31.803269348515
362.85928506876;-31.7021632782171
362.880908798416;-31.5953580178625
362.902532528072;-31.4885157905239
362.924156257729;-31.3868574965113
362.945779987385;-31.2931343401657
362.967403717041;-31.2000139566285
