Name;ESR_BC_1_359s_Y_gon_160dg_result

Recipe
Accumulations;5;Number of accumulations
RetryCount;0;Number of retries on error
AbortOnError;True;Abort on error
EnableQFactorMeasurement;False;Enable/Disable q-Factor measurement
Bfrom;313;B from
Bto;363;B to
SweepTime;60;Sweep time
Modulation;0.2;Modulation
ModulationFreq;100;Modulation
BHoldEnabled;False;B hold enabled
BHold;0;B hold
MicrowavePower;2;Microwave power
MarkerEnabled;False;
MarkerStartField;0;
MarkerEndField;0;
Mode;;
KineticGFact;0;
KineticTotalTransientTime;0;
KineticTimeResolution;0;
TempFrom;5;
TempUseSlope;False;
TempTo;5;
TempdT;1;
TempSetupTime;0;
GonFrom;0;
GonTo;180;
GonSteps;20;
XRayEnabled;False;
XRayTime;3;
XRayVoltage;40;
XRayCurrent;0.5;
UVEnabled;False;
UVIntensity;0;
UVTime;0;
UVLeadTime;0;
UVWavelength;0;
PowSweepFrom;1;
PowSweepTo;5;
PowSweepSteps;5;
AmpModSweepFrom;0;
AmpModSweepTo;1;
AmpModSweepSteps;10;
ExtTriggerEnabled;False;
ExtTrigLeadTime;0;
ExtTrigOnTime;5;

Meas
BField [mT];MW_Absorption []
313.026243667603;176.469222476971
313.047865264794;175.787918300986
313.069486861984;175.014993248035
313.091108459175;174.201566696138
313.112730056366;173.369124490123
313.134351653557;172.50745700663
313.155973250748;171.578650666684
313.177594847939;170.571278546041
313.19921644513;169.51709355592
313.220838042321;168.450324756127
313.242459639512;167.35897683701
313.264081236703;166.246594378049
313.285702833894;165.144950087832
313.307324431085;164.093366057404
313.328946028276;163.118038572148
313.350567625467;162.219279040303
313.372189222658;161.383004666306
313.393810819849;160.624679603998
313.41543241704;160.000010828661
313.437054014231;159.538724599908
313.458675611422;159.219168349177
313.480297208613;159.031277969541
313.501918805804;158.965504749568
313.523540402995;159.01581178324
313.545162000185;159.170274770688
313.566783597376;159.398162213433
313.588405194567;159.668502811576
313.610026791758;159.962432238897
313.631648388949;160.267583168941
313.65326998614;160.565264100391
313.674891583331;160.828573945521
313.696513180522;161.047971296487
313.718134777713;161.223742751809
313.739756374904;161.35857232765
313.761377972095;161.453755137593
313.782999569286;161.510617246349
313.804621166477;161.533333066768
313.826242763668;161.532727782644
313.847864360859;161.516266215095
313.86948595805;161.486443344188
313.891107555241;161.443604558111
313.912729152432;161.38990554643
313.934350749623;161.327891072072
313.955972346814;161.254021050629
313.977593944005;161.160976150467
313.999215541196;161.046687914384
314.020837138387;160.91458490914
314.042458735578;160.768108554711
314.064080332768;160.613953002692
314.085701929959;160.465047383042
314.10732352715;160.328351611752
314.128945124341;160.209356061585
314.150566721532;160.123227237427
314.172188318723;160.088348661026
314.193809915914;160.108972793311
314.215431513105;160.178598693423
314.237053110296;160.292085359938
314.258674707487;160.443128133329
314.280296304678;160.616206193412
314.301917901869;160.799596310485
314.32353949906;160.991270711005
314.345161096251;161.18343247888
314.366782693442;161.345938830374
314.388404290633;161.433265858972
314.410025887824;161.448276114244
314.431647485015;161.397552522405
314.453269082206;161.272821980251
314.474890679397;161.077024554606
314.496512276588;160.813668068881
314.518133873779;160.48777101129
314.539755470969;160.13003535076
314.56137706816;159.768224281687
314.582998665351;159.41529575048
314.604620262542;159.089794462838
314.626241859733;158.793684330059
314.647863456924;158.522696095368
314.669485054115;158.281504618209
314.691106651306;158.086938105463
314.712728248497;157.955736794579
314.734349845688;157.877634454552
314.755971442879;157.829152562446
314.77759304007;157.792931641508
314.799214637261;157.75901671895
314.820836234452;157.722097562084
314.842457831643;157.677842421782
314.864079428834;157.621427804243
314.885701026025;157.555804478
314.907322623216;157.494720433556
314.928944220407;157.44615162096
314.950565817598;157.412530369976
314.972187414789;157.39833825868
314.99380901198;157.411904508486
315.01543060917;157.459546833841
315.037052206361;157.53959321077
315.058673803552;157.646498136218
315.080295400743;157.771768903058
315.101916997934;157.903502867975
315.123538595125;158.028333611048
315.145160192316;158.133837411016
315.166781789507;158.211444731601
315.188403386698;158.250094752528
315.210024983889;158.23916519777
315.23164658108;158.175426465548
315.253268178271;158.062757456636
315.274889775462;157.909684071578
315.296511372653;157.721343193048
315.318132969844;157.504332169208
315.339754567035;157.267553601572
315.361376164226;157.018010690097
315.382997761417;156.760130071799
315.404619358608;156.497130358059
315.426240955799;156.227490495219
315.44786255299;155.954783742392
315.469484150181;155.693867303487
315.491105747372;155.448669589484
315.512727344563;155.220511385114
315.534348941753;155.005990850883
315.555970538944;154.800858522506
315.577592136135;154.61599035157
315.599213733326;154.458897530495
315.620835330517;154.315749723486
315.642456927708;154.177097479078
315.664078524899;154.060701203097
315.68570012209;153.97116425109
315.707321719281;153.902773302732
315.728943316472;153.859197867785
315.750564913663;153.844311080423
315.772186510854;153.853889220155
315.793808108045;153.878892764562
315.815429705236;153.90983284515
315.837051302427;153.95145037089
315.858672899618;154.011474438113
315.880294496809;154.090696211512
315.901916094;154.184284435211
315.923537691191;154.284845438374
315.945159288382;154.382990073009
315.966780885573;154.46772818375
315.988402482764;154.541630259704
316.010024079954;154.609394301152
316.031645677145;154.674300840244
316.053267274336;154.743172434012
316.074888871527;154.810139253725
316.096510468718;154.858302368523
316.118132065909;154.886485920696
316.1397536631;154.902187383964
316.161375260291;154.920900587958
316.182996857482;154.948863762881
316.204618454673;154.970034029459
316.226240051864;154.968693765557
316.247861649055;154.961373141917
316.269483246246;154.947941813254
316.291104843437;154.908264553144
316.312726440628;154.830079841338
316.334348037819;154.710140645348
316.35596963501;154.540810750767
316.377591232201;154.321712248088
316.399212829392;154.074264893543
316.420834426583;153.801099759624
316.442456023774;153.502148550433
316.464077620965;153.180563062267
316.485699218156;152.841880998442
316.507320815346;152.493466896595
316.528942412537;152.137273990374
316.550564009728;151.78084451925
316.572185606919;151.428677127309
316.59380720411;151.073177884225
316.615428801301;150.712072919164
316.637050398492;150.357850664052
316.658671995683;150.008877842233
316.680293592874;149.654950681361
316.701915190065;149.298102668576
316.723536787256;148.945365352099
316.745158384447;148.606459900464
316.766779981638;148.285699389566
316.788401578829;147.983006100996
316.81002317602;147.693872564286
316.831644773211;147.410589747878
316.853266370402;147.109945015378
316.874887967593;146.790982758947
316.896509564784;146.472031094946
316.918131161975;146.151855669657
316.939752759166;145.826737796203
316.961374356357;145.480945268507
316.982995953548;145.098489364584
317.004617550738;144.674377684333
317.026239147929;144.238040077331
317.04786074512;143.806683093671
317.069482342311;143.384527747658
317.091103939502;142.968778990695
317.112725536693;142.561192164694
317.134347133884;142.177185538234
317.155968731075;141.838143171197
317.177590328266;141.553682129742
317.199211925457;141.320818590525
317.220833522648;141.137359225658
317.242455119839;141.017339931448
317.26407671703;140.949164781218
317.285698314221;140.913931956554
317.307319911412;140.909539250455
317.328941508603;140.939229346742
317.350563105794;140.999691010795
317.372184702985;141.083273507159
317.393806300176;141.184180832063
317.415427897367;141.299409263279
317.437049494558;141.42137537255
317.458671091749;141.53881533524
317.480292688939;141.651683717921
317.50191428613;141.762448541432
317.523535883321;141.868685168002
317.545157480512;141.960748949894
317.566779077703;142.02337615198
317.588400674894;142.046666228129
317.610022272085;142.032685373424
317.631643869276;141.985385162419
317.653265466467;141.901300094842
317.674887063658;141.774497906587
317.696508660849;141.600599109562
317.71813025804;141.379442485291
317.739751855231;141.118968733746
317.761373452422;140.823309551238
317.782995049613;140.494241062755
317.804616646804;140.140808760121
317.826238243995;139.771593127905
317.847859841186;139.392962380148
317.869481438377;139.004399015962
317.891103035568;138.599182777518
317.912724632759;138.179523015116
317.93434622995;137.763398470188
317.955967827141;137.372436122678
317.977589424331;137.008212867691
317.999211021522;136.666974492141
318.020832618713;136.351945854365
318.042454215904;136.070161662298
318.064075813095;135.826361203888
318.085697410286;135.616777099022
318.107319007477;135.431716509514
318.128940604668;135.260126906912
318.150562201859;135.09456976085
318.17218379905;134.940748880555
318.193805396241;134.794939088198
318.215426993432;134.656431961907
318.237048590623;134.527351724561
318.258670187814;134.401381850971
318.280291785005;134.269206532943
318.301913382196;134.128668472817
318.323534979387;133.986856959232
318.345156576578;133.854183521049
318.366778173769;133.732286294081
318.38839977096;133.613886853529
318.410021368151;133.495333941551
318.431642965342;133.377700720278
318.453264562533;133.26063120364
318.474886159724;133.134563498031
318.496507756914;132.993031383564
318.518129354105;132.839091171362
318.539750951296;132.682013569184
318.561372548487;132.529845836989
318.582994145678;132.371159793784
318.604615742869;132.192613481607
318.62623734006;131.979802819133
318.647858937251;131.721626137191
318.669480534442;131.431251664565
318.691102131633;131.123500372014
318.712723728824;130.797925428765
318.734345326015;130.445353326243
318.755966923206;130.066345404882
318.777588520397;129.672630989799
318.799210117588;129.262978779254
318.820831714779;128.842370602935
318.84245331197;128.431812394232
318.864074909161;128.048079072362
318.885696506352;127.704870092285
318.907318103543;127.408626353763
318.928939700734;127.158105993307
318.950561297924;126.964274133689
318.972182895115;126.840860939186
318.993804492306;126.786929470719
319.015426089497;126.792197850639
319.037047686688;126.855454678584
319.058669283879;126.978071447358
319.08029088107;127.148544871652
319.101912478261;127.353988837643
319.123534075452;127.579005819673
319.145155672643;127.799624777819
319.166777269834;128.007682311136
319.188398867025;128.206560142164
319.210020464216;128.388748955459
319.231642061407;128.543638094644
319.253263658598;128.674806953345
319.274885255789;128.797700739838
319.29650685298;128.922182928432
319.318128450171;129.054914756298
319.339750047362;129.202894146389
319.361371644553;129.364973673568
319.382993241744;129.5308470804
319.404614838935;129.696286326557
319.426236436126;129.863340051639
319.447858033316;130.029270346986
319.469479630507;130.183749650813
319.491101227698;130.309073843062
319.512722824889;130.388036468807
319.53434442208;130.408653729658
319.555966019271;130.363044992759
319.577587616462;130.25420998861
319.599209213653;130.097663951077
319.620830810844;129.897413802563
319.642452408035;129.655670872989
319.664074005226;129.383346052126
319.685695602417;129.096802056567
319.707317199608;128.811471925663
319.728938796799;128.536980935514
319.75056039399;128.269856399108
319.772181991181;128.001315693539
319.793803588372;127.728620519261
319.815425185563;127.465497121521
319.837046782754;127.217300630715
319.858668379945;126.973372002124
319.880289977136;126.723870561963
319.901911574327;126.474920064368
319.923533171518;126.233425161169
319.945154768708;125.987601942923
319.966776365899;125.726889939863
319.98839796309;125.461275081071
320.010019560281;125.209919938714
320.031641157472;124.969591733363
320.053262754663;124.737341976982
320.074884351854;124.516611304294
320.096505949045;124.305302557746
320.118127546236;124.10226227413
320.139749143427;123.909600968039
320.161370740618;123.730587396923
320.182992337809;123.572157091509
320.204613935;123.446316011386
320.226235532191;123.359672552415
320.247857129382;123.307738288864
320.269478726573;123.285583239114
320.291100323764;123.289512398654
320.312721920955;123.317633651603
320.334343518146;123.366968209466
320.355965115337;123.433633788875
320.377586712528;123.514864663249
320.399208309719;123.603306866268
320.420829906909;123.688472613432
320.4424515041;123.759042963335
320.464073101291;123.80393200808
320.485694698482;123.818102726609
320.507316295673;123.801517986246
320.528937892864;123.759521903604
320.550559490055;123.695138798739
320.572181087246;123.607862012418
320.593802684437;123.495463284731
320.615424281628;123.36387546744
320.637045878819;123.228843676308
320.65866747601;123.096810999489
320.680289073201;122.97052629898
320.701910670392;122.859620035918
320.723532267583;122.768624306197
320.745153864774;122.688308758132
320.766775461965;122.619763107037
320.788397059156;122.576692009579
320.810018656347;122.557001429647
320.831640253538;122.559192955934
320.853261850729;122.576373748116
320.87488344792;122.587579474733
320.896505045111;122.589028274253
320.918126642302;122.596391098771
320.939748239492;122.616040918647
320.961369836683;122.642236732654
320.982991433874;122.667031615813
321.004613031065;122.679491886488
321.026234628256;122.673780857499
321.047856225447;122.64538501747
321.069477822638;122.587052333967
321.091099419829;122.490221672464
321.11272101702;122.356736630795
321.134342614211;122.193932910414
321.155964211402;121.995261173948
321.177585808593;121.750525890797
321.199207405784;121.451140252698
321.220829002975;121.099594722117
321.242450600166;120.724359855689
321.264072197357;120.340387350018
321.285693794548;119.94905447204
321.307315391739;119.550982700709
321.32893698893;119.149439569612
321.350558586121;118.743227529987
321.372180183312;118.336874597958
321.393801780503;117.954716561164
321.415423377694;117.617740514525
321.437044974884;117.321934212845
321.458666572075;117.050836770885
321.480288169266;116.793064033344
321.501909766457;116.55194085732
321.523531363648;116.342039669269
321.545152960839;116.164251047048
321.56677455803;116.015702798816
321.588396155221;115.891868584734
321.610017752412;115.79345172297
321.631639349603;115.71502357615
321.653260946794;115.647131331888
321.674882543985;115.588155984941
321.696504141176;115.543340023141
321.718125738367;115.510948252785
321.739747335558;115.477909038188
321.761368932749;115.438271777576
321.78299052994;115.396089485863
321.804612127131;115.351010332218
321.826233724322;115.285367414975
321.847855321513;115.187033076303
321.869476918704;115.063301706933
321.891098515895;114.922738679132
321.912720113085;114.760227581152
321.934341710276;114.569411519383
321.955963307467;114.356776731863
321.977584904658;114.130353221589
321.999206501849;113.886962910929
322.02082809904;113.613830845324
322.042449696231;113.285290792643
322.064071293422;112.903365792741
322.085692890613;112.496615865587
322.107314487804;112.065678618563
322.128936084995;111.597529281936
322.150557682186;111.096855513407
322.172179279377;110.592601977227
322.193800876568;110.099094054856
322.215422473759;109.61283719116
322.23704407095;109.121816400124
322.258665668141;108.613240828646
322.280287265332;108.10709357848
322.301908862523;107.638543747144
322.323530459714;107.205534842248
322.345152056905;106.798714842802
322.366773654096;106.430404322137
322.388395251287;106.12361188056
322.410016848477;105.881516440904
322.431638445668;105.699725188356
322.453260042859;105.583812055827
322.47488164005;105.544292405335
322.496503237241;105.572470459994
322.518124834432;105.664268869089
322.539746431623;105.819465230699
322.561368028814;106.023318961486
322.582989626005;106.259414095627
322.604611223196;106.512838884947
322.626232820387;106.770346157065
322.647854417578;107.014046864617
322.669476014769;107.235625642026
322.69109761196;107.430318801871
322.712719209151;107.582876034024
322.734340806342;107.68864120283
322.755962403533;107.752692266209
322.777584000724;107.777183556303
322.799205597915;107.769180337188
322.820827195106;107.737849004739
322.842448792297;107.688845517774
322.864070389488;107.627304644331
322.885691986678;107.556051872009
322.907313583869;107.473648132755
322.92893518106;107.384158249996
322.950556778251;107.291635710213
322.972178375442;107.193964151623
322.993799972633;107.080937401972
323.015421569824;106.950850573786
323.037043167015;106.806069997124
323.058664764206;106.648279341217
323.080286361397;106.481661914974
323.101907958588;106.305550789331
323.123529555779;106.115592098968
323.14515115297;105.904583268551
323.166772750161;105.668113434367
323.188394347352;105.407944610967
323.210015944543;105.128096329358
323.231637541734;104.82915876712
323.253259138925;104.501993543444
323.274880736116;104.144085530619
323.296502333307;103.780536849983
323.318123930498;103.4358637645
323.339745527689;103.105781833043
323.36136712488;102.782877743815
323.38298872207;102.464683334423
323.404610319261;102.153092393207
323.426231916452;101.848341578248
323.447853513643;101.54361769401
323.469475110834;101.238935300846
323.491096708025;100.943642718044
323.512718305216;100.655367223636
323.534339902407;100.369547871141
323.555961499598;100.093542835381
323.577583096789;99.8280390708788
323.59920469398;99.5614983771777
323.620826291171;99.2819079828623
323.642447888362;98.9829830328127
323.664069485553;98.6669401639299
323.685691082744;98.3399343001695
323.707312679935;98.0012614099956
323.728934277126;97.641372609608
323.750555874317;97.2651034434742
323.772177471508;96.892223181625
323.793799068699;96.5305726517539
323.81542066589;96.1839719807168
323.837042263081;95.8604468154479
323.858663860272;95.5630365222119
323.880285457462;95.2852297495553
323.901907054653;95.0279730822377
323.923528651844;94.798464194968
323.945150249035;94.599061395904
323.966771846226;94.4406883301449
323.988393443417;94.3306315093767
324.010015040608;94.2565070094075
324.031636637799;94.1973814282581
324.05325823499;94.134519520452
324.074879832181;94.0615506523416
324.096501429372;93.9774519659824
324.118123026563;93.8761961987324
324.139744623754;93.7461923584093
324.161366220945;93.5821585616405
324.182987818136;93.3872910400837
324.204609415327;93.1609304256558
324.226231012518;92.8991705353542
324.247852609709;92.6038015280139
324.2694742069;92.2990315108762
324.291095804091;92.0103406141844
324.312717401282;91.7372376070477
324.334338998473;91.4715474411791
324.355960595663;91.2083641489642
324.377582192854;90.9496286492141
324.399203790045;90.7049104598501
324.420825387236;90.4803663051103
324.442446984427;90.2722456830108
324.464068581618;90.0821371412767
324.485690178809;89.9144131770286
324.507311776;89.7606625149714
324.528933373191;89.6134852221003
324.550554970382;89.4794928306865
324.572176567573;89.3646931839485
324.593798164764;89.2696572503553
324.615419761955;89.2036269289417
324.637041359146;89.1692370197257
324.658662956337;89.1552369536593
324.680284553528;89.1578813474444
324.701906150719;89.1791622812437
324.72352774791;89.2181246147147
324.745149345101;89.2706433608318
324.766770942292;89.326956240125
324.788392539483;89.3646228465791
324.810014136674;89.3631234964227
324.831635733865;89.3249234689145
324.853257331055;89.2577857233435
324.874878928246;89.1602311725068
324.896500525437;89.0303857186386
324.918122122628;88.8680405128267
324.939743719819;88.6707761799427
324.96136531701;88.4320312873148
324.982986914201;88.1474305555722
325.004608511392;87.8276639125393
325.026230108583;87.4851540903598
325.047851705774;87.1144177790521
325.069473302965;86.7073931237005
325.091094900156;86.2712460227441
325.112716497347;85.8212424574576
325.134338094538;85.3679343092052
325.155959691729;84.9162414904581
325.17758128892;84.4628956011187
325.199202886111;83.995585962615
325.220824483302;83.5209839575339
325.242446080493;83.0564621837706
325.264067677684;82.6105863139247
325.285689274875;82.1873250858073
325.307310872066;81.7861856665648
325.328932469257;81.4062279291063
325.350554066448;81.0484176659384
325.372175663638;80.7161399460465
325.393797260829;80.4110911128033
325.41541885802;80.1287503211857
325.437040455211;79.8608434618194
325.458662052402;79.6018008835574
325.480283649593;79.3564137266874
325.501905246784;79.1278903332427
325.523526843975;78.9194352084192
325.545148441166;78.736460852502
325.566770038357;78.5739362483558
325.588391635548;78.4115506009893
325.610013232739;78.2219292827039
325.63163482993;77.9837109093043
325.653256427121;77.7013603586538
325.674878024312;77.3946136021468
325.696499621503;77.0452072526659
325.718121218694;76.6347230187751
325.739742815885;76.1513444121723
325.761364413076;75.6058379297341
325.782986010267;75.0248670718246
325.804607607458;74.4192475354407
325.826229204648;73.784417001948
325.847850801839;73.109086003648
325.86947239903;72.3735695543571
325.891093996221;71.5925128278331
325.912715593412;70.8186347327078
325.934337190603;70.072747150762
325.955958787794;69.3469262889856
325.977580384985;68.6323812598667
325.999201982176;67.9243501989903
326.020823579367;67.2394156537979
326.042445176558;66.6077519997289
326.064066773749;66.0576154673909
326.08568837094;65.604180105594
326.107309968131;65.2395799807454
326.128931565322;64.9465983456659
326.150553162513;64.7130317598254
326.172174759704;64.534051960741
326.193796356895;64.406149861229
326.215417954086;64.3255451543669
326.237039551277;64.281987022852
326.258661148468;64.2592544879326
326.280282745659;64.2491221410024
326.30190434285;64.2506131331074
326.323525940041;64.2540753447821
326.345147537231;64.2461500449538
326.366769134422;64.2145473578027
326.388390731613;64.1452824613057
326.410012328804;64.0361004960033
326.431633925995;63.8931187127767
326.453255523186;63.7171172911864
326.474877120377;63.5013450453512
326.496498717568;63.2398833519575
326.518120314759;62.9343691866461
326.53974191195;62.5997502961595
326.561363509141;62.2430657441959
326.582985106332;61.8611216579551
326.604606703523;61.4517158084214
326.626228300714;61.0233764588034
326.647849897905;60.5950072676933
326.669471495096;60.174541249674
326.691093092287;59.7579727722458
326.712714689478;59.3407950140355
326.734336286669;58.9277054520315
326.75595788386;58.5291479768592
326.777579481051;58.1634592397879
326.799201078242;57.8351084393821
326.820822675433;57.5290717564127
326.842444272623;57.2346435091469
326.864065869814;56.9511683158184
326.885687467005;56.6884726435567
326.907309064196;56.4524570985353
326.928930661387;56.2379451590851
326.950552258578;56.0438111750867
326.972173855769;55.8665739794177
326.99379545296;55.6985589093124
327.015417050151;55.5330372855488
327.037038647342;55.3704482325058
327.058660244533;55.2133815344781
327.080281841724;55.057268649399
327.101903438915;54.8882385706659
327.123525036106;54.6962768855484
327.145146633297;54.4795238255121
327.166768230488;54.2399610656065
327.188389827679;53.9742229749239
327.21001142487;53.6712641377039
327.231633022061;53.3263793450082
327.253254619252;52.947555803192
327.274876216443;52.5448092448054
327.296497813633;52.1154710245667
327.318119410824;51.6533922699041
327.339741008015;51.1657342703729
327.361362605206;50.6647071330837
327.382984202397;50.154794865408
327.404605799588;49.6369039316667
327.426227396779;49.1062287689063
327.44784899397;48.55414888857
327.469470591161;47.991687595509
327.491092188352;47.4481089958551
327.512713785543;46.9325822081517
327.534335382734;46.4383744045638
327.555956979925;45.9543464837669
327.577578577116;45.4800229658854
327.599200174307;45.0293497232708
327.620821771498;44.6233144746337
327.642443368689;44.253282465446
327.66406496588;43.9077773718965
327.685686563071;43.5823372438458
327.707308160262;43.258814941629
327.728929757453;42.9258121197004
327.750551354644;42.5803471145175
327.772172951835;42.2191118304106
327.793794549026;41.8421716253245
327.815416146216;41.444782489573
327.837037743407;41.0051869311683
327.858659340598;40.5155879197552
327.880280937789;39.9742738838122
327.90190253498;39.3860082986395
327.923524132171;38.7769596989498
327.945145729362;38.1554959420912
327.966767326553;37.5072696811733
327.988388923744;36.8133543286071
328.010010520935;36.0628602527715
328.031632118126;35.2673408095728
328.053253715317;34.4945104005126
328.074875312508;33.7760299217427
328.096496909699;33.0905339114811
328.11811850689;32.4427926447516
328.139740104081;31.8452912494765
328.161361701272;31.2940616041142
328.182983298463;30.7759894871569
328.204604895654;30.292046158119
328.226226492845;29.8474315250918
328.247848090036;29.4407829801858
328.269469687227;29.0606016776961
328.291091284418;28.687270954474
328.312712881608;28.3030711977587
328.334334478799;27.8963886535418
328.35595607599;27.4615702645147
328.377577673181;27.0064921691905
328.399199270372;26.5356365096932
328.420820867563;26.04079583237
328.442442464754;25.5305293278741
328.464064061945;25.0140064718231
328.485685659136;24.4877122647791
328.507307256327;23.9430491599496
328.528928853518;23.3841313935181
328.550550450709;22.8245185942448
328.5721720479;22.2807408585616
328.593793645091;21.7684607471877
328.615415242282;21.292115651897
328.637036839473;20.8454971440395
328.658658436664;20.4268590963727
328.680280033855;20.0363008121956
328.701901631046;19.6677470088823
328.723523228237;19.3250662798744
328.745144825428;19.0159276931068
328.766766422619;18.7338823980326
328.788388019809;18.4605354115834
328.810009617;18.1911255201617
328.831631214191;17.9458947927521
328.853252811382;17.7385504343864
328.874874408573;17.560545875572
328.896496005764;17.4056648546265
328.918117602955;17.2788082561224
328.939739200146;17.1809013275836
328.961360797337;17.1107725233293
328.982982394528;17.0713227984778
329.004603991719;17.0648184874736
329.02622558891;17.0846834982579
329.047847186101;17.1146343935435
329.069468783292;17.1396320922109
329.091090380483;17.1509441226092
329.112711977674;17.1452590983156
329.134333574865;17.1123045320171
329.155955172056;17.0360844134304
329.177576769247;16.9036582997218
329.199198366438;16.7099631312435
329.220819963629;16.4647875238218
329.24244156082;16.1843770979628
329.264063158011;15.8721278597006
329.285684755201;15.5319694265002
329.307306352392;15.1757295769157
329.328927949583;14.8212687728318
329.350549546774;14.4906998443577
329.372171143965;14.1952507562219
329.393792741156;13.932231115402
329.415414338347;13.7046960991684
329.437035935538;13.5184621941256
329.458657532729;13.3755502532229
329.48027912992;13.2764716888799
329.501900727111;13.2147376540796
329.523522324302;13.1732203162684
329.545143921493;13.1352765492991
329.566765518684;13.0896056750845
329.588387115875;13.0280928257891
329.610008713066;12.9442102971709
329.631630310257;12.8340243665058
329.653251907448;12.6935484625613
329.674873504639;12.5180087343555
329.69649510183;12.3072975557625
329.718116699021;12.0590154929089
329.739738296212;11.7690020428294
329.761359893403;11.4498955543157
329.782981490593;11.1245178308337
329.804603087784;10.8051281683248
329.826224684975;10.4887703199112
329.847846282166;10.1682061363219
329.869467879357;9.84711282849707
329.891089476548;9.5553298519998
329.912711073739;9.31561507509372
329.93433267093;9.13274540574349
329.955954268121;9.01432570283023
329.977575865312;8.9617373760297
329.999197462503;8.95843099461092
330.020819059694;8.9950945072876
330.042440656885;9.07087077923919
330.064062254076;9.18495009710574
330.085683851267;9.32966752631921
330.107305448458;9.49524502700106
330.128927045649;9.67548268905884
330.15054864284;9.86033860761555
330.172170240031;10.0312087272298
330.193791837222;10.1835742610479
330.215413434413;10.3185523574768
330.237035031604;10.4355215648513
330.258656628794;10.5325575099229
330.280278225985;10.6104552415262
330.301899823176;10.6761571150822
330.323521420367;10.7340911707694
330.345143017558;10.7841399809807
330.366764614749;10.8199346545853
330.38838621194;10.8377971579621
330.410007809131;10.8411692392523
330.431629406322;10.8318878907488
330.453251003513;10.8087753066851
330.474872600704;10.7687773575465
330.496494197895;10.7067178606279
330.518115795086;10.6173714564708
330.539737392277;10.4996128961648
330.561358989468;10.3551158577974
330.582980586659;10.1887236012959
330.60460218385;10.004984660735
330.626223781041;9.80871682637789
330.647845378232;9.60329707175177
330.669466975423;9.39351698551877
330.691088572614;9.19190812713347
330.712710169805;9.01663305969711
330.734331766996;8.87054803438218
330.755953364187;8.74820770761755
330.777574961377;8.65569952891246
330.799196558568;8.60542401845916
330.820818155759;8.60305539351029
330.84243975295;8.64304757370925
330.864061350141;8.71824954005299
330.885682947332;8.82360755049746
330.907304544523;8.94807112379826
330.928926141714;9.08328483542735
330.950547738905;9.23596898974455
330.972169336096;9.40079821801012
330.993790933287;9.54927070907274
331.015412530478;9.66927968477106
331.037034127669;9.76535474409579
331.05865572486;9.83620542735386
331.080277322051;9.8744974912259
331.101898919242;9.87264766048136
331.123520516433;9.82177358618185
331.145142113624;9.7225773079067
331.166763710815;9.58975292484496
331.188385308006;9.43069263258465
331.210006905197;9.24510598957647
331.231628502387;9.03339788331783
331.253250099578;8.80327608723005
331.274871696769;8.56701981277789
331.29649329396;8.33713333921574
331.318114891151;8.12166130625519
331.339736488342;7.92594800959074
331.361358085533;7.74939482578739
331.382979682724;7.5975725452096
331.404601279915;7.4820619921145
331.426222877106;7.41129830580749
331.447844474297;7.3829731290173
331.469466071488;7.39322776866425
331.491087668679;7.44670739386515
331.51270926587;7.54761132877005
331.534330863061;7.67710795217465
331.555952460252;7.81426907525855
331.577574057443;7.96141154220044
331.599195654634;8.12775040563037
331.620817251825;8.3088654830959
331.642438849016;8.48437472417172
331.664060446207;8.64974617421584
331.685682043398;8.82613325743944
331.707303640589;9.03278772812402
331.728925237779;9.26240769718342
331.75054683497;9.48761183608227
331.772168432161;9.69258305457959
331.793790029352;9.88506801927494
331.815411626543;10.0550651572472
331.837033223734;10.1770879806681
331.858654820925;10.2272703790303
331.880276418116;10.1837517295311
331.901898015307;10.0300111474591
331.923519612498;9.74667848730869
331.945141209689;9.31118475626081
331.96676280688;8.68591295136292
331.988384404071;7.83310543349421
332.010006001262;6.73925158490073
332.031627598453;5.40689292759023
332.053249195644;3.92025814225707
332.074870792835;2.36907265755525
332.096492390026;0.742925844440549
332.118113987217;-0.972569432727397
332.139735584408;-2.70738253981744
332.161357181599;-4.38296407956432
332.18297877879;-5.99215571120681
332.204600375981;-7.4915891374979
332.226221973172;-8.72980381856061
332.247843570362;-9.63968277917681
332.269465167553;-10.2720261163612
332.291086764744;-10.6792166644466
332.312708361935;-10.8785187986915
332.334329959126;-10.8796795235465
332.355951556317;-10.7144718103003
332.377573153508;-10.4210182483884
332.399194750699;-10.0429490275191
332.42081634789;-9.60157660361529
332.442437945081;-9.11345144422123
332.464059542272;-8.60784805280917
332.485681139463;-8.09290842250383
332.507302736654;-7.55696629174469
332.528924333845;-7.01160360263415
332.550545931036;-6.49396052995476
332.572167528227;-6.0109445018125
332.593789125418;-5.54552332061485
332.615410722609;-5.08676058847783
332.6370323198;-4.65959160173884
332.658653916991;-4.2845916894438
332.680275514182;-3.96093912111692
332.701897111373;-3.68237684429013
332.723518708563;-3.44341346273816
332.745140305754;-3.24208062954452
332.766761902945;-3.07764347188908
332.788383500136;-2.94164757281098
332.810005097327;-2.82579259579123
332.831626694518;-2.71715970882161
332.853248291709;-2.60102408719115
332.8748698889;-2.46408226274067
332.896491486091;-2.30178167856616
332.918113083282;-2.10576698595597
332.939734680473;-1.87060393564064
332.961356277664;-1.60861654485109
332.982977874855;-1.33220629218658
333.004599472046;-1.03931388331674
333.026221069237;-0.732424084452987
333.047842666428;-0.421192000645306
333.069464263619;-0.110366128841008
333.09108586081;0.205347009603315
333.112707458001;0.538647278727126
333.134329055192;0.896143072184486
333.155950652383;1.28844908066503
333.177572249574;1.71343176785302
333.199193846765;2.15701976459101
333.220815443955;2.6285703131968
333.242437041146;3.14994841623314
333.264058638337;3.7541825047077
333.285680235528;4.47188208620997
333.307301832719;5.32281224832948
333.32892342991;6.29278209668416
333.350545027101;7.33562435493428
333.372166624292;8.41776107692772
333.393788221483;9.52203518298771
333.415409818674;10.6371406880028
333.437031415865;11.7567715025407
333.458653013056;12.8970683127095
333.480274610247;14.0640212799828
333.501896207438;15.204076808154
333.523517804629;16.296598877952
333.54513940182;17.3603865567399
333.566760999011;18.3570741783838
333.588382596202;19.202730609035
333.610004193393;19.8727792960832
333.631625790584;20.3609255418531
333.653247387775;20.6809905091876
333.674868984966;20.8496440159947
333.696490582157;20.8834033394109
333.718112179347;20.8233877024756
333.739733776538;20.7086143214327
333.761355373729;20.5823732859958
333.78297697092;20.4962495383495
333.804598568111;20.5124162394355
333.826220165302;20.6835211889988
333.847841762493;21.0374037464714
333.869463359684;21.5952357849137
333.891084956875;22.3701958230974
333.912706554066;23.3770628426151
333.934328151257;24.6513795404494
333.955949748448;26.221439075939
333.977571345639;28.0417022116628
333.99919294283;29.9705947824529
334.020814540021;31.8404375573929
334.042436137212;33.5822038923446
334.064057734403;35.1871120522266
334.085679331594;36.5227518741557
334.107300928785;37.3637547908613
334.128922525976;37.5471681945555
334.150544123167;36.9425441577805
334.172165720358;35.4873052980442
334.193787317548;33.2617707945226
334.215408914739;30.333153626129
334.23703051193;26.7574598147092
334.258652109121;22.6753065140928
334.280273706312;18.2666146553568
334.301895303503;13.5599120999685
334.323516900694;8.71129459041458
334.345138497885;4.01955968618279
334.366760095076;-0.348670145555104
334.388381692267;-4.27995018583812
334.410003289458;-7.64335113081646
334.431624886649;-10.3019818937905
334.45324648384;-12.1297261100804
334.474868081031;-13.1890518436409
334.496489678222;-13.6257787631269
334.518111275413;-13.4986023963348
334.539732872604;-12.8037925954143
334.561354469795;-11.572882992972
334.582976066986;-9.9528237836067
334.604597664177;-8.10705272612967
334.626219261368;-6.08489479174105
334.647840858559;-3.78129629019037
334.66946245575;-1.1310597953705
334.69108405294;1.65838781568664
334.712705650131;4.45304435702911
334.734327247322;7.21522644617508
334.755948844513;10.0106633101937
334.777570441704;12.9089375088999
334.799192038895;15.9401125633864
334.820813636086;19.0022446433227
334.842435233277;22.0141583199642
334.864056830468;24.9826719845868
334.885678427659;27.8905507911766
334.90730002485;30.77628733365
334.928921622041;33.6770430898681
334.950543219232;36.5246595164803
334.972164816423;39.2598049783611
334.993786413614;41.8817436350683
335.015408010805;44.4768868950162
335.037029607996;47.0858055566155
335.058651205187;49.7217007378942
335.080272802378;52.3263199670535
335.101894399569;54.7521946072635
335.12351599676;56.9722208513512
335.145137593951;59.0715034317335
335.166759191142;61.1434426921341
335.188380788332;63.1700548781625
335.210002385523;65.0812320067607
335.231623982714;66.8822649022501
335.253245579905;68.5857297275853
335.274867177096;70.1973662751554
335.296488774287;71.7044033586379
335.318110371478;73.0778894452053
335.339731968669;74.3246438917029
335.36135356586;75.4359626132382
335.382975163051;76.3734002657892
335.404596760242;77.1219312056029
335.426218357433;77.7606541476744
335.447839954624;78.3212496881439
335.469461551815;78.8313862259113
335.491083149006;79.3601565604462
335.512704746197;79.9796296716785
335.534326343388;80.7599917766325
335.555947940579;81.7661967281455
335.57756953777;83.0540789262746
335.599191134961;84.6929068090942
335.620812732152;86.8221946094772
335.642434329343;89.5729844294316
335.664055926533;93.0934154107592
335.685677523724;97.468297354631
335.707299120915;102.742509530286
335.728920718106;109.037516498609
335.750542315297;116.422138176958
335.772163912488;124.832924827047
335.793785509679;134.467761031058
335.81540710687;145.684124009964
335.837028704061;158.681607286237
335.858650301252;173.281628626412
335.880271898443;189.11128004951
335.901893495634;205.906288622257
335.923515092825;223.909354940779
335.945136690016;243.728816315532
335.966758287207;265.613093292249
335.988379884398;289.649570771612
336.010001481589;316.8702343501
336.03162307878;348.164412271777
336.053244675971;383.193405404502
336.074866273162;422.705614743513
336.096487870353;467.371631209241
336.118109467544;517.16223832869
336.139731064735;572.216972882642
336.161352661925;634.402318703232
336.182974259116;705.233377443541
336.204595856307;784.609552457732
336.226217453498;870.417459252807
336.247839050689;963.39143051697
336.26946064788;1064.24368357733
336.291082245071;1169.89037669685
336.312703842262;1278.05652020275
336.334325439453;1386.86033138209
336.355947036644;1496.74897430223
336.377568633835;1607.40408135061
336.399190231026;1711.2545298857
336.420811828217;1799.75574726329
336.442433425408;1871.3133421329
336.464055022599;1924.63123923601
336.48567661979;1955.28258821738
336.507298216981;1955.40139058564
336.528919814172;1924.65617778929
336.550541411363;1868.42196711146
336.572163008554;1785.5040522438
336.593784605745;1673.0468475714
336.615406202936;1528.88181842362
336.637027800127;1352.93648295988
336.658649397317;1151.66982750841
336.680270994508;933.960098206256
336.701892591699;706.065834825685
336.72351418889;478.026894005546
336.745135786081;256.076770765628
336.766757383272;38.878481893732
336.788378980463;-175.248508303563
336.810000577654;-384.844846429452
336.831622174845;-586.845982837206
336.853243772036;-773.313391921456
336.874865369227;-936.376045700709
336.896486966418;-1073.24570220404
336.918108563609;-1186.22618613247
336.9397301608;-1277.46114930845
336.961351757991;-1348.63026294046
336.982973355182;-1400.78837670048
337.004594952373;-1434.47377841743
337.026216549564;-1451.50290109162
337.047838146755;-1454.62420445031
337.069459743946;-1447.56393067489
337.091081341137;-1433.14694113543
337.112702938328;-1412.35315683044
337.134324535518;-1386.50292701192
337.155946132709;-1358.32907414701
337.1775677299;-1330.2149477971
337.199189327091;-1302.45397582436
337.220810924282;-1275.11479862657
337.242432521473;-1249.06221652737
337.264054118664;-1225.22877796648
337.285675715855;-1203.56965476602
337.307297313046;-1183.54907571844
337.328918910237;-1164.71491562742
337.350540507428;-1146.65590281976
337.372162104619;-1129.32069532799
337.39378370181;-1112.40010471995
337.415405299001;-1095.26362994224
337.437026896192;-1076.86140043208
337.458648493383;-1056.09807856557
337.480270090574;-1032.32323194884
337.501891687765;-1005.12734338588
337.523513284956;-974.254127470834
337.545134882147;-939.527560665339
337.566756479338;-901.160148255654
337.588378076529;-861.123636091237
337.60999967372;-819.703851687211
337.631621270911;-776.13940165489
337.653242868101;-730.129348676805
337.674864465292;-683.128144224639
337.696486062483;-636.771412902926
337.718107659674;-591.735145925266
337.739729256865;-548.103153902372
337.761350854056;-506.692070200798
337.782972451247;-468.747529739049
337.804594048438;-433.922016186435
337.826215645629;-400.431424615939
337.84783724282;-368.900701683511
337.869458840011;-339.825005020068
337.891080437202;-313.14067968106
337.912702034393;-289.122207867167
337.934323631584;-268.024394888349
337.955945228775;-249.428162004448
337.977566825966;-232.960439024493
337.999188423157;-218.106637065494
338.020810020348;-204.604498913264
338.042431617539;-192.828469453136
338.06405321473;-182.668513782538
338.085674811921;-173.49585809014
338.107296409112;-164.900300478428
338.128918006302;-156.872148828396
338.150539603493;-149.490793378684
338.172161200684;-142.723022604589
338.193782797875;-136.440012095496
338.215404395066;-130.472020182545
338.237025992257;-124.622416389835
338.258647589448;-118.788235698135
338.280269186639;-113.001391999945
338.30189078383;-107.377755444852
338.323512381021;-102.018732483332
338.345133978212;-97.0344773092544
338.366755575403;-92.3970659598372
338.388377172594;-88.1050554117666
338.409998769785;-84.2176824309864
338.431620366976;-80.8935024162191
338.453241964167;-78.4171416476909
338.474863561358;-76.8874333803505
338.496485158549;-76.2266891709264
338.51810675574;-76.4457657043804
338.539728352931;-77.6157564208557
338.561349950122;-79.7421663332739
338.582971547313;-82.8090841514418
338.604593144504;-86.7588180176471
338.626214741694;-91.4311822039763
338.647836338885;-96.5372893185397
338.669457936076;-101.75501723627
338.691079533267;-106.884891015899
338.712701130458;-111.744739318296
338.734322727649;-116.11771825159
338.75594432484;-119.859645617087
338.777565922031;-122.821154581312
338.799187519222;-124.896895458184
338.820809116413;-126.183903683653
338.842430713604;-126.759370750671
338.864052310795;-126.596179142127
338.885673907986;-125.709797745377
338.907295505177;-124.242034920727
338.928917102368;-122.369611433692
338.950538699559;-120.236259860597
338.97216029675;-117.978307832892
338.993781893941;-115.788226474847
339.015403491132;-113.764151276609
339.037025088323;-111.873350461936
339.058646685514;-110.110484195443
339.080268282705;-108.526901475645
339.101889879896;-107.173689820219
339.123511477086;-106.026083546057
339.145133074277;-105.042208382994
339.166754671468;-104.198874411139
339.188376268659;-103.457007460301
339.20999786585;-102.774402796592
339.231619463041;-102.111218616749
339.253241060232;-101.418247007495
339.274862657423;-100.650597714077
339.296484254614;-99.7878382918095
339.318105851805;-98.8282410202611
339.339727448996;-97.7431842837162
339.361349046187;-96.5297080378547
339.382970643378;-95.2039268015083
339.404592240569;-93.7581433862712
339.42621383776;-92.1984372748123
339.447835434951;-90.623023322742
339.469457032142;-89.1364972039379
339.491078629333;-87.7361429143151
339.512700226524;-86.3895926499365
339.534321823715;-85.0709068989575
339.555943420906;-83.7877308340048
339.577565018097;-82.5933157600816
339.599186615287;-81.5174083267287
339.620808212478;-80.5654924115527
339.642429809669;-79.743865233573
339.66405140686;-79.0416776248832
339.685673004051;-78.4400293983404
339.707294601242;-77.9297377973492
339.728916198433;-77.4948859176691
339.750537795624;-77.1231814915787
339.772159392815;-76.8121603063481
339.793780990006;-76.5492179446571
339.815402587197;-76.3213568123723
339.837024184388;-76.1285144150794
339.858645781579;-75.9668613578218
339.88026737877;-75.831165047551
339.901888975961;-75.712595205569
339.923510573152;-75.6023505890124
339.945132170343;-75.4966164893074
339.966753767534;-75.3964921686244
339.988375364725;-75.3136260315609
340.009996961916;-75.2619795059655
340.031618559107;-75.2444502944046
340.053240156298;-75.2518273138398
340.074861753489;-75.2788832784088
340.096483350679;-75.320907195859
340.11810494787;-75.3690484351845
340.139726545061;-75.4043777402128
340.161348142252;-75.4170857074637
340.182969739443;-75.3978743905396
340.204591336634;-75.3413858522108
340.226212933825;-75.2421507648086
340.247834531016;-75.0847267459686
340.269456128207;-74.8504060643452
340.291077725398;-74.5270400066781
340.312699322589;-74.1078079623988
340.33432091978;-73.5870344816843
340.355942516971;-72.9709028402485
340.377564114162;-72.277937729698
340.399185711353;-71.5211354833841
340.420807308544;-70.6948281576202
340.442428905735;-69.77872721208
340.464050502926;-68.7881415638164
340.485672100117;-67.7690388712672
340.507293697308;-66.7680622825739
340.528915294499;-65.8142619981007
340.55053689169;-64.9460321885709
340.572158488881;-64.2196568386336
340.593780086071;-63.7090695562357
340.615401683262;-63.3913306613729
340.637023280453;-63.3472213650942
340.658644877644;-63.5855178710563
340.680266474835;-64.1207764797876
340.701888072026;-64.9540552199904
340.723509669217;-66.0412953947324
340.745131266408;-67.3320030741397
340.766752863599;-68.8046307783836
340.78837446079;-70.4367399086908
340.809996057981;-72.2071027849098
340.831617655172;-74.0249448687178
340.853239252363;-75.7500470939588
340.874860849554;-77.2306014722043
340.896482446745;-78.445397025948
340.918104043936;-79.4271747424731
340.939725641127;-80.1817377766474
340.961347238318;-80.6860055038056
340.982968835509;-80.9359083532506
341.0045904327;-80.9671043018541
341.026212029891;-80.7974069842562
341.047833627082;-80.4820828454216
341.069455224272;-80.1107616014008
341.091076821463;-79.7359353771647
341.112698418654;-79.3716600279453
341.134320015845;-79.0280499218232
341.155941613036;-78.7289015735122
341.177563210227;-78.5085591456907
341.199184807418;-78.3621546117062
341.220806404609;-78.2860224881336
341.2424280018;-78.2770035334296
341.264049598991;-78.3152250338959
341.285671196182;-78.3777685546491
341.307292793373;-78.4592492078072
341.328914390564;-78.556980681545
341.350535987755;-78.6518784471794
341.372157584946;-78.7009119356767
341.393779182137;-78.699449261681
341.415400779328;-78.6472864923209
341.437022376519;-78.5619165299141
341.45864397371;-78.4438442790536
341.480265570901;-78.2927906321955
341.501887168092;-78.1036460096141
341.523508765283;-77.8866019672507
341.545130362474;-77.6638142661564
341.566751959664;-77.4549706630251
341.588373556855;-77.2533843892957
341.609995154046;-77.0497654326339
341.631616751237;-76.8450155273835
341.653238348428;-76.6480001502983
341.674859945619;-76.4634930084548
341.69648154281;-76.291090499404
341.718103140001;-76.1341631993154
341.739724737192;-75.9932877117579
341.761346334383;-75.8597396862569
341.782967931574;-75.7246524269392
341.804589528765;-75.5958271764704
341.826211125956;-75.4920028996174
341.847832723147;-75.4130311005095
341.869454320338;-75.3511919709581
341.891075917529;-75.3040135004325
341.91269751472;-75.2707463569414
341.934319111911;-75.2477456899524
341.955940709102;-75.2276151608536
341.977562306293;-75.2005070023563
341.999183903484;-75.1593978721511
342.020805500675;-75.1188814488153
342.042427097866;-75.0837722058239
342.064048695056;-75.0479779652716
342.085670292247;-75.0010437099637
342.107291889438;-74.9391038312287
342.128913486629;-74.8647693531546
342.15053508382;-74.7809125485592
342.172156681011;-74.6843085737121
342.193778278202;-74.5719983028227
342.215399875393;-74.4448614038422
342.237021472584;-74.3056033709551
342.258643069775;-74.1590737203844
342.280264666966;-74.0097724497689
342.301886264157;-73.8574946122589
342.323507861348;-73.7013594853521
342.345129458539;-73.5466446629449
342.36675105573;-73.3959290568687
342.388372652921;-73.246890637617
342.409994250112;-73.1029359346589
342.431615847303;-72.9702741128858
342.453237444494;-72.844572570355
342.474859041685;-72.7235696073872
342.496480638876;-72.6102079059148
342.518102236067;-72.5145222867803
342.539723833257;-72.4414613038655
342.561345430448;-72.3923654094854
342.582967027639;-72.3700621417195
342.60458862483;-72.3769109115026
342.626210222021;-72.4083329687317
342.647831819212;-72.4594016790157
342.669453416403;-72.5273437618933
342.691075013594;-72.6141844284508
342.712696610785;-72.7186351270648
342.734318207976;-72.8361722582584
342.755939805167;-72.9665937694504
342.777561402358;-73.1116873016053
342.799182999549;-73.2668607181326
342.82080459674;-73.4267127661081
342.842426193931;-73.588375100805
342.864047791122;-73.7582900328502
342.885669388313;-73.9450089121985
342.907290985504;-74.137718151843
342.928912582695;-74.3174354059964
342.950534179886;-74.4793311837214
342.972155777077;-74.6254463852631
342.993777374268;-74.7519547585103
343.015398971459;-74.8382119036129
343.03702056865;-74.8570770064729
343.05864216584;-74.8006965171681
343.080263763031;-74.6811973935565
343.101885360222;-74.4999350589272
343.123506957413;-74.2498468184024
343.145128554604;-73.9373569123625
343.166750151795;-73.5832842557407
343.188371748986;-73.2012041967213
343.209993346177;-72.7913643375145
343.231614943368;-72.3589802911922
343.253236540559;-71.9181269582322
343.27485813775;-71.4908410161434
343.296479734941;-71.0914491707922
343.318101332132;-70.7327811118606
343.339722929323;-70.4263803824766
343.361344526514;-70.1705433413495
343.382966123705;-69.9656322736885
343.404587720896;-69.8174378765807
343.426209318087;-69.7163915297989
343.447830915278;-69.6446678255062
343.469452512469;-69.5954644628675
343.49107410966;-69.5668560508624
343.512695706851;-69.5449464688523
343.534317304041;-69.5191403601553
343.555938901232;-69.4917242799976
343.577560498423;-69.4693235262436
343.599182095614;-69.448229985759
343.620803692805;-69.4176862645125
343.642425289996;-69.382234199511
343.664046887187;-69.3554477988061
343.685668484378;-69.350035923565
343.707290081569;-69.3610763734131
343.72891167876;-69.3858005348278
343.750533275951;-69.4275316866375
343.772154873142;-69.4810880347195
343.793776470333;-69.5387881666097
343.815398067524;-69.604836791765
343.837019664715;-69.6829051348416
343.858641261906;-69.7685911726415
343.880262859097;-69.8567693118537
343.901884456288;-69.9487000140304
343.923506053479;-70.0477578764244
343.94512765067;-70.150488734494
343.966749247861;-70.2552649458817
343.988370845052;-70.3665500898573
344.009992442242;-70.4875240349132
344.031614039433;-70.6180784592597
344.053235636624;-70.7611719412323
344.074857233815;-70.9261127922814
344.096478831006;-71.1282935532222
344.118100428197;-71.3509217889321
344.139722025388;-71.5804068723653
344.161343622579;-71.8251455511169
344.18296521977;-72.0928631902625
344.204586816961;-72.3781947547294
344.226208414152;-72.6811618481228
344.247830011343;-73.0048597087855
344.269451608534;-73.3337442692819
344.291073205725;-73.6388123181062
344.312694802916;-73.913779451722
344.334316400107;-74.1646153790533
344.355937997298;-74.3925581764854
344.377559594489;-74.5845590751568
344.39918119168;-74.7225818876467
344.420802788871;-74.7989200422403
344.442424386062;-74.8209590224431
344.464045983253;-74.8022154455573
344.485667580444;-74.7429509768893
344.507289177635;-74.6420156926941
344.528910774825;-74.5094892584571
344.550532372016;-74.3564159645694
344.572153969207;-74.1830270886175
344.593775566398;-73.9868233096959
344.615397163589;-73.7724820549177
344.63701876078;-73.5385418932922
344.658640357971;-73.2647290835383
344.680261955162;-72.9776024760303
344.701883552353;-72.712240068767
344.723505149544;-72.4659252081541
344.745126746735;-72.2304443568455
344.766748343926;-72.0018863849452
344.788369941117;-71.7834945580411
344.809991538308;-71.5820747665042
344.831613135499;-71.3941210098961
344.85323473269;-71.2216638678813
344.874856329881;-71.0716831440268
344.896477927072;-70.9488216511798
344.918099524263;-70.8506978929561
344.939721121454;-70.7720719471017
344.961342718645;-70.7160980108686
344.982964315836;-70.6965687348053
345.004585913026;-70.7104104902446
345.026207510217;-70.7501967589378
345.047829107408;-70.8181712437477
345.069450704599;-70.9110508097174
345.09107230179;-71.0203596702221
345.112693898981;-71.1398930599854
345.134315496172;-71.2703352458071
345.155937093363;-71.4207690247564
345.177558690554;-71.5934008398201
345.199180287745;-71.7695261365275
345.220801884936;-71.9362453129422
345.242423482127;-72.1010920392457
345.264045079318;-72.2780528662784
345.285666676509;-72.4634026555595
345.3072882737;-72.6348416880004
345.328909870891;-72.7929119205522
345.350531468082;-72.9456196491518
345.372153065273;-73.0950470508953
345.393774662464;-73.2411898428352
345.415396259655;-73.391624562829
345.437017856846;-73.5541153491692
345.458639454037;-73.7212625078539
345.480261051228;-73.8812652024509
345.501882648418;-74.032481830011
345.523504245609;-74.1800348182893
345.5451258428;-74.3233960605724
345.566747439991;-74.4588349461931
345.588369037182;-74.5851080627494
345.609990634373;-74.7005251419623
345.631612231564;-74.8016536632423
345.653233828755;-74.887395750902
345.674855425946;-74.9601340859003
345.696477023137;-75.0211701689954
345.718098620328;-75.066235793512
345.739720217519;-75.0909043876222
345.76134181471;-75.0966163851065
345.782963411901;-75.0899539645611
345.804585009092;-75.0804718867979
345.826206606283;-75.0641131752652
345.847828203474;-75.0263273963932
345.869449800665;-74.9744208834761
345.891071397856;-74.924569825998
345.912692995047;-74.8878802838513
345.934314592238;-74.8619826151135
345.955936189429;-74.8489254891532
345.97755778662;-74.8558393676698
345.99917938381;-74.8987393168638
346.020800981001;-74.9847112047589
346.042422578192;-75.104513677011
346.064044175383;-75.2489122861479
346.085665772574;-75.4058435760641
346.107287369765;-75.5761445645371
346.128908966956;-75.7615584540061
346.150530564147;-75.9378180008155
346.172152161338;-76.0892427317331
346.193773758529;-76.2196734829022
346.21539535572;-76.3294061531562
346.237016952911;-76.416736679592
346.258638550102;-76.4730680083725
346.280260147293;-76.4844695236254
346.301881744484;-76.4222937870336
346.323503341675;-76.2861789193661
346.345124938866;-76.1113642655226
346.366746536057;-75.9089754372288
346.388368133248;-75.6710784404638
346.409989730439;-75.3927821440688
346.43161132763;-75.0853782420213
346.453232924821;-74.7727713983253
346.474854522011;-74.4624724839026
346.496476119202;-74.1520401037653
346.518097716393;-73.841918790873
346.539719313584;-73.5384646789246
346.561340910775;-73.2470761401833
346.582962507966;-72.9607767944244
346.604584105157;-72.6715672179423
346.626205702348;-72.3833113868453
346.647827299539;-72.1071461198339
346.66944889673;-71.8494666015078
346.691070493921;-71.607483602734
346.712692091112;-71.3723890671112
346.734313688303;-71.1455728830161
346.755935285494;-70.937512193346
346.777556882685;-70.7518897893903
346.799178479876;-70.5929608734992
346.820800077067;-70.4731420484214
346.842421674258;-70.4047936111938
346.864043271449;-70.3859486144866
346.88566486864;-70.4055144352132
346.907286465831;-70.4528435345478
346.928908063022;-70.5312312158234
346.950529660213;-70.6390912893486
346.972151257403;-70.7618906337331
346.993772854594;-70.89607235283
347.015394451785;-71.0401903068449
347.037016048976;-71.1824135170418
347.058637646167;-71.3078323174362
347.080259243358;-71.4087581185571
347.101880840549;-71.4858754114798
347.12350243774;-71.551114897631
347.145124034931;-71.6150108085143
347.166745632122;-71.6770982428185
347.188367229313;-71.7451503574187
347.209988826504;-71.8261568758464
347.231610423695;-71.9205947669641
347.253232020886;-72.028738350607
347.274853618077;-72.1579036208395
347.296475215268;-72.3160739403515
347.318096812459;-72.5052463738202
347.33971840965;-72.7151911594347
347.361340006841;-72.933415252162
347.382961604032;-73.1526874425268
347.404583201223;-73.3612067627329
347.426204798414;-73.5538555008588
347.447826395605;-73.7395975167243
347.469447992795;-73.9072898888958
347.491069589986;-74.0302050889542
347.512691187177;-74.0954134784686
347.534312784368;-74.1142320586073
347.555934381559;-74.1003106831772
347.57755597875;-74.0554572325145
347.599177575941;-73.9713271315297
347.620799173132;-73.8475669518697
347.642420770323;-73.6994910101382
347.664042367514;-73.5450450698981
347.685663964705;-73.3964624028904
347.707285561896;-73.2597529867394
347.728907159087;-73.1394350321428
347.750528756278;-73.0379588533237
347.772150353469;-72.9482802420522
347.79377195066;-72.8577508525525
347.815393547851;-72.7591365379105
347.837015145042;-72.652764596386
347.858636742233;-72.5300594052858
347.880258339424;-72.3804217642926
347.901879936615;-72.2026000448678
347.923501533806;-71.9989745887927
347.945123130996;-71.7726059832104
347.966744728187;-71.5237622832402
347.988366325378;-71.2509115274435
348.009987922569;-70.9648302942768
348.03160951976;-70.684661658516
348.053231116951;-70.4230213934177
348.074852714142;-70.1860128967692
348.096474311333;-69.9875731802741
348.118095908524;-69.8335776955336
348.139717505715;-69.7175265906915
348.161339102906;-69.6323295667924
348.182960700097;-69.5707904736077
348.204582297288;-69.525282801817
348.226203894479;-69.4939678295645
348.24782549167;-69.4838136621457
348.269447088861;-69.5005934478101
348.291068686052;-69.5411460682292
348.312690283243;-69.5964602830302
348.334311880434;-69.6581101912389
348.355933477625;-69.7213951392932
348.377555074816;-69.7878174452154
348.399176672007;-69.8611029618958
348.420798269198;-69.9367545191715
348.442419866388;-70.0090333453977
348.464041463579;-70.0812879792619
348.48566306077;-70.1547023876606
348.507284657961;-70.2332079808992
348.528906255152;-70.321193835348
348.550527852343;-70.4030262309092
348.572149449534;-70.4563311686044
348.593771046725;-70.478477230013
348.615392643916;-70.4770168166272
348.637014241107;-70.4552980333738
348.658635838298;-70.4040775733265
348.680257435489;-70.3153944516467
348.70187903268;-70.1873475872053
348.723500629871;-70.0263387273991
348.745122227062;-69.8529301635099
348.766743824253;-69.6799629496477
348.788365421444;-69.5079360665666
348.809987018635;-69.3616000576679
348.831608615826;-69.2651688167096
348.853230213017;-69.2277588955832
348.874851810208;-69.2499913751843
348.896473407399;-69.3303662236104
348.91809500459;-69.4707313400879
348.93971660178;-69.673631147488
348.961338198971;-69.9392875263541
348.982959796162;-70.2507856473004
349.004581393353;-70.5877240217373
349.026202990544;-70.9332893856787
349.047824587735;-71.2715167109696
349.069446184926;-71.5882883600644
349.091067782117;-71.8692043753826
349.112689379308;-72.1088440728427
349.134310976499;-72.2972968365326
349.15593257369;-72.4193559570476
349.177554170881;-72.4738441194039
349.199175768072;-72.4565700399195
349.220797365263;-72.3632771053436
349.242418962454;-72.204819415243
349.264040559645;-71.9884975282533
349.285662156836;-71.7218240673824
349.307283754027;-71.4222707725584
349.328905351218;-71.0968868171427
349.350526948409;-70.7420252392997
349.3721485456;-70.3616683795233
349.393770142791;-69.987740901429
349.415391739981;-69.6437694926974
349.437013337172;-69.3350639043438
349.458634934363;-69.0717915127174
349.480256531554;-68.8488075349449
349.501878128745;-68.6651216913412
349.523499725936;-68.5252360316826
349.545121323127;-68.4356862446249
349.566742920318;-68.4128339746484
349.588364517509;-68.4768344244956
349.6099861147;-68.6254750716513
349.631607711891;-68.86260186556
349.653229309082;-69.1802477659309
349.674850906273;-69.5724221087599
349.696472503464;-70.0224444201518
349.718094100655;-70.4932729758119
349.739715697846;-70.9817168266294
349.761337295037;-71.4983567336081
349.782958892228;-72.0284145146827
349.804580489419;-72.5399590545548
349.82620208661;-73.0197935745639
349.847823683801;-73.4515237402656
349.869445280992;-73.823794343801
349.891066878183;-74.1242300905187
349.912688475374;-74.3470134410368
349.934310072564;-74.5046955273049
349.955931669755;-74.6076089863921
349.977553266946;-74.6727138333783
349.999174864137;-74.7140863450507
350.020796461328;-74.7373402297274
350.042418058519;-74.74581698067
350.06403965571;-74.7428699017701
350.085661252901;-74.7383500885073
350.107282850092;-74.7418289194802
350.128904447283;-74.7578615210246
350.150526044474;-74.7931408737186
350.172147641665;-74.8531752682822
350.193769238856;-74.9420176280152
350.215390836047;-75.0280821271338
350.237012433238;-75.0872526597223
350.258634030429;-75.1249222348637
350.28025562762;-75.1442768675018
350.301877224811;-75.1399929961419
350.323498822002;-75.1143806434965
350.345120419193;-75.0729471191532
350.366742016384;-75.0177077398816
350.388363613575;-74.9497099655329
350.409985210766;-74.8736804746978
350.431606807956;-74.7935830362093
350.453228405147;-74.7134096768807
350.474850002338;-74.6353274023437
350.496471599529;-74.5659671743546
350.51809319672;-74.5135096851275
350.539714793911;-74.4783592954559
350.561336391102;-74.4533697099302
350.582957988293;-74.433147447262
350.604579585484;-74.4196392550529
350.626201182675;-74.4130932413376
350.647822779866;-74.4071521566904
350.669444377057;-74.3987827662205
350.691065974248;-74.3932966313654
350.712687571439;-74.3958555959219
350.73430916863;-74.4116577222594
350.755930765821;-74.4509660536312
350.777552363012;-74.5167984225127
350.799173960203;-74.6058540772504
350.820795557394;-74.7161081303806
350.842417154585;-74.8453074314609
350.864038751776;-74.9884586115976
350.885660348967;-75.144313162447
350.907281946157;-75.3134614883517
350.928903543348;-75.485227958364
350.950525140539;-75.6398169227208
350.97214673773;-75.7718392654834
350.993768334921;-75.8829747728907
351.015389932112;-75.9774899106997
351.037011529303;-76.0570027035776
351.058633126494;-76.103507430399
351.080254723685;-76.1039769104495
351.101876320876;-76.0584225143291
351.123497918067;-75.9555071514139
351.145119515258;-75.7919787774337
351.166741112449;-75.5929759713222
351.18836270964;-75.3665466470981
351.209984306831;-75.0998322677871
351.231605904022;-74.7786398257438
351.253227501213;-74.4111284345782
351.274849098404;-74.019818415891
351.296470695595;-73.6178428917322
351.318092292786;-73.2084612326657
351.339713889977;-72.7998927923423
351.361335487168;-72.4119975916797
351.382957084359;-72.0485304485886
351.404578681549;-71.709687892607
351.42620027874;-71.4067683538895
351.447821875931;-71.1313396196078
351.469443473122;-70.8818021217552
351.491065070313;-70.6608428111694
351.512686667504;-70.4688442782459
351.534308264695;-70.3086309617532
351.555929861886;-70.1922755238536
351.577551459077;-70.1213590651812
351.599173056268;-70.0956248301967
351.620794653459;-70.1242121512968
351.64241625065;-70.2172559508145
351.664037847841;-70.3706131019749
351.685659445032;-70.5745399971774
351.707281042223;-70.8234015575796
351.728902639414;-71.1164117961112
351.750524236605;-71.4514904920076
351.772145833796;-71.8156173957069
351.793767430987;-72.185662697459
351.815389028178;-72.5358531086204
351.837010625369;-72.8623448811435
351.85863222256;-73.1693436037305
351.88025381975;-73.4495396736018
351.901875416941;-73.691654912678
351.923497014132;-73.8892689020111
351.945118611323;-74.035582831729
351.966740208514;-74.1157435930587
351.988361805705;-74.1262817548236
352.009983402896;-74.0766387050676
352.031605000087;-73.9684552519723
352.053226597278;-73.8026379031723
352.074848194469;-73.5933726435399
352.09646979166;-73.358553425334
352.118091388851;-73.1055516732233
352.139712986042;-72.8382032106131
352.161334583233;-72.5663185420222
352.182956180424;-72.3072757162471
352.204577777615;-72.0824436843813
352.226199374806;-71.9056267258506
352.247820971997;-71.7788398898499
352.269442569188;-71.7024707538197
352.291064166379;-71.6737030923796
352.31268576357;-71.686264980574
352.334307360761;-71.7338551133329
352.355928957952;-71.8047550744588
352.377550555142;-71.8822867628498
352.399172152333;-71.9499288833457
352.420793749524;-71.996022449054
352.442415346715;-72.009167892609
352.464036943906;-71.9809693988639
352.485658541097;-71.9066831616317
352.507280138288;-71.7859276296669
352.528901735479;-71.6246448002236
352.55052333267;-71.4306956008676
352.572144929861;-71.2148240473026
352.593766527052;-70.9912776173371
352.615388124243;-70.7619420351526
352.637009721434;-70.5239571046755
352.658631318625;-70.2887382367385
352.680252915816;-70.0779774957905
352.701874513007;-69.899414121557
352.723496110198;-69.749416925377
352.745117707389;-69.6213476011961
352.76673930458;-69.5045791122468
352.788360901771;-69.3829571806378
352.809982498962;-69.2447507013648
352.831604096153;-69.0908752589582
352.853225693344;-68.924573347393
352.874847290534;-68.7414783092466
352.896468887725;-68.538117613099
352.918090484916;-68.3136848739548
352.939712082107;-68.0659715700291
352.961333679298;-67.8066648252817
352.982955276489;-67.5513689966737
353.00457687368;-67.3072623189371
353.026198470871;-67.084871388309
353.047820068062;-66.8920646461719
353.069441665253;-66.7282388381351
353.091063262444;-66.5916579041432
353.112684859635;-66.476912953181
353.134306456826;-66.3779618409186
353.155928054017;-66.2907205211851
353.177549651208;-66.2039830074046
353.199171248399;-66.1086193148382
353.22079284559;-66.0044610576028
353.242414442781;-65.8874220602701
353.264036039972;-65.7417215938126
353.285657637163;-65.5658819663332
353.307279234354;-65.3738101574145
353.328900831545;-65.1691841996868
353.350522428735;-64.9477131262758
353.372144025926;-64.7087785331478
353.393765623117;-64.4680265756886
353.415387220308;-64.2491359167134
353.437008817499;-64.06378558541
353.45863041469;-63.9113612088985
353.480252011881;-63.789137468982
353.501873609072;-63.7045921641565
353.523495206263;-63.6725903703902
353.545116803454;-63.6824571202451
353.566738400645;-63.7197715139576
353.588359997836;-63.7834925415837
353.609981595027;-63.8731150010652
353.631603192218;-63.9806214998818
353.653224789409;-64.094658761168
353.6748463866;-64.2065851474938
353.696467983791;-64.3067118026336
353.718089580982;-64.3898713140871
353.739711178173;-64.4569475810654
353.761332775364;-64.5021739565607
353.782954372555;-64.510197399701
353.804575969746;-64.4778077809329
353.826197566937;-64.4092798615387
353.847819164127;-64.307777017025
353.869440761318;-64.1765953548439
353.891062358509;-64.0244673346774
353.9126839557;-63.8627442728979
353.934305552891;-63.6973879288716
353.955927150082;-63.5254121262105
353.977548747273;-63.3491030846927
353.999170344464;-63.1807936556432
354.020791941655;-63.0168761348432
354.042413538846;-62.8513260459217
354.064035136037;-62.6824316226135
354.085656733228;-62.5094797168834
354.107278330419;-62.3405857900076
354.12889992761;-62.1844276507434
354.150521524801;-62.0385862276424
354.172143121992;-61.8994740169186
354.193764719183;-61.7637686644825
354.215386316374;-61.631486993707
354.237007913565;-61.5115278102983
354.258629510756;-61.4134742563559
354.280251107947;-61.3374176880368
354.301872705138;-61.2796750721611
354.323494302329;-61.2542389312605
354.34511589952;-61.2640322323714
354.36673749671;-61.2995954869492
354.388359093901;-61.3551828906292
354.409980691092;-61.4538563609177
354.431602288283;-61.6019493610606
354.453223885474;-61.7992853636143
354.474845482665;-62.0423192665178
354.496467079856;-62.3267923809278
354.518088677047;-62.6453054191132
354.539710274238;-62.9895294128709
354.561331871429;-63.3703679467114
354.58295346862;-63.7917877912792
354.604575065811;-64.2373979035624
354.626196663002;-64.6949187640398
354.647818260193;-65.1665614391985
354.669439857384;-65.6241139891938
354.691061454575;-66.032933542652
354.712683051766;-66.3852183157928
354.734304648957;-66.6883782181083
354.755926246148;-66.9521686674838
354.777547843339;-67.1812196404775
354.79916944053;-67.3746249593088
354.82079103772;-67.5341951033681
354.842412634911;-67.6688264089821
354.864034232102;-67.7807023387371
354.885655829293;-67.8647959459485
354.907277426484;-67.9304991343541
354.928899023675;-67.9863030519341
354.950520620866;-68.039206321721
354.972142218057;-68.092760666628
354.993763815248;-68.1412902564815
355.015385412439;-68.1748420024648
355.03700700963;-68.1928774953604
355.058628606821;-68.1932614886954
355.080250204012;-68.1692311817493
355.101871801203;-68.1012350915105
355.123493398394;-67.9715955917399
355.145114995585;-67.773413217308
355.166736592776;-67.5013747901299
355.188358189967;-67.158182092191
355.209979787158;-66.7602479398068
355.231601384349;-66.330475695204
355.25322298154;-65.8722038233335
355.274844578731;-65.3599268279202
355.296466175922;-64.783620613972
355.318087773113;-64.155240185186
355.339709370303;-63.5270961352263
355.361330967494;-62.9384160712854
355.382952564685;-62.3881881678337
355.404574161876;-61.8565818795526
355.426195759067;-61.3256737363185
355.447817356258;-60.8198163094995
355.469438953449;-60.3604451533334
355.49106055064;-59.9473527006062
355.512682147831;-59.5709956551828
355.534303745022;-59.2202326266891
355.555925342213;-58.8904473549261
355.577546939404;-58.5777687037212
355.599168536595;-58.2833671612475
355.620790133786;-58.0121885167872
355.642411730977;-57.7636367326761
355.664033328168;-57.5389489068973
355.685654925359;-57.349476086003
355.70727652255;-57.2050673920196
355.728898119741;-57.1061239940408
355.750519716932;-57.0551369233472
355.772141314123;-57.0608583964289
355.793762911314;-57.1206447470534
355.815384508505;-57.2260115025576
355.837006105695;-57.3744922652025
355.858627702886;-57.5683740696458
355.880249300077;-57.8032401076292
355.901870897268;-58.0695296263508
355.923492494459;-58.350703648194
355.94511409165;-58.6402120665035
355.966735688841;-58.9298231983135
355.988357286032;-59.1918898374559
356.009978883223;-59.4113404999174
356.031600480414;-59.5933393585953
356.053222077605;-59.7392403862444
356.074843674796;-59.8377580208246
356.096465271987;-59.8822655593777
356.118086869178;-59.8724333212038
356.139708466369;-59.806123741428
356.16133006356;-59.6800907288117
356.182951660751;-59.4907918467841
356.204573257942;-59.2454393100847
356.226194855133;-58.9663599846004
356.247816452324;-58.664598962233
356.269438049515;-58.3378078200518
356.291059646705;-57.986832292609
356.312681243896;-57.6309712456055
356.334302841087;-57.2929197607456
356.355924438278;-56.991236269438
356.377546035469;-56.735637101549
356.39916763266;-56.5152420786757
356.420789229851;-56.3368326422556
356.442410827042;-56.2072521369546
356.464032424233;-56.129154904114
356.485654021424;-56.1030281517087
356.507275618615;-56.1199650595949
356.528897215806;-56.1676462677638
356.550518812997;-56.2389031388378
356.572140410188;-56.3290046810756
356.593762007379;-56.4291975531302
356.61538360457;-56.5332049877209
356.637005201761;-56.6355673792992
356.658626798952;-56.7271244881514
356.680248396143;-56.8021864403204
356.701869993334;-56.8594481431079
356.723491590525;-56.8952884369775
356.745113187716;-56.9068814530562
356.766734784907;-56.8928118908478
356.788356382098;-56.8536962701184
356.809977979288;-56.7928088550993
356.831599576479;-56.7106121937527
356.85322117367;-56.6094462487195
356.874842770861;-56.4928606541585
356.896464368052;-56.3665277054138
356.918085965243;-56.2342164764812
356.939707562434;-56.1000032155166
356.961329159625;-55.9705228935152
356.982950756816;-55.8532989621669
357.004572354007;-55.7526807144887
357.026193951198;-55.6605876074481
357.047815548389;-55.5699132587661
357.06943714558;-55.4763578028442
357.091058742771;-55.3705324326679
357.112680339962;-55.2421446958624
357.134301937153;-55.0941736942705
357.155923534344;-54.9358993125972
357.177545131535;-54.7653072555218
357.199166728726;-54.5766341712117
357.220788325917;-54.381409456399
357.242409923108;-54.2007835815666
357.264031520299;-54.0471633057905
357.285653117489;-53.9246840999223
357.30727471468;-53.8395353422331
357.328896311871;-53.7982528517389
357.350517909062;-53.7971025901199
357.372139506253;-53.8370518268358
357.393761103444;-53.9269027289918
357.415382700635;-54.0608260038957
357.437004297826;-54.219199568928
357.458625895017;-54.389820845058
357.480247492208;-54.5607973614507
357.501869089399;-54.7144469175167
357.52349068659;-54.8346920919078
357.545112283781;-54.9166219777516
357.566733880972;-54.9655187510313
357.588355478163;-54.9741635813855
357.609977075354;-54.9328436883102
357.631598672545;-54.8438117018005
357.653220269736;-54.712252345681
357.674841866927;-54.5348879820962
357.696463464118;-54.3140107319267
357.718085061309;-54.0644356736345
357.7397066585;-53.8011872734537
357.761328255691;-53.5394933687413
357.782949852881;-53.29100923027
357.804571450072;-53.0581612903894
357.826193047263;-52.8432068060817
357.847814644454;-52.6565726451362
357.869436241645;-52.5079240800359
357.891057838836;-52.4021857053901
357.912679436027;-52.343273710655
357.934301033218;-52.3328198903604
357.955922630409;-52.3699948400535
357.9775442276;-52.4455904981619
357.999165824791;-52.5499422780816
358.020787421982;-52.6671710626014
358.042409019173;-52.7760201573247
358.064030616364;-52.8646478931852
358.085652213555;-52.9253546594711
358.107273810746;-52.9495036831298
358.128895407937;-52.9327456461659
358.150517005128;-52.8777863704951
358.172138602319;-52.7882751025987
358.19376019951;-52.6655121858081
358.215381796701;-52.5186331236457
358.237003393892;-52.3561230276434
358.258624991083;-52.1765613215233
358.280246588273;-51.9868655399204
358.301868185464;-51.8190422003991
358.323489782655;-51.6917184731414
358.345111379846;-51.6068236127482
358.366732977037;-51.5609796290317
358.388354574228;-51.5482824833209
358.409976171419;-51.5623340446368
358.43159776861;-51.5971413632839
358.453219365801;-51.6529436689036
358.474840962992;-51.7297696251673
358.496462560183;-51.8129351528995
358.518084157374;-51.886019620271
358.539705754565;-51.9451230726111
358.561327351756;-51.9925699628173
358.582948948947;-52.0269703315456
358.604570546138;-52.0430795698714
358.626192143329;-52.0338557828248
358.64781374052;-51.9993586495223
358.669435337711;-51.9418351737614
358.691056934902;-51.8617297918761
358.712678532093;-51.7575831210131
358.734300129284;-51.6313266559407
358.755921726475;-51.4743970434887
358.777543323665;-51.2817277344413
358.799164920856;-51.0607155375894
358.820786518047;-50.8103270205435
358.842408115238;-50.5248280217848
358.864029712429;-50.2048605463686
358.88565130962;-49.8761297721195
358.907272906811;-49.5621378783737
358.928894504002;-49.2627875913522
358.950516101193;-48.9789455645599
358.972137698384;-48.7131035089209
358.993759295575;-48.4569738348563
359.015380892766;-48.2133123048396
359.037002489957;-47.9998233599015
359.058624087148;-47.8303087699422
359.080245684339;-47.6956387232646
359.10186728153;-47.585054190928
359.123488878721;-47.4963122703367
359.145110475912;-47.4199022239271
359.166732073103;-47.3419739614714
359.188353670294;-47.2602356955352
359.209975267485;-47.1763716694516
359.231596864676;-47.0842469209295
359.253218461866;-46.9770985046932
359.274840059057;-46.8530364398768
359.296461656248;-46.7137099246987
359.318083253439;-46.5671837615092
359.33970485063;-46.4186213442303
359.361326447821;-46.2646983455567
359.382948045012;-46.1141155891042
359.404569642203;-45.9771502462353
359.426191239394;-45.8564901234083
359.447812836585;-45.764405208316
359.469434433776;-45.7157529122802
359.491056030967;-45.7082340314864
359.512677628158;-45.7361813575263
359.534299225349;-45.808295797322
359.55592082254;-45.9297275987709
359.577542419731;-46.1007852602948
359.599164016922;-46.3219846286303
359.620785614113;-46.5913263518388
359.642407211304;-46.9031127035449
359.664028808495;-47.2447272147706
359.685650405686;-47.6188944785792
359.707272002877;-48.0244033396905
359.728893600068;-48.4368985495555
359.750515197258;-48.8355591370756
359.772136794449;-49.2141774294872
359.79375839164;-49.5832947994199
359.815379988831;-49.9394169829293
359.837001586022;-50.2521286534297
359.858623183213;-50.5092299950968
359.880244780404;-50.6983691248874
359.901866377595;-50.8217713622876
359.923487974786;-50.8844974692557
359.945109571977;-50.8897210630967
359.966731169168;-50.8338497801084
359.988352766359;-50.7081197423325
360.00997436355;-50.5103479762653
360.031595960741;-50.2503294064117
360.053217557932;-49.9521105370904
360.074839155123;-49.6425747739808
360.096460752314;-49.3401444303397
360.118082349505;-49.0659624423687
360.139703946696;-48.822078128806
360.161325543887;-48.6111045461205
360.182947141078;-48.4378485849153
360.204568738269;-48.3033119651703
360.226190335459;-48.2069609865218
360.24781193265;-48.1461209953856
360.269433529841;-48.1182207589682
360.291055127032;-48.1227985115033
360.312676724223;-48.1557034670303
360.334298321414;-48.2082080669455
360.355919918605;-48.2702775215912
360.377541515796;-48.3352826639015
360.399163112987;-48.3898168811474
360.420784710178;-48.4122081744371
360.442406307369;-48.3923502180355
360.46402790456;-48.3300956701423
360.485649501751;-48.2178347026276
360.507271098942;-48.0395259435074
360.528892696133;-47.8108435842072
360.550514293324;-47.5610910599225
360.572135890515;-47.3009737655715
360.593757487706;-47.0398584819939
360.615379084897;-46.7848293531036
360.637000682088;-46.5412345272533
360.658622279279;-46.3194165067406
360.68024387647;-46.1348736357288
360.701865473661;-46.0014269647908
360.723487070851;-45.911522383569
360.745108668042;-45.8586373949852
360.766730265233;-45.8399200956119
360.788351862424;-45.8568562927434
360.809973459615;-45.906553113921
360.831595056806;-45.9750019037734
360.853216653997;-46.0494913896894
360.874838251188;-46.1252960259617
360.896459848379;-46.2008799534484
360.91808144557;-46.2734497799322
360.939703042761;-46.3400421190734
360.961324639952;-46.4043263123906
360.982946237143;-46.4638785966387
361.004567834334;-46.5112952124234
361.026189431525;-46.5518115632725
361.047811028716;-46.5866435058491
361.069432625907;-46.6084156282916
361.091054223098;-46.61843268013
361.112675820289;-46.6250226884424
361.13429741748;-46.6251044722596
361.155919014671;-46.6166434542288
361.177540611862;-46.6050820111568
361.199162209053;-46.5933202080207
361.220783806244;-46.5752113620235
361.242405403434;-46.5492540552436
361.264027000625;-46.5231300757571
361.285648597816;-46.5028357235494
361.307270195007;-46.4904875118096
361.328891792198;-46.4885617638164
361.350513389389;-46.4975671970991
361.37213498658;-46.5178690134937
361.393756583771;-46.551799025927
361.415378180962;-46.5967198894083
361.436999778153;-46.646365739909
361.458621375344;-46.7016229943905
361.480242972535;-46.7666055110074
361.501864569726;-46.8392767389802
361.523486166917;-46.910632700147
361.545107764108;-46.9695954878748
361.566729361299;-47.0087953335531
361.58835095849;-47.0263744167644
361.609972555681;-47.0230372154388
361.631594152872;-47.000513403163
361.653215750063;-46.9593801886587
361.674837347254;-46.8940327735494
361.696458944445;-46.7978266519999
361.718080541635;-46.6782594743138
361.739702138826;-46.5351018035687
361.761323736017;-46.3724794272793
361.782945333208;-46.2006025434619
361.804566930399;-46.0185397018201
361.82618852759;-45.8197187564682
361.847810124781;-45.6022039506749
361.869431721972;-45.3797590709222
361.891053319163;-45.1604493889184
361.912674916354;-44.9434478496929
361.934296513545;-44.7241927188275
361.955918110736;-44.5052363694697
361.977539707927;-44.2890491063126
361.999161305118;-44.0714305993996
362.020782902309;-43.8495815959383
362.0424044995;-43.6255158699192
362.064026096691;-43.4039991633016
362.085647693882;-43.1914080302567
362.107269291073;-42.9941518490774
362.128890888264;-42.8100748741234
362.150512485455;-42.6316187741431
362.172134082646;-42.4666493168432
362.193755679837;-42.3243927421073
362.215377277027;-42.2017312607657
362.236998874218;-42.0917255618943
362.258620471409;-41.9934665568521
362.2802420686;-41.9098565644785
362.301863665791;-41.8377920750759
362.323485262982;-41.770927499563
362.345106860173;-41.7006443817469
362.366728457364;-41.6195047149792
362.388350054555;-41.5304973354172
362.409971651746;-41.438263589996
362.431593248937;-41.3352854004576
362.453214846128;-41.214166299643
362.474836443319;-41.0739216992979
362.49645804051;-40.9208817638457
362.518079637701;-40.7568502412628
362.539701234892;-40.5912035470981
362.561322832083;-40.4404474526613
362.582944429274;-40.3055914812351
362.604566026465;-40.1779174413854
362.626187623656;-40.0535016622892
362.647809220847;-39.9323053215687
362.669430818038;-39.8159731231739
362.691052415229;-39.7077619772919
362.712674012419;-39.6084715179983
362.73429560961;-39.5193769233635
362.755917206801;-39.4510928194687
362.777538803992;-39.4055575980246
362.799160401183;-39.3815425789408
362.820781998374;-39.3831570630092
362.842403595565;-39.3973531497955
362.864025192756;-39.4107258217353
362.885646789947;-39.4224438241035
362.907268387138;-39.4477632777322
362.928889984329;-39.4797902117456
362.95051158152;-39.5051286790705
362.972133178711;-39.5144728327729
