Name;BF_ESR_01_Natural_Y_gon_160dg_result

Recipe
Accumulations;5;Number of accumulations
RetryCount;0;Number of retries on error
AbortOnError;True;Abort on error
EnableQFactorMeasurement;False;Enable/Disable q-Factor measurement
Bfrom;313;B from
Bto;363;B to
SweepTime;60;Sweep time
Modulation;0.2;Modulation
ModulationFreq;100;Modulation
BHoldEnabled;False;B hold enabled
BHold;0;B hold
MicrowavePower;2;Microwave power
MarkerEnabled;False;
MarkerStartField;0;
MarkerEndField;0;
Mode;;
KineticGFact;0;
KineticTotalTransientTime;0;
KineticTimeResolution;0;
TempFrom;5;
TempUseSlope;False;
TempTo;5;
TempdT;1;
TempSetupTime;0;
GonFrom;0;
GonTo;180;
GonSteps;20;
XRayEnabled;False;
XRayTime;3;
XRayVoltage;40;
XRayCurrent;0.5;
UVEnabled;False;
UVIntensity;0;
UVTime;0;
UVLeadTime;0;
UVWavelength;0;
PowSweepFrom;1;
PowSweepTo;5;
PowSweepSteps;5;
AmpModSweepFrom;0;
AmpModSweepTo;1;
AmpModSweepSteps;10;
ExtTriggerEnabled;False;
ExtTrigLeadTime;0;
ExtTrigOnTime;5;

Meas
BField [mT];MW_Absorption []
313.03000831604;65.0243175322926
313.051622640427;64.7240465603693
313.073236964815;64.3324641155669
313.094851289202;63.8451909106585
313.116465613589;63.27058853959
313.138079937977;62.5888901595402
313.159694262364;61.8161853548178
313.181308586751;61.0147426258431
313.202922911138;60.2103277652992
313.224537235526;59.4298060080058
313.246151559913;58.6996063318771
313.2677658843;58.0101706374401
313.289380208688;57.35495750608
313.310994533075;56.7643722138917
313.332608857462;56.2676266207185
313.35422318185;55.8689744492149
313.375837506237;55.5764711763319
313.397451830624;55.3840291564852
313.419066155011;55.2779341631199
313.440680479399;55.248093697822
313.462294803786;55.2903560788591
313.483909128173;55.3926171092663
313.505523452561;55.5457399025093
313.527137776948;55.7370312362065
313.548752101335;55.9465324203862
313.570366425723;56.1661319718252
313.59198075011;56.3920940331329
313.613595074497;56.6098705447415
313.635209398885;56.8136885275912
313.656823723272;57.0051770780354
313.678438047659;57.1821181083638
313.700052372046;57.3327339141117
313.721666696434;57.4397823157259
313.743281020821;57.4981998071654
313.764895345208;57.5146966469133
313.786509669596;57.4927883129503
313.808123993983;57.4334791356584
313.82973831837;57.3313399181925
313.851352642758;57.1869843006601
313.872966967145;57.0090468347563
313.894581291532;56.8010655457942
313.916195615919;56.5702484282443
313.937809940307;56.3364777421169
313.959424264694;56.1165222248515
313.981038589081;55.9083935810071
314.002652913469;55.7095350737293
314.024267237856;55.531776715102
314.045881562243;55.39380336175
314.067495886631;55.3029986153162
314.089110211018;55.2548840130551
314.110724535405;55.2388399087625
314.132338859793;55.2468259695626
314.15395318418;55.2698209580204
314.175567508567;55.3019078663705
314.197181832954;55.3448303831436
314.218796157342;55.3910474374571
314.240410481729;55.4174019489732
314.262024806116;55.4138013270148
314.283639130504;55.3923207948852
314.305253454891;55.3607849014792
314.326867779278;55.3123712935257
314.348482103666;55.2542170296198
314.370096428053;55.2064578665778
314.39171075244;55.1817995012389
314.413325076827;55.1903338587379
314.434939401215;55.2267562966269
314.456553725602;55.2755287312328
314.478168049989;55.3396230167142
314.499782374377;55.4234025073879
314.521396698764;55.5274300910795
314.543011023151;55.6464331058318
314.564625347539;55.7769905476316
314.586239671926;55.9072450826225
314.607853996313;56.0309268240386
314.6294683207;56.1444127393026
314.651082645088;56.2410275272972
314.672696969475;56.3201406688084
314.694311293862;56.3848889571876
314.71592561825;56.4334566236978
314.737539942637;56.4628661872969
314.759154267024;56.4745322062003
314.780768591412;56.4723234307672
314.802382915799;56.4553494120719
314.823997240186;56.4306637145415
314.845611564574;56.3985263291513
314.867225888961;56.3665816995072
314.888840213348;56.3510017119107
314.910454537735;56.3597267688297
314.932068862123;56.3957791478303
314.95368318651;56.459733943303
314.975297510897;56.5546530720015
314.996911835285;56.6859980995848
315.018526159672;56.8548470986918
315.040140484059;57.0491248227757
315.061754808447;57.2492746270811
315.083369132834;57.4387732176214
315.104983457221;57.6082385193581
315.126597781608;57.7573665720373
315.148212105996;57.889312840466
315.169826430383;57.999347067655
315.19144075477;58.0762971055796
315.213055079158;58.1201500514504
315.234669403545;58.1350754902932
315.256283727932;58.125581087083
315.27789805232;58.0991540959956
315.299512376707;58.0690109906401
315.321126701094;58.0507921513787
315.342741025481;58.0459411670296
315.364355349869;58.0371246301075
315.385969674256;58.0170761363175
315.407583998643;57.997849654095
315.429198323031;57.9798541552552
315.450812647418;57.9474266116756
315.472426971805;57.8928859934345
315.494041296193;57.8181969462214
315.51565562058;57.7213738383592
315.537269944967;57.6004100932218
315.558884269355;57.4507842558691
315.580498593742;57.2718402702394
315.602112918129;57.0704478289657
315.623727242516;56.8578293434315
315.645341566904;56.633707135984
315.666955891291;56.4039739314749
315.688570215678;56.2005541039795
315.710184540066;56.0436984710976
315.731798864453;55.9257127862511
315.75341318884;55.8351239297222
315.775027513228;55.7771601463457
315.796641837615;55.762576827722
315.818256162002;55.7846126630705
315.839870486389;55.8308217490278
315.861484810777;55.8938853956323
315.883099135164;55.9700285371241
315.904713459551;56.0535021769689
315.926327783939;56.1280975293442
315.947942108326;56.170268439071
315.969556432713;56.1749442523596
315.991170757101;56.13656430209
316.012785081488;56.050639871221
316.034399405875;55.9271621607546
316.056013730262;55.7772427739784
316.07762805465;55.6034688351687
316.099242379037;55.4040956799282
316.120856703424;55.1813039958294
316.142471027812;54.9433405243903
316.164085352199;54.7015933738441
316.185699676586;54.4622618210272
316.207314000974;54.2243454759569
316.228928325361;53.9847143849068
316.250542649748;53.7507733702732
316.272156974136;53.5357387370208
316.293771298523;53.345648338278
316.31538562291;53.1709307007814
316.336999947297;53.0050619958543
316.358614271685;52.8596691634188
316.380228596072;52.7310962148036
316.401842920459;52.6051827787612
316.423457244847;52.4684895723495
316.445071569234;52.3150737493676
316.466685893621;52.1543371383537
316.488300218009;51.9974727181598
316.509914542396;51.8446484333192
316.531528866783;51.6925656854149
316.55314319117;51.5385672526305
316.574757515558;51.3927380093112
316.596371839945;51.2700275018702
316.617986164332;51.1747146015379
316.63960048872;51.1067040342354
316.661214813107;51.0663611605646
316.682829137494;51.056313250848
316.704443461882;51.0804271002093
316.726057786269;51.1384244671394
316.747672110656;51.232890775946
316.769286435044;51.3539525464133
316.790900759431;51.4859954041608
316.812515083818;51.6102592535216
316.834129408205;51.7181314517438
316.855743732593;51.817881431221
316.87735805698;51.9032482722249
316.898972381367;51.9555579580217
316.920586705755;51.9732711318474
316.942201030142;51.9592786523759
316.963815354529;51.9172100136963
316.985429678917;51.8664192154944
317.007044003304;51.8168052130387
317.028658327691;51.760006189001
317.050272652078;51.6849069248374
317.071886976466;51.5985123932465
317.093501300853;51.5297447138035
317.11511562524;51.4901781272981
317.136729949628;51.4634890749689
317.158344274015;51.4431214683335
317.179958598402;51.4326669535939
317.20157292279;51.4374620483012
317.223187247177;51.4658897868415
317.244801571564;51.5086767626286
317.266415895951;51.5606282378632
317.288030220339;51.6297331044639
317.309644544726;51.7177549469266
317.331258869113;51.8174641288714
317.352873193501;51.9238514834192
317.374487517888;52.0375774888566
317.396101842275;52.1567241971028
317.417716166663;52.2703564006034
317.43933049105;52.3749890308042
317.460944815437;52.4721707343
317.482559139825;52.5582096420286
317.504173464212;52.6184953855701
317.525787788599;52.6509679714691
317.547402112986;52.6585354852198
317.569016437374;52.6447498032922
317.590630761761;52.6029143973146
317.612245086148;52.5297848084372
317.633859410536;52.4256738197792
317.655473734923;52.2810575927294
317.67708805931;52.0889127970711
317.698702383698;51.8426666556616
317.720316708085;51.5569442629077
317.741931032472;51.2688107709703
317.763545356859;50.9767411254967
317.785159681247;50.645688572303
317.806774005634;50.2646233336579
317.828388330021;49.8824211344388
317.850002654409;49.5340091801299
317.871616978796;49.2138111224764
317.893231303183;48.9134225051846
317.914845627571;48.6399615343669
317.936459951958;48.4082857450284
317.958074276345;48.2178131785024
317.979688600732;48.0597906364114
318.00130292512;47.934586713903
318.022917249507;47.8493576243175
318.044531573894;47.8027407106263
318.066145898282;47.7924635607427
318.087760222669;47.8072976876035
318.109374547056;47.8325613238836
318.130988871444;47.8651284764913
318.152603195831;47.9068193405598
318.174217520218;47.9580649322943
318.195831844605;48.0178229584166
318.217446168993;48.0833072460797
318.23906049338;48.1516737925595
318.260674817767;48.2250829468419
318.282289142155;48.3063703500191
318.303903466542;48.395031205368
318.325517790929;48.4871169911298
318.347132115317;48.5811773968928
318.368746439704;48.6819942570948
318.390360764091;48.79887207886
318.411975088479;48.9411518978241
318.433589412866;49.1081139264703
318.455203737253;49.2920128381513
318.47681806164;49.4926533983032
318.498432386028;49.7073614710589
318.520046710415;49.918560346572
318.541661034802;50.1174220933333
318.56327535919;50.3078695342979
318.584889683577;50.4954596409026
318.606504007964;50.6782105959751
318.628118332352;50.8448157499437
318.649732656739;50.9896132605067
318.671346981126;51.1169039263077
318.692961305513;51.2295675149142
318.714575629901;51.3225000803775
318.736189954288;51.3853039468392
318.757804278675;51.4220112051136
318.779418603063;51.4498508114438
318.80103292745;51.4781334429033
318.822647251837;51.5044712070461
318.844261576225;51.5227814197204
318.865875900612;51.5334930739535
318.887490224999;51.5434462240801
318.909104549386;51.5496921720721
318.930718873774;51.5473070765985
318.952333198161;51.536328200525
318.973947522548;51.5199836465542
318.995561846936;51.5019551869337
319.017176171323;51.4746043939109
319.03879049571;51.4285554636866
319.060404820098;51.3592787363806
319.082019144485;51.2678699267062
319.103633468872;51.1540328943229
319.12524779326;51.0130237667949
319.146862117647;50.8431017917493
319.168476442034;50.6503238088782
319.190090766421;50.4427166677927
319.211705090809;50.2238413103477
319.233319415196;50.0023441588059
319.254933739583;49.7886717504511
319.276548063971;49.590375144267
319.298162388358;49.4049849936238
319.319776712745;49.2198147096468
319.341391037133;49.042446322515
319.36300536152;48.8793446159136
319.384619685907;48.7221644349974
319.406234010295;48.5606366519815
319.427848334682;48.3786501762022
319.449462659069;48.1694093414032
319.471076983456;47.951034925802
319.492691307844;47.7326714079312
319.514305632231;47.5154935291843
319.535919956618;47.3032704282719
319.557534281006;47.1008891538156
319.579148605393;46.9105180375332
319.60076292978;46.7321159788603
319.622377254168;46.5650293000582
319.643991578555;46.4108713781863
319.665605902942;46.2766549056164
319.687220227329;46.163966802049
319.708834551717;46.0710331403847
319.730448876104;46.0006291190198
319.752063200491;45.9537442619548
319.773677524879;45.9345909468188
319.795291849266;45.9465013305808
319.816906173653;45.978704979479
319.838520498041;46.0220987846337
319.860134822428;46.0858928601214
319.881749146815;46.1747400458671
319.903363471202;46.2835201590841
319.92497779559;46.4108276171175
319.946592119977;46.5648981695507
319.968206444364;46.7340822270524
319.989820768752;46.8963356504045
320.011435093139;47.045406104405
320.033049417526;47.186928222045
320.054663741914;47.3214288305397
320.076278066301;47.4373511259827
320.097892390688;47.5236161178471
320.119506715075;47.5791617847661
320.141121039463;47.6033468479062
320.16273536385;47.5963462871053
320.184349688237;47.557531657486
320.205964012625;47.4858717699532
320.227578337012;47.3933216632176
320.249192661399;47.2899559980217
320.270806985787;47.1737208432744
320.292421310174;47.040401295326
320.314035634561;46.8902098386452
320.335649958949;46.7301755352091
320.357264283336;46.56620283476
320.378878607723;46.3893458467217
320.40049293211;46.1816140386907
320.422107256498;45.9411200780916
320.443721580885;45.6733682835663
320.465335905272;45.3761366703338
320.48695022966;45.0445188423373
320.508564554047;44.6822574244926
320.530178878434;44.291073215836
320.551793202822;43.8762617741197
320.573407527209;43.4520164070828
320.595021851596;43.0313041187096
320.616636175983;42.616314083651
320.638250500371;42.2089115227708
320.659864824758;41.8206114594403
320.681479149145;41.4621339693866
320.703093473533;41.1420474309976
320.72470779792;40.8659338645004
320.746322122307;40.6391260142584
320.767936446695;40.4755540664233
320.789550771082;40.3896039775918
320.811165095469;40.3832454278067
320.832779419856;40.4338488625363
320.854393744244;40.5222253966021
320.876008068631;40.6416395382215
320.897622393018;40.7899672300397
320.919236717406;40.9654136669843
320.940851041793;41.1666170789448
320.96246536618;41.3866795699373
320.984079690568;41.6077210313841
321.005694014955;41.818080290879
321.027308339342;42.0183846572637
321.04892266373;42.2144761170632
321.070536988117;42.4193324714925
321.092151312504;42.6464532049647
321.113765636891;42.8966853089649
321.135379961279;43.1632114483223
321.156994285666;43.444754173414
321.178608610053;43.7471785800814
321.200222934441;44.0816525250587
321.221837258828;44.446868042221
321.243451583215;44.823956404402
321.265065907603;45.2036657203641
321.28668023199;45.5875072674308
321.308294556377;45.9738276537411
321.329908880764;46.3358906161018
321.351523205152;46.6342661094349
321.373137529539;46.8561051514982
321.394751853926;47.0017441375262
321.416366178314;47.0525687893712
321.437980502701;46.9868419000531
321.459594827088;46.8015069343322
321.481209151476;46.5037038518302
321.502823475863;46.1114957364316
321.52443780025;45.6589023031813
321.546052124637;45.1626313157205
321.567666449025;44.6345972197512
321.589280773412;44.103041878581
321.610895097799;43.6019377586202
321.632509422187;43.1512665181141
321.654123746574;42.757883999499
321.675738070961;42.4139857125444
321.697352395349;42.1195056510717
321.718966719736;41.8880816974624
321.740581044123;41.7255762248491
321.762195368511;41.6091855138504
321.783809692898;41.5117339617406
321.805424017285;41.4232646744016
321.827038341672;41.3419691542782
321.84865266606;41.2563374391224
321.870266990447;41.1551544291063
321.891881314834;41.0393460316678
321.913495639222;40.9098944770993
321.935109963609;40.765259028054
321.956724287996;40.6110340812887
321.978338612384;40.4470784445374
321.999952936771;40.2773274687736
322.021567261158;40.1127168921819
322.043181585545;39.9508576798138
322.064795909933;39.7857126667703
322.08641023432;39.6353846072078
322.108024558707;39.5268054662425
322.129638883095;39.4513233637481
322.151253207482;39.3946992133281
322.172867531869;39.3591260958126
322.194481856257;39.349126307175
322.216096180644;39.3499178036863
322.237710505031;39.3444189881374
322.259324829419;39.3249186117605
322.280939153806;39.3018407195735
322.302553478193;39.2756420886744
322.32416780258;39.2341828694223
322.345782126968;39.1648554758872
322.367396451355;39.0812490263988
322.389010775742;38.9910429040071
322.41062510013;38.8758273965259
322.432239424517;38.7316431001811
322.453853748904;38.5803897460519
322.475468073292;38.4471719549833
322.497082397679;38.3341395696015
322.518696722066;38.2438403312458
322.540311046453;38.1892027483966
322.561925370841;38.1875725093069
322.583539695228;38.2389946452805
322.605154019615;38.3397893834596
322.626768344003;38.481496437096
322.64838266839;38.6585858991645
322.669996992777;38.8631963679287
322.691611317165;39.0866282855092
322.713225641552;39.3114642304197
322.734839965939;39.5254907492633
322.756454290326;39.7210117525872
322.778068614714;39.888309675585
322.799682939101;40.0168580522454
322.821297263488;40.1120072800829
322.842911587876;40.1724523435895
322.864525912263;40.1841355039583
322.88614023665;40.1489018291113
322.907754561038;40.0876856993877
322.929368885425;40.0193214718739
322.950983209812;39.9402135205922
322.9725975342;39.8524328839489
322.994211858587;39.7570555569264
323.015826182974;39.651905070527
323.037440507361;39.5430291620012
323.059054831749;39.4445072979395
323.080669156136;39.3620078517838
323.102283480523;39.2900119145942
323.123897804911;39.2192250136354
323.145512129298;39.1498539327142
323.167126453685;39.0898641850596
323.188740778073;39.0343298153055
323.21035510246;38.9643303495794
323.231969426847;38.8661928936735
323.253583751234;38.7417136490911
323.275198075622;38.5962766095355
323.296812400009;38.423139559223
323.318426724396;38.2109844573807
323.340041048784;37.9490150153743
323.361655373171;37.6319797771207
323.383269697558;37.2843330591957
323.404884021946;36.9224143761571
323.426498346333;36.5480072890888
323.44811267072;36.1694485280101
323.469726995107;35.7862047522165
323.491341319495;35.396463069695
323.512955643882;35.0199181270493
323.534569968269;34.6928871755968
323.556184292657;34.4198355131389
323.577798617044;34.1833076847093
323.599412941431;33.9743184556719
323.621027265819;33.8011283660515
323.642641590206;33.6668189988344
323.664255914593;33.563517086223
323.685870238981;33.4832387235541
323.707484563368;33.4221188648374
323.729098887755;33.3710115815016
323.750713212142;33.3184137941981
323.77232753653;33.2622117813426
323.793941860917;33.2026805107092
323.815556185304;33.1312426192596
323.837170509692;33.038458815085
323.858784834079;32.9159134395977
323.880399158466;32.7812671606227
323.902013482854;32.6473792028837
323.923627807241;32.5147596278768
323.945242131628;32.3798066437462
323.966856456015;32.2428947463058
323.988470780403;32.1036311446931
324.01008510479;31.9590428239761
324.031699429177;31.8103785292925
324.053313753565;31.6636168618946
324.074928077952;31.5165935250691
324.096542402339;31.3544856965768
324.118156726727;31.1749702865795
324.139771051114;30.9960798882515
324.161385375501;30.8286599231244
324.182999699888;30.6708935610185
324.204614024276;30.5207161285832
324.226228348663;30.3900582914471
324.24784267305;30.2922148239098
324.269456997438;30.2261080725949
324.291071321825;30.1874236835618
324.312685646212;30.1748909908681
324.3342999706;30.1932826984753
324.355914294987;30.2331658229594
324.377528619374;30.2854511020495
324.399142943761;30.3430325415266
324.420757268149;30.3911118751766
324.442371592536;30.4163760161347
324.463985916923;30.4171962018364
324.485600241311;30.3986301904066
324.507214565698;30.3620033842312
324.528828890085;30.3076120377791
324.550443214473;30.2467428426639
324.57205753886;30.1837516664236
324.593671863247;30.1165828860628
324.615286187635;30.0426769398571
324.636900512022;29.9610260791043
324.658514836409;29.8729098187156
324.680129160796;29.7760011215188
324.701743485184;29.6695244205898
324.723357809571;29.5553469759286
324.744972133958;29.4315415072893
324.766586458346;29.2978299830413
324.788200782733;29.1622798612032
324.80981510712;29.0329682363796
324.831429431508;28.9059893122292
324.853043755895;28.7804071937131
324.874658080282;28.6787834017581
324.89627240467;28.6270790924307
324.917886729057;28.619878192984
324.939501053444;28.6520260601625
324.961115377831;28.723486960132
324.982729702219;28.8330955280322
325.004344026606;28.9621995065007
325.025958350993;29.095799605689
325.047572675381;29.2268038962278
325.069186999768;29.3380356373778
325.090801324155;29.4067604633022
325.112415648543;29.4186464417903
325.13402997293;29.3762498340998
325.155644297317;29.2808783541722
325.177258621704;29.1198273856163
325.198872946092;28.8983314047572
325.220487270479;28.6422019002265
325.242101594866;28.3706198731134
325.263715919254;28.0871668383954
325.285330243641;27.7964948778302
325.306944568028;27.5052524180964
325.328558892416;27.2198394512011
325.350173216803;26.9437705926406
325.37178754119;26.6707943327698
325.393401865577;26.4036570976545
325.415016189965;26.1580613502071
325.436630514352;25.935034082799
325.458244838739;25.7284292321027
325.479859163127;25.527760272177
325.501473487514;25.3272871600785
325.523087811901;25.1298446731179
325.544702136289;24.9409457305105
325.566316460676;24.7592493008085
325.587930785063;24.570562204731
325.60954510945;24.3672907497339
325.631159433838;24.1573976188981
325.652773758225;23.9450835014283
325.674388082612;23.7358491846847
325.696002407;23.5381472981131
325.717616731387;23.355677005081
325.739231055774;23.1828326465284
325.760845380162;23.010054148169
325.782459704549;22.8344602668879
325.804074028936;22.6637341678647
325.825688353324;22.5019974994775
325.847302677711;22.3340579049824
325.868917002098;22.1469244510512
325.890531326485;21.9551358149522
325.912145650873;21.7706518358649
325.93375997526;21.5864958154141
325.955374299647;21.3895522047994
325.976988624035;21.1786447406247
325.998602948422;20.9683856700267
326.020217272809;20.7719125506875
326.041831597197;20.6008581595171
326.063445921584;20.4737046855008
326.085060245971;20.3906765317748
326.106674570358;20.3361344002899
326.128288894746;20.306333030541
326.149903219133;20.3073843727733
326.17151754352;20.3400699833963
326.193131867908;20.4064075721576
326.214746192295;20.4912696334963
326.236360516682;20.5816229180762
326.25797484107;20.6701242289295
326.279589165457;20.7485804696788
326.301203489844;20.8160804436796
326.322817814231;20.8754641145964
326.344432138619;20.9200602105177
326.366046463006;20.9354053026854
326.387660787393;20.919113227941
326.409275111781;20.8862552596488
326.430889436168;20.845541250251
326.452503760555;20.7992860593922
326.474118084943;20.7514425323198
326.49573240933;20.7097799578177
326.517346733717;20.6812235289493
326.538961058105;20.670266245416
326.560575382492;20.6811547636034
326.582189706879;20.7116201601506
326.603804031266;20.7529682082828
326.625418355654;20.7899744315648
326.647032680041;20.8110442245175
326.668647004428;20.8147936419897
326.690261328816;20.7938186900411
326.711875653203;20.7380600190386
326.73348997759;20.6415930413373
326.755104301978;20.4995476402402
326.776718626365;20.3097874530812
326.798332950752;20.0804252540572
326.819947275139;19.8226448121606
326.841561599527;19.5501775273914
326.863175923914;19.2738548183512
326.884790248301;19.0002192860014
326.906404572689;18.7513197662013
326.928018897076;18.5428975297402
326.949633221463;18.3705138333774
326.971247545851;18.2294899132929
326.992861870238;18.1228090850909
327.014476194625;18.0501624710183
327.036090519012;18.0011843846953
327.0577048434;17.9669336818892
327.079319167787;17.9360835653578
327.100933492174;17.9016476880532
327.122547816562;17.8576556746743
327.144162140949;17.7987525410991
327.165776465336;17.7204869986484
327.187390789724;17.6160038578142
327.209005114111;17.4817496535023
327.230619438498;17.3258593517244
327.252233762886;17.146618069048
327.273848087273;16.9324291007708
327.29546241166;16.6808494877061
327.317076736047;16.4114154044901
327.338691060435;16.1385854772811
327.360305384822;15.8546384650693
327.381919709209;15.5532685071573
327.403534033597;15.2423648857751
327.425148357984;14.9273929430565
327.446762682371;14.6045024489186
327.468377006759;14.2674886044233
327.489991331146;13.9212802751207
327.511605655533;13.5805494123558
327.53321997992;13.2498868657372
327.554834304308;12.9231374295745
327.576448628695;12.5920830205401
327.598062953082;12.2442863857783
327.61967727747;11.893699250356
327.641291601857;11.5608104026955
327.662905926244;11.2427650808726
327.684520250632;10.9324394365932
327.706134575019;10.6208723872591
327.727748899406;10.3109316625883
327.749363223794;10.0081415205866
327.770977548181;9.70732734340899
327.792591872568;9.40506552028731
327.814206196955;9.10632262545467
327.835820521343;8.8179664721938
327.85743484573;8.53368491225726
327.879049170117;8.23839568943657
327.900663494505;7.93070628855853
327.922277818892;7.62952289329016
327.943892143279;7.34262087406669
327.965506467667;7.0698793315153
327.987120792054;6.81218814645643
328.008735116441;6.5740741575505
328.030349440828;6.36239706701117
328.051963765216;6.18158440510794
328.073578089603;6.03422941685027
328.09519241399;5.9215311960975
328.116806738378;5.83810570572081
328.138421062765;5.78204422326229
328.160035387152;5.76128263790471
328.18164971154;5.78824012157207
328.203264035927;5.85654739798496
328.224878360314;5.96000850141569
328.246492684701;6.08804646366816
328.268107009089;6.23454451957988
328.289721333476;6.39267350897494
328.311335657863;6.55669516772033
328.332949982251;6.72157115746705
328.354564306638;6.88157280565958
328.376178631025;7.02091859840495
328.397792955413;7.12259103427419
328.4194072798;7.16946516627031
328.441021604187;7.14410616966163
328.462635928575;7.04908840661106
328.484250252962;6.89317185272873
328.505864577349;6.66726696066296
328.527478901736;6.37153087906737
328.549093226124;6.02758195573978
328.570707550511;5.65758295088448
328.592321874898;5.27213840516593
328.613936199286;4.88096111211792
328.635550523673;4.49173564372742
328.65716484806;4.11713670681758
328.678779172448;3.77923318549972
328.700393496835;3.49082680149966
328.722007821222;3.25029996073467
328.743622145609;3.04978373341342
328.765236469997;2.88450996044261
328.786850794384;2.75077698360487
328.808465118771;2.63705366663017
328.830079443159;2.53183729405473
328.851693767546;2.42609921805013
328.873308091933;2.31158698253859
328.894922416321;2.17838657623082
328.916536740708;2.01695833302627
328.938151065095;1.82769605851315
328.959765389482;1.61967490613269
328.98137971387;1.39407685716297
329.002994038257;1.14814943466071
329.024608362644;0.886385189409012
329.046222687032;0.622824997329033
329.067837011419;0.364369850448782
329.089451335806;0.106737770817261
329.111065660194;-0.152402744743981
329.132679984581;-0.405270723599813
329.154294308968;-0.64548971406505
329.175908633356;-0.879927264835587
329.197522957743;-1.12166967518384
329.21913728213;-1.37728937792357
329.240751606517;-1.64112414438172
329.262365930905;-1.91118142477775
329.283980255292;-2.18967034524822
329.305594579679;-2.47112291004817
329.327208904067;-2.73970415521627
329.348823228454;-2.98116810919753
329.370437552841;-3.20156614123596
329.392051877229;-3.39849540785954
329.413666201616;-3.56217595072211
329.435280526003;-3.67862705242906
329.45689485039;-3.7415762505355
329.478509174778;-3.75404764868043
329.500123499165;-3.72007914152121
329.521737823552;-3.63431324495959
329.54335214794;-3.49971474939863
329.564966472327;-3.32521771174198
329.586580796714;-3.11672714230342
329.608195121102;-2.87908247770432
329.629809445489;-2.61875249317258
329.651423769876;-2.34133044215919
329.673038094263;-2.04964014481513
329.694652418651;-1.75149877559548
329.716266743038;-1.45425231775226
329.737881067425;-1.15579955597835
329.759495391813;-0.865226696720711
329.7811097162;-0.584771683142606
329.802724040587;-0.310372973853134
329.824338364975;-0.0564580482783867
329.845952689362;0.158324890952258
329.867567013749;0.331772162938876
329.889181338137;0.471751895629296
329.910795662524;0.583042463981357
329.932409986911;0.664900706572354
329.954024311298;0.72057158135847
329.975638635686;0.751309047341493
329.997252960073;0.756127925471773
330.01886728446;0.739872386157032
330.040481608848;0.714310303538568
330.062095933235;0.675285682391049
330.083710257622;0.620506038928809
330.10532458201;0.556571444564071
330.126938906397;0.472553342487544
330.148553230784;0.363608019988305
330.170167555171;0.231799253303848
330.191781879559;0.0758665744286304
330.213396203946;-0.0948013531373419
330.235010528333;-0.245986053242632
330.256624852721;-0.366357298763901
330.278239177108;-0.464789259588542
330.299853501495;-0.544673849199057
330.321467825883;-0.601515413907038
330.34308215027;-0.623862168121846
330.364696474657;-0.596888440078999
330.386310799045;-0.519748031165392
330.407925123432;-0.403596942070379
330.429539447819;-0.271868266884439
330.451153772206;-0.145727912671958
330.472768096594;-0.0337961224583552
330.494382420981;0.0593505920050461
330.515996745368;0.124290736516272
330.537611069756;0.140411902743082
330.559225394143;0.0865789011952671
330.58083971853;-0.0460785107489841
330.602454042918;-0.254930329002761
330.624068367305;-0.535041071639597
330.645682691692;-0.880902706027257
330.667297016079;-1.28233662695266
330.688911340467;-1.71485157624797
330.710525664854;-2.14225022390839
330.732139989241;-2.5389042012015
330.753754313629;-2.88731862319754
330.775368638016;-3.16384772668729
330.796982962403;-3.34028548048343
330.818597286791;-3.3997103773448
330.840211611178;-3.33772957556413
330.861825935565;-3.15327426210649
330.883440259952;-2.86153385376194
330.90505458434;-2.48364399844694
330.926668908727;-2.03339138867547
330.948283233114;-1.52541561558427
330.969897557502;-0.962490583269229
330.991511881889;-0.356337728127826
331.013126206276;0.249014777007289
331.034740530664;0.819323616486713
331.056354855051;1.3536264192898
331.077969179438;1.85049084272464
331.099583503826;2.30016451072873
331.121197828213;2.69570623448618
331.1428121526;3.03933379532503
331.164426476987;3.33000175235726
331.186040801375;3.57377363355788
331.207655125762;3.78908682381248
331.229269450149;3.99252890820928
331.250883774537;4.18753542150526
331.272498098924;4.36371139877873
331.294112423311;4.52328615182914
331.315726747699;4.69237504309705
331.337341072086;4.88469774525853
331.358955396473;5.10669043378107
331.38056972086;5.34059989216371
331.402184045248;5.57948474624794
331.423798369635;5.83118039626658
331.445412694022;6.09438831344637
331.46702701841;6.36317097894591
331.488641342797;6.62671703976834
331.510255667184;6.86876463380636
331.531869991572;7.08242875572437
331.553484315959;7.26876745498448
331.575098640346;7.42127130213179
331.596712964733;7.53465953193252
331.618327289121;7.60917655289038
331.639941613508;7.64725467168329
331.661555937895;7.65262998969771
331.683170262283;7.63271059851499
331.70478458667;7.59743493532317
331.726398911057;7.5569824948203
331.748013235445;7.52317567290459
331.769627559832;7.50292200651747
331.791241884219;7.49508694800896
331.812856208606;7.50264726304832
331.834470532994;7.53573152012091
331.856084857381;7.57569774945647
331.877699181768;7.59810080368593
331.899313506156;7.58487590634006
331.920927830543;7.51701964100466
331.94254215493;7.36996766856212
331.964156479318;7.16275001120781
331.985770803705;6.92174457195981
332.007385128092;6.63190256589436
332.02899945248;6.28392321929793
332.050613776867;5.90032715427768
332.072228101254;5.52044089142687
332.093842425641;5.18092996022285
332.115456750029;4.88804303028176
332.137071074416;4.65399519382286
332.158685398803;4.49429859661436
332.180299723191;4.41647623192383
332.201914047578;4.41384761137042
332.223528371965;4.44536375879198
332.245142696353;4.473247894502
332.26675702074;4.46905649054126
332.288371345127;4.3957212945843
332.309985669514;4.22389766395867
332.331599993902;3.89245592159192
332.353214318289;3.42194920753932
332.374828642676;2.84133599630283
332.396442967064;2.14624461872118
332.418057291451;1.31970998834409
332.439671615838;0.383427769039798
332.461285940226;-0.586426458772877
332.482900264613;-1.50137392747529
332.504514589;-2.28530301229134
332.526128913387;-2.8971325685051
332.547743237775;-3.29953292945808
332.569357562162;-3.4525973470676
332.590971886549;-3.33829865983657
332.612586210937;-2.95454258676352
332.634200535324;-2.30440310153823
332.655814859711;-1.39552802929408
332.677429184099;-0.249145948190886
332.699043508486;1.07572924793378
332.720657832873;2.51108370979181
332.742272157261;3.96889273033534
332.763886481648;5.36536176992728
332.785500806035;6.62697777580065
332.807115130422;7.72559917085392
332.82872945481;8.64632509474534
332.850343779197;9.3582878007316
332.871958103584;9.80744019644977
332.893572427972;9.95252306586907
332.915186752359;9.81722853997547
332.936801076746;9.45572273022542
332.958415401134;8.90999782010132
332.980029725521;8.21174640287717
333.001644049908;7.42933215014273
333.023258374295;6.65142838292413
333.044872698683;5.9580253982063
333.06648702307;5.39627972720925
333.088101347457;4.99377639968386
333.109715671845;4.78922985351417
333.131329996232;4.82251997261125
333.152944320619;5.11196106506853
333.174558645007;5.63848924150693
333.196172969394;6.41070979635239
333.217787293781;7.43106885816469
333.239401618169;8.63753292010398
333.261015942556;10.0106650812077
333.282630266943;11.6299770902138
333.30424459133;13.4897392691708
333.325858915718;15.4571150592772
333.347473240105;17.4960084376219
333.369087564492;19.6313689945437
333.39070188888;21.83668143914
333.412316213267;24.0338366414413
333.433930537654;26.2436454960921
333.455544862042;28.4532343181781
333.477159186429;30.6094575548647
333.498773510816;32.6531440217549
333.520387835203;34.5552452231337
333.542002159591;36.2975403821369
333.563616483978;37.836188306768
333.585230808365;39.1096193174549
333.606845132753;40.1862562207762
333.62845945714;41.0675654589843
333.650073781527;41.7537409010018
333.671688105915;42.2408108472191
333.693302430302;42.5376724303905
333.714916754689;42.6761228008818
333.736531079076;42.7262303424766
333.758145403464;42.7372048202274
333.779759727851;42.7544271271559
333.801374052238;42.8292081077534
333.822988376626;42.9883307868923
333.844602701013;43.2697771208998
333.8662170254;43.7173145288222
333.887831349788;44.3368906856456
333.909445674175;45.1113824936987
333.931059998562;46.0344751270804
333.95267432295;47.0821208378935
333.974288647337;48.2040020659506
333.995902971724;49.3117572574246
334.017517296111;50.3011657955999
334.039131620499;51.0869721209833
334.060745944886;51.5951561451457
334.082360269273;51.7556934603214
334.103974593661;51.4688131337562
334.125588918048;50.6500096170721
334.147203242435;49.2650632638261
334.168817566823;47.2936407612332
334.19043189121;44.7927985865989
334.212046215597;41.9157321770214
334.233660539984;38.731116116212
334.255274864372;35.2549351554275
334.276889188759;31.5656950882888
334.298503513146;27.8476832449271
334.320117837534;24.2809749308835
334.341732161921;21.0598203524682
334.363346486308;18.2129497223084
334.384960810696;15.7469425050645
334.406575135083;13.6639880874959
334.42818945947;12.0348593506872
334.449803783857;10.9943638880067
334.471418108245;10.5616294723005
334.493032432632;10.640667104047
334.514646757019;11.1757866477881
334.536261081407;12.1580201243161
334.557875405794;13.5899021235164
334.579489730181;15.4850791930956
334.601104054569;17.8263754150025
334.622718378956;20.5793792423096
334.644332703343;23.7883646051006
334.665947027731;27.494024059592
334.687561352118;31.6888676803665
334.709175676505;36.4075568551082
334.730790000892;41.7752799582187
334.75240432528;47.7735960913713
334.774018649667;54.1784982956455
334.795632974054;60.9308608962222
334.817247298442;68.1714073905052
334.838861622829;76.0565477526483
334.860475947216;84.36672277764
334.882090271604;92.7705136716321
334.903704595991;101.097959192121
334.925318920378;109.258242216666
334.946933244765;117.320807179739
334.968547569153;125.231971178902
334.99016189354;132.746597102649
335.011776217927;139.608890321039
335.033390542315;145.519911617418
335.055004866702;150.312978349302
335.076619191089;154.044106396316
335.098233515477;156.926221408002
335.119847839864;159.187136271805
335.141462164251;160.947637177376
335.163076488638;162.288148230188
335.184690813026;163.354313475718
335.206305137413;164.33320399497
335.2279194618;165.382727108893
335.249533786188;166.664048922712
335.271148110575;168.270282371021
335.292762434962;170.141760171373
335.31437675935;172.284237095222
335.335991083737;174.849879230428
335.357605408124;177.826748983491
335.379219732512;181.107012589963
335.400834056899;184.475596233173
335.422448381286;187.836506528754
335.444062705673;191.342247644728
335.465677030061;195.246226629362
335.487291354448;199.726417700553
335.508905678835;204.773968948939
335.530520003223;210.383156183423
335.55213432761;216.74583518012
335.573748651997;224.087968264119
335.595362976385;232.410275389098
335.616977300772;241.959403044434
335.638591625159;253.207277148924
335.660205949546;266.498111903733
335.681820273934;281.969717861219
335.703434598321;299.588205167216
335.725048922708;319.307959214496
335.746663247096;341.023338840479
335.768277571483;364.711546936712
335.78989189587;390.87794813373
335.811506220258;420.461762921923
335.833120544645;453.861035789703
335.854734869032;490.23646250579
335.87634919342;528.980950684765
335.897963517807;569.884947226867
335.919577842194;614.783672827703
335.941192166581;665.178761502577
335.962806490969;720.583938832479
335.984420815356;780.027121244429
336.006035139743;843.945506070207
336.027649464131;915.069582654906
336.049263788518;995.701955957143
336.070878112905;1084.05874203042
336.092492437293;1179.72443447031
336.11410676168;1286.90829002291
336.135721086067;1410.13260035956
336.157335410454;1550.10189918459
336.178949734842;1706.52702072707
336.200564059229;1885.29826133028
336.222178383616;2088.6243146401
336.243792708004;2301.75059519171
336.265407032391;2516.35977290546
336.287021356778;2740.79454977692
336.308635681166;2973.48362505111
336.330250005553;3201.64882242153
336.35186432994;3417.26966852262
336.373478654327;3616.43858494353
336.395092978715;3791.87523038619
336.416707303102;3936.22346725969
336.438321627489;4045.10029525085
336.459935951877;4111.56094373105
336.481550276264;4129.07400715817
336.503164600651;4089.88424633574
336.524778925039;3986.74013145705
336.546393249426;3822.20121726448
336.568007573813;3602.92192165576
336.589621898201;3327.52559589679
336.611236222588;2992.37192502987
336.632850546975;2609.66069866826
336.654464871362;2204.70827450526
336.67607919575;1793.1344135356
336.697693520137;1373.0009934972
336.719307844524;939.194594091486
336.740922168912;498.327526885493
336.762536493299;67.7673898362063
336.784150817686;-336.78182241719
336.805765142074;-708.033863070328
336.827379466461;-1042.92213165805
336.848993790848;-1348.05347458499
336.870608115235;-1627.31287776491
336.892222439623;-1869.08064068486
336.91383676401;-2070.08638733661
336.935451088397;-2233.57063664646
336.957065412785;-2361.99030414731
336.978679737172;-2456.19741572783
337.000294061559;-2520.57441660108
337.021908385947;-2564.34440086898
337.043522710334;-2593.57369122277
337.065137034721;-2611.93639288253
337.086751359108;-2622.82264418505
337.108365683496;-2629.43685408363
337.129980007883;-2634.55810900108
337.15159433227;-2640.28451882654
337.173208656658;-2647.93736268601
337.194822981045;-2657.93654970952
337.216437305432;-2669.58521082705
337.23805162982;-2682.13513600332
337.259665954207;-2694.70481444109
337.281280278594;-2705.34154609569
337.302894602982;-2711.66151229071
337.324508927369;-2711.82125106883
337.346123251756;-2703.60120634862
337.367737576143;-2684.8199826488
337.389351900531;-2654.68520319132
337.410966224918;-2613.25705457231
337.432580549305;-2560.05958804689
337.454194873693;-2494.25228996494
337.47580919808;-2414.96453961674
337.497423522467;-2321.15714104165
337.519037846855;-2212.6640451586
337.540652171242;-2092.77321673185
337.562266495629;-1968.55627248077
337.583880820016;-1844.52776853978
337.605495144404;-1716.73887896128
337.627109468791;-1581.25238563566
337.648723793178;-1442.87495082267
337.670338117566;-1313.11556202657
337.691952441953;-1196.59545947357
337.71356676634;-1090.90037781656
337.735181090728;-992.301425079897
337.756795415115;-899.111774939818
337.778409739502;-810.899617661624
337.80002406389;-730.703486173661
337.821638388277;-659.255439012997
337.843252712664;-595.851436777457
337.864867037051;-540.089799949569
337.886481361439;-491.421321557116
337.908095685826;-448.706505667455
337.929710010213;-410.910223841378
337.951324334601;-377.571858251669
337.972938658988;-348.309441791905
337.994552983375;-322.74532280672
338.016167307762;-300.040726551484
338.03778163215;-279.104170486084
338.059395956537;-259.212592602461
338.081010280924;-240.136667974548
338.102624605312;-222.122843883047
338.124238929699;-205.381528245509
338.145853254086;-189.634479113862
338.167467578474;-174.488234926227
338.189081902861;-160.207455206154
338.210696227248;-146.844472535074
338.232310551636;-134.25504852872
338.253924876023;-122.600498532294
338.27553920041;-112.215165523995
338.297153524797;-102.884859120603
338.318767849185;-94.0779890748825
338.340382173572;-86.0479464630994
338.361996497959;-79.2655564443624
338.383610822347;-73.6759217110407
338.405225146734;-69.0684402770318
338.426839471121;-65.4194849832109
338.448453795509;-62.9224102310382
338.470068119896;-61.6359166153646
338.491682444283;-61.3767719199214
338.513296768671;-62.0704575375871
338.534911093058;-63.7321080809924
338.556525417445;-66.3542660736615
338.578139741832;-69.8673342543941
338.59975406622;-74.0142689466226
338.621368390607;-78.4114761807767
338.642982714994;-82.8817637696592
338.664597039382;-87.3330955597463
338.686211363769;-91.6238395722409
338.707825688156;-95.5613361473945
338.729440012544;-99.0374524840287
338.751054336931;-101.842010018267
338.772668661318;-103.907422935619
338.794282985705;-105.247346328823
338.815897310093;-105.922800043142
338.83751163448;-106.0289939081
338.859125958867;-105.635136510808
338.880740283255;-104.808120426014
338.902354607642;-103.645658746589
338.923968932029;-102.256111683379
338.945583256417;-100.735245573773
338.967197580804;-99.1595690001231
338.988811905191;-97.5686373199496
339.010426229578;-95.9784822053385
339.032040553966;-94.4093455094616
339.053654878353;-92.9264147890293
339.07526920274;-91.5748831895942
339.096883527128;-90.3209386599659
339.118497851515;-89.1368290212432
339.140112175902;-87.9644440960244
339.16172650029;-86.7362350676238
339.183340824677;-85.4302923135055
339.204955149064;-84.0349446503942
339.226569473451;-82.5334396926932
339.248183797839;-80.9392405918551
339.269798122226;-79.2259692108516
339.291412446613;-77.3642461592345
339.313026771001;-75.2865548195718
339.334641095388;-72.9720908175878
339.356255419775;-70.4990063696959
339.377869744163;-67.9869012331738
339.39948406855;-65.4633310455322
339.421098392937;-62.8815359164322
339.442712717325;-60.3195273024677
339.464327041712;-57.843498406119
339.485941366099;-55.4369696779454
339.507555690486;-53.0461580668314
339.529170014874;-50.6803663958167
339.550784339261;-48.4483952354867
339.572398663648;-46.3862456136054
339.594012988036;-44.4582431151511
339.615627312423;-42.6267395764673
339.63724163681;-40.8626728801303
339.658855961198;-39.1578011230469
339.680470285585;-37.5318002134445
339.702084609972;-36.008661799493
339.723698934359;-34.5836675648544
339.745313258747;-33.2425635999202
339.766927583134;-31.9858372230629
339.788541907521;-30.8319099431801
339.810156231909;-29.8196560483183
339.831770556296;-28.9989458477444
339.853384880683;-28.4127567786016
339.874999205071;-28.0987315945439
339.896613529458;-28.0905881761541
339.918227853845;-28.3977981360209
339.939842178232;-29.0565391687291
339.96145650262;-30.0662853558313
339.983070827007;-31.3650814466499
340.004685151394;-32.8849479300928
340.026299475782;-34.5733023959952
340.047913800169;-36.3457333126074
340.069528124556;-38.0885879289838
340.091142448944;-39.6697375810271
340.112756773331;-41.0378785439796
340.134371097718;-42.1474985052823
340.155985422106;-42.9370762967337
340.177599746493;-43.3498953597443
340.19921407088;-43.2908813379824
340.220828395267;-42.7197920923685
340.242442719655;-41.7739597747781
340.264057044042;-40.5130776321591
340.285671368429;-38.9878260088967
340.307285692817;-37.2761337484318
340.328900017204;-35.437643614451
340.350514341591;-33.4856253269265
340.372128665979;-31.4834835287017
340.393742990366;-29.6086221224445
340.415357314753;-27.9704988060098
340.43697163914;-26.594761435886
340.458585963528;-25.5368953980276
340.480200287915;-24.8671400141592
340.501814612302;-24.5870796780763
340.52342893669;-24.6761262249942
340.545043261077;-25.1185081101109
340.566657585464;-25.8750075315967
340.588271909852;-26.8914403249005
340.609886234239;-28.145405234645
340.631500558626;-29.6384605260321
340.653114883013;-31.3012878335497
340.674729207401;-32.9720519592996
340.696343531788;-34.5804591368507
340.717957856175;-36.1086886889282
340.739572180563;-37.501261104867
340.76118650495;-38.7016083324349
340.782800829337;-39.6645432137378
340.804415153725;-40.378730611651
340.826029478112;-40.8583924617361
340.847643802499;-41.1082628281307
340.869258126887;-41.1356763207489
340.890872451274;-40.9511332574336
340.912486775661;-40.5564640136488
340.934101100048;-40.0198909621268
340.955715424436;-39.4026377706828
340.977329748823;-38.7365292735443
340.99894407321;-38.0568336484599
341.020558397598;-37.4340079230384
341.042172721985;-36.8885674009993
341.063787046372;-36.4281102505729
341.08540137076;-36.0797777278262
341.107015695147;-35.8583531496968
341.128630019534;-35.7534045826681
341.150244343921;-35.7587042728884
341.171858668309;-35.8688889902739
341.193472992696;-36.0464326520946
341.215087317083;-36.2624767466815
341.236701641471;-36.5019416216652
341.258315965858;-36.7378740693829
341.279930290245;-36.9432195552671
341.301544614633;-37.1016209910166
341.32315893902;-37.1951085383336
341.344773263407;-37.2184481365377
341.366387587795;-37.1853881499793
341.388001912182;-37.1040639335189
341.409616236569;-36.979839443683
341.431230560956;-36.8221106555096
341.452844885344;-36.6415260938477
341.474459209731;-36.4472776202693
341.496073534118;-36.2420789926043
341.517687858506;-36.0289563602707
341.539302182893;-35.8004621980956
341.56091650728;-35.5485133558939
341.582530831668;-35.2918668535448
341.604145156055;-35.0409790217392
341.625759480442;-34.7944501333905
341.647373804829;-34.5368780020152
341.668988129217;-34.2574839766776
341.690602453604;-33.9617028328658
341.712216777991;-33.6458847353753
341.733831102379;-33.2957271235573
341.755445426766;-32.9131775794255
341.777059751153;-32.5129186123995
341.798674075541;-32.1095639734404
341.820288399928;-31.711652095995
341.841902724315;-31.3142542159935
341.863517048702;-30.9056650592282
341.88513137309;-30.4919941021766
341.906745697477;-30.1090482410884
341.928360021864;-29.7691762518167
341.949974346252;-29.4555658611933
341.971588670639;-29.1519720702112
341.993202995026;-28.860379571481
342.014817319414;-28.6096963718629
342.036431643801;-28.4070615075082
342.058045968188;-28.2523026530039
342.079660292576;-28.154246250561
342.101274616963;-28.1157181678313
342.12288894135;-28.130452264071
342.144503265737;-28.1964957998376
342.166117590125;-28.3194072674606
342.187731914512;-28.4967314971004
342.209346238899;-28.7042972712601
342.230960563287;-28.9176511826684
342.252574887674;-29.1283659524752
342.274189212061;-29.3324473378573
342.295803536449;-29.5167205037136
342.317417860836;-29.6666820662448
342.339032185223;-29.7772531391389
342.36064650961;-29.8494727601814
342.382260833998;-29.8833263546247
342.403875158385;-29.8790046561541
342.425489482772;-29.8406054230114
342.44710380716;-29.7702115700866
342.468718131547;-29.6676606135099
342.490332455934;-29.539234686083
342.511946780322;-29.3901745088772
342.533561104709;-29.2244958427479
342.555175429096;-29.0514030523033
342.576789753483;-28.8864283734365
342.598404077871;-28.7429645293124
342.620018402258;-28.6294981792549
342.641632726645;-28.5580443913437
342.663247051033;-28.5502742050462
342.68486137542;-28.6196331848258
342.706475699807;-28.7601694941674
342.728090024195;-28.964622145487
342.749704348582;-29.2271684356624
342.771318672969;-29.5373620367276
342.792932997357;-29.8816250604084
342.814547321744;-30.2378952996943
342.836161646131;-30.5869918603531
342.857775970518;-30.9186362045911
342.879390294906;-31.2216778274664
342.901004619293;-31.4755897401909
342.92261894368;-31.665645180139
342.944233268068;-31.7918236723741
342.965847592455;-31.8550801574845
342.987461916842;-31.8509693785667
343.00907624123;-31.7698286765569
343.030690565617;-31.6189692526791
343.052304890004;-31.4172669827192
343.073919214391;-31.1803732284099
343.095533538779;-30.9205156275702
343.117147863166;-30.6477647409844
343.138762187553;-30.3620946485965
343.160376511941;-30.0577285162551
343.181990836328;-29.741271547177
343.203605160715;-29.4327502064184
343.225219485103;-29.1409613743024
343.24683380949;-28.8572515460597
343.268448133877;-28.5784367397581
343.290062458265;-28.298388001231
343.311676782652;-28.0227377488857
343.333291107039;-27.763383036515
343.354905431426;-27.515941074395
343.376519755814;-27.2727008698144
343.398134080201;-27.0285929145185
343.419748404588;-26.7805689093109
343.441362728976;-26.525876728536
343.462977053363;-26.2615431516947
343.48459137775;-25.9892996238373
343.506205702137;-25.7045942356015
343.527820026525;-25.3983184658721
343.549434350912;-25.0828466249759
343.571048675299;-24.7848236420345
343.592662999687;-24.5098830427194
343.614277324074;-24.2466778930387
343.635891648461;-23.9920254693424
343.657505972849;-23.7529274050197
343.679120297236;-23.5345721851175
343.700734621623;-23.3295426982361
343.722348946011;-23.1236703364974
343.743963270398;-22.9137104968656
343.765577594785;-22.7025921509703
343.787191919172;-22.4927552153545
343.80880624356;-22.2784758371763
343.830420567947;-22.0512458878954
343.852034892334;-21.8149603376897
343.873649216722;-21.5884892870477
343.895263541109;-21.387004553936
343.916877865496;-21.1995987987608
343.938492189884;-21.0212032280724
343.960106514271;-20.8666722726497
343.981720838658;-20.7530996968713
344.003335163046;-20.6719997227226
344.024949487433;-20.6136677285165
344.04656381182;-20.5858832061476
344.068178136207;-20.5873518102435
344.089792460595;-20.6114394405808
344.111406784982;-20.6684875053103
344.133021109369;-20.7569932037718
344.154635433757;-20.8610042859938
344.176249758144;-20.965332492109
344.197864082531;-21.0628812133025
344.219478406919;-21.1481647609954
344.241092731306;-21.2044273509268
344.262707055693;-21.223753738526
344.28432138008;-21.1928389922479
344.305935704468;-21.1214053360999
344.327550028855;-21.0214279342546
344.349164353242;-20.8961135058726
344.37077867763;-20.741086746011
344.392393002017;-20.5680694508028
344.414007326404;-20.3798885748947
344.435621650792;-20.1848676842219
344.457235975179;-19.998889734734
344.478850299566;-19.8358695628069
344.500464623953;-19.7026474265702
344.522078948341;-19.5962336745604
344.543693272728;-19.5090670048466
344.565307597115;-19.4379060574761
344.586921921503;-19.3875965778847
344.60853624589;-19.3636812835651
344.630150570277;-19.3619508455362
344.651764894665;-19.3657119510656
344.673379219052;-19.3731370741952
344.694993543439;-19.3863135531203
344.716607867827;-19.3992405581042
344.738222192214;-19.4087398428762
344.759836516601;-19.4143615172953
344.781450840988;-19.4122454319114
344.803065165376;-19.4005994868951
344.824679489763;-19.3738250106636
344.84629381415;-19.329090210996
344.867908138538;-19.2675223895512
344.889522462925;-19.1965767786436
344.911136787312;-19.1237949815925
344.9327511117;-19.0492585741397
344.954365436087;-18.9728507231184
344.975979760474;-18.900471907442
344.997594084861;-18.8422686825912
345.019208409249;-18.7982481287953
345.040822733636;-18.7698244468717
345.062437058023;-18.7638078603138
345.084051382411;-18.7885674287809
345.105665706798;-18.8419748994655
345.127280031185;-18.9146895770365
345.148894355573;-19.0129142886657
345.17050867996;-19.1355793991584
345.192123004347;-19.2751185788906
345.213737328734;-19.4295719981217
345.235351653122;-19.600543778769
345.256965977509;-19.7944163835721
345.278580301896;-20.0174487367898
345.300194626284;-20.2557279637472
345.321808950671;-20.4900248024636
345.343423275058;-20.7144635343051
345.365037599446;-20.9243079477081
345.386651923833;-21.1187886825298
345.40826624822;-21.3109179979671
345.429880572607;-21.5063427034091
345.451494896995;-21.6984842889805
345.473109221382;-21.877725089191
345.494723545769;-22.0466589812541
345.516337870157;-22.2176036450551
345.537952194544;-22.4009469509851
345.559566518931;-22.6016364163574
345.581180843319;-22.8234124943652
345.602795167706;-23.0623840130172
345.624409492093;-23.3063787551683
345.646023816481;-23.5487659530043
345.667638140868;-23.7932246981515
345.689252465255;-24.0397488228511
345.710866789642;-24.2787828982989
345.73248111403;-24.5046977260652
345.754095438417;-24.7212069932416
345.775709762804;-24.9148391174779
345.797324087192;-25.0721699135949
345.818938411579;-25.2010913887834
345.840552735966;-25.3118177113045
345.862167060354;-25.4067895363615
345.883781384741;-25.4809329136404
345.905395709128;-25.5349333259144
345.927010033515;-25.5696867666985
345.948624357903;-25.5813831779354
345.97023868229;-25.5691210030941
345.991853006677;-25.5335150600732
346.013467331065;-25.4758953447551
346.035081655452;-25.395251426207
346.056695979839;-25.2964579280622
346.078310304227;-25.1930542585923
346.099924628614;-25.0953668784293
346.121538953001;-25.0067094559359
346.143153277388;-24.9294401452705
346.164767601776;-24.8693055138635
346.186381926163;-24.8299160571451
346.20799625055;-24.8020623820126
346.229610574938;-24.7803380549743
346.251224899325;-24.769998643082
346.272839223712;-24.7705284575893
346.2944535481;-24.7692499971517
346.316067872487;-24.7585825512516
346.337682196874;-24.740626619267
346.359296521262;-24.7134869164661
346.380910845649;-24.671681824214
346.402525170036;-24.6191590428495
346.424139494423;-24.5612955980227
346.445753818811;-24.4975997893479
346.467368143198;-24.4245386986034
346.488982467585;-24.3451367851569
346.510596791973;-24.2642000873554
346.53221111636;-24.1806308382289
346.553825440747;-24.0892152772207
346.575439765135;-23.9883722864236
346.597054089522;-23.8754625763829
346.618668413909;-23.7425041486826
346.640282738296;-23.5821917345888
346.661897062684;-23.3915176741995
346.683511387071;-23.1729742717203
346.705125711458;-22.9354534119145
346.726740035846;-22.6902687327751
346.748354360233;-22.4416789681994
346.76996868462;-22.1864306396409
346.791583009008;-21.9283394219652
346.813197333395;-21.6977018964745
346.834811657782;-21.5092341749668
346.85642598217;-21.3552464220381
346.878040306557;-21.2311405469674
346.899654630944;-21.1342069196162
346.921268955331;-21.0604540557046
346.942883279719;-21.0109274930997
346.964497604106;-20.9926486568016
346.986111928493;-21.002840237508
347.007726252881;-21.0254697434484
347.029340577268;-21.052524979214
347.050954901655;-21.0889698571049
347.072569226043;-21.1417492324006
347.09418355043;-21.2130400664506
347.115797874817;-21.3036241987396
347.137412199204;-21.4164442261375
347.159026523592;-21.5545829461744
347.180640847979;-21.7133821796718
347.202255172366;-21.8959192161588
347.223869496754;-22.1108488696007
347.245483821141;-22.3601160139824
347.267098145528;-22.6378262727178
347.288712469916;-22.9511847237266
347.310326794303;-23.2936738126023
347.33194111869;-23.6297227445068
347.353555443077;-23.9353397501241
347.375169767465;-24.2150252867542
347.396784091852;-24.4670134512291
347.418398416239;-24.6714508015932
347.440012740627;-24.8185614209519
347.461627065014;-24.9061394446796
347.483241389401;-24.9355726871275
347.504855713789;-24.9057449224368
347.526470038176;-24.8161317291098
347.548084362563;-24.6776555134479
347.569698686951;-24.5236202737229
347.591313011338;-24.3671440790007
347.612927335725;-24.1944978201136
347.634541660112;-23.9877716243712
347.6561559845;-23.747810801421
347.677770308887;-23.5007142125184
347.699384633274;-23.269661971238
347.720998957662;-23.0612439259892
347.742613282049;-22.8740748075874
347.764227606436;-22.7044442524572
347.785841930824;-22.5534182511791
347.807456255211;-22.4214964607598
347.829070579598;-22.3061755789728
347.850684903985;-22.2042437489527
347.872299228373;-22.1110126198687
347.89391355276;-22.0201177257329
347.915527877147;-21.927322821295
347.937142201535;-21.8290278309212
347.958756525922;-21.7214294795012
347.980370850309;-21.597844817867
348.001985174697;-21.4492562262602
348.023599499084;-21.2705984835412
348.045213823471;-21.0625491650559
348.066828147858;-20.8343234324921
348.088442472246;-20.5974920205817
348.110056796633;-20.3558102800597
348.13167112102;-20.1142839868229
348.153285445408;-19.8670805777112
348.174899769795;-19.6136877268717
348.196514094182;-19.3581571209561
348.21812841857;-19.1147833313606
348.239742742957;-18.8947624221162
348.261357067344;-18.6930970568159
348.282971391732;-18.5016236373823
348.304585716119;-18.3187075412489
348.326200040506;-18.1508288015323
348.347814364893;-17.9895066353968
348.369428689281;-17.8296631521837
348.391043013668;-17.6691305515901
348.412657338055;-17.4995982224885
348.434271662443;-17.3086349807797
348.45588598683;-17.0946694659634
348.477500311217;-16.8687506070184
348.499114635605;-16.6450502580525
348.520728959992;-16.4396302532965
348.542343284379;-16.2571837302519
348.563957608766;-16.0990750575894
348.585571933154;-15.9715728947026
348.607186257541;-15.8799116772266
348.628800581928;-15.8260310474757
348.650414906316;-15.8095879929448
348.672029230703;-15.8242340118226
348.69364355509;-15.8591076657375
348.715257879478;-15.8979150391127
348.736872203865;-15.9250184258706
348.758486528252;-15.921776577532
348.78010085264;-15.8743523365828
348.801715177027;-15.7784203629496
348.823329501414;-15.6374023763629
348.844943825801;-15.4645695917661
348.866558150189;-15.2737077821917
348.888172474576;-15.0783417572548
348.909786798963;-14.895912158424
348.931401123351;-14.7465809179186
348.953015447738;-14.6467106884024
348.974629772125;-14.6032988973976
348.996244096513;-14.632275787373
349.0178584209;-14.730937126812
349.039472745287;-14.8890543598416
349.061087069674;-15.0968123569241
349.082701394062;-15.3497176987726
349.104315718449;-15.6395619248446
349.125930042836;-15.9461205634867
349.147544367224;-16.2491682047376
349.169158691611;-16.5371425515927
349.190773015998;-16.7982786437567
349.212387340386;-17.0202531939008
349.234001664773;-17.1986381013459
349.25561598916;-17.3316953199521
349.277230313547;-17.4162230145391
349.298844637935;-17.4581652287881
349.320458962322;-17.464185750101
349.342073286709;-17.4319849619669
349.363687611097;-17.376031452694
349.385301935484;-17.3256732087208
349.406916259871;-17.2934117573302
349.428530584259;-17.2768442915276
349.450144908646;-17.2774753777392
349.471759233033;-17.3093951466872
349.493373557421;-17.3902047446916
349.514987881808;-17.5354196400266
349.536602206195;-17.7488484954097
349.558216530582;-18.0091643052233
349.57983085497;-18.2974008808445
349.601445179357;-18.6163059783678
349.623059503744;-18.9846389644875
349.644673828132;-19.3873887867529
349.666288152519;-19.803012622338
349.687902476906;-20.2371223166712
349.709516801294;-20.6848663872111
349.731131125681;-21.1356881267921
349.752745450068;-21.5756284392278
349.774359774455;-21.9863270762425
349.795974098843;-22.3619095619969
349.81758842323;-22.7063660228626
349.839202747617;-23.0269669116276
349.860817072005;-23.3268626740284
349.882431396392;-23.5996585304087
349.904045720779;-23.8410314173664
349.925660045167;-24.0474473464057
349.947274369554;-24.2226952754036
349.968888693941;-24.3789800998269
349.990503018328;-24.5181717971841
350.012117342716;-24.6463166510179
350.033731667103;-24.7650443844024
350.05534599149;-24.8663042767608
350.076960315878;-24.9379387919617
350.098574640265;-24.9790324128626
350.120188964652;-24.995026047772
350.14180328904;-24.9928329491768
350.163417613427;-24.9769448347322
350.185031937814;-24.9441045370709
350.206646262202;-24.878381744004
350.228260586589;-24.7803644314944
350.249874910976;-24.6590064764526
350.271489235363;-24.5210504973553
350.293103559751;-24.3610442082949
350.314717884138;-24.1958159547565
350.336332208525;-24.0435861737065
350.357946532913;-23.9006678877381
350.3795608573;-23.7697267516269
350.401175181687;-23.6609299711039
350.422789506075;-23.5816719060002
350.444403830462;-23.5367979761929
350.466018154849;-23.525020191574
350.487632479236;-23.5478237963107
350.509246803624;-23.6036440367719
350.530861128011;-23.6717519097763
350.552475452398;-23.7406871086031
350.574089776786;-23.8121645575451
350.595704101173;-23.8873117904769
350.61731842556;-23.9562155697799
350.638932749948;-24.0051487203912
350.660547074335;-24.0318031902796
350.682161398722;-24.0379945078057
350.703775723109;-24.0241346307615
350.725390047497;-23.9921567553625
350.747004371884;-23.9386358657493
350.768618696271;-23.8676685431698
350.790233020659;-23.7836039316252
350.811847345046;-23.6856992626509
350.833461669433;-23.5742803589834
350.855075993821;-23.4536609992686
350.876690318208;-23.330685981928
350.898304642595;-23.2178878875881
350.919918966982;-23.1241127609335
350.94153329137;-23.0466066180867
350.963147615757;-22.9820277264681
350.984761940144;-22.9299247468562
351.006376264532;-22.8908690776946
351.027990588919;-22.8629428240816
351.049604913306;-22.8379254439238
351.071219237694;-22.8029176435318
351.092833562081;-22.753188599982
351.114447886468;-22.6970794162638
351.136062210856;-22.6406713851543
351.157676535243;-22.5809352346547
351.17929085963;-22.5119626315929
351.200905184017;-22.4404183288885
351.222519508405;-22.37838129935
351.244133832792;-22.3310871462449
351.265748157179;-22.2937905832486
351.287362481567;-22.2641227416777
351.308976805954;-22.2512105640908
351.330591130341;-22.2607639841266
351.352205454729;-22.2889094336639
351.373819779116;-22.3354503592585
351.395434103503;-22.3986753773366
351.41704842789;-22.4723689924635
351.438662752278;-22.5514870175997
351.460277076665;-22.6398015277674
351.481891401052;-22.7394138521372
351.50350572544;-22.823708863855
351.525120049827;-22.8738321706713
351.546734374214;-22.8992255488533
351.568348698602;-22.9012043278837
351.589963022989;-22.8716677670686
351.611577347376;-22.8061388198799
351.633191671763;-22.7079684151978
351.654805996151;-22.588339536458
351.676420320538;-22.4533906064496
351.698034644925;-22.3089112701722
351.719648969313;-22.161970587751
351.7412632937;-22.0112805644936
351.762877618087;-21.8546164905675
351.784491942475;-21.6929776118531
351.806106266862;-21.5297476459273
351.827720591249;-21.370480446837
351.849334915637;-21.218640902798
351.870949240024;-21.070857865286
351.892563564411;-20.9182033154256
351.914177888798;-20.7535646199604
351.935792213186;-20.5782806858436
351.957406537573;-20.3890888465353
351.97902086196;-20.1752770192824
352.000635186348;-19.9306364400355
352.022249510735;-19.6621051202828
352.043863835122;-19.3772342888381
352.06547815951;-19.0811717716874
352.087092483897;-18.7778845639988
352.108706808284;-18.4760645919111
352.130321132672;-18.1865288196175
352.151935457059;-17.9174598539562
352.173549781446;-17.6719941401325
352.195164105833;-17.4587205821216
352.216778430221;-17.2816735166218
352.238392754608;-17.126418267132
352.260007078995;-16.9820149669319
352.281621403383;-16.850035094146
352.30323572777;-16.7365977654865
352.324850052157;-16.6422593522276
352.346464376545;-16.5591628402482
352.368078700932;-16.4829665173842
352.389693025319;-16.4203111230182
352.411307349706;-16.360805732882
352.432921674094;-16.2936925753085
352.454535998481;-16.2093666156935
352.476150322868;-16.1014394160747
352.497764647256;-15.9775765330276
352.519378971643;-15.8552649887352
352.54099329603;-15.743621968028
352.562607620418;-15.6401802580638
352.584221944805;-15.5435827829798
352.605836269192;-15.4635059126951
352.627450593579;-15.4127738143557
352.649064917967;-15.3852338262812
352.670679242354;-15.3809925263258
352.692293566741;-15.4117304485285
352.713907891129;-15.4785008032854
352.735522215516;-15.5780739509809
352.757136539903;-15.7081346778145
352.778750864291;-15.8704481407138
352.800365188678;-16.0559768662011
352.821979513065;-16.2449758689795
352.843593837452;-16.428590141899
352.86520816184;-16.6086668093612
352.886822486227;-16.7825207481866
352.908436810614;-16.9253564594741
352.930051135002;-17.0308174699566
352.951665459389;-17.0988868865937
352.973279783776;-17.1250250854935
352.994894108164;-17.118937026815
353.016508432551;-17.0924842138303
353.038122756938;-17.0497102246835
353.059737081326;-16.9912666980459
353.081351405713;-16.9147722299447
353.1029657301;-16.8129488630488
353.124580054487;-16.6954187444545
353.146194378875;-16.6092443239005
353.167808703262;-16.5572422901368
353.189423027649;-16.5180343350055
353.211037352037;-16.4716062820122
353.232651676424;-16.4115555456025
353.254266000811;-16.346451799933
353.275880325199;-16.2797216833099
353.297494649586;-16.202457491977
353.319108973973;-16.1089395054857
353.34072329836;-16.0052537554232
353.362337622748;-15.9004482018472
353.383951947135;-15.7963391755676
353.405566271522;-15.6835269764107
353.42718059591;-15.5628924769793
353.448794920297;-15.4559768182083
353.470409244684;-15.3765050490649
353.492023569072;-15.3149169594985
353.513637893459;-15.2703321661353
353.535252217846;-15.2500231795913
353.556866542233;-15.2656018441152
353.578480866621;-15.3250388856112
353.600095191008;-15.4103604151996
353.621709515395;-15.5059941027463
353.643323839783;-15.6206861744009
353.66493816417;-15.7624452369502
353.686552488557;-15.9218355190873
353.708166812945;-16.0628062804437
353.729781137332;-16.182782453561
353.751395461719;-16.2919606956574
353.773009786107;-16.3955536526373
353.794624110494;-16.4939285641447
353.816238434881;-16.5889218882683
353.837852759268;-16.687207760033
353.859467083656;-16.7969566475288
353.881081408043;-16.9181667041112
353.90269573243;-17.0492199955517
353.924310056818;-17.1857930421538
353.945924381205;-17.3140648738638
353.967538705592;-17.4293812005467
353.98915302998;-17.5396217302979
354.010767354367;-17.6545791479613
354.032381678754;-17.7619301741522
354.053996003141;-17.8581318875881
354.075610327529;-17.9360310450908
354.097224651916;-17.9812058970242
354.118838976303;-17.9841187575927
354.140453300691;-17.9496928734139
354.162067625078;-17.8994575229437
354.183681949465;-17.8346813599128
354.205296273853;-17.748005760454
354.22691059824;-17.6485877436311
354.248524922627;-17.5487529746608
354.270139247015;-17.4488419166497
354.291753571402;-17.3460102546022
354.313367895789;-17.23946756736
354.334982220176;-17.1420824695592
354.356596544564;-17.0747854446738
354.378210868951;-17.0473966044113
354.399825193338;-17.0587793436938
354.421439517726;-17.105104665637
354.443053842113;-17.1952518847116
354.4646681665;-17.344590326912
354.486282490888;-17.5554954437381
354.507896815275;-17.805899320719
354.529511139662;-18.0861481633213
354.551125464049;-18.4042545766358
354.572739788437;-18.7700884011519
354.594354112824;-19.1689650058423
354.615968437211;-19.5813936906175
354.637582761599;-20.0010130613456
354.659197085986;-20.4103895045745
354.680811410373;-20.7879708731694
354.702425734761;-21.127654476729
354.724040059148;-21.4227495299399
354.745654383535;-21.6422072658535
354.767268707922;-21.7689498341315
354.78888303231;-21.8188101411222
354.810497356697;-21.8023443888111
354.832111681084;-21.7246451933986
354.853726005472;-21.5861137739113
354.875340329859;-21.3831664101363
354.896954654246;-21.1325628375476
354.918568978634;-20.8609571372602
354.940183303021;-20.5848270718027
354.961797627408;-20.3166794449359
354.983411951796;-20.0792116463928
355.005026276183;-19.8912148035891
355.02664060057;-19.7558281519981
355.048254924957;-19.6713998459651
355.069869249345;-19.6394126576884
355.091483573732;-19.6526722370795
355.113097898119;-19.6981028205804
355.134712222507;-19.7659087057916
355.156326546894;-19.8540424602494
355.177940871281;-19.9529542244368
355.199555195669;-20.0472678956769
355.221169520056;-20.1248407428872
355.242783844443;-20.1773288274375
355.26439816883;-20.2041063125926
355.286012493218;-20.2102927880729
355.307626817605;-20.1937991411629
355.329241141992;-20.1527585642908
355.35085546638;-20.0948938686117
355.372469790767;-20.0255666227488
355.394084115154;-19.940189577295
355.415698439542;-19.8333303096897
355.437312763929;-19.705718602272
355.458927088316;-19.5594548969569
355.480541412703;-19.4076318623754
355.502155737091;-19.2527431575187
355.523770061478;-19.0817431174653
355.545384385865;-18.8907212988871
355.566998710253;-18.6911808411962
355.58861303464;-18.4974150346999
355.610227359027;-18.3146300344985
355.631841683415;-18.1391598342695
355.653456007802;-17.9741230646359
355.675070332189;-17.8296610000113
355.696684656577;-17.7188220962345
355.718298980964;-17.6410191539107
355.739913305351;-17.5730360910523
355.761527629738;-17.5055359066692
355.783141954126;-17.444469539563
355.804756278513;-17.3929368541576
355.8263706029;-17.3441547160727
355.847984927288;-17.2826444223001
355.869599251675;-17.1961790217063
355.891213576062;-17.074190591884
355.91282790045;-16.9061287991903
355.934442224837;-16.6872280482955
355.956056549224;-16.4209299267707
355.977670873611;-16.1178573603775
355.999285197999;-15.7945968508225
356.020899522386;-15.4667817813915
356.042513846773;-15.1557461886848
356.064128171161;-14.8669791320175
356.085742495548;-14.597570856173
356.107356819935;-14.3462848699278
356.128971144323;-14.1247885762401
356.15058546871;-13.9641229360058
356.172199793097;-13.8829779953015
356.193814117484;-13.8698499018569
356.215428441872;-13.9111252135195
356.237042766259;-14.004106729439
356.258657090646;-14.1562653697745
356.280271415034;-14.3673498345472
356.301885739421;-14.6156851268717
356.323500063808;-14.8887423138848
356.345114388196;-15.1785967124858
356.366728712583;-15.4694910354402
356.38834303697;-15.7484975668495
356.409957361358;-16.0130670385113
356.431571685745;-16.2612179865947
356.453186010132;-16.4837052155619
356.474800334519;-16.6704187435016
356.496414658907;-16.8179439228657
356.518028983294;-16.9275905531665
356.539643307681;-16.9999059874577
356.561257632069;-17.0335894481027
356.582871956456;-17.0324809966274
356.604486280843;-17.0060980136203
356.626100605231;-16.9603068548521
356.647714929618;-16.892499419385
356.669329254005;-16.8091752560479
356.690943578392;-16.7323092578991
356.71255790278;-16.670124787118
356.734172227167;-16.6233955783672
356.755786551554;-16.5956961943617
356.777400875942;-16.5911903052648
356.799015200329;-16.6071451255998
356.820629524716;-16.6357224270646
356.842243849104;-16.6733739477518
356.863858173491;-16.7192983234984
356.885472497878;-16.7706557215429
356.907086822265;-16.8190003694322
356.928701146653;-16.8515078398176
356.95031547104;-16.8577856003469
356.971929795427;-16.8301800071997
356.993544119815;-16.773945475474
357.015158444202;-16.6996561928095
357.036772768589;-16.6069609354488
357.058387092977;-16.4891601405497
357.080001417364;-16.3410596558525
357.101615741751;-16.1767447309995
357.123230066138;-16.021996746176
357.144844390526;-15.8891074400317
357.166458714913;-15.7743618257696
357.1880730393;-15.6710009784344
357.209687363688;-15.5800222048219
357.231301688075;-15.5154147764301
357.252916012462;-15.4869658436973
357.27453033685;-15.4915145677628
357.296144661237;-15.5268169867981
357.317758985624;-15.5927588261692
357.339373310012;-15.683691645186
357.360987634399;-15.7816945037846
357.382601958786;-15.8751419399353
357.404216283173;-15.9631199147904
357.425830607561;-16.0474028165364
357.447444931948;-16.1289566981723
357.469059256335;-16.2020825614463
357.490673580723;-16.2595285652146
357.51228790511;-16.2956133357168
357.533902229497;-16.3068671376245
357.555516553885;-16.301469306517
357.577130878272;-16.2877018128657
357.598745202659;-16.2681831840388
357.620359527047;-16.2471593636256
357.641973851434;-16.2326158525664
357.663588175821;-16.2301064335097
357.685202500208;-16.2380043968388
357.706816824596;-16.2558841046494
357.728431148983;-16.2889546449634
357.75004547337;-16.3365874110581
357.771659797758;-16.4039039597067
357.793274122145;-16.4881546905963
357.814888446532;-16.5800925528195
357.83650277092;-16.6761909027868
357.858117095307;-16.7756881071822
357.879731419694;-16.8731329620359
357.901345744081;-16.9625879400815
357.922960068469;-17.0397074722279
357.944574392856;-17.0982276011464
357.966188717243;-17.1310496817993
357.987803041631;-17.1374207722917
358.009417366018;-17.121312897575
358.031031690405;-17.0880162912816
358.052646014793;-17.0446604463503
358.07426033918;-16.9979861183858
358.095874663567;-16.9507023588747
358.117488987954;-16.9090339985328
358.139103312342;-16.8909826600813
358.160717636729;-16.913325602965
358.182331961116;-16.9578933251624
358.203946285504;-17.0178535130968
358.225560609891;-17.0952665182056
358.247174934278;-17.1866164802783
358.268789258666;-17.2747233540077
358.290403583053;-17.3449190264387
358.31201790744;-17.3939131606376
358.333632231827;-17.411551450859
358.355246556215;-17.3869245092294
358.376860880602;-17.3146650509619
358.398475204989;-17.1922253201748
358.420089529377;-17.0217629510772
358.441703853764;-16.8053037412174
358.463318178151;-16.5391390776254
358.484932502539;-16.2193860075896
358.506546826926;-15.8563387463295
358.528161151313;-15.4845384768459
358.549775475701;-15.1341660082738
358.571389800088;-14.8049085145124
358.593004124475;-14.491080914756
358.614618448862;-14.1991308643048
358.63623277325;-13.9440328932518
358.657847097637;-13.7395075850497
358.679461422024;-13.5898546421416
358.701075746412;-13.4820446837999
358.722690070799;-13.411424972025
358.744304395186;-13.3820713074978
358.765918719574;-13.3925415146107
358.787533043961;-13.4248691055323
358.809147368348;-13.4721676570811
358.830761692735;-13.5356101588417
358.852376017123;-13.6125187093376
358.87399034151;-13.7013504409541
358.895604665897;-13.8033770009809
358.917218990285;-13.9212473878431
358.938833314672;-14.0539293906976
358.960447639059;-14.1956762035123
358.982061963447;-14.3434113985718
359.003676287834;-14.5001350108314
359.025290612221;-14.6638830375698
359.046904936608;-14.82156827783
359.068519260996;-14.9659291705446
359.090133585383;-15.096373768081
359.11174790977;-15.205378507556
359.133362234158;-15.2942249011957
359.154976558545;-15.3624879360372
359.176590882932;-15.4035201880901
359.19820520732;-15.4001169384803
359.219819531707;-15.3650775524666
359.241433856094;-15.3085697242873
359.263048180482;-15.2325159018163
359.284662504869;-15.139037839034
359.306276829256;-15.0301794173753
359.327891153643;-14.9036810512644
359.349505478031;-14.7562331991865
359.371119802418;-14.5963128956146
359.392734126805;-14.4482041127819
359.414348451193;-14.3150010436181
359.43596277558;-14.1842190078261
359.457577099967;-14.0522278588377
359.479191424355;-13.9311765595256
359.500805748742;-13.8305478087338
359.522420073129;-13.7424577897385
359.544034397517;-13.6543913010509
359.565648721904;-13.5664145906229
359.587263046291;-13.4837261171009
359.608877370678;-13.4142003703945
359.630491695066;-13.3586362635814
359.652106019453;-13.3114427654988
359.67372034384;-13.2708078597086
359.695334668228;-13.2405986967393
359.716948992615;-13.225581061083
359.738563317002;-13.2232815610673
359.76017764139;-13.224269966013
359.781791965777;-13.2257163878086
359.803406290164;-13.2353745280198
359.825020614551;-13.258088891325
359.846634938939;-13.2874288180634
359.868249263326;-13.3219993458295
359.889863587713;-13.3655084050454
359.911477912101;-13.4171801410872
359.933092236488;-13.4726606512215
359.954706560875;-13.5296910277683
359.976320885263;-13.59276773522
359.99793520965;-13.6665913172944
360.019549534037;-13.7549545816929
360.041163858424;-13.8625812552072
360.062778182812;-13.9920109911818
360.084392507199;-14.1426914514661
360.106006831586;-14.3111801824228
360.127621155974;-14.4931336193286
360.149235480361;-14.6882340580306
360.170849804748;-14.8934947421407
360.192464129136;-15.0926352634213
360.214078453523;-15.2681662851511
360.23569277791;-15.4132960688037
360.257307102297;-15.5201249074006
360.278921426685;-15.5723095824145
360.300535751072;-15.5602636147666
360.322150075459;-15.491387764223
360.343764399847;-15.3762958790883
360.365378724234;-15.2180461045769
360.386993048621;-15.0171824044052
360.408607373009;-14.7820883523298
360.430221697396;-14.5313376321133
360.451836021783;-14.2808413313314
360.473450346171;-14.0408992591411
360.495064670558;-13.8209452385389
360.516678994945;-13.6387380019385
360.538293319332;-13.5132058598394
360.55990764372;-13.4477994645824
360.581521968107;-13.4328331646702
360.603136292494;-13.464672960876
360.624750616882;-13.5495441475943
360.646364941269;-13.6813156599672
360.667979265656;-13.8429723071265
360.689593590044;-14.0286208303373
360.711207914431;-14.2438625703906
360.732822238818;-14.4848082162411
360.754436563205;-14.7289702652505
360.776050887593;-14.9630383298046
360.79766521198;-15.1871441150243
360.819279536367;-15.4117510516086
360.840893860755;-15.6400838543761
360.862508185142;-15.8600629523059
360.884122509529;-16.0718686851217
360.905736833917;-16.2830063385196
360.927351158304;-16.4972416416903
360.948965482691;-16.7170541096545
360.970579807078;-16.9484191704829
360.992194131466;-17.1899039908507
361.013808455853;-17.4320128638847
361.03542278024;-17.6704906744349
361.057037104628;-17.8967957213795
361.078651429015;-18.1027123136834
361.100265753402;-18.2792826511449
361.12188007779;-18.4280863400379
361.143494402177;-18.557352842625
361.165108726564;-18.6608799510867
361.186723050952;-18.7129401252304
361.208337375339;-18.6986251368921
361.229951699726;-18.622834040851
361.251566024113;-18.4893968845595
361.273180348501;-18.2929677084287
361.294794672888;-18.0263844474543
361.316408997275;-17.693676519788
361.338023321663;-17.3085297223673
361.35963764605;-16.8781456591445
361.381251970437;-16.4003780775594
361.402866294825;-15.8809408415765
361.424480619212;-15.3500307069342
361.446094943599;-14.8294779785889
361.467709267986;-14.3386409228411
361.489323592374;-13.9049293089567
361.510937916761;-13.5460240027403
361.532552241148;-13.2604366612557
361.554166565536;-13.0523663606264
361.575780889923;-12.92861680112
361.59739521431;-12.8775559182568
361.619009538698;-12.8864857485432
361.640623863085;-12.9559680639506
361.662238187472;-13.0852071494682
361.683852511859;-13.249830387803
361.705466836247;-13.4257005099079
361.727081160634;-13.6039381336319
361.748695485021;-13.77316225721
361.770309809409;-13.9095281618323
361.791924133796;-14.0086530953633
361.813538458183;-14.0741870665665
361.835152782571;-14.1032388260821
361.856767106958;-14.0924311043175
361.878381431345;-14.0538086894127
361.899995755733;-13.9947787380547
361.92161008012;-13.9070193344469
361.943224404507;-13.8038985581144
361.964838728894;-13.6959858421589
361.986453053282;-13.5877388997096
362.008067377669;-13.4929889141801
362.029681702056;-13.42578222214
362.051296026444;-13.3886605367735
362.072910350831;-13.381808103561
362.094524675218;-13.4051645731388
362.116138999606;-13.4515187795331
362.137753323993;-13.517878143312
362.15936764838;-13.6083897604027
362.180981972767;-13.7246667444217
362.202596297155;-13.8591804705449
362.224210621542;-13.9987070967269
362.245824945929;-14.1262545943923
362.267439270317;-14.2409285780753
362.289053594704;-14.3489564562723
362.310667919091;-14.4445658839975
362.332282243479;-14.5241403230569
362.353896567866;-14.5849604452556
362.375510892253;-14.615977460405
362.397125216641;-14.6106395417216
362.418739541028;-14.5789216413963
362.440353865415;-14.5272594992852
362.461968189802;-14.4533021867583
362.48358251419;-14.3563184119425
362.505196838577;-14.2403949275548
362.526811162964;-14.1114118940813
362.548425487352;-13.9761804800918
362.570039811739;-13.8384189378034
362.591654136126;-13.7000442913387
362.613268460514;-13.564870452631
362.634882784901;-13.4414941168282
362.656497109288;-13.3307952038673
362.678111433675;-13.2178892071746
362.699725758063;-13.0892588903743
362.72134008245;-12.9450513805403
362.742954406837;-12.7844283357415
362.764568731225;-12.5985128338891
362.786183055612;-12.3873234566328
362.807797379999;-12.1629871666685
362.829411704387;-11.9284053898136
362.851026028774;-11.6800635605564
362.872640353161;-11.413646957064
362.894254677548;-11.1380293832941
362.915869001936;-10.8727947315197
362.937483326323;-10.6221972089012
362.95909765071;-10.3846770694269
362.980711975098;-10.1725720338128
