Name;BF_ESR_01_Natural_x_gon_20dg_result

Recipe
Accumulations;5;Number of accumulations
RetryCount;0;Number of retries on error
AbortOnError;True;Abort on error
EnableQFactorMeasurement;False;Enable/Disable q-Factor measurement
Bfrom;313;B from
Bto;363;B to
SweepTime;60;Sweep time
Modulation;0.2;Modulation
ModulationFreq;100;Modulation
BHoldEnabled;False;B hold enabled
BHold;0;B hold
MicrowavePower;2;Microwave power
MarkerEnabled;False;
MarkerStartField;0;
MarkerEndField;0;
Mode;;
KineticGFact;0;
KineticTotalTransientTime;0;
KineticTimeResolution;0;
TempFrom;5;
TempUseSlope;False;
TempTo;5;
TempdT;1;
TempSetupTime;0;
GonFrom;0;
GonTo;180;
GonSteps;20;
XRayEnabled;False;
XRayTime;3;
XRayVoltage;40;
XRayCurrent;0.5;
UVEnabled;False;
UVIntensity;0;
UVTime;0;
UVLeadTime;0;
UVWavelength;0;
PowSweepFrom;1;
PowSweepTo;5;
PowSweepSteps;5;
AmpModSweepFrom;0;
AmpModSweepTo;1;
AmpModSweepSteps;10;
ExtTriggerEnabled;False;
ExtTrigLeadTime;0;
ExtTrigOnTime;5;

Meas
BField [mT];MW_Absorption []
313.013263931274;112.838947776025
313.034871238019;112.725355006377
313.056478544764;112.57510934825
313.078085851508;112.408016748491
313.099693158253;112.22265359671
313.121300464998;112.016492522407
313.142907771743;111.797382624205
313.164515078487;111.584673962829
313.186122385232;111.37248136232
313.207729691977;111.150381030366
313.229336998721;110.921498467119
313.250944305466;110.697296903619
313.272551612211;110.493380132764
313.294158918955;110.305792258411
313.3157662257;110.13080970779
313.337373532445;109.974670990233
313.35898083919;109.836552366104
313.380588145934;109.71714199169
313.402195452679;109.618347080594
313.423802759424;109.530652048477
313.445410066168;109.440113268386
313.467017372913;109.343941163534
313.488624679658;109.244760922755
313.510231986402;109.14098975583
313.531839293147;109.028050817132
313.553446599892;108.878626409339
313.575053906637;108.650561874037
313.596661213381;108.357526422045
313.618268520126;108.05391594753
313.639875826871;107.740303650137
313.661483133615;107.398437859417
313.68309044036;107.007098191745
313.704697747105;106.557998849029
313.726305053849;106.083204252792
313.747912360594;105.630224193205
313.769519667339;105.218001495794
313.791126974084;104.852815019258
313.812734280828;104.535559568195
313.834341587573;104.267750866305
313.855948894318;104.051029489856
313.877556201062;103.885567439375
313.899163507807;103.772033905345
313.920770814552;103.711617760939
313.942378121296;103.68840980715
313.963985428041;103.673119567764
313.985592734786;103.65524850331
314.007200041531;103.653432934734
314.028807348275;103.661924878604
314.05041465502;103.656752996445
314.072021961765;103.616041099955
314.093629268509;103.546339900983
314.115236575254;103.455320022261
314.136843881999;103.341550181041
314.158451188743;103.205043396718
314.180058495488;103.03959859491
314.201665802233;102.832103597052
314.223273108977;102.587667735101
314.244880415722;102.322816421283
314.266487722467;102.038340043417
314.288095029212;101.729426741703
314.309702335956;101.398970258013
314.331309642701;101.058031213443
314.352916949446;100.718044175341
314.37452425619;100.388825355778
314.396131562935;100.078177288429
314.41773886968;99.7974965807546
314.439346176424;99.5552898411031
314.460953483169;99.3495751241482
314.482560789914;99.1838800846139
314.504168096659;99.061070898762
314.525775403403;98.9759218209931
314.547382710148;98.9179372878819
314.568990016893;98.8774464779497
314.590597323637;98.8502775578382
314.612204630382;98.8380390880392
314.633811937127;98.839762138954
314.655419243871;98.8432462720584
314.677026550616;98.8430156020138
314.698633857361;98.8454445063058
314.720241164106;98.8588839983673
314.74184847085;98.8787790276086
314.763455777595;98.8996421790308
314.78506308434;98.9177631764939
314.806670391084;98.9301155690903
314.828277697829;98.9379508050536
314.849885004574;98.943147642771
314.871492311318;98.9376579467627
314.893099618063;98.9128079098957
314.914706924808;98.8752199302071
314.936314231553;98.8341350282517
314.957921538297;98.7923867838538
314.979528845042;98.7464077226496
315.001136151787;98.6954442751229
315.022743458531;98.6435748104339
315.044350765276;98.5918274040298
315.065958072021;98.544006553337
315.087565378765;98.5095800750244
315.10917268551;98.4916723920477
315.130779992255;98.4893900421149
315.152387299;98.5050408493529
315.173994605744;98.5428130486312
315.195601912489;98.6145235649866
315.217209219234;98.7312218931598
315.238816525978;98.8909024674999
315.260423832723;99.0905761537517
315.282031139468;99.3295859829708
315.303638446212;99.6060422607313
315.325245752957;99.923300791257
315.346853059702;100.276919792856
315.368460366447;100.648040949222
315.390067673191;101.019403953974
315.411674979936;101.369638603098
315.433282286681;101.695112899044
315.454889593425;102.005851311445
315.47649690017;102.297281791351
315.498104206915;102.535047140656
315.519711513659;102.698835799126
315.541318820404;102.784151539827
315.562926127149;102.792264320518
315.584533433894;102.735273807939
315.606140740638;102.616025540562
315.627748047383;102.425081774345
315.649355354128;102.164309344064
315.670962660872;101.851636799671
315.692569967617;101.479875272417
315.714177274362;101.037315203139
315.735784581106;100.537521124059
315.757391887851;99.9979780185032
315.778999194596;99.4282202413942
315.800606501341;98.8325762921043
315.822213808085;98.2197176009704
315.84382111483;97.6085204687025
315.865428421575;96.9868863990067
315.887035728319;96.3698163485193
315.908643035064;95.7975670356208
315.930250341809;95.2821300746494
315.951857648553;94.8186249599854
315.973464955298;94.4004965010281
315.995072262043;94.0374255897533
316.016679568787;93.7547591339971
316.038286875532;93.5353418983988
316.059894182277;93.3649550315072
316.081501489022;93.2400906205103
316.103108795766;93.1575675086757
316.124716102511;93.11829739812
316.146323409256;93.1200416415635
316.167930716;93.1573153124477
316.189538022745;93.2194512028463
316.21114532949;93.3036386374191
316.232752636234;93.4101662840604
316.254359942979;93.5353137707583
316.275967249724;93.6720668060102
316.297574556469;93.8123602852256
316.319181863213;93.9509860275881
316.340789169958;94.0866564133977
316.362396476703;94.2218630617169
316.384003783447;94.3496375818594
316.405611090192;94.4477829407049
316.427218396937;94.5163046250552
316.448825703681;94.5709114076394
316.470433010426;94.618556976292
316.492040317171;94.661113578569
316.513647623916;94.6986933953866
316.53525493066;94.7353203724513
316.556862237405;94.7883304434343
316.57846954415;94.8663838980174
316.600076850894;94.9646398115754
316.621684157639;95.0828475178955
316.643291464384;95.2334523056945
316.664898771128;95.4247348330486
316.686506077873;95.643068965364
316.708113384618;95.8707003404778
316.729720691363;96.1065947802951
316.751327998107;96.3538975187355
316.772935304852;96.6135010766089
316.794542611597;96.8648855980685
316.816149918341;97.0724195990798
316.837757225086;97.2298516110913
316.859364531831;97.3363584163127
316.880971838575;97.3858842680744
316.90257914532;97.3805962322848
316.924186452065;97.3265093372118
316.94579375881;97.2362625443746
316.967401065554;97.1288894076394
316.989008372299;97.0202788669772
317.010615679044;96.9151287682508
317.032222985788;96.8099902845528
317.053830292533;96.7264065190119
317.075437599278;96.6872608754429
317.097044906022;96.6990774933598
317.118652212767;96.7447553932901
317.140259519512;96.7983442703811
317.161866826257;96.8504493628421
317.183474133001;96.8981324642794
317.205081439746;96.9333428506343
317.226688746491;96.9382289081564
317.248296053235;96.8986844822847
317.26990335998;96.8141569546539
317.291510666725;96.6883301036494
317.313117973469;96.5350266846567
317.334725280214;96.3560751844603
317.356332586959;96.1436551220633
317.377939893704;95.8940591854874
317.399547200448;95.6057333007595
317.421154507193;95.2809734040692
317.442761813938;94.9361327029936
317.464369120682;94.5870152493269
317.485976427427;94.2327068562765
317.507583734172;93.8675914735116
317.529191040916;93.4941698694322
317.550798347661;93.1268969045212
317.572405654406;92.7807384382757
317.594012961151;92.441553854946
317.615620267895;92.088033430858
317.63722757464;91.7175766328053
317.658834881385;91.3343001344547
317.680442188129;90.9361330122339
317.702049494874;90.5133124472862
317.723656801619;90.0646305559596
317.745264108363;89.6086214802497
317.766871415108;89.1554986400281
317.788478721853;88.7194464178858
317.810086028597;88.3008784172591
317.831693335342;87.8904650413155
317.853300642087;87.4828115432583
317.874907948832;87.0912949681392
317.896515255576;86.7243417096413
317.918122562321;86.3884488500304
317.939729869066;86.0911735321759
317.96133717581;85.8309137444798
317.982944482555;85.6052339700635
318.0045517893;85.4207486061428
318.026159096044;85.2907148592936
318.047766402789;85.2222682313695
318.069373709534;85.2052009087781
318.090981016279;85.2323969440657
318.112588323023;85.3006757677631
318.134195629768;85.3998341897884
318.155802936513;85.5143324174889
318.177410243257;85.636944639509
318.199017550002;85.7697363454769
318.220624856747;85.9052236194321
318.242232163491;86.0239508702113
318.263839470236;86.1135681055621
318.285446776981;86.179883946773
318.307054083726;86.2339340600189
318.32866139047;86.2667509829301
318.350268697215;86.2756956408224
318.37187600396;86.2734602551127
318.393483310704;86.2635431460906
318.415090617449;86.2452289565493
318.436697924194;86.2147814315663
318.458305230938;86.1644530129734
318.479912537683;86.0801639473249
318.501519844428;85.9583241155867
318.523127151173;85.8190909552525
318.544734457917;85.6709640649835
318.566341764662;85.5004478760868
318.587949071407;85.2960250714164
318.609556378151;85.055566679568
318.631163684896;84.787875960935
318.652770991641;84.5062681505998
318.674378298385;84.2127768973576
318.69598560513;83.9060754233818
318.717592911875;83.5988516309251
318.73920021862;83.3043872665446
318.760807525364;83.0169079319549
318.782414832109;82.7245003840026
318.804022138854;82.4227511451499
318.825629445598;82.1170231578155
318.847236752343;81.8210643212512
318.868844059088;81.5312713069577
318.890451365832;81.2353271928237
318.912058672577;80.9414378737879
318.933665979322;80.6651693282661
318.955273286067;80.3976228828064
318.976880592811;80.1279218367083
318.998487899556;79.8489086269181
319.020095206301;79.5493135990947
319.041702513045;79.2112655827538
319.06330981979;78.823887299732
319.084917126535;78.3892812918307
319.106524433279;77.9022834814944
319.128131740024;77.3474887272354
319.149739046769;76.7229228952785
319.171346353514;76.0353345202112
319.192953660258;75.2808153288081
319.214560967003;74.4950511539581
319.236168273748;73.7510339557141
319.257775580492;73.0333543108703
319.279382887237;72.3271716581988
319.300990193982;71.6587745668901
319.322597500726;71.0705287398483
319.344204807471;70.5664364399717
319.365812114216;70.1404846437145
319.387419420961;69.8004597826939
319.409026727705;69.5552390047896
319.43063403445;69.3925516462291
319.452241341195;69.2969812797944
319.473848647939;69.2525462194699
319.495455954684;69.2490083451268
319.517063261429;69.2701215450219
319.538670568173;69.289201244346
319.560277874918;69.2799727064947
319.581885181663;69.2286490355504
319.603492488407;69.1394617282562
319.625099795152;69.0046398348692
319.646707101897;68.8060453598377
319.668314408642;68.5327919332219
319.689921715386;68.1973649146501
319.711529022131;67.8320428669505
319.733136328876;67.4495997538781
319.75474363562;67.0535558117506
319.776350942365;66.6537282517145
319.79795824911;66.2686992667907
319.819565555854;65.9105018088977
319.841172862599;65.5873686766166
319.862780169344;65.3088393725763
319.884387476089;65.0754405287978
319.905994782833;64.8851770431673
319.927602089578;64.7427375333959
319.949209396323;64.6483262035321
319.970816703067;64.5964184003454
319.992424009812;64.5824871468928
320.014031316557;64.5968198445158
320.035638623301;64.6292006540901
320.057245930046;64.6720532195771
320.078853236791;64.7240000850521
320.100460543536;64.7939599678651
320.12206785028;64.8913696677093
320.143675157025;65.0152129402584
320.16528246377;65.1488618280184
320.186889770514;65.2884908783581
320.208497077259;65.4419097841601
320.230104384004;65.6137097749009
320.251711690748;65.7985997148314
320.273318997493;65.9917100880827
320.294926304238;66.1902312936099
320.316533610983;66.3888654620111
320.338140917727;66.5827913503805
320.359748224472;66.7718216138663
320.381355531217;66.9567621488902
320.402962837961;67.1273772821006
320.424570144706;67.2658554609979
320.446177451451;67.3662264410227
320.467784758195;67.4246182624056
320.48939206494;67.4287410473431
320.510999371685;67.3668962163057
320.53260667843;67.2460363878143
320.554213985174;67.0852133600611
320.575821291919;66.8942889726236
320.597428598664;66.6744583986865
320.619035905408;66.4235446272334
320.640643212153;66.1371412093459
320.662250518898;65.8269853545969
320.683857825642;65.5186373659301
320.705465132387;65.2295872982937
320.727072439132;64.9686778670359
320.748679745877;64.7435608083896
320.770287052621;64.5516946615503
320.791894359366;64.3900612966663
320.813501666111;64.2580399795802
320.835108972855;64.1501656276059
320.8567162796;64.0580332224265
320.878323586345;63.9774876117972
320.899930893089;63.9044437327182
320.921538199834;63.8275160125854
320.943145506579;63.7338248042688
320.964752813324;63.6154253299695
320.986360120068;63.464276091787
321.007967426813;63.2644882102643
321.029574733558;63.0130984680295
321.051182040302;62.7175703085161
321.072789347047;62.3716536271522
321.094396653792;61.9563626317599
321.116003960536;61.457280707081
321.137611267281;60.8738017508926
321.159218574026;60.2272774819229
321.180825880771;59.56555770469
321.202433187515;58.9047955044276
321.22404049426;58.2290128228707
321.245647801005;57.5292234762768
321.267255107749;56.8425086216278
321.288862414494;56.2208169284112
321.310469721239;55.6686280821661
321.332077027983;55.1632193253309
321.353684334728;54.6939543569883
321.375291641473;54.2598588442158
321.396898948217;53.8612076280282
321.418506254962;53.5128452322035
321.440113561707;53.238579417947
321.461720868452;53.0463063484383
321.483328175196;52.9290654325738
321.504935481941;52.8704089376816
321.526542788686;52.8599456442888
321.54815009543;52.8912863801782
321.569757402175;52.9632498323122
321.59136470892;53.087901281982
321.612972015664;53.2633417437832
321.634579322409;53.462999761394
321.656186629154;53.6745730107926
321.677793935899;53.9014929451424
321.699401242643;54.1530227449662
321.721008549388;54.4292083510901
321.742615856133;54.7154589030397
321.764223162877;55.0063355134861
321.785830469622;55.3146200830792
321.807437776367;55.646536300527
321.829045083111;55.9946742326408
321.850652389856;56.3514295857552
321.872259696601;56.7173379080216
321.893867003346;57.0991663146045
321.91547431009;57.4991273218978
321.937081616835;57.9109194533328
321.95868892358;58.3304884773244
321.980296230324;58.7529371085671
322.001903537069;59.1666475401856
322.023510843814;59.5641773729193
322.045118150558;59.9479340859667
322.066725457303;60.3253657175979
322.088332764048;60.7045160603649
322.109940070793;61.0876927303698
322.131547377537;61.4635985238712
322.153154684282;61.8076594659548
322.174761991027;62.1117295691575
322.196369297771;62.3806983097358
322.217976604516;62.6137923608852
322.239583911261;62.8041139966983
322.261191218005;62.9444387620357
322.28279852475;63.0309609386552
322.304405831495;63.0668065000426
322.32601313824;63.0571379544612
322.347620444984;63.0083889993352
322.369227751729;62.9235591058799
322.390835058474;62.8037954726538
322.412442365218;62.6510611878782
322.434049671963;62.4750268369926
322.455656978708;62.2924209050883
322.477264285452;62.1153105560581
322.498871592197;61.948167562008
322.520478898942;61.7928064212062
322.542086205687;61.6526144896046
322.563693512431;61.5317483853319
322.585300819176;61.4293219477651
322.606908125921;61.344839594321
322.628515432665;61.2805979074643
322.65012273941;61.2356541494361
322.671730046155;61.206361145385
322.693337352899;61.1945248676549
322.714944659644;61.2015656981813
322.736551966389;61.2253740934624
322.758159273134;61.2659969881344
322.779766579878;61.3200949190451
322.801373886623;61.3804654543133
322.822981193368;61.4531606598654
322.844588500112;61.5452752547983
322.866195806857;61.6492340200629
322.887803113602;61.7562436931792
322.909410420346;61.8698021436093
322.931017727091;61.9885649617501
322.952625033836;62.116611121633
322.974232340581;62.2565176426858
322.995839647325;62.4102745777118
323.01744695407;62.581633002746
323.039054260815;62.7685707654474
323.060661567559;62.9670682977799
323.082268874304;63.1687294517523
323.103876181049;63.3702753485514
323.125483487793;63.5741158562817
323.147090794538;63.7814948449609
323.168698101283;63.9843912235332
323.190305408027;64.1729764532924
323.211912714772;64.3472119820132
323.233520021517;64.5079225121882
323.255127328262;64.6572883830041
323.276734635006;64.8015754895727
323.298341941751;64.94726911989
323.319949248496;65.0936102645812
323.34155655524;65.2469188517704
323.363163861985;65.418639585941
323.38477116873;65.6162433954141
323.406378475474;65.8360959342042
323.427985782219;66.0748813627416
323.449593088964;66.3283796616294
323.471200395709;66.591325696911
323.492807702453;66.8648587248319
323.514415009198;67.1470221284981
323.536022315943;67.4310354560218
323.557629622687;67.701606367378
323.579236929432;67.9465491763701
323.600844236177;68.1665261301531
323.622451542921;68.3599695979104
323.644058849666;68.5078654152854
323.665666156411;68.6024215169255
323.687273463156;68.6492914998266
323.7088807699;68.6509412157919
323.730488076645;68.5998629482019
323.75209538339;68.4824530139749
323.773702690134;68.3103147355782
323.795309996879;68.0902702143716
323.816917303624;67.8286290708787
323.838524610368;67.5365586467116
323.860131917113;67.2190986519508
323.881739223858;66.8769054473026
323.903346530603;66.5062956505328
323.924953837347;66.1007488426501
323.946561144092;65.6573228894069
323.968168450837;65.1711551388888
323.989775757581;64.6395715230449
324.011383064326;64.0711556562873
324.032990371071;63.4940876176891
324.054597677815;62.9247768277032
324.07620498456;62.3566851396545
324.097812291305;61.784517424333
324.11941959805;61.2197695123465
324.141026904794;60.6635907829319
324.162634211539;60.1285665641756
324.184241518284;59.6418412834421
324.205848825028;59.2026607125244
324.227456131773;58.7909074674061
324.249063438518;58.4047083810102
324.270670745262;58.0423099911766
324.292278052007;57.6939604108373
324.313885358752;57.3510308368233
324.335492665497;57.0117381440951
324.357099972241;56.6718409409543
324.378707278986;56.325579807445
324.400314585731;55.9700351358536
324.421921892475;55.606048341642
324.44352919922;55.250253011265
324.465136505965;54.912210730118
324.486743812709;54.6015727946954
324.508351119454;54.31717761452
324.529958426199;54.050320618952
324.551565732944;53.7977663497022
324.573173039688;53.5623496592455
324.594780346433;53.3449583647293
324.616387653178;53.1366766503398
324.637994959922;52.9207158593236
324.659602266667;52.6953890457707
324.681209573412;52.4882342710773
324.702816880156;52.3021752851874
324.724424186901;52.1153644802493
324.746031493646;51.9167709329736
324.767638800391;51.7098507732655
324.789246107135;51.5038115064045
324.81085341388;51.3001566365455
324.832460720625;51.1012128145329
324.854068027369;50.9072073150609
324.875675334114;50.7138089723492
324.897282640859;50.5202204333389
324.918889947603;50.3298178051932
324.940497254348;50.1468818015646
324.962104561093;49.9732917749278
324.983711867837;49.8133467137539
325.005319174582;49.6741369081547
325.026926481327;49.5549610639114
325.048533788072;49.4582039523569
325.070141094816;49.3939833399708
325.091748401561;49.3603019571024
325.113355708306;49.3551975914741
325.13496301505;49.3767702476594
325.156570321795;49.4228285655159
325.17817762854;49.4922307697685
325.199784935284;49.5857795546229
325.221392242029;49.7115582009557
325.242999548774;49.8656525078396
325.264606855519;50.0433810009584
325.286214162263;50.2518842554274
325.307821469008;50.4999543221116
325.329428775753;50.7861633722648
325.351036082497;51.0906510131593
325.372643389242;51.4036981631466
325.394250695987;51.7275958148707
325.415858002731;52.0610221138848
325.437465309476;52.4014374751358
325.459072616221;52.7342287298154
325.480679922966;53.0419655569871
325.50228722971;53.3128207023087
325.523894536455;53.5451841435743
325.5455018432;53.753052819155
325.567109149944;53.9329524377379
325.588716456689;54.0779929388765
325.610323763434;54.2055767242667
325.631931070178;54.3186168799105
325.653538376923;54.4209110595698
325.675145683668;54.5231104642776
325.696752990413;54.6269499346662
325.718360297157;54.7256494758148
325.739967603902;54.822503246853
325.761574910647;54.9201859456063
325.783182217391;55.0115060689692
325.804789524136;55.088919428031
325.826396830881;55.161589176739
325.848004137625;55.2380969787488
325.86961144437;55.318416791256
325.891218751115;55.4010932269492
325.91282605786;55.4800368288738
325.934433364604;55.5540548181934
325.956040671349;55.6287668661918
325.977647978094;55.7050753507975
325.999255284838;55.780123711758
326.020862591583;55.852733025555
326.042469898328;55.904461827191
326.064077205072;55.9204784376224
326.085684511817;55.9049626232495
326.107291818562;55.8660513618592
326.128899125307;55.8050862554386
326.150506432051;55.7191801413779
326.172113738796;55.6125103301834
326.193721045541;55.4891168553723
326.215328352285;55.3403430974241
326.23693565903;55.1707305418464
326.258542965775;54.9855065600826
326.280150272519;54.7875443214392
326.301757579264;54.5775295341381
326.323364886009;54.3525530963283
326.344972192754;54.1067215088936
326.366579499498;53.8301110039815
326.388186806243;53.5252728152664
326.409794112988;53.2008717885887
326.431401419732;52.8535733029865
326.453008726477;52.4790575540407
326.474616033222;52.0856578139731
326.496223339966;51.678069461213
326.517830646711;51.2509298653577
326.539437953456;50.8066783082825
326.561045260201;50.3324108113636
326.582652566945;49.823842247193
326.60425987369;49.2991030725874
326.625867180435;48.7604789969641
326.647474487179;48.2100337907355
326.669081793924;47.6615805034133
326.690689100669;47.1260007772454
326.712296407413;46.6081974672054
326.733903714158;46.1095577391932
326.755511020903;45.653113934736
326.777118327647;45.269690655401
326.798725634392;44.956131829197
326.820332941137;44.7075127639134
326.841940247882;44.5150399011242
326.863547554626;44.3595349106754
326.885154861371;44.226166946562
326.906762168116;44.1162584042399
326.92836947486;44.0257140738168
326.949976781605;43.9407484362617
326.97158408835;43.8403392104877
326.993191395094;43.7106289707699
327.014798701839;43.543412589555
327.036406008584;43.3454714619366
327.058013315329;43.1274799980297
327.079620622073;42.8896472818123
327.101227928818;42.6440021867251
327.122835235563;42.4120294287275
327.144442542307;42.2127924015504
327.166049849052;42.052894607203
327.187657155797;41.9412043783388
327.209264462541;41.8722643387511
327.230871769286;41.8379970593855
327.252479076031;41.8376360053511
327.274086382776;41.8807334717921
327.29569368952;41.9665835576892
327.317300996265;42.0695866934525
327.33890830301;42.1670962387502
327.360515609754;42.2462472545621
327.382122916499;42.3123701902496
327.403730223244;42.3716143728366
327.425337529988;42.4070060367685
327.446944836733;42.3984526433577
327.468552143478;42.3425513332926
327.490159450223;42.270191778224
327.511766756967;42.1933569137187
327.533374063712;42.1128797316903
327.554981370457;42.0299348602904
327.576588677201;41.951541779268
327.598195983946;41.8778800058659
327.619803290691;41.8103874691671
327.641410597435;41.7679396462276
327.66301790418;41.7621065771225
327.684625210925;41.7892264228044
327.70623251767;41.8402273954027
327.727839824414;41.9129129686198
327.749447131159;42.0017999102719
327.771054437904;42.0931767972311
327.792661744648;42.1776697543691
327.814269051393;42.2471368710306
327.835876358138;42.2901349504135
327.857483664882;42.3008039615696
327.879090971627;42.2714665238267
327.900698278372;42.1863916299001
327.922305585117;42.0302780835202
327.943912891861;41.7982608336775
327.965520198606;41.4928469722077
327.987127505351;41.1303464152279
328.008734812095;40.6966425288213
328.03034211884;40.1972687464925
328.051949425585;39.667202321925
328.073556732329;39.1152429146049
328.095164039074;38.5413618077058
328.116771345819;37.9620102027382
328.138378652564;37.3757277871509
328.159985959308;36.7882010761369
328.181593266053;36.2326907743051
328.203200572798;35.7115903182929
328.224807879542;35.2005578626067
328.246415186287;34.6952376009087
328.268022493032;34.1909243527764
328.289629799776;33.6959379459963
328.311237106521;33.220171625486
328.332844413266;32.7552693282444
328.354451720011;32.2864005857382
328.376059026755;31.8300655928299
328.3976663335;31.4052146640052
328.419273640245;31.0086754135928
328.440880946989;30.6399034011569
328.462488253734;30.3110838929568
328.484095560479;30.0313725592913
328.505702867223;29.7911432246965
328.527310173968;29.585617517859
328.548917480713;29.424640298855
328.570524787457;29.3092438705905
328.592132094202;29.2260737068554
328.613739400947;29.1596564311351
328.635346707692;29.1011413052789
328.656954014436;29.0539141331885
328.678561321181;29.0199585930035
328.700168627926;28.9986878829363
328.72177593467;28.9824693262587
328.743383241415;28.9592799609908
328.76499054816;28.9191924054763
328.786597854904;28.8421867586475
328.808205161649;28.7301846688606
328.829812468394;28.598387727832
328.851419775139;28.437576775219
328.873027081883;28.2229988640026
328.894634388628;27.9426021092565
328.916241695373;27.6322673235617
328.937849002117;27.3235044500091
328.959456308862;27.0223787925415
328.981063615607;26.7310385111001
329.002670922351;26.4490450269459
329.024278229096;26.1740993050946
329.045885535841;25.9161409973736
329.067492842586;25.7110114390285
329.08910014933;25.5820438946524
329.110707456075;25.51746916761
329.13231476282;25.4963287897799
329.153922069564;25.486264353073
329.175529376309;25.4638937756616
329.197136683054;25.4166626923726
329.218743989798;25.3221307084885
329.240351296543;25.1795623406441
329.261958603288;24.9884249661171
329.283565910033;24.7177769155101
329.305173216777;24.3550422958709
329.326780523522;23.9096031735122
329.348387830267;23.4233443995417
329.369995137011;22.9381542753674
329.391602443756;22.4757054869548
329.413209750501;22.0463243272171
329.434817057245;21.6597488633523
329.45642436399;21.3443387747123
329.478031670735;21.1385725342633
329.49963897748;21.0460128715024
329.521246284224;21.0508931582751
329.542853590969;21.1385156427609
329.564460897714;21.287521713374
329.586068204458;21.485905668749
329.607675511203;21.7118457854416
329.629282817948;21.9295443455599
329.650890124692;22.1182703611298
329.672497431437;22.2772098891517
329.694104738182;22.4140391477638
329.715712044927;22.5293955701706
329.737319351671;22.6184735102289
329.758926658416;22.6813256511663
329.780533965161;22.7278650346392
329.802141271905;22.7679700333299
329.82374857865;22.8138446929476
329.845355885395;22.8788244604724
329.866963192139;22.9702932881255
329.888570498884;23.0944065612466
329.910177805629;23.25968883308
329.931785112374;23.464422659345
329.953392419118;23.6983861653001
329.974999725863;23.9597560945639
329.996607032608;24.2564146050082
330.018214339352;24.5959723446939
330.039821646097;24.9435110744517
330.061428952842;25.2891514155043
330.083036259586;25.649154016699
330.104643566331;26.0217795006372
330.126250873076;26.3857730685668
330.147858179821;26.7214398826062
330.169465486565;27.0309572403864
330.19107279331;27.3304294336089
330.212680100055;27.6145143818101
330.234287406799;27.8744177201849
330.255894713544;28.1060169946129
330.277502020289;28.315702620642
330.299109327033;28.5096578070428
330.320716633778;28.6874273580376
330.342323940523;28.8535649222891
330.363931247267;29.0190820894512
330.385538554012;29.2000671679349
330.407145860757;29.3941497222464
330.428753167502;29.5947503374615
330.450360474246;29.7965809111159
330.471967780991;29.997820284001
330.493575087736;30.1936798071009
330.51518239448;30.3653826980909
330.536789701225;30.4989372932093
330.55839700797;30.5842358128372
330.580004314714;30.6053852977823
330.601611621459;30.5526884166853
330.623218928204;30.4275138212121
330.644826234949;30.2405760785656
330.666433541693;29.9956160874068
330.688040848438;29.6919524343761
330.709648155183;29.3223244581791
330.731255461927;28.9052379107072
330.752862768672;28.4562505619705
330.774470075417;28.0046854369525
330.796077382161;27.583046385968
330.817684688906;27.2004059509183
330.839291995651;26.8488613288134
330.860899302396;26.5261966497403
330.88250660914;26.2271345221762
330.904113915885;25.9336573667572
330.92572122263;25.6377712530319
330.947328529374;25.3298762300519
330.968935836119;24.9794148769584
330.990543142864;24.5474424722579
331.012150449608;24.0175465347122
331.033757756353;23.3929344414425
331.055365063098;22.6904050705674
331.076972369843;21.9207817802016
331.098579676587;21.080588780359
331.120186983332;20.1728828646319
331.141794290077;19.247339588034
331.163401596821;18.3733836936544
331.185008903566;17.5908518799065
331.206616210311;16.9343529356943
331.228223517055;16.4491772723169
331.2498308238;16.1326547517776
331.271438130545;15.970681605854
331.29304543729;15.9709307623229
331.314652744034;16.1092478962256
331.336260050779;16.3477721593428
331.357867357524;16.615392895006
331.379474664268;16.8492772349199
331.401081971013;17.0143422584284
331.422689277758;17.0808399491804
331.444296584502;17.022964980565
331.465903891247;16.820149021434
331.487511197992;16.4762127973272
331.509118504737;16.0194846110614
331.530725811481;15.4953374808914
331.552333118226;14.9544593189322
331.573940424971;14.4460205823163
331.595547731715;14.0498467441005
331.61715503846;13.8087908925505
331.638762345205;13.7829569140195
331.660369651949;13.9736624755865
331.681976958694;14.3807646645688
331.703584265439;14.9984451668526
331.725191572184;15.8170955613323
331.746798878928;16.8530271779167
331.768406185673;18.1056118265246
331.790013492418;19.5207805039491
331.811620799162;20.9902236582087
331.833228105907;22.4253982994425
331.854835412652;23.7803351841997
331.876442719396;25.004913117368
331.898050026141;26.0380683475527
331.919657332886;26.8543885122498
331.941264639631;27.4385478878002
331.962871946375;27.7511345948799
331.98447925312;27.7614619799338
332.006086559865;27.4722816554502
332.027693866609;26.926404327264
332.049301173354;26.1837869452464
332.070908480099;25.3261203494995
332.092515786843;24.4185950012214
332.114123093588;23.4930165041808
332.135730400333;22.5798509046907
332.157337707077;21.7797839867769
332.178945013822;21.2375540552357
332.200552320567;20.9878955446231
332.222159627312;21.0348445088279
332.243766934056;21.3745001913574
332.265374240801;21.975812881942
332.286981547546;22.875912511044
332.30858885429;24.0281463869418
332.330196161035;25.4140456607207
332.35180346778;27.0448155121808
332.373410774524;28.9403681521541
332.395018081269;31.056488484009
332.416625388014;33.29368809533
332.438232694759;35.6000979174821
332.459840001503;38.0058898030428
332.481447308248;40.5519828188068
332.503054614993;43.2170743103052
332.524661921737;45.8965858432427
332.546269228482;48.5097964796868
332.567876535227;50.9198426023589
332.589483841971;53.0979080739176
332.611091148716;55.110511472346
332.632698455461;56.9862342185775
332.654305762206;58.685277295788
332.67591306895;60.1716051235018
332.697520375695;61.44212454767
332.71912768244;62.5074785810643
332.740734989184;63.3771859925924
332.762342295929;64.0555559321435
332.783949602674;64.5394323115418
332.805556909418;64.8911209504104
332.827164216163;65.1821111173159
332.848771522908;65.4712255516518
332.870378829653;65.810208486146
332.891986136397;66.2474430011559
332.913593443142;66.8300030097364
332.935200749887;67.6043191083312
332.956808056631;68.5911928923957
332.978415363376;69.7839375558677
333.000022670121;71.1489726945155
333.021629976865;72.6438171815042
333.04323728361;74.2844099007353
333.064844590355;76.0417255945845
333.0864518971;77.6957166263337
333.108059203844;79.1247230533224
333.129666510589;80.2566510353354
333.151273817334;81.0414042948227
333.172881124078;81.4040159215255
333.194488430823;81.2825008265146
333.216095737568;80.617266595783
333.237703044312;79.2934367270632
333.259310351057;77.2735246128024
333.280917657802;74.6905042614139
333.302524964547;71.6991142115001
333.324132271291;68.3098122898473
333.345739578036;64.618166076922
333.367346884781;60.8939798184495
333.388954191525;57.3282416730715
333.41056149827;53.9402171729439
333.432168805015;50.7257688885145
333.453776111759;47.7284457137857
333.475383418504;45.1023369725553
333.496990725249;43.0101493898839
333.518598031994;41.4054890030181
333.540205338738;40.2827536934254
333.561812645483;39.6325507541051
333.583419952228;39.4669191014725
333.605027258972;39.7373195318113
333.626634565717;40.4415851174659
333.648241872462;41.6109549504005
333.669849179206;43.1828231347274
333.691456485951;45.1801770806378
333.713063792696;47.4890013270009
333.734671099441;50.1897607931633
333.756278406185;53.4727058290212
333.77788571293;57.490465926239
333.799493019675;62.1380016136915
333.821100326419;67.2672469154139
333.842707633164;72.9455974724455
333.864314939909;79.4291978179205
333.885922246653;86.702432505457
333.907529553398;94.7632119566935
333.929136860143;103.503084061208
333.950744166887;112.439951033884
333.972351473632;121.239018446596
333.993958780377;129.871631204793
334.015566087122;138.593229250029
334.037173393866;147.476793926548
334.058780700611;156.156343092345
334.080388007356;164.173163156509
334.1019953141;171.249083351856
334.123602620845;177.405888094056
334.14520992759;182.641695989261
334.166817234334;186.814147575974
334.188424541079;190.119241383862
334.210031847824;192.796091723972
334.231639154569;194.93384835786
334.253246461313;196.618846191236
334.274853768058;198.057126274391
334.296461074803;199.461990824646
334.318068381547;200.992537478384
334.339675688292;202.782638643719
334.361282995037;204.902300757712
334.382890301781;207.312477038318
334.404497608526;209.979895650458
334.426104915271;212.937262090321
334.447712222016;216.239902773214
334.46931952876;219.888465781445
334.490926835505;223.841648693994
334.51253414225;228.094926930694
334.534141448994;232.60373812963
334.555748755739;237.341936256757
334.577356062484;242.510615565781
334.598963369228;248.489120935149
334.620570675973;255.495796057604
334.642177982718;263.603892153289
334.663785289463;272.627118712112
334.685392596207;282.63166991155
334.706999902952;294.033728384014
334.728607209697;306.981751702284
334.750214516441;321.340488355008
334.771821823186;337.55628727242
334.793429129931;356.546899803444
334.815036436675;378.75561582174
334.83664374342;403.477861638757
334.858251050165;430.276783958449
334.87985835691;460.039083754746
334.901465663654;493.707138392
334.923072970399;531.469028055786
334.944680277144;572.342638189059
334.966287583888;615.399035086577
334.987894890633;661.387366127063
335.009502197378;711.710114470167
335.031109504122;766.04265326583
335.052716810867;823.758351130332
335.074324117612;886.586632219109
335.095931424357;957.9207827292
335.117538731101;1042.19987853963
335.139146037846;1141.68335563007
335.160753344591;1252.33355053606
335.182360651335;1370.19258817228
335.20396795808;1501.18104766623
335.225575264825;1650.61190234567
335.247182571569;1819.02199178745
335.268789878314;2003.07544566679
335.290397185059;2201.75468971446
335.312004491804;2419.76896987165
335.333611798548;2656.62069321378
335.355219105293;2907.20128779387
335.376826412038;3166.94359662714
335.398433718782;3423.33813659406
335.420041025527;3664.21038005642
335.441648332272;3887.11549139494
335.463255639016;4088.99638787768
335.484862945761;4265.99231513963
335.506470252506;4412.69812807292
335.528077559251;4518.18896272496
335.549684865995;4571.24641631107
335.57129217274;4568.72525082264
335.592899479485;4506.78451694784
335.614506786229;4382.92164093369
335.636114092974;4200.06885387383
335.657721399719;3958.95759129322
335.679328706463;3656.26863769663
335.700936013208;3296.75788989252
335.722543319953;2900.64250248536
335.744150626697;2482.46598030679
335.765757933442;2048.49100693312
335.787365240187;1602.4625732565
335.808972546932;1146.55369641294
335.830579853676;679.921443227913
335.852187160421;208.745895827764
335.873794467166;-243.965585856918
335.89540177391;-662.580625054994
335.917009080655;-1046.3914334441
335.9386163874;-1396.88500197482
335.960223694144;-1712.78306322414
335.981831000889;-1989.7341760958
336.003438307634;-2228.71401153744
336.025045614379;-2430.99322405496
336.046652921123;-2599.78905776089
336.068260227868;-2738.98836214325
336.089867534613;-2851.74093948066
336.111474841357;-2941.7311638663
336.133082148102;-3011.24922002172
336.154689454847;-3063.29228957969
336.176296761591;-3102.10933072932
336.197904068336;-3130.81967215953
336.219511375081;-3151.53958900583
336.241118681826;-3166.16697508486
336.26272598857;-3175.91704008295
336.284333295315;-3181.7443945975
336.30594060206;-3184.00365348556
336.327547908804;-3182.92514240605
336.349155215549;-3178.17675557721
336.370762522294;-3168.47448697353
336.392369829038;-3152.56712933115
336.413977135783;-3129.62487955935
336.435584442528;-3098.70229347934
336.457191749273;-3058.45145849731
336.478799056017;-3007.22931844168
336.500406362762;-2943.67929718248
336.522013669507;-2867.0000667356
336.543620976251;-2777.18225668619
336.565228282996;-2674.83671638661
336.586835589741;-2559.66569955005
336.608442896485;-2430.66248747321
336.63005020323;-2291.69865631563
336.651657509975;-2150.72308390621
336.67326481672;-2009.7477324836
336.694872123464;-1866.46840066631
336.716479430209;-1721.51613881261
336.738086736954;-1578.13844052918
336.759694043698;-1439.93281121233
336.781301350443;-1310.70307967042
336.802908657188;-1188.7738373478
336.824515963932;-1072.81039041165
336.846123270677;-966.288757572201
336.867730577422;-870.216158851421
336.889337884167;-784.015491185627
336.910945190911;-707.415237141389
336.932552497656;-640.71240574429
336.954159804401;-582.826920654741
336.975767111145;-531.528547076226
336.99737441789;-486.515252488697
337.018981724635;-447.841886225055
337.040589031379;-414.217300745278
337.062196338124;-383.813686039058
337.083803644869;-355.608852064247
337.105410951614;-329.456054571692
337.127018258358;-305.162852341268
337.148625565103;-282.521842170115
337.170232871848;-261.546142064869
337.191840178592;-242.080478593762
337.213447485337;-224.032041971056
337.235054792082;-207.134179783308
337.256662098826;-190.917504856275
337.278269405571;-175.134652964753
337.299876712316;-160.014136635407
337.321484019061;-146.160924334634
337.343091325805;-133.744046794834
337.36469863255;-122.446946395757
337.386305939295;-111.880174976569
337.407913246039;-102.078819696791
337.429520552784;-93.2458766725312
337.451127859529;-85.767841113037
337.472735166273;-79.6715598269998
337.494342473018;-74.7105244949819
337.515949779763;-70.7249994697492
337.537557086507;-67.7880753196726
337.559164393252;-66.0458800207647
337.580771699997;-65.4901698298761
337.602379006742;-66.0612814769834
337.623986313486;-67.7261143242038
337.645593620231;-70.4063340418844
337.667200926976;-73.888972793886
337.68880823372;-77.9931921092295
337.710415540465;-82.6022554603491
337.73202284721;-87.5136085198381
337.753630153954;-92.3723121257832
337.775237460699;-96.9452911084797
337.796844767444;-101.058448790912
337.818452074189;-104.620296150052
337.840059380933;-107.678095798098
337.861666687678;-110.084013094695
337.883273994423;-111.701206166205
337.904881301167;-112.586807231163
337.926488607912;-112.815162447964
337.948095914657;-112.495037106979
337.969703221401;-111.691453459722
337.991310528146;-110.43408478674
338.012917834891;-108.855059734725
338.034525141636;-107.130692866463
338.05613244838;-105.385233357901
338.077739755125;-103.608168986425
338.09934706187;-101.877035718329
338.120954368614;-100.290662995369
338.142561675359;-98.8770212781268
338.164168982104;-97.5967442059862
338.185776288848;-96.3909711373903
338.207383595593;-95.204933649515
338.228990902338;-93.986199293017
338.250598209083;-92.7088789925328
338.272205515827;-91.3518767310061
338.293812822572;-89.8843467809521
338.315420129317;-88.3089437600323
338.337027436061;-86.6108554273875
338.358634742806;-84.7463978893605
338.380242049551;-82.6966105137933
338.401849356295;-80.4744073816701
338.42345666304;-78.1214970561106
338.445063969785;-75.6902001567523
338.46667127653;-73.2255203712132
338.488278583274;-70.7430549073308
338.509885890019;-68.2245402234588
338.531493196764;-65.653413296971
338.553100503508;-63.1084677400685
338.574707810253;-60.6607169664995
338.596315116998;-58.2573130273237
338.617922423742;-55.8996865464948
338.639529730487;-53.6286150855564
338.661137037232;-51.4006934075756
338.682744343977;-49.2080949761839
338.704351650721;-47.0868097532982
338.725958957466;-45.0121652245417
338.747566264211;-42.9843645572255
338.769173570955;-41.0937213334253
338.7907808777;-39.3490782115916
338.812388184445;-37.7227734702462
338.833995491189;-36.2290704027539
338.855602797934;-34.8546520298002
338.877210104679;-33.6271587519972
338.898817411424;-32.6717130133596
338.920424718168;-32.0281558906824
338.942032024913;-31.7229646520372
338.963639331658;-31.7825076934376
338.985246638402;-32.215389340111
339.006853945147;-33.010440769408
339.028461251892;-34.2199396473537
339.050068558636;-35.7538246527569
339.071675865381;-37.6023772085417
339.093283172126;-39.7722882215258
339.114890478871;-42.201669351
339.136497785615;-44.6976068228874
339.15810509236;-47.0974622821964
339.179712399105;-49.293572436663
339.201319705849;-51.1961559226433
339.222927012594;-52.6675147372482
339.244534319339;-53.6223066314572
339.266141626083;-54.0049363162433
339.287748932828;-53.9197688708897
339.309356239573;-53.4059410729693
339.330963546317;-52.4276134156431
339.352570853062;-51.062186726286
339.374178159807;-49.4247001876027
339.395785466552;-47.634697054927
339.417392773296;-45.7978471829722
339.439000080041;-44.0034190017053
339.460607386786;-42.2702397796417
339.48221469353;-40.617477073085
339.503822000275;-39.1564676379233
339.52542930702;-37.9759366224113
339.547036613764;-37.139528758787
339.568643920509;-36.6566527275321
339.590251227254;-36.5227124479862
339.611858533999;-36.7435014518077
339.633465840743;-37.3305543925237
339.655073147488;-38.3036234888132
339.676680454233;-39.6183402114682
339.698287760977;-41.1067070731187
339.719895067722;-42.6583780890341
339.741502374467;-44.2275058941779
339.763109681211;-45.8165236923056
339.784716987956;-47.4047482257423
339.806324294701;-48.9168096965962
339.827931601446;-50.2782770334315
339.84953890819;-51.4417620183065
339.871146214935;-52.404976873928
339.89275352168;-53.1746639419416
339.914360828424;-53.7528167701416
339.935968135169;-54.1355087616466
339.957575441914;-54.3330833850737
339.979182748658;-54.3622808010057
340.000790055403;-54.2380865658543
340.022397362148;-53.9873024506335
340.044004668893;-53.6395882122291
340.065611975637;-53.2135218459305
340.087219282382;-52.7260126803644
340.108826589127;-52.2232004624757
340.130433895871;-51.7627258943342
340.152041202616;-51.3618113195333
340.173648509361;-51.0131772365142
340.195255816105;-50.7230523333772
340.21686312285;-50.5048270604753
340.238470429595;-50.3632806435686
340.26007773634;-50.2920544980881
340.281685043084;-50.274403647034
340.303292349829;-50.2895995420216
340.324899656574;-50.3245729172952
340.346506963318;-50.3579329078736
340.368114270063;-50.3659489745013
340.389721576808;-50.3343018948643
340.411328883552;-50.2490292255128
340.432936190297;-50.1014729361871
340.454543497042;-49.9035963616365
340.476150803787;-49.6554162283567
340.497758110531;-49.3554279800209
340.519365417276;-49.0223805310179
340.540972724021;-48.6690956867477
340.562580030765;-48.29504933739
340.58418733751;-47.9058293070443
340.605794644255;-47.5139329134712
340.627401950999;-47.133297695354
340.649009257744;-46.776941103568
340.670616564489;-46.4331266223093
340.692223871234;-46.0827511981719
340.713831177978;-45.7294880783592
340.735438484723;-45.4023285832145
340.757045791468;-45.1026501416139
340.778653098212;-44.8103850143988
340.800260404957;-44.5147879491027
340.821867711702;-44.2106944739455
340.843475018446;-43.8942885701029
340.865082325191;-43.5620768771843
340.886689631936;-43.2105367445256
340.908296938681;-42.8419365525998
340.929904245425;-42.4638553396381
340.95151155217;-42.0752543228218
340.973118858915;-41.6695108395664
340.994726165659;-41.2356717885705
341.016333472404;-40.7707599231936
341.037940779149;-40.2969130701188
341.059548085893;-39.8344831776574
341.081155392638;-39.3863735388556
341.102762699383;-38.9495683053337
341.124370006127;-38.5156047080805
341.145977312872;-38.0792548260654
341.167584619617;-37.652697846555
341.189191926362;-37.2681880726522
341.210799233106;-36.929907164815
341.232406539851;-36.6263102878006
341.254013846596;-36.3593605156525
341.27562115334;-36.1459952422251
341.297228460085;-35.9981684936157
341.31883576683;-35.9048347999109
341.340443073574;-35.8603118295067
341.362050380319;-35.8671147952919
341.383657687064;-35.9215928430334
341.405264993809;-36.0119894509981
341.426872300553;-36.1267166692632
341.448479607298;-36.2584316344095
341.470086914043;-36.4038028296157
341.491694220787;-36.5566653570985
341.513301527532;-36.7052871667558
341.534908834277;-36.8466127273762
341.556516141021;-36.9840080194161
341.578123447766;-37.1198993620322
341.599730754511;-37.2534292736184
341.621338061256;-37.3820367761269
341.642945368;-37.5078767240689
341.664552674745;-37.6353473186556
341.68615998149;-37.7715546980262
341.707767288234;-37.9258764783231
341.729374594979;-38.1118418084775
341.750981901724;-38.342069630366
341.772589208468;-38.612525078616
341.794196515213;-38.913128202547
341.815803821958;-39.2396771283484
341.837411128703;-39.5904256626253
341.859018435447;-39.9643156264942
341.880625742192;-40.3427443161657
341.902233048937;-40.7044815724392
341.923840355681;-41.0353688901546
341.945447662426;-41.3188039070925
341.967054969171;-41.5340481109758
341.988662275915;-41.6726673549613
342.01026958266;-41.7271088146004
342.031876889405;-41.6818874927809
342.05348419615;-41.5290971032291
342.075091502894;-41.2758024269936
342.096698809639;-40.9368974938958
342.118306116384;-40.5256342780671
342.139913423128;-40.0425399688462
342.161520729873;-39.4879035370441
342.183128036618;-38.8784700632534
342.204735343362;-38.2495321844796
342.226342650107;-37.6372372753636
342.247949956852;-37.0526631611339
342.269557263597;-36.4855225553963
342.291164570341;-35.9264995590656
342.312771877086;-35.388257914895
342.334379183831;-34.9017622715973
342.355986490575;-34.4757925043023
342.37759379732;-34.1162157484594
342.399201104065;-33.813642961094
342.420808410809;-33.5641848459263
342.442415717554;-33.3675722347794
342.464023024299;-33.2229792843896
342.485630331044;-33.1232804127212
342.507237637788;-33.0631574401599
342.528844944533;-33.0299355509082
342.550452251278;-33.0119513627512
342.572059558022;-33.0037283611776
342.593666864767;-33.0054771126398
342.615274171512;-33.0137862174557
342.636881478256;-33.0238890628862
342.658488785001;-33.0309255113764
342.680096091746;-33.0284221469644
342.701703398491;-33.0167646552735
342.723310705235;-32.9982152698741
342.74491801198;-32.9745950346124
342.766525318725;-32.9449265159544
342.788132625469;-32.9089203492694
342.809739932214;-32.8622052584061
342.831347238959;-32.8032277188754
342.852954545703;-32.7359333435262
342.874561852448;-32.6644031693378
342.896169159193;-32.6017412674865
342.917776465937;-32.5570458696127
342.939383772682;-32.5228819613071
342.960991079427;-32.4902705462449
342.982598386172;-32.4627126813817
343.004205692916;-32.4482202482895
343.025812999661;-32.4547271488383
343.047420306406;-32.4845061220773
343.06902761315;-32.5309901804425
343.090634919895;-32.5860451709796
343.11224222664;-32.6555552625983
343.133849533384;-32.7474325504893
343.155456840129;-32.8575019673672
343.177064146874;-32.9829988484779
343.198671453619;-33.1145212434948
343.220278760363;-33.2484830824587
343.241886067108;-33.3821024174319
343.263493373853;-33.5168660002721
343.285100680597;-33.6477564413414
343.306707987342;-33.764183393167
343.328315294087;-33.864183042115
343.349922600831;-33.9502745695253
343.371529907576;-34.0283901819717
343.393137214321;-34.1047856672264
343.414744521066;-34.1829461196053
343.43635182781;-34.2636794043286
343.457959134555;-34.3487046719683
343.4795664413;-34.4327868860043
343.501173748044;-34.5141779401028
343.522781054789;-34.5949898279105
343.544388361534;-34.6800559069048
343.565995668278;-34.769124233218
343.587602975023;-34.864363010273
343.609210281768;-34.9706058809321
343.630817588513;-35.0928915661696
343.652424895257;-35.2273886720816
343.674032202002;-35.3659775147207
343.695639508747;-35.5122383454022
343.717246815491;-35.6734764144234
343.738854122236;-35.8449103122703
343.760461428981;-36.0190874246796
343.782068735725;-36.1960435887692
343.80367604247;-36.3763235590996
343.825283349215;-36.5613657021537
343.84689065596;-36.7527552189451
343.868497962704;-36.9357308483683
343.890105269449;-37.0832023758934
343.911712576194;-37.2010550330494
343.933319882938;-37.2920222730264
343.954927189683;-37.3539609330716
343.976534496428;-37.3836623039189
343.998141803172;-37.3788525977108
344.019749109917;-37.3421380093856
344.041356416662;-37.2768022492586
344.062963723407;-37.186438950672
344.084571030151;-37.0786566591845
344.106178336896;-36.9658436805503
344.127785643641;-36.8590020348588
344.149392950385;-36.770498800045
344.17100025713;-36.7149110619361
344.192607563875;-36.7005199711641
344.214214870619;-36.7402221447781
344.235822177364;-36.8416219613342
344.257429484109;-36.9952269171384
344.279036790854;-37.196266919229
344.300644097598;-37.4540031484349
344.322251404343;-37.7823928915075
344.343858711088;-38.1885447373364
344.365466017832;-38.6467288140438
344.387073324577;-39.1354425813877
344.408680631322;-39.661179689308
344.430287938066;-40.2265691096216
344.451895244811;-40.8314070780104
344.473502551556;-41.4661939567726
344.495109858301;-42.0999125332724
344.516717165045;-42.722479873248
344.53832447179;-43.3752050207582
344.559931778535;-44.0792581543033
344.581539085279;-44.8252643543133
344.603146392024;-45.586775102112
344.624753698769;-46.3326407716361
344.646361005513;-47.0674901851728
344.667968312258;-47.8029357026383
344.689575619003;-48.5382746610928
344.711182925747;-49.2848916945448
344.732790232492;-50.0441086141066
344.754397539237;-50.8170210712853
344.776004845982;-51.6077863843102
344.797612152726;-52.409227510773
344.819219459471;-53.2017451947021
344.840826766216;-53.9788513091932
344.86243407296;-54.7295515867778
344.884041379705;-55.4333249446683
344.90564868645;-56.0967337734983
344.927255993194;-56.7350756277796
344.948863299939;-57.3412189712183
344.970470606684;-57.9014582180639
344.992077913429;-58.4099786048808
345.013685220173;-58.8811554549404
345.035292526918;-59.3294483482651
345.056899833663;-59.7418141326807
345.078507140407;-60.0793967657386
345.100114447152;-60.3379870284118
345.121721753897;-60.5314409212518
345.143329060641;-60.6679400838101
345.164936367386;-60.7536953293563
345.186543674131;-60.7907145004306
345.208150980876;-60.778929638091
345.22975828762;-60.7110576948067
345.251365594365;-60.5754016044267
345.27297290111;-60.3763268005163
345.294580207854;-60.132512156556
345.316187514599;-59.8607795214237
345.337794821344;-59.5720789375337
345.359402128088;-59.2761406551615
345.381009434833;-58.9796496657693
345.402616741578;-58.6852005661486
345.424224048323;-58.3949018050719
345.445831355067;-58.1180101985396
345.467438661812;-57.8585825669013
345.489045968557;-57.6247428125177
345.510653275301;-57.418867022222
345.532260582046;-57.2389829728459
345.553867888791;-57.086569727876
345.575475195535;-56.967500800579
345.59708250228;-56.878254948824
345.618689809025;-56.8091756434959
345.64029711577;-56.7503445018198
345.661904422514;-56.6952107588847
345.683511729259;-56.6446282052194
345.705119036004;-56.5986131711011
345.726726342748;-56.5503450084192
345.748333649493;-56.4937595096096
345.769940956238;-56.4324082501707
345.791548262982;-56.3608926399103
345.813155569727;-56.2738747072903
345.834762876472;-56.1765935861866
345.856370183217;-56.0690752995719
345.877977489961;-55.9409174063312
345.899584796706;-55.7814430773262
345.921192103451;-55.5887585427916
345.942799410195;-55.3659919704202
345.96440671694;-55.115021760643
345.986014023685;-54.836077195487
346.007621330429;-54.5340164774882
346.029228637174;-54.2185079207639
346.050835943919;-53.8996905650913
346.072443250664;-53.5772994955608
346.094050557408;-53.2432703592956
346.115657864153;-52.892619789179
346.137265170898;-52.5213244617681
346.158872477642;-52.1267373641256
346.180479784387;-51.7233756925364
346.202087091132;-51.3363879432003
346.223694397876;-50.9761983545719
346.245301704621;-50.6457816949814
346.266909011366;-50.3414992324904
346.288516318111;-50.0646542984056
346.310123624855;-49.8308574784703
346.3317309316;-49.6440194772652
346.353338238345;-49.4938348458164
346.374945545089;-49.3683436666874
346.396552851834;-49.2557589620895
346.418160158579;-49.1446795809787
346.439767465323;-49.022524577468
346.461374772068;-48.8858129350757
346.482982078813;-48.7421215898758
346.504589385557;-48.583597551373
346.526196692302;-48.3976845730817
346.547803999047;-48.1854162620063
346.569411305792;-47.9523341881383
346.591018612536;-47.7051534164242
346.612625919281;-47.453824527291
346.634233226026;-47.2032392715823
346.65584053277;-46.9525696060696
346.677447839515;-46.698280135825
346.69905514626;-46.439270940419
346.720662453004;-46.1841240635024
346.742269759749;-45.9305654853899
346.763877066494;-45.6753917049992
346.785484373239;-45.4222955362201
346.807091679983;-45.1671574253124
346.828698986728;-44.8997054014674
346.850306293473;-44.6114380427571
346.871913600217;-44.3028575515721
346.893520906962;-43.9800942303365
346.915128213707;-43.6395106029661
346.936735520451;-43.2745005144805
346.958342827196;-42.8766131091293
346.979950133941;-42.4464909035352
347.001557440686;-41.9907192849191
347.02316474743;-41.5085896835461
347.044772054175;-41.0057753753759
347.06637936092;-40.5092230315285
347.087986667664;-40.0296659772099
347.109593974409;-39.564085965742
347.131201281154;-39.1153969885551
347.152808587898;-38.6930770034444
347.174415894643;-38.3065024065227
347.196023201388;-37.9543740016686
347.217630508133;-37.6348200050775
347.239237814877;-37.3611570766699
347.260845121622;-37.1529027268053
347.282452428367;-37.0018374441952
347.304059735111;-36.8982071335596
347.325667041856;-36.8557505103915
347.347274348601;-36.8708651615054
347.368881655345;-36.9393002394235
347.39048896209;-37.0525655117635
347.412096268835;-37.2038980763426
347.43370357558;-37.3909827600897
347.455310882324;-37.6012094423806
347.476918189069;-37.821455492255
347.498525495814;-38.0449729486437
347.520132802558;-38.2741050393827
347.541740109303;-38.5065514711923
347.563347416048;-38.7254018435495
347.584954722792;-38.9197085502557
347.606562029537;-39.0918925779195
347.628169336282;-39.2466015825863
347.649776643027;-39.3859244829264
347.671383949771;-39.5107400294467
347.692991256516;-39.621208378539
347.714598563261;-39.7227507011028
347.736205870005;-39.8180076479389
347.75781317675;-39.9049101102751
347.779420483495;-39.9925133184878
347.801027790239;-40.0843116727475
347.822635096984;-40.1739113575273
347.844242403729;-40.2491213566281
347.865849710474;-40.3037945302527
347.887457017218;-40.3454380018843
347.909064323963;-40.3756341603561
347.930671630708;-40.3958357838465
347.952278937452;-40.4104352003096
347.973886244197;-40.4255723926785
347.995493550942;-40.443867085674
348.017100857686;-40.4714073548919
348.038708164431;-40.5145972721131
348.060315471176;-40.5793576923822
348.081922777921;-40.6699960984
348.103530084665;-40.7812531262042
348.12513739141;-40.8971770420443
348.146744698155;-41.0147712379551
348.168352004899;-41.1417864044601
348.189959311644;-41.2676610123274
348.211566618389;-41.3749945178038
348.233173925133;-41.4575703729905
348.254781231878;-41.5153454152758
348.276388538623;-41.5456324289066
348.297995845368;-41.5414038866271
348.319603152112;-41.5055988453998
348.341210458857;-41.4291022288005
348.362817765602;-41.2906810281619
348.384425072346;-41.1112890576801
348.406032379091;-40.9097444931478
348.427639685836;-40.6919000451143
348.44924699258;-40.4492584889102
348.470854299325;-40.1979964918747
348.49246160607;-39.9480257734892
348.514068912814;-39.6991834619335
348.535676219559;-39.4560640693408
348.557283526304;-39.2299083182728
348.578890833049;-39.0284771019134
348.600498139793;-38.8460523647889
348.622105446538;-38.6862207322894
348.643712753283;-38.5657094536701
348.665320060027;-38.4891230891666
348.686927366772;-38.4524310905596
348.708534673517;-38.4581326584819
348.730141980261;-38.511001790931
348.751749287006;-38.6130191523278
348.773356593751;-38.7597212146326
348.794963900496;-38.9255201713928
348.81657120724;-39.0990326770658
348.838178513985;-39.2953184595712
348.85978582073;-39.5282067352702
348.881393127474;-39.7918125108462
348.903000434219;-40.0790004254275
348.924607740964;-40.370923009434
348.946215047708;-40.6532334976785
348.967822354453;-40.9249245272137
348.989429661198;-41.1822933299912
349.011036967943;-41.4108334994279
349.032644274687;-41.609162360076
349.054251581432;-41.7745685478955
349.075858888177;-41.8973528789859
349.097466194921;-41.9622835537225
349.119073501666;-41.9746964119649
349.140680808411;-41.9360633791911
349.162288115155;-41.8373375515354
349.1838954219;-41.6719099826628
349.205502728645;-41.4391720527127
349.22711003539;-41.1483203722454
349.248717342134;-40.8080890847637
349.270324648879;-40.4237526805888
349.291931955624;-39.9934847136588
349.313539262368;-39.5138737010434
349.335146569113;-38.9790629558811
349.356753875858;-38.3938230829728
349.378361182602;-37.7915387808541
349.399968489347;-37.1916467097089
349.421575796092;-36.5909978503457
349.443183102837;-35.9807028790326
349.464790409581;-35.3485727177259
349.486397716326;-34.7018354777127
349.508005023071;-34.0751685824268
349.529612329815;-33.4979629120734
349.55121963656;-32.9763547912495
349.572826943305;-32.5085230555533
349.594434250049;-32.1013814146418
349.616041556794;-31.7530834016259
349.637648863539;-31.4589344844721
349.659256170284;-31.2244466126141
349.680863477028;-31.0608406163076
349.702470783773;-30.9668145524956
349.724078090518;-30.9229754297362
349.745685397262;-30.9081747911817
349.767292704007;-30.9106897571581
349.788900010752;-30.9241725163254
349.810507317496;-30.9381007948307
349.832114624241;-30.9428605444149
349.853721930986;-30.9298244645433
349.875329237731;-30.8944459245982
349.896936544475;-30.839699686934
349.91854385122;-30.7643156135709
349.940151157965;-30.6664061705907
349.961758464709;-30.5626632184598
349.983365771454;-30.4686434410884
350.004973078199;-30.3867907419407
350.026580384943;-30.3220050722556
350.048187691688;-30.2876215778386
350.069794998433;-30.2966133738021
350.091402305178;-30.3479446409532
350.113009611922;-30.4267320899758
350.134616918667;-30.5219323191076
350.156224225412;-30.6286761478517
350.177831532156;-30.7469022403806
350.199438838901;-30.8747225057642
350.221046145646;-31.0073047263167
350.24265345239;-31.1361446737222
350.264260759135;-31.2515983020924
350.28586806588;-31.3492730695117
350.307475372624;-31.4283477559605
350.329082679369;-31.48879011972
350.350689986114;-31.5321334485296
350.372297292859;-31.5610112439824
350.393904599603;-31.57873934702
350.415511906348;-31.5903315751439
350.437119213093;-31.6004064392736
350.458726519837;-31.613466402395
350.480333826582;-31.6291032658396
350.501941133327;-31.6432628561076
350.523548440071;-31.6490594991141
350.545155746816;-31.6346028620795
350.566763053561;-31.5961254226717
350.588370360306;-31.5330154820042
350.60997766705;-31.4370677748227
350.631584973795;-31.301080652052
350.65319228054;-31.1259598789854
350.674799587284;-30.9181196277244
350.696406894029;-30.6821342314181
350.718014200774;-30.4157668587869
350.739621507518;-30.111578303091
350.761228814263;-29.7830840843802
350.782836121008;-29.4594716537463
350.804443427753;-29.1593219211067
350.826050734497;-28.8869992129876
350.847658041242;-28.6389455569842
350.869265347987;-28.4098395562643
350.890872654731;-28.1939262596644
350.912479961476;-27.9920029762465
350.934087268221;-27.8084595250678
350.955694574965;-27.6400730904276
350.97730188171;-27.4766257317638
350.998909188455;-27.3043863547362
351.0205164952;-27.1157112119529
351.042123801944;-26.9124146303559
351.063731108689;-26.6858280680693
351.085338415434;-26.4230335517876
351.106945722178;-26.1201195606046
351.128553028923;-25.7911179645476
351.150160335668;-25.4445066213853
351.171767642412;-25.0822256327634
351.193374949157;-24.703315795528
351.214982255902;-24.2997896510836
351.236589562647;-23.8727090742398
351.258196869391;-23.4474609661947
351.279804176136;-23.0420403872684
351.301411482881;-22.6550368255316
351.323018789625;-22.289024203383
351.34462609637;-21.9387033390824
351.366233403115;-21.6015759249413
351.387840709859;-21.2884024683081
351.409448016604;-21.0015030130453
351.431055323349;-20.7311453169466
351.452662630094;-20.4757241980509
351.474269936838;-20.241673821586
351.495877243583;-20.0292836995158
351.517484550328;-19.833848526813
351.539091857072;-19.6544478029068
351.560699163817;-19.484439082675
351.582306470562;-19.3213316678033
351.603913777306;-19.1718290241616
351.625521084051;-19.0391143610721
351.647128390796;-18.9178519071751
351.668735697541;-18.795843073816
351.690343004285;-18.6671023817449
351.71195031103;-18.5267726782283
351.733557617775;-18.3780668407915
351.755164924519;-18.2202769918616
351.776772231264;-18.04250753461
351.798379538009;-17.8459066315492
351.819986844753;-17.6378339329069
351.841594151498;-17.418662659717
351.863201458243;-17.1850587083987
351.884808764988;-16.9467145066601
351.906416071732;-16.7307752652042
351.928023378477;-16.5475240333689
351.949630685222;-16.3949080667318
351.971237991966;-16.2715425093976
351.992845298711;-16.1756222366578
352.014452605456;-16.1019593436407
352.0360599122;-16.0492450192274
352.057667218945;-16.0194683794972
352.07927452569;-16.0082736006686
352.100881832434;-16.0081790209073
352.122489139179;-16.0153540646612
352.144096445924;-16.0294273410624
352.165703752669;-16.0539840537696
352.187311059413;-16.0967052723212
352.208918366158;-16.1653556291025
352.230525672903;-16.2648929285147
352.252132979647;-16.3924476113888
352.273740286392;-16.5403684792866
352.295347593137;-16.7044119730217
352.316954899881;-16.8843846120603
352.338562206626;-17.0772026787626
352.360169513371;-17.2816315438628
352.381776820116;-17.4955280530136
352.40338412686;-17.7129536732216
352.424991433605;-17.9288253336649
352.44659874035;-18.1540828754128
352.468206047094;-18.3982573132768
352.489813353839;-18.6619801991836
352.511420660584;-18.9498919251052
352.533027967328;-19.2731511113489
352.554635274073;-19.6391645862847
352.576242580818;-20.0548933022719
352.597849887563;-20.5290311414033
352.619457194307;-21.0658882708765
352.641064501052;-21.6724197055318
352.662671807797;-22.3421445726693
352.684279114541;-23.0506059771479
352.705886421286;-23.7931002675479
352.727493728031;-24.5755601023784
352.749101034775;-25.3845148578254
352.77070834152;-26.1938367651967
352.792315648265;-27.0059281645674
352.81392295501;-27.817375455237
352.835530261754;-28.6098947652806
352.857137568499;-29.3819957845837
352.878744875244;-30.1298835316446
352.900352181988;-30.851949312564
352.921959488733;-31.5285978972358
352.943566795478;-32.14365651233
352.965174102222;-32.7028529356611
352.986781408967;-33.2305615742855
353.008388715712;-33.7353414383215
353.029996022457;-34.1965928511865
353.051603329201;-34.600765213987
353.073210635946;-34.9659760790903
353.094817942691;-35.3114612726544
353.116425249435;-35.6404815237257
353.13803255618;-35.9484596764245
353.159639862925;-36.2464539197977
353.181247169669;-36.5536329602722
353.202854476414;-36.870866687618
353.224461783159;-37.1895534380945
353.246069089904;-37.5074553295866
353.267676396648;-37.8247317966712
353.289283703393;-38.1379929525996
353.310891010138;-38.4567447803363
353.332498316882;-38.7975118331353
353.354105623627;-39.1665103041886
353.375712930372;-39.5418674729746
353.397320237116;-39.8986228008887
353.418927543861;-40.2384240834485
353.440534850606;-40.571637422877
353.462142157351;-40.9012983662122
353.483749464095;-41.2297861433633
353.50535677084;-41.5613531826441
353.526964077585;-41.8972947986023
353.548571384329;-42.2382954663121
353.570178691074;-42.5958416038262
353.591785997819;-42.9634928881486
353.613393304563;-43.3276648060048
353.635000611308;-43.6999654302988
353.656607918053;-44.0896726366268
353.678215224798;-44.4983784208017
353.699822531542;-44.9128475366195
353.721429838287;-45.3199324021089
353.743037145032;-45.7128191263133
353.764644451776;-46.0937344438997
353.786251758521;-46.4506098947665
353.807859065266;-46.7796435523818
353.82946637201;-47.0840396428632
353.851073678755;-47.3722493429973
353.8726809855;-47.6569118199256
353.894288292244;-47.9482259276272
353.915895598989;-48.2572007939195
353.937502905734;-48.5832735587665
353.959110212479;-48.9143083974425
353.980717519223;-49.2447147455864
354.002324825968;-49.5834848169359
354.023932132713;-49.9252144118442
354.045539439457;-50.2578495528212
354.067146746202;-50.5644223126883
354.088754052947;-50.8286996826782
354.110361359691;-51.0338022001419
354.131968666436;-51.1701446151856
354.153575973181;-51.2414748481939
354.175183279926;-51.2445895095833
354.19679058667;-51.1779695049235
354.218397893415;-51.0573170817637
354.24000520016;-50.8962591244965
354.261612506904;-50.6982584907374
354.283219813649;-50.479600657589
354.304827120394;-50.2525502386627
354.326434427138;-50.0328506233637
354.348041733883;-49.8412195200177
354.369649040628;-49.6992289561552
354.391256347373;-49.6213883203743
354.412863654117;-49.5997816322798
354.434470960862;-49.6246806174895
354.456078267607;-49.6965996076022
354.477685574351;-49.8207807048628
354.499292881096;-49.9844575741479
354.520900187841;-50.1658559300572
354.542507494585;-50.3533568452567
354.56411480133;-50.5285614263547
354.585722108075;-50.6774929237737
354.60732941482;-50.7994677387868
354.628936721564;-50.9059850409497
354.650544028309;-51.0039065285663
354.672151335054;-51.091422530647
354.693758641798;-51.1722248151358
354.715365948543;-51.2563634976621
354.736973255288;-51.3508172650847
354.758580562032;-51.4599271712085
354.780187868777;-51.5841522660699
354.801795175522;-51.7236453663339
354.823402482267;-51.868695848097
354.845009789011;-52.0053861437209
354.866617095756;-52.1236501616051
354.888224402501;-52.216897815857
354.909831709245;-52.2844163393911
354.93143901599;-52.3246435085096
354.953046322735;-52.3295932623505
354.974653629479;-52.2892018111925
354.996260936224;-52.1985459078825
355.017868242969;-52.0617973680956
355.039475549714;-51.8944267572387
355.061082856458;-51.7084013535989
355.082690163203;-51.5089530659113
355.104297469948;-51.3058299246424
355.125904776692;-51.1089079657992
355.147512083437;-50.9245903223524
355.169119390182;-50.7612536952772
355.190726696926;-50.6274708142768
355.212334003671;-50.5251135948051
355.233941310416;-50.4513132320053
355.255548617161;-50.4033897386825
355.277155923905;-50.3789100008521
355.29876323065;-50.373282805142
355.320370537395;-50.385384176327
355.341977844139;-50.4163062938342
355.363585150884;-50.4631408697049
355.385192457629;-50.5219412536647
355.406799764373;-50.5971078183159
355.428407071118;-50.6888992052573
355.450014377863;-50.7943755040566
355.471621684608;-50.9142128951202
355.493228991352;-51.0483267710983
355.514836298097;-51.1907748612572
355.536443604842;-51.3407092511608
355.558050911586;-51.4939398988317
355.579658218331;-51.6444658317705
355.601265525076;-51.7916144121817
355.62287283182;-51.9384235020099
355.644480138565;-52.0879636145703
355.66608744531;-52.2436801955366
355.687694752054;-52.4148646156418
355.709302058799;-52.6091917343555
355.730909365544;-52.8272542220661
355.752516672289;-53.0706265447937
355.774123979033;-53.3475179542093
355.795731285778;-53.6639595053037
355.817338592523;-54.0204396128928
355.838945899267;-54.4121863675298
355.860553206012;-54.8276181278662
355.882160512757;-55.2551645823001
355.903767819501;-55.6914988680435
355.925375126246;-56.1361582614402
355.946982432991;-56.5814409604751
355.968589739736;-57.0090027576103
355.99019704648;-57.4037914857703
356.011804353225;-57.759464110038
356.03341165997;-58.080038859931
356.055018966714;-58.3707078377097
356.076626273459;-58.6244219753458
356.098233580204;-58.8425209043282
356.119840886948;-59.0299819508084
356.141448193693;-59.1984833837553
356.163055500438;-59.3419361896384
356.184662807183;-59.4494697282494
356.206270113927;-59.5337335497548
356.227877420672;-59.6046377991616
356.249484727417;-59.6620751223842
356.271092034161;-59.7085233151576
356.292699340906;-59.7550139546606
356.314306647651;-59.8109065391137
356.335913954395;-59.8806177929508
356.35752126114;-59.9682546966628
356.379128567885;-60.07380713004
356.40073587463;-60.179093110756
356.422343181374;-60.2644301395913
356.443950488119;-60.3233555952233
356.465557794864;-60.3590525631343
356.487165101608;-60.3743028930921
356.508772408353;-60.3698033487103
356.530379715098;-60.348542086747
356.551987021842;-60.311956619019
356.573594328587;-60.2562687032873
356.595201635332;-60.170342485934
356.616808942077;-60.066168404538
356.638416248821;-59.9589703684325
356.660023555566;-59.8529063170794
356.681630862311;-59.752597975662
356.703238169055;-59.6685501361101
356.7248454758;-59.6127367477502
356.746452782545;-59.5921966463875
356.768060089289;-59.6115430227622
356.789667396034;-59.6783385321245
356.811274702779;-59.8004566101735
356.832882009524;-59.9692329331231
356.854489316268;-60.1643972981157
356.876096623013;-60.3745757781747
356.897703929758;-60.6017941445503
356.919311236502;-60.8352229330626
356.940918543247;-61.058579344749
356.962525849992;-61.2531879985107
356.984133156736;-61.4053270547182
357.005740463481;-61.5027995271389
357.027347770226;-61.5364810795386
357.048955076971;-61.5018348190694
357.070562383715;-61.4022747766231
357.09216969046;-61.2479430133119
357.113776997205;-61.0485152818576
357.135384303949;-60.8165026940585
357.156991610694;-60.5672811473997
357.178598917439;-60.3173456104143
357.200206224183;-60.077265179009
357.221813530928;-59.8497478303761
357.243420837673;-59.6361940091068
357.265028144418;-59.4419180031005
357.286635451162;-59.2756749580729
357.308242757907;-59.1435129884399
357.329850064652;-59.0451651596589
357.351457371396;-58.9778916768746
357.373064678141;-58.937548273543
357.394671984886;-58.9228996096763
357.41627929163;-58.9335715312098
357.437886598375;-58.9702427590987
357.45949390512;-59.0303691260034
357.481101211864;-59.1114222479868
357.502708518609;-59.2173533848923
357.524315825354;-59.3541188859054
357.545923132099;-59.5111048812689
357.567530438843;-59.6772317228129
357.589137745588;-59.853675041933
357.610745052333;-60.037465707394
357.632352359077;-60.2276802803558
357.653959665822;-60.4247563841158
357.675566972567;-60.6238861158327
357.697174279311;-60.8173234055189
357.718781586056;-60.9993331756934
357.740388892801;-61.1618241415242
357.761996199546;-61.2930334390395
357.78360350629;-61.3975514494719
357.805210813035;-61.4852008744003
357.82681811978;-61.5589374915566
357.848425426524;-61.6195678077263
357.870032733269;-61.6737768309545
357.891640040014;-61.7202755129607
357.913247346758;-61.7475018812233
357.934854653503;-61.7709755418632
357.956461960248;-61.8044414040792
357.978069266993;-61.8542811439852
357.999676573737;-61.9241118240753
358.021283880482;-62.0120819432712
358.042891187227;-62.1056294948059
358.064498493971;-62.1986443442878
358.086105800716;-62.2916206237674
358.107713107461;-62.3795475848518
358.129320414205;-62.4574975899456
358.15092772095;-62.525319418732
358.172535027695;-62.5843910680259
358.19414233444;-62.6390040468401
358.215749641184;-62.6954966305821
358.237356947929;-62.754714513096
358.258964254674;-62.817437790833
358.280571561418;-62.8823167490435
358.302178868163;-62.9497864557363
358.323786174908;-63.0199693755971
358.345393481652;-63.0941383644571
358.367000788397;-63.1727189107416
358.388608095142;-63.2521170823792
358.410215401887;-63.3326997300503
358.431822708631;-63.4196784043358
358.453430015376;-63.5123311771957
358.475037322121;-63.6012200759786
358.496644628865;-63.6918779095297
358.51825193561;-63.8110852732791
358.539859242355;-63.9731496237799
358.561466549099;-64.1577528872333
358.583073855844;-64.3576841178385
358.604681162589;-64.5762933843101
358.626288469334;-64.8239518953067
358.647895776078;-65.101669496546
358.669503082823;-65.3982716833668
358.691110389568;-65.6938621704231
358.712717696312;-65.9707651906285
358.734325003057;-66.2184292963054
358.755932309802;-66.4346964766433
358.777539616546;-66.6233648245513
358.799146923291;-66.7835274191836
358.820754230036;-66.9094556758719
358.842361536781;-67.0026219201177
358.863968843525;-67.0680884140684
358.88557615027;-67.1088970903875
358.907183457015;-67.1186450080041
358.928790763759;-67.1060370879238
358.950398070504;-67.07773587295
358.972005377249;-67.040494015728
358.993612683993;-67.0012550867451
359.015219990738;-66.9630691691702
359.036827297483;-66.9213608646536
359.058434604228;-66.8745343212622
359.080041910972;-66.824295981895
359.101649217717;-66.7599928213189
359.123256524462;-66.6813842308642
359.144863831206;-66.600339156793
359.166471137951;-66.5266288940205
359.188078444696;-66.4619124571808
359.20968575144;-66.3996772198469
359.231293058185;-66.3346206722415
359.25290036493;-66.2633745417526
359.274507671674;-66.1800988423371
359.296114978419;-66.0791664232638
359.317722285164;-65.9577863481151
359.339329591909;-65.8095875954893
359.360936898653;-65.6195810858877
359.382544205398;-65.3724462852033
359.404151512143;-65.063289961121
359.425758818887;-64.689567299172
359.447366125632;-64.2549692724945
359.468973432377;-63.7643672259052
359.490580739121;-63.2193391428028
359.512188045866;-62.6328365616017
359.533795352611;-62.0315816667629
359.555402659356;-61.4282921434958
359.5770099661;-60.8204115962682
359.598617272845;-60.2183588645889
359.62022457959;-59.6419334133818
359.641831886334;-59.1114487983759
359.663439193079;-58.6421834335527
359.685046499824;-58.2500239431132
359.706653806568;-57.9293669991963
359.728261113313;-57.6728286320436
359.749868420058;-57.4715039746236
359.771475726803;-57.316448183289
359.793083033547;-57.2059074615878
359.814690340292;-57.1360413236309
359.836297647037;-57.102406348372
359.857904953781;-57.1030919742595
359.879512260526;-57.1373862646565
359.901119567271;-57.2045239399884
359.922726874015;-57.3007772223676
359.94433418076;-57.4182165831971
359.965941487505;-57.5556840835245
359.98754879425;-57.7171900386482
360.009156100994;-57.9017974911053
360.030763407739;-58.1115045315481
360.052370714484;-58.3517215697223
360.073978021228;-58.6148550578136
360.095585327973;-58.8712249994359
360.117192634718;-59.1093249522822
360.138799941462;-59.3298019139824
360.160407248207;-59.5308609221215
360.182014554952;-59.7066846856105
360.203621861697;-59.8448410551196
360.225229168441;-59.9392460625099
360.246836475186;-59.9969978112708
360.268443781931;-60.0266903986238
360.290051088675;-60.0307505066099
360.31165839542;-60.0107733764429
360.333265702165;-59.9711585801316
360.354873008909;-59.9128015925995
360.376480315654;-59.8357642428653
360.398087622399;-59.7473761517507
360.419694929144;-59.6577590403058
360.441302235888;-59.5649920405232
360.462909542633;-59.4603345793177
360.484516849378;-59.3401122518869
360.506124156122;-59.2045123712018
360.527731462867;-59.0554565185101
360.549338769612;-58.8987626830243
360.570946076356;-58.74379613417
360.592553383101;-58.5860517393295
360.614160689846;-58.4268002667757
360.635767996591;-58.2762095183023
360.657375303335;-58.1429946733459
360.67898261008;-58.0265467242194
360.700589916825;-57.9195971079552
360.722197223569;-57.8198071143817
360.743804530314;-57.7361097822568
360.765411837059;-57.6765237246529
360.787019143803;-57.6416965785765
360.808626450548;-57.6273514645724
360.830233757293;-57.6297189377582
360.851841064038;-57.6455434165404
360.873448370782;-57.6734444672662
360.895055677527;-57.7139450831062
360.916662984272;-57.7667995779465
360.938270291016;-57.8314912026004
360.959877597761;-57.9076864834737
360.981484904506;-57.9966641123482
361.00309221125;-58.0965428316554
361.024699517995;-58.2045117862527
361.04630682474;-58.318498895328
361.067914131484;-58.4308641255011
361.089521438229;-58.5358264848212
361.111128744974;-58.6294344984274
361.132736051719;-58.7120618866915
361.154343358463;-58.7804981049611
361.175950665208;-58.8308880778079
361.197557971953;-58.8586720012206
361.219165278697;-58.8598236077082
361.240772585442;-58.8309053348135
361.262379892187;-58.7748408720385
361.283987198931;-58.6949176739905
361.305594505676;-58.5893837368867
361.327201812421;-58.4554497062478
361.348809119166;-58.2947815011338
361.37041642591;-58.1120906416632
361.392023732655;-57.910771763791
361.4136310394;-57.6931851330141
361.435238346144;-57.4625085882519
361.456845652889;-57.2275629724415
361.478452959634;-57.0054191736888
361.500060266378;-56.8083621471513
361.521667573123;-56.6387370892611
361.543274879868;-56.4969152356207
361.564882186613;-56.3843081897011
361.586489493357;-56.3021065918727
361.608096800102;-56.2513309605664
361.629704106847;-56.2334579060239
361.651311413591;-56.2455332340817
361.672918720336;-56.2761717504824
361.694526027081;-56.3085840442705
361.716133333825;-56.3320405919301
361.73774064057;-56.3389255681154
361.759347947315;-56.3199916916476
361.78095525406;-56.2589955902743
361.802562560804;-56.155268857599
361.824169867549;-56.01009672458
361.845777174294;-55.8216059081763
361.867384481038;-55.600307925529
361.888991787783;-55.3516953964903
361.910599094528;-55.0748925810665
361.932206401272;-54.7689301352473
361.953813708017;-54.4435130790659
361.975421014762;-54.1153412399972
361.997028321507;-53.7885674839309
362.018635628251;-53.4637239909868
362.040242934996;-53.1474846566664
362.061850241741;-52.8389915621913
362.083457548485;-52.540719041142
362.10506485523;-52.2507034105082
362.126672161975;-51.9586589621506
362.148279468719;-51.6610957323006
362.169886775464;-51.3669744654188
362.191494082209;-51.0860862718098
362.213101388954;-50.8172715903761
362.234708695698;-50.5599656164571
362.256316002443;-50.3145840503108
362.277923309188;-50.0879038418813
362.299530615932;-49.8962650555569
362.321137922677;-49.7441058193626
362.342745229422;-49.6268995794813
362.364352536166;-49.5443333644905
362.385959842911;-49.4996104043692
362.407567149656;-49.4978128791142
362.429174456401;-49.5418790383915
362.450781763145;-49.6294090355241
362.47238906989;-49.7521442091013
362.493996376635;-49.8976487799733
362.515603683379;-50.0645896489299
362.537210990124;-50.2483059968494
362.558818296869;-50.4434738884789
362.580425603613;-50.6435933834672
362.602032910358;-50.8410819892165
362.623640217103;-51.0255149142433
362.645247523848;-51.1854277142119
362.666854830592;-51.3141044108388
362.688462137337;-51.4202854236667
362.710069444082;-51.5069624010643
362.731676750826;-51.5649360579818
362.753284057571;-51.5866605332075
362.774891364316;-51.5705470637868
362.79649867106;-51.5166939798894
362.818105977805;-51.4216324533616
362.83971328455;-51.2908738434138
362.861320591294;-51.1333535210409
362.882927898039;-50.9654143867641
362.904535204784;-50.7936206743901
362.926142511529;-50.6163455893211
362.947749818273;-50.4336071829114
362.969357125018;-50.2537622944185
362.990964431763;-50.0747684888284
