Name;BF_ESR_01_3602s_Y_gon_180dg_result

Recipe
Accumulations;5;Number of accumulations
RetryCount;0;Number of retries on error
AbortOnError;True;Abort on error
EnableQFactorMeasurement;False;Enable/Disable q-Factor measurement
Bfrom;313;B from
Bto;363;B to
SweepTime;60;Sweep time
Modulation;0.2;Modulation
ModulationFreq;100;Modulation
BHoldEnabled;False;B hold enabled
BHold;0;B hold
MicrowavePower;2;Microwave power
MarkerEnabled;False;
MarkerStartField;0;
MarkerEndField;0;
Mode;;
KineticGFact;0;
KineticTotalTransientTime;0;
KineticTimeResolution;0;
TempFrom;5;
TempUseSlope;False;
TempTo;5;
TempdT;1;
TempSetupTime;0;
GonFrom;0;
GonTo;180;
GonSteps;20;
XRayEnabled;False;
XRayTime;3;
XRayVoltage;40;
XRayCurrent;0.5;
UVEnabled;False;
UVIntensity;0;
UVTime;0;
UVLeadTime;0;
UVWavelength;0;
PowSweepFrom;1;
PowSweepTo;5;
PowSweepSteps;5;
AmpModSweepFrom;0;
AmpModSweepTo;1;
AmpModSweepSteps;10;
ExtTriggerEnabled;False;
ExtTrigLeadTime;0;
ExtTrigOnTime;5;

Meas
BField [mT];MW_Absorption []
313.00825920105;77.0105913925402
313.029865105741;76.7297801174678
313.051471010432;76.1592734692338
313.073076915123;75.4751791680954
313.094682819813;74.7031388562949
313.116288724504;73.8533685981463
313.137894629195;72.9163624410373
313.159500533886;71.9094865425845
313.181106438577;70.8481155559749
313.202712343268;69.7728464975881
313.224318247959;68.7429505735417
313.24592415265;67.7842780636012
313.267530057341;66.8880620828494
313.289135962031;66.0555905921507
313.310741866722;65.3424846567696
313.332347771413;64.7737654179943
313.353953676104;64.338959021417
313.375559580795;64.0178023904809
313.397165485486;63.7893213939569
313.418771390177;63.6354991152248
313.440377294868;63.5480398688442
313.461983199559;63.5198781852586
313.48358910425;63.530486694477
313.50519500894;63.5619893079948
313.526800913631;63.6055812665634
313.548406818322;63.6616744651776
313.570012723013;63.738343727238
313.591618627704;63.8370996608523
313.613224532395;63.9546722493901
313.634830437086;64.0878854159344
313.656436341777;64.2404241960596
313.678042246468;64.4008670901796
313.699648151159;64.5435694552236
313.721254055849;64.6720033433545
313.74285996054;64.7818672836013
313.764465865231;64.8727446291293
313.786071769922;64.9543462124594
313.807677674613;65.0318005313723
313.829283579304;65.0998187448203
313.850889483995;65.1613682213481
313.872495388686;65.2258001236035
313.894101293377;65.2983115827493
313.915707198068;65.376847128239
313.937313102758;65.4666209337444
313.958919007449;65.5777699200102
313.98052491214;65.7119154490357
314.002130816831;65.8599256512959
314.023736721522;66.0133583528346
314.045342626213;66.1582952983723
314.066948530904;66.2809597344617
314.088554435595;66.378171678241
314.110160340286;66.4500472509793
314.131766244977;66.4951877525266
314.153372149667;66.508518572084
314.174978054358;66.4826396172011
314.196583959049;66.4170487017968
314.21818986374;66.3123246659273
314.239795768431;66.1665727364114
314.261401673122;65.980696954694
314.283007577813;65.7520113507994
314.304613482504;65.4782747518537
314.326219387195;65.1681029694632
314.347825291886;64.8327619074143
314.369431196576;64.4645217722293
314.391037101267;64.0597695222546
314.412643005958;63.6321449558547
314.434248910649;63.2000545677592
314.45585481534;62.7656244979368
314.477460720031;62.3357309325389
314.499066624722;61.92918337257
314.520672529413;61.5523821131995
314.542278434104;61.2044503304711
314.563884338794;60.9267470227278
314.585490243485;60.7473777048862
314.607096148176;60.6567821431277
314.628702052867;60.6466353261795
314.650307957558;60.7211504376464
314.671913862249;60.8727422737084
314.69351976694;61.0830243314338
314.715125671631;61.3579007333051
314.736731576322;61.7072667695014
314.758337481013;62.1377796232886
314.779943385703;62.6366098326505
314.801549290394;63.1636377352744
314.823155195085;63.6847629679594
314.844761099776;64.1895639261052
314.866367004467;64.6764541056329
314.887972909158;65.1472123829609
314.909578813849;65.5758272994698
314.93118471854;65.9241292114831
314.952790623231;66.1899944982755
314.974396527922;66.3795047069656
314.996002432612;66.4931231849264
315.017608337303;66.5453603209358
315.039214241994;66.5472563666335
315.060820146685;66.4976715529882
315.082426051376;66.3965562421786
315.104031956067;66.2587212247104
315.125637860758;66.1025147777351
315.147243765449;65.9457051050186
315.16884967014;65.8044405995084
315.190455574831;65.6837997169849
315.212061479521;65.5832800038153
315.233667384212;65.507023211085
315.255273288903;65.4598856179012
315.276879193594;65.4438932446252
315.298485098285;65.4527656637758
315.320091002976;65.4699475063842
315.341696907667;65.4933018773123
315.363302812358;65.5223199460944
315.384908717049;65.5515626394181
315.40651462174;65.5698119589471
315.42812052643;65.5719415046365
315.449726431121;65.5617213284128
315.471332335812;65.5367257137196
315.492938240503;65.4861394264695
315.514544145194;65.4048060412318
315.536150049885;65.2980698891609
315.557755954576;65.1691296305836
315.579361859267;65.0120808938621
315.600967763958;64.8244265027311
315.622573668649;64.6101461310647
315.644179573339;64.3529385892183
315.66578547803;64.0623135992441
315.687391382721;63.751961334077
315.708997287412;63.4266283168787
315.730603192103;63.0904134818434
315.752209096794;62.7501127285908
315.773815001485;62.404799197668
315.795420906176;62.0503187833654
315.817026810867;61.7075170174936
315.838632715558;61.398857126312
315.860238620248;61.12993437967
315.881844524939;60.8924126999286
315.90345042963;60.6844198791386
315.925056334321;60.5145965417606
315.946662239012;60.3826912858579
315.968268143703;60.2837135013726
315.989874048394;60.2136172216817
316.011479953085;60.162429704847
316.033085857776;60.1237388758433
316.054691762467;60.1023449605188
316.076297667157;60.1055755233735
316.097903571848;60.1328510129469
316.119509476539;60.1806682041324
316.14111538123;60.2474913641913
316.162721285921;60.3314145379044
316.184327190612;60.4320935949962
316.205933095303;60.5589348896535
316.227538999994;60.7157389964596
316.249144904685;60.8943415885547
316.270750809376;61.086795818972
316.292356714066;61.2874266987433
316.313962618757;61.4876099440811
316.335568523448;61.6847512598514
316.357174428139;61.8737736810587
316.37878033283;62.0436716146426
316.400386237521;62.1978709310624
316.421992142212;62.3466363090768
316.443598046903;62.4962663384071
316.465203951594;62.6433340793528
316.486809856284;62.7760300172157
316.508415760975;62.8904379878028
316.530021665666;62.9960230785614
316.551627570357;63.1007515085672
316.573233475048;63.2039002490146
316.594839379739;63.3010270154818
316.61644528443;63.3901765765391
316.638051189121;63.4637977802963
316.659657093812;63.5133848894946
316.681262998503;63.534693615305
316.702868903193;63.5295394393669
316.724474807884;63.4959559323676
316.746080712575;63.4350114158441
316.767686617266;63.3639954445542
316.789292521957;63.2899175701241
316.810898426648;63.2109879893347
316.832504331339;63.1320218246178
316.85411023603;63.0623680210256
316.875716140721;63.013053842925
316.897322045412;62.9855511104363
316.918927950102;62.9699709028457
316.940533854793;62.9495053421086
316.962139759484;62.9092365169526
316.983745664175;62.8379513648244
317.005351568866;62.724951305555
317.026957473557;62.5681808594234
317.048563378248;62.3680077182639
317.070169282939;62.1202461247384
317.09177518763;61.8253442865386
317.113381092321;61.4935093149741
317.134986997011;61.1373380068481
317.156592901702;60.7715513537309
317.178198806393;60.40535312904
317.199804711084;60.0491105810789
317.221410615775;59.720074424307
317.243016520466;59.4416929834058
317.264622425157;59.2123434118875
317.286228329848;59.0322416490493
317.307834234539;58.908605862266
317.32944013923;58.8453951601191
317.35104604392;58.8288870983827
317.372651948611;58.8442113024904
317.394257853302;58.8777990175777
317.415863757993;58.9270856755233
317.437469662684;58.9989088390472
317.459075567375;59.0838204732119
317.480681472066;59.1723008794068
317.502287376757;59.2579891729873
317.523893281448;59.3434372118532
317.545499186139;59.4360566959542
317.567105090829;59.5356931351808
317.58871099552;59.63823398387
317.610316900211;59.7442015365036
317.631922804902;59.8560576257966
317.653528709593;59.977134743406
317.675134614284;60.1072517106758
317.696740518975;60.2461558980567
317.718346423666;60.4003368583764
317.739952328357;60.5733431973858
317.761558233048;60.7598152052298
317.783164137738;60.9548640474046
317.804770042429;61.1625341390954
317.82637594712;61.3894899418837
317.847981851811;61.6299695719738
317.869587756502;61.866205683586
317.891193661193;62.0849355743582
317.912799565884;62.2820320650257
317.934405470575;62.4586103063664
317.956011375266;62.6097988586864
317.977617279957;62.7152773726091
317.999223184647;62.7678612874707
318.020829089338;62.7769043383153
318.042434994029;62.743067173776
318.06404089872;62.6577804215238
318.085646803411;62.526555242292
318.107252708102;62.3704756653349
318.128858612793;62.1935720211628
318.150464517484;61.9978796508933
318.172070422175;61.7902660694694
318.193676326866;61.5819724511716
318.215282231556;61.3780414655793
318.236888136247;61.1746869090061
318.258494040938;60.9746340832233
318.280099945629;60.7920590909767
318.30170585032;60.644140705079
318.323311755011;60.5395242481862
318.344917659702;60.4841588540679
318.366523564393;60.4803599995849
318.388129469084;60.5219706241249
318.409735373774;60.6008189465597
318.431341278465;60.711295395557
318.452947183156;60.8498711534116
318.474553087847;61.0090738651127
318.496158992538;61.1743825617606
318.517764897229;61.3322003280023
318.53937080192;61.4652206505278
318.560976706611;61.5453294851578
318.582582611302;61.5403121604617
318.604188515993;61.4426027607201
318.625794420683;61.2645001996317
318.647400325374;61.0142206477429
318.669006230065;60.696536114764
318.690612134756;60.3168838148982
318.712218039447;59.8854021918405
318.733823944138;59.4286111520761
318.755429848829;58.9719904579522
318.77703575352;58.5213901078905
318.798641658211;58.0831304022253
318.820247562902;57.6676213503807
318.841853467592;57.2790337266518
318.863459372283;56.9262851134863
318.885065276974;56.6071805615399
318.906671181665;56.3210249348957
318.928277086356;56.0675383079786
318.949882991047;55.8448781765971
318.971488895738;55.6572661316287
318.993094800429;55.4986395287318
319.01470070512;55.3635512301935
319.036306609811;55.255512705712
319.057912514501;55.1747698133992
319.079518419192;55.1169868118793
319.101124323883;55.0830513200904
319.122730228574;55.0812703226588
319.144336133265;55.1054064286433
319.165942037956;55.1470191927947
319.187547942647;55.2010481390063
319.209153847338;55.2557465575717
319.230759752029;55.2907626661764
319.25236565672;55.3041379003346
319.27397156141;55.2979743535754
319.295577466101;55.2780550272982
319.317183370792;55.251119437928
319.338789275483;55.2130253985728
319.360395180174;55.1526023954683
319.382001084865;55.0593996437808
319.403606989556;54.9354720539526
319.425212894247;54.7902809761995
319.446818798938;54.6232474988018
319.468424703629;54.4339737841135
319.490030608319;54.2217904778508
319.51163651301;53.9847717589097
319.533242417701;53.7277733592131
319.554848322392;53.4561757686762
319.576454227083;53.1746709383652
319.598060131774;52.8961805071428
319.619666036465;52.6385864333305
319.641271941156;52.3901261098076
319.662877845847;52.151055223104
319.684483750537;51.9274390663154
319.706089655228;51.7255360732072
319.727695559919;51.5516972525017
319.74930146461;51.4044353820044
319.770907369301;51.2737050313404
319.792513273992;51.151358417911
319.814119178683;51.0478380688164
319.835725083374;50.9708328442762
319.857330988065;50.9103667588517
319.878936892756;50.8562645993663
319.900542797446;50.8013216979517
319.922148702137;50.7423540136542
319.943754606828;50.6766500310437
319.965360511519;50.6017252518815
319.98696641621;50.5151519812083
320.008572320901;50.4145643482861
320.030178225592;50.2944693746456
320.051784130283;50.1460082379549
320.073390034974;49.973764102303
320.094995939665;49.7788481372653
320.116601844356;49.5572417899908
320.138207749046;49.3129899655009
320.159813653737;49.0557362870131
320.181419558428;48.7901866960932
320.203025463119;48.521421468886
320.22463136781;48.2571847034328
320.246237272501;48.0008005439927
320.267843177192;47.7538038970395
320.289449081883;47.5387892862138
320.311054986574;47.3950612763048
320.332660891264;47.3211176376406
320.354266795955;47.2870318869997
320.375872700646;47.2918002690941
320.397478605337;47.3510092770199
320.419084510028;47.4734354191633
320.440690414719;47.6400799197588
320.46229631941;47.8307289731299
320.483902224101;48.036100786643
320.505508128792;48.251907245373
320.527114033483;48.4753999164247
320.548719938173;48.711592869921
320.570325842864;48.9611936714881
320.591931747555;49.2316019159633
320.613537652246;49.5302533952252
320.635143556937;49.8382384625224
320.656749461628;50.146246945844
320.678355366319;50.4629480480328
320.69996127101;50.7857930650239
320.721567175701;51.1051090961067
320.743173080392;51.4155607038464
320.764778985082;51.7149173007948
320.786384889773;51.9924959704483
320.807990794464;52.2295938742863
320.829596699155;52.4196538600771
320.851202603846;52.5620670075975
320.872808508537;52.6544832745073
320.894414413228;52.6955612260394
320.916020317919;52.6872853715348
320.93762622261;52.6303659249485
320.959232127301;52.5316576415665
320.980838031991;52.4149355386327
321.002443936682;52.2992540170605
321.024049841373;52.1949645556376
321.045655746064;52.1206217521894
321.067261650755;52.0966891979391
321.088867555446;52.1343856537997
321.110473460137;52.2373340236373
321.132079364828;52.4020265863171
321.153685269519;52.6169697598996
321.17529117421;52.8738929184868
321.1968970789;53.17163035997
321.218502983591;53.4975304687412
321.240108888282;53.8183859369161
321.261714792973;54.1124058194848
321.283320697664;54.3657469231829
321.304926602355;54.5534549438964
321.326532507046;54.6548481323815
321.348138411737;54.6552634213735
321.369744316428;54.5400453611848
321.391350221119;54.3024828769343
321.412956125809;53.9595079624687
321.4345620305;53.5317440252486
321.456167935191;53.0200221662779
321.477773839882;52.4174109278009
321.499379744573;51.7351506192319
321.520985649264;51.0235048150323
321.542591553955;50.3099059917781
321.564197458646;49.5916183643283
321.585803363337;48.8830203285589
321.607409268027;48.2158382507655
321.629015172718;47.6061090002004
321.650621077409;47.0554648339256
321.6722269821;46.5714856682788
321.693832886791;46.1697996004607
321.715438791482;45.8618938701992
321.737044696173;45.6467363053799
321.758650600864;45.5124542712192
321.780256505555;45.4477198222881
321.801862410246;45.4443416580936
321.823468314936;45.4928294754471
321.845074219627;45.5749792980816
321.866680124318;45.6786463897284
321.888286029009;45.7845115618014
321.9098919337;45.8651831242627
321.931497838391;45.9021653870644
321.953103743082;45.8892976435289
321.974709647773;45.8154020592953
321.996315552464;45.6770246421037
322.017921457155;45.4616794492811
322.039527361845;45.1796727312959
322.061133266536;44.8634322546128
322.082739171227;44.510739401712
322.104345075918;44.1130134347523
322.125950980609;43.689641657989
322.1475568853;43.2662135683125
322.169162789991;42.8587549247636
322.190768694682;42.4707505356906
322.212374599373;42.1095819348989
322.233980504064;41.7789705696194
322.255586408754;41.4850263298488
322.277192313445;41.2380440610962
322.298798218136;41.0375939812568
322.320404122827;40.8791417494609
322.342010027518;40.7595197231471
322.363615932209;40.6797019019098
322.3852218369;40.6187286175979
322.406827741591;40.5614810008507
322.428433646282;40.4985072599572
322.450039550973;40.4227835635553
322.471645455663;40.3331805161328
322.493251360354;40.2253222896933
322.514857265045;40.0958784778682
322.536463169736;39.9470254591293
322.558069074427;39.776369494153
322.579674979118;39.5783201391742
322.601280883809;39.3565673387737
322.6228867885;39.1269233459585
322.644492693191;38.9026215747974
322.666098597882;38.7004548505348
322.687704502572;38.5277125348562
322.709310407263;38.3899420411372
322.730916311954;38.2945869754393
322.752522216645;38.2488663228603
322.774128121336;38.2498321390204
322.795734026027;38.289778185859
322.817339930718;38.3664358892339
322.838945835409;38.4778047948161
322.8605517401;38.6179943128469
322.882157644791;38.7791209476725
322.903763549481;38.9562674686519
322.925369454172;39.1391234261462
322.946975358863;39.3186551745308
322.968581263554;39.4897338486468
322.990187168245;39.6547428544434
323.011793072936;39.8184749385968
323.033398977627;39.9790099506854
323.055004882318;40.133591264458
323.076610787009;40.2794278733453
323.0982166917;40.4203746345839
323.11982259639;40.5622172703159
323.141428501081;40.7011550144682
323.163034405772;40.8284105204537
323.184640310463;40.9431711454598
323.206246215154;41.0434887000126
323.227852119845;41.1313288287833
323.249458024536;41.2069923854918
323.271063929227;41.2659975981766
323.292669833918;41.2899072495886
323.314275738609;41.2785042499037
323.335881643299;41.2358020962743
323.35748754799;41.1549197612099
323.379093452681;41.032114474393
323.400699357372;40.8944349786766
323.422305262063;40.7469972687303
323.443911166754;40.5798275429132
323.465517071445;40.3887048452822
323.487122976136;40.1954188563893
323.508728880827;40.0126670194144
323.530334785517;39.8559362254558
323.551940690208;39.7303125586005
323.573546594899;39.6282581312049
323.59515249959;39.5385315355468
323.616758404281;39.4565755225573
323.638364308972;39.3887937334283
323.659970213663;39.3387983739107
323.681576118354;39.2973504204878
323.703182023045;39.2495484970252
323.724787927736;39.1791737634676
323.746393832426;39.0898914846441
323.767999737117;38.9959869193374
323.789605641808;38.8925937777007
323.811211546499;38.7736392346
323.83281745119;38.6473865567065
323.854423355881;38.5223552693915
323.876029260572;38.3970167204556
323.897635165263;38.268892126178
323.919241069954;38.1370682265213
323.940846974645;38.0019873180034
323.962452879335;37.8653967450245
323.984058784026;37.7242622100109
324.005664688717;37.5674613126061
324.027270593408;37.3897649609429
324.048876498099;37.1943038030008
324.07048240279;36.9871774838805
324.092088307481;36.7742486398593
324.113694212172;36.5597869872169
324.135300116863;36.3507335902018
324.156906021554;36.1596282034599
324.178511926244;36.0008140547264
324.200117830935;35.8841778235342
324.221723735626;35.8197805625517
324.243329640317;35.8298580469075
324.264935545008;35.9265145572739
324.286541449699;36.0826312923771
324.30814735439;36.2612162168769
324.329753259081;36.468240112033
324.351359163772;36.7192997069463
324.372965068463;36.9996176747327
324.394570973153;37.2723517981353
324.416176877844;37.5257116291642
324.437782782535;37.7764405162593
324.459388687226;38.0235007380565
324.480994591917;38.2492828693529
324.502600496608;38.4387973674058
324.524206401299;38.5867677947615
324.54581230599;38.6897512042522
324.567418210681;38.7483582782404
324.589024115372;38.7667752407103
324.610630020062;38.7591815590101
324.632235924753;38.7343690552677
324.653841829444;38.698414303697
324.675447734135;38.6494355158118
324.697053638826;38.5884333580289
324.718659543517;38.5240780317198
324.740265448208;38.4640884374583
324.761871352899;38.4080389213082
324.78347725759;38.3542456374276
324.80508316228;38.2927416069724
324.826689066971;38.2180090132754
324.848294971662;38.1303274584988
324.869900876353;38.0265262108718
324.891506781044;37.903016584139
324.913112685735;37.7602672479252
324.934718590426;37.5960668433173
324.956324495117;37.405397384645
324.977930399808;37.1829172243349
324.999536304499;36.9351311423564
325.02114220919;36.6758211811792
325.04274811388;36.3963583661203
325.064354018571;36.0866451200611
325.085959923262;35.7387877790864
325.107565827953;35.3737158370021
325.129171732644;35.0141243190977
325.150777637335;34.6592860906288
325.172383542026;34.2923879471743
325.193989446717;33.9239928591199
325.215595351408;33.5694448431958
325.237201256099;33.2277194063039
325.258807160789;32.8980328575217
325.28041306548;32.5900775301152
325.302018970171;32.3101683582659
325.323624874862;32.0553412518337
325.345230779553;31.815615656449
325.366836684244;31.5804096998662
325.388442588935;31.3416546435992
325.410048493626;31.0919466663946
325.431654398317;30.8409396473183
325.453260303007;30.5956310673364
325.474866207698;30.3522864076303
325.496472112389;30.1057582632565
325.51807801708;29.8552175462354
325.539683921771;29.6068570206633
325.561289826462;29.3660800106673
325.582895731153;29.1374328225727
325.604501635844;28.9311942475825
325.626107540535;28.7563468498006
325.647713445226;28.6139478665131
325.669319349916;28.4976177827022
325.690925254607;28.4022734074991
325.712531159298;28.3227192615339
325.734137063989;28.2553572576521
325.75574296868;28.1951440123392
325.777348873371;28.1303896388411
325.798954778062;28.0497049749003
325.820560682753;27.9532835702403
325.842166587444;27.844298011577
325.863772492135;27.7212932218512
325.885378396825;27.5844224838813
325.906984301516;27.4426513148322
325.928590206207;27.3084556638267
325.950196110898;27.1883323849607
325.971802015589;27.0889234587689
325.99340792028;27.0146734661097
326.015013824971;26.9684141509024
326.036619729662;26.9502671141648
326.058225634353;26.9581065811475
326.079831539044;26.9899182919208
326.101437443734;27.0347578461326
326.123043348425;27.0821284119352
326.144649253116;27.1285231404238
326.166255157807;27.1757742211911
326.187861062498;27.2330622439995
326.209466967189;27.3058211679194
326.23107287188;27.3911222135623
326.252678776571;27.4835523652269
326.274284681262;27.5792524394475
326.295890585953;27.671195008826
326.317496490643;27.7559351485546
326.339102395334;27.8292311273762
326.360708300025;27.8828046568538
326.382314204716;27.9059469403335
326.403920109407;27.892370589797
326.425526014098;27.8399131934481
326.447131918789;27.7495876907855
326.46873782348;27.6257123123245
326.490343728171;27.4729388343106
326.511949632862;27.2963749737744
326.533555537552;27.107074033634
326.555161442243;26.9161549621633
326.576767346934;26.7306364705316
326.598373251625;26.5598984354443
326.619979156316;26.4092910275084
326.641585061007;26.2804823898872
326.663190965698;26.1701832473217
326.684796870389;26.0694861428124
326.70640277508;25.9764914571934
326.72800867977;25.8964314658203
326.749614584461;25.8225191824779
326.771220489152;25.7464866391128
326.792826393843;25.662060846313
326.814432298534;25.569755364164
326.836038203225;25.4715943703727
326.857644107916;25.3656798498853
326.879250012607;25.246648857474
326.900855917298;25.1192962851346
326.922461821989;24.9927171201422
326.944067726679;24.8615593787822
326.96567363137;24.7154228853391
326.987279536061;24.5449999398447
327.008885440752;24.3426538622326
327.030491345443;24.108568671145
327.052097250134;23.8417779523877
327.073703154825;23.5458293529205
327.095309059516;23.2232228283673
327.116914964207;22.871709307016
327.138520868898;22.4937882932715
327.160126773588;22.1000784132172
327.181732678279;21.7015644956179
327.20333858297;21.3003353634454
327.224944487661;20.8968949876819
327.246550392352;20.4946621871282
327.268156297043;20.0950937721153
327.289762201734;19.7093043983384
327.311368106425;19.3572966753489
327.332974011116;19.0466893467349
327.354579915807;18.7691868263255
327.376185820497;18.5080897458986
327.397791725188;18.2547279672305
327.419397629879;18.0149373340779
327.44100353457;17.8008664562824
327.462609439261;17.6065853274081
327.484215343952;17.4172229781221
327.505821248643;17.239285025502
327.527427153334;17.0857293688397
327.549033058025;16.9560529802476
327.570638962716;16.8401902888352
327.592244867406;16.7363974410394
327.613850772097;16.6418777347137
327.635456676788;16.5425033174882
327.657062581479;16.4287907336405
327.67866848617;16.3103522555315
327.700274390861;16.1943737374021
327.721880295552;16.0735549745878
327.743486200243;15.9371072941583
327.765092104934;15.7787696154135
327.786698009625;15.5958762481652
327.808303914315;15.3860177468485
327.829909819006;15.1435897681796
327.851515723697;14.871957568635
327.873121628388;14.5774399801286
327.894727533079;14.2623116902191
327.91633343777;13.9250299578782
327.937939342461;13.5659394228086
327.959545247152;13.1850772223561
327.981151151843;12.8052038832941
328.002757056534;12.4538672479549
328.024362961224;12.1400167713591
328.045968865915;11.8599369884696
328.067574770606;11.613293812927
328.089180675297;11.4016657608575
328.110786579988;11.2225245221027
328.132392484679;11.0710880414484
328.15399838937;10.935744901373
328.175604294061;10.8090416205157
328.197210198752;10.6782606223542
328.218816103443;10.5293366860092
328.240422008133;10.363514233712
328.262027912824;10.186965832481
328.283633817515;9.99856938840522
328.305239722206;9.79225664449933
328.326845626897;9.56370338084938
328.348451531588;9.32042150850543
328.370057436279;9.07532409903867
328.39166334097;8.83490125865788
328.413269245661;8.60686465649088
328.434875150352;8.39787098911239
328.456481055042;8.20914057994531
328.478086959733;8.04483779286723
328.499692864424;7.9108557064113
328.521298769115;7.80622711325762
328.542904673806;7.7254386018428
328.564510578497;7.66315579507884
328.586116483188;7.61223330711987
328.607722387879;7.56771350469214
328.62932829257;7.52758378632454
328.65093419726;7.49089844462831
328.672540101951;7.45155537774968
328.694146006642;7.39239391780656
328.715751911333;7.29539768730025
328.737357816024;7.15835196433348
328.758963720715;6.98689676275029
328.780569625406;6.78346747151362
328.802175530097;6.55229410919227
328.823781434788;6.29671614355262
328.845387339479;6.01124545947738
328.866993244169;5.69538073590626
328.88859914886;5.37003076212487
328.910205053551;5.05157568586731
328.931810958242;4.74775206662751
328.953416862933;4.46307173029618
328.975022767624;4.20622984024423
328.996628672315;3.98537509148649
329.018234577006;3.8011976571063
329.039840481697;3.64336610302607
329.061446386388;3.51031692445079
329.083052291078;3.40772783102018
329.104658195769;3.33399329646696
329.12626410046;3.28202409865895
329.147870005151;3.24107523257275
329.169475909842;3.20296021013684
329.191081814533;3.16519250967913
329.212687719224;3.12442422120689
329.234293623915;3.07181619411162
329.255899528606;2.99437554012228
329.277505433297;2.88548476207221
329.299111337987;2.7579410800009
329.320717242678;2.62132552263093
329.342323147369;2.47314040837416
329.36392905206;2.31476192768325
329.385534956751;2.15575637792988
329.407140861442;2.0051133312469
329.428746766133;1.87015199841591
329.450352670824;1.7597340255201
329.471958575515;1.67751643793369
329.493564480206;1.62710240913609
329.515170384896;1.61801558130185
329.536776289587;1.65380826073492
329.558382194278;1.73709064877559
329.579988098969;1.86689844644627
329.60159400366;2.02777706480563
329.623199908351;2.20534185512086
329.644805813042;2.39738162475776
329.666411717733;2.61527286904797
329.688017622424;2.87359048007029
329.709623527115;3.15993175984789
329.731229431805;3.43104050209124
329.752835336496;3.66384419466594
329.774441241187;3.85532831623284
329.796047145878;4.01535629011403
329.817653050569;4.16273593321324
329.83925895526;4.3061614740258
329.860864859951;4.41760139218823
329.882470764642;4.49227674027891
329.904076669333;4.54957019854419
329.925682574024;4.60186620692018
329.947288478714;4.65651014972602
329.968894383405;4.71518549970257
329.990500288096;4.77373776257971
330.012106192787;4.8375038875907
330.033712097478;4.90176246751582
330.055318002169;4.96161650030602
330.07692390686;5.015794129998
330.098529811551;5.05932074272469
330.120135716242;5.08160837835192
330.141741620933;5.07456201048981
330.163347525623;5.03680181044246
330.184953430314;4.96585243241432
330.206559335005;4.86470526564541
330.228165239696;4.74586694095004
330.249771144387;4.62860686412652
330.271377049078;4.53932116185224
330.292982953769;4.50402950411166
330.31458885846;4.5263355602104
330.336194763151;4.60629658131217
330.357800667842;4.75002809935381
330.379406572532;4.95674635862589
330.401012477223;5.2172889235342
330.422618381914;5.51744388351105
330.444224286605;5.84566868849214
330.465830191296;6.17568697343852
330.487436095987;6.46969481668066
330.509042000678;6.71221918609508
330.530647905369;6.89632381090169
330.55225381006;7.00967887739891
330.57385971475;7.05229761948827
330.595465619441;7.0241038799805
330.617071524132;6.92118370880462
330.638677428823;6.7573010320874
330.660283333514;6.55680621247139
330.681889238205;6.33743772182541
330.703495142896;6.10862612009078
330.725101047587;5.88402698156175
330.746706952278;5.68905430308553
330.768312856969;5.53881984951302
330.789918761659;5.4282156374929
330.81152466635;5.35386680740251
330.833130571041;5.33016563902265
330.854736475732;5.3458369044139
330.876342380423;5.38601992924266
330.897948285114;5.42998935435465
330.919554189805;5.47452805953583
330.941160094496;5.513235185483
330.962765999187;5.53860556690302
330.984371903878;5.54291827467482
331.005977808568;5.52152159338637
331.027583713259;5.47625243636155
331.04918961795;5.41470012797022
331.070795522641;5.34939465629017
331.092401427332;5.28537817165761
331.114007332023;5.22908021739011
331.135613236714;5.19085203665858
331.157219141405;5.17697645430215
331.178825046096;5.19676628465935
331.200430950787;5.25661215200222
331.222036855477;5.34917910041803
331.243642760168;5.47107394063512
331.265248664859;5.62097804320794
331.28685456955;5.79164161389856
331.308460474241;5.97702299230323
331.330066378932;6.17957582646233
331.351672283623;6.39559077466562
331.373278188314;6.61346388784713
331.394884093005;6.83218210401009
331.416489997696;7.05185296246147
331.438095902386;7.26961430931691
331.459701807077;7.49092021009061
331.481307711768;7.72468566025691
331.502913616459;7.94620808121016
331.52451952115;8.140957947332
331.546125425841;8.32338409103488
331.567731330532;8.50372612348986
331.589337235223;8.68209757685139
331.610943139914;8.85442270615441
331.632549044605;9.02246858472925
331.654154949295;9.19562442726485
331.675760853986;9.3864267703014
331.697366758677;9.60236421253231
331.718972663368;9.84004016830724
331.740578568059;10.1054864349673
331.76218447275;10.402611250321
331.783790377441;10.7064436348257
331.805396282132;10.995730002738
331.827002186823;11.2724618231695
331.848608091513;11.5292166247719
331.870213996204;11.7496465936712
331.891819900895;11.916056436682
331.913425805586;11.98088462861
331.935031710277;11.9347772099199
331.956637614968;11.780196990118
331.978243519659;11.5223113751217
331.99984942435;11.1690407794412
332.021455329041;10.7414981278069
332.043061233732;10.2600241049958
332.064667138422;9.74770556569278
332.086273043113;9.25596665496639
332.107878947804;8.82106665800913
332.129484852495;8.45614030978405
332.151090757186;8.16883394260989
332.172696661877;7.95521100909644
332.194302566568;7.82053890306852
332.215908471259;7.76477645284267
332.23751437595;7.77007453296305
332.259120280641;7.78726676036744
332.280726185332;7.77779727512197
332.302332090022;7.70894795403602
332.323937994713;7.55147419026638
332.345543899404;7.28669254535808
332.367149804095;6.90829310741175
332.388755708786;6.4294279098516
332.410361613477;5.89043138549917
332.431967518168;5.35453342150092
332.453573422859;4.87856384824477
332.47517932755;4.50988554004032
332.49678523224;4.27588762421456
332.518391136931;4.23839919406383
332.539997041622;4.46257504927928
332.561602946313;5.00877980227023
332.583208851004;5.91197569027518
332.604814755695;7.07414151278151
332.626420660386;8.47206512608859
332.648026565077;10.1434087705087
332.669632469768;12.0848261346157
332.691238374459;14.1987061003426
332.712844279149;16.4154428456309
332.73445018384;18.6962769372022
332.756056088531;20.9856269451445
332.777661993222;23.1588132015187
332.799267897913;25.1661701539052
332.820873802604;27.0574863308267
332.842479707295;28.8490581574983
332.864085611986;30.4213859093047
332.885691516677;31.6722431682922
332.907297421368;32.6445139048316
332.928903326058;33.4081545260671
332.950509230749;33.9957497959619
332.97211513544;34.4197033288157
332.993721040131;34.7157151578861
333.015326944822;34.9093203985146
333.036932849513;35.0463625534354
333.058538754204;35.1851971402175
333.080144658895;35.3705278467866
333.101750563586;35.6420434857598
333.123356468277;36.0507863473474
333.144962372967;36.6479640313448
333.166568277658;37.463496204498
333.188174182349;38.4990760953406
333.20978008704;39.7337712323167
333.231385991731;41.1706755317812
333.252991896422;42.8414495521266
333.274597801113;44.7985084776295
333.296203705804;47.0831374880025
333.317809610495;49.6873466390899
333.339415515186;52.5284048093449
333.361021419876;55.5199640108749
333.382627324567;58.5823404299313
333.404233229258;61.6896682175443
333.425839133949;64.8566787107159
333.44744503864;68.0762334523123
333.469050943331;71.1776243788049
333.490656848022;74.0745915225117
333.512262752713;76.8231672989016
333.533868657404;79.4303353263137
333.555474562095;81.7767864454674
333.577080466785;83.7873635566992
333.598686371476;85.5168459208915
333.620292276167;87.037407943553
333.641898180858;88.3114097929223
333.663504085549;89.3591662468046
333.68510999024;90.1686346300812
333.706715894931;90.7793959745415
333.728321799622;91.2583047335036
333.749927704313;91.6749936479871
333.771533609003;92.0835999986271
333.793139513694;92.5278840321874
333.814745418385;93.0593513935734
333.836351323076;93.7525020206841
333.857957227767;94.6508158879042
333.879563132458;95.7182318220775
333.901169037149;96.8990169798269
333.92277494184;98.1930250378668
333.944380846531;99.6327681014219
333.965986751222;101.217736474747
333.987592655912;102.848679864068
334.009198560603;104.371069788336
334.030804465294;105.679498187466
334.052410369985;106.723349557999
334.074016274676;107.450620227127
334.095622179367;107.787756398599
334.117228084058;107.626782287199
334.138833988749;106.899396912264
334.16043989344;105.656711123166
334.182045798131;103.985054258575
334.203651702821;101.942097625569
334.225257607512;99.6353229701255
334.246863512203;97.0817211178573
334.268469416894;94.3215145698853
334.290075321585;91.5122178428233
334.311681226276;88.8978050101412
334.333287130967;86.6994239179074
334.354893035658;84.9505425910991
334.376498940349;83.6156626519082
334.39810484504;82.762720799445
334.41971074973;82.5762233137294
334.441316654421;83.1436583805717
334.462922559112;84.4311582922773
334.484528463803;86.4057797110732
334.506134368494;89.0641905539806
334.527740273185;92.3750457281084
334.549346177876;96.3882142795212
334.570952082567;101.318246007156
334.592557987258;107.296575987342
334.614163891949;114.172880952894
334.635769796639;121.659712681855
334.65737570133;129.730457026257
334.678981606021;138.407260704732
334.700587510712;147.561004820898
334.722193415403;157.026874330009
334.743799320094;166.804136328687
334.765405224785;176.953857210048
334.787011129476;187.422639522168
334.808617034167;197.727207222859
334.830222938858;207.068728981989
334.851828843548;215.211488272921
334.873434748239;222.244823985095
334.89504065293;228.236653677901
334.916646557621;233.126524097192
334.938252462312;236.701931186348
334.959858367003;238.76008074788
334.981464271694;239.229211417678
335.003070176385;238.157231317439
335.024676081076;235.558472899577
335.046281985767;231.844853230687
335.067887890457;227.475610709326
335.089493795148;222.758625184006
335.111099699839;217.934091438199
335.13270560453;213.265425342046
335.154311509221;209.091930798504
335.175917413912;205.784291723626
335.197523318603;203.688393448296
335.219129223294;202.857489815828
335.240735127985;203.141178138403
335.262341032676;204.502038183181
335.283946937366;207.031761514699
335.305552842057;210.706999684479
335.327158746748;215.237029690096
335.348764651439;220.172369604247
335.37037055613;225.200468751283
335.391976460821;230.252719475051
335.413582365512;235.433608002874
335.435188270203;240.854946275403
335.456794174894;246.511500964037
335.478400079585;252.208316273615
335.500005984275;258.163789638911
335.521611888966;264.675715152421
335.543217793657;271.842060103511
335.564823698348;279.676223655659
335.586429603039;288.230724072727
335.60803550773;297.605013952156
335.629641412421;308.092926506937
335.651247317112;320.27052708413
335.672853221803;334.541265759593
335.694459126493;350.991745424917
335.716065031184;369.624882949025
335.737670935875;390.703277249965
335.759276840566;415.217606557979
335.780882745257;444.149595606688
335.802488649948;477.156298153573
335.824094554639;513.639117098139
335.84570045933;554.399925967413
335.867306364021;601.037453111095
335.888912268712;654.148351946451
335.910518173402;713.476781256173
335.932124078093;780.917434229121
335.953729982784;860.34748577545
335.975335887475;953.384805244526
335.996941792166;1057.33701349067
336.018547696857;1172.36672217157
336.040153601548;1301.56235005663
336.061759506239;1446.28608770444
336.08336541093;1606.29587445073
336.104971315621;1782.50326892909
336.126577220311;1974.57647436962
336.148183125002;2181.06666075295
336.169789029693;2405.70007290328
336.191394934384;2650.20290888154
336.213000839075;2904.51997644867
336.234606743766;3157.78435177419
336.256212648457;3413.92536122248
336.277818553148;3675.29802018589
336.299424457839;3934.01937373176
336.32103036253;4180.23864559362
336.34263626722;4405.78576674907
336.364242171911;4599.52821726528
336.385848076602;4749.89177117142
336.407453981293;4854.52689288124
336.429059885984;4914.01130558287
336.450665790675;4922.27693918026
336.472271695366;4869.1480143749
336.493877600057;4753.15197769436
336.515483504748;4581.92383331674
336.537089409439;4358.64582045339
336.558695314129;4079.60362048254
336.58030121882;3743.33532055696
336.601907123511;3362.44438142603
336.623513028202;2947.32670367567
336.645118932893;2496.62533305271
336.666724837584;2008.17124502937
336.688330742275;1495.62367429015
336.709936646966;980.483019272181
336.731542551657;470.480653421712
336.753148456348;-46.3929739605418
336.774754361038;-561.7265443305
336.796360265729;-1038.38791197502
336.81796617042;-1456.30927451004
336.839572075111;-1822.74910029797
336.861177979802;-2146.55226187162
336.882783884493;-2435.09927957754
336.904389789184;-2695.34323851125
336.925995693875;-2927.56202610013
336.947601598566;-3124.88978067306
336.969207503256;-3283.85094545074
336.990813407947;-3407.13688637571
337.012419312638;-3499.86207053855
337.034025217329;-3565.84424138831
337.05563112202;-3608.10001204735
337.077237026711;-3630.0685927779
337.098842931402;-3635.47448851279
337.120448836093;-3627.87130147554
337.142054740784;-3610.55356817151
337.163660645475;-3586.02759032515
337.185266550166;-3555.96456030828
337.206872454856;-3521.95554784853
337.228478359547;-3486.15243396771
337.250084264238;-3449.21383857379
337.271690168929;-3409.71736216734
337.29329607362;-3366.04818716757
337.314901978311;-3318.62042054675
337.336507883002;-3268.03051047988
337.358113787693;-3212.66462086664
337.379719692384;-3150.01215061582
337.401325597075;-3077.70545777809
337.422931501765;-2994.06645185082
337.444537406456;-2898.57735901502
337.466143311147;-2791.97741182452
337.487749215838;-2676.04710673563
337.509355120529;-2551.71528762058
337.53096102522;-2418.49561002177
337.552566929911;-2276.35224727269
337.574172834602;-2127.53910714507
337.595778739293;-1979.25007584594
337.617384643983;-1836.50213229147
337.638990548674;-1698.19156678937
337.660596453365;-1562.03658115185
337.682202358056;-1427.86923045314
337.703808262747;-1296.96875668552
337.725414167438;-1173.27820108037
337.747020072129;-1061.07014925964
337.76862597682;-961.519561486902
337.790231881511;-873.59383235218
337.811837786202;-795.377055671433
337.833443690892;-723.752156377626
337.855049595583;-658.318486876263
337.876655500274;-600.566395638899
337.898261404965;-549.831331440077
337.919867309656;-504.153382874991
337.941473214347;-462.639845383095
337.963079119038;-426.079332034136
337.984685023729;-393.851948503345
338.00629092842;-364.660066435391
338.027896833111;-337.704850791768
338.049502737801;-312.624110506638
338.071108642492;-289.548589541207
338.092714547183;-268.269988942247
338.114320451874;-248.394802189868
338.135926356565;-229.690377180331
338.157532261256;-212.166448672703
338.179138165947;-195.995437796076
338.200744070638;-181.103124535785
338.222349975329;-167.346687713368
338.24395588002;-154.532554541244
338.26556178471;-142.528734511793
338.287167689401;-131.445855388664
338.308773594092;-121.539719244434
338.330379498783;-112.768717595526
338.351985403474;-105.104228565805
338.373591308165;-98.571950244223
338.395197212856;-93.2743775900833
338.416803117547;-89.2592190880259
338.438409022238;-86.4925821426308
338.460014926929;-84.8925703035466
338.481620831619;-84.3645077531758
338.50322673631;-84.8465112399345
338.524832641001;-86.3064714044313
338.546438545692;-88.7505925226372
338.568044450383;-92.101281437363
338.589650355074;-96.0594738950659
338.611256259765;-100.326086395334
338.632862164456;-104.800324496224
338.654468069147;-109.397468497955
338.676073973838;-113.817947017772
338.697679878528;-117.819837851816
338.719285783219;-121.335949751274
338.74089168791;-124.254450848285
338.762497592601;-126.507975024738
338.784103497292;-128.129622966144
338.805709401983;-129.152527745998
338.827315306674;-129.556089066965
338.848921211365;-129.3374016336
338.870527116056;-128.608896920549
338.892133020746;-127.571417347994
338.913738925437;-126.327847134489
338.935344830128;-124.903930126798
338.956950734819;-123.309592194773
338.97855663951;-121.584024363572
339.000162544201;-119.748900880839
339.021768448892;-117.817399042275
339.043374353583;-115.827365621535
339.064980258274;-113.884393017001
339.086586162965;-112.087657965581
339.108192067655;-110.427372455625
339.129797972346;-108.774775812617
339.151403877037;-106.96517510464
339.173009781728;-105.004914377493
339.194615686419;-102.9350516424
339.21622159111;-100.803143646525
339.237827495801;-98.5615982885673
339.259433400492;-96.1785743786204
339.281039305183;-93.6778310424934
339.302645209874;-91.0722870701306
339.324251114565;-88.3966573354697
339.345857019255;-85.7419275840871
339.367462923946;-83.0867823560353
339.389068828637;-80.3838253905281
339.410674733328;-77.6024757971836
339.432280638019;-74.756312743183
339.45388654271;-71.9711603120086
339.475492447401;-69.3293589623226
339.497098352092;-66.7499950775138
339.518704256783;-64.155882930768
339.540310161473;-61.5172600506319
339.561916066164;-58.8862146877513
339.583521970855;-56.3397937623397
339.605127875546;-53.8644833400775
339.626733780237;-51.3854098316625
339.648339684928;-48.8764658147573
339.669945589619;-46.4250995540776
339.69155149431;-44.1951293392408
339.713157399001;-42.1230734440728
339.734763303692;-40.1272473343662
339.756369208382;-38.2600405415784
339.777975113073;-36.6732960191501
339.799581017764;-35.4421153222406
339.821186922455;-34.5544613329225
339.842792827146;-34.0015867912473
339.864398731837;-33.806785559174
339.886004636528;-33.9981098055698
339.907610541219;-34.5783331347989
339.92921644591;-35.5134448326745
339.950822350601;-36.754735902895
339.972428255291;-38.2188706507438
339.994034159982;-39.8139360039259
340.015640064673;-41.4418891133025
340.037245969364;-43.0312061342266
340.058851874055;-44.498471293208
340.080457778746;-45.7131457322336
340.102063683437;-46.5479243805951
340.123669588128;-46.9683655131894
340.145275492819;-47.0059017454239
340.16688139751;-46.6606478330465
340.1884873022;-45.9183706264667
340.210093206891;-44.7554566393403
340.231699111582;-43.203715362247
340.253305016273;-41.4506989346362
340.274910920964;-39.5975011280893
340.296516825655;-37.6682306411764
340.318122730346;-35.7372240682841
340.339728635037;-33.9208643536906
340.361334539728;-32.2809979291655
340.382940444419;-30.8543284315561
340.404546349109;-29.6732517102449
340.4261522538;-28.7589088561515
340.447758158491;-28.1331543767311
340.469364063182;-27.838229598369
340.490969967873;-27.9097526903136
340.512575872564;-28.3209731938941
340.534181777255;-29.0181306444671
340.555787681946;-29.9743946605364
340.577393586637;-31.1860940762896
340.598999491328;-32.6006497080527
340.620605396018;-34.1402157548365
340.642211300709;-35.7666486513226
340.6638172054;-37.4480767502456
340.685423110091;-39.1177571172238
340.707029014782;-40.689611632865
340.728634919473;-42.0671798636459
340.750240824164;-43.219986353528
340.771846728855;-44.1566508036039
340.793452633546;-44.91289491812
340.815058538236;-45.5165379319627
340.836664442927;-45.9803474574983
340.858270347618;-46.3064919022661
340.879876252309;-46.502265553169
340.901482157;-46.5851566107041
340.923088061691;-46.5826969345709
340.944693966382;-46.5279303639534
340.966299871073;-46.4483823152154
340.987905775764;-46.3647529530813
341.009511680455;-46.2883374796171
341.031117585145;-46.2268835875773
341.052723489836;-46.1883698133041
341.074329394527;-46.1797783974571
341.095935299218;-46.2035547212617
341.117541203909;-46.2560992205973
341.1391471086;-46.3254056762937
341.160753013291;-46.3999519035904
341.182358917982;-46.4719144902566
341.203964822673;-46.5354520133985
341.225570727364;-46.5810980951911
341.247176632054;-46.5908253387358
341.268782536745;-46.5455090005783
341.290388441436;-46.4405177335638
341.311994346127;-46.2793074612533
341.333600250818;-46.0671541948253
341.355206155509;-45.8045056264839
341.3768120602;-45.4907004395313
341.398417964891;-45.1301375170226
341.420023869582;-44.738018336523
341.441629774273;-44.3192626205793
341.463235678963;-43.8722470529402
341.484841583654;-43.4185470139441
341.506447488345;-42.988935992108
341.528053393036;-42.5830254268679
341.549659297727;-42.1901034954693
341.571265202418;-41.8063576803358
341.592871107109;-41.4291608890601
341.6144770118;-41.0521956404703
341.636082916491;-40.6728097160745
341.657688821182;-40.2914091284742
341.679294725872;-39.9035814853251
341.700900630563;-39.5081753129006
341.722506535254;-39.1102738512248
341.744112439945;-38.6875328670788
341.765718344636;-38.2226617999512
341.787324249327;-37.736261562722
341.808930154018;-37.2457499136515
341.830536058709;-36.7489886506818
341.8521419634;-36.2455810198427
341.873747868091;-35.7383013807876
341.895353772781;-35.2312823595651
341.916959677472;-34.7262184350071
341.938565582163;-34.2258781941828
341.960171486854;-33.7467485663909
341.981777391545;-33.3012065253323
342.003383296236;-32.8807951237095
342.024989200927;-32.4716254933089
342.046595105618;-32.0728031003463
342.068201010309;-31.7092924016373
342.089806915;-31.3997155072696
342.11141281969;-31.1371353278961
342.133018724381;-30.9146596752968
342.154624629072;-30.7306965363639
342.176230533763;-30.5826585639213
342.197836438454;-30.4674628349042
342.219442343145;-30.3808383124909
342.241048247836;-30.3168436722856
342.262654152527;-30.2713338647608
342.284260057218;-30.2438779368208
342.305865961909;-30.2322651681705
342.327471866599;-30.2278970245723
342.34907777129;-30.2231363562295
342.370683675981;-30.2143470443472
342.392289580672;-30.1932693101466
342.413895485363;-30.1546357197592
342.435501390054;-30.1051390525064
342.457107294745;-30.052013651551
342.478713199436;-29.988103764618
342.500319104127;-29.9025058497881
342.521925008818;-29.8026802219203
342.543530913508;-29.7095677769964
342.565136818199;-29.6456641425449
342.58674272289;-29.6271082564643
342.608348627581;-29.6621205720631
342.629954532272;-29.7475573424976
342.651560436963;-29.8827248707575
342.673166341654;-30.0715816493085
342.694772246345;-30.3122124887579
342.716378151036;-30.6012319127125
342.737984055726;-30.9358904780022
342.759589960417;-31.296422382111
342.781195865108;-31.6509633227805
342.802801769799;-31.972671519321
342.82440767449;-32.2490906248902
342.846013579181;-32.4778481828867
342.867619483872;-32.6398235972497
342.889225388563;-32.7188839292953
342.910831293254;-32.7199242114652
342.932437197945;-32.6549775158947
342.954043102635;-32.5408957553572
342.975649007326;-32.4011193526322
342.997254912017;-32.2470709518999
343.018860816708;-32.0726504776427
343.040466721399;-31.8786788678495
343.06207262609;-31.670832788651
343.083678530781;-31.4609643826971
343.105284435472;-31.2580066313242
343.126890340163;-31.0588262861606
343.148496244854;-30.8569684864694
343.170102149544;-30.6334084500594
343.191708054235;-30.3875399162173
343.213313958926;-30.1336752657138
343.234919863617;-29.8795844098812
343.256525768308;-29.6273359952393
343.278131672999;-29.3740761629201
343.29973757769;-29.1155434161077
343.321343482381;-28.8552851033975
343.342949387072;-28.6046489838306
343.364555291763;-28.3694970876809
343.386161196453;-28.1458073154558
343.407767101144;-27.9264686259384
343.429373005835;-27.7172819642591
343.450978910526;-27.5219397237804
343.472584815217;-27.3261978358105
343.494190719908;-27.1189911209958
343.515796624599;-26.912558734046
343.53740252929;-26.7147528688517
343.559008433981;-26.508709288209
343.580614338672;-26.2863848386396
343.602220243362;-26.0424423802762
343.623826148053;-25.7753769481109
343.645432052744;-25.4828166557084
343.667037957435;-25.1628512513048
343.688643862126;-24.8145520405033
343.710249766817;-24.4347867184483
343.731855671508;-24.0286015525764
343.753461576199;-23.6199269434403
343.77506748089;-23.2444897079598
343.796673385581;-22.9154553383162
343.818279290271;-22.6401389166049
343.839885194962;-22.4195004870653
343.861491099653;-22.2549548065149
343.883097004344;-22.1611545929467
343.904702909035;-22.148559567807
343.926308813726;-22.204365393197
343.947914718417;-22.3209284143307
343.969520623108;-22.4916625548467
343.991126527799;-22.7048421508105
344.012732432489;-22.9459536599512
344.03433833718;-23.2063177791328
344.055944241871;-23.4824895056173
344.077550146562;-23.7664522621262
344.099156051253;-24.056074788382
344.120761955944;-24.3430435426123
344.142367860635;-24.626723924833
344.163973765326;-24.9107682340403
344.185579670017;-25.179803148564
344.207185574708;-25.4124437631937
344.228791479399;-25.5969818390414
344.250397384089;-25.7424861703799
344.27200328878;-25.8478113283027
344.293609193471;-25.899356413006
344.315215098162;-25.8787245464115
344.336821002853;-25.7869959208074
344.358426907544;-25.6391527915884
344.380032812235;-25.4318260284339
344.401638716926;-25.1490393079743
344.423244621617;-24.7827482063464
344.444850526308;-24.3690402193938
344.466456430998;-23.9448983177699
344.488062335689;-23.5167621879481
344.50966824038;-23.1002320369955
344.531274145071;-22.7076156116676
344.552880049762;-22.3418389438007
344.574485954453;-22.022902286105
344.596091859144;-21.7720664698806
344.617697763835;-21.5974475073436
344.639303668526;-21.5028058231495
344.660909573216;-21.4854710758294
344.682515477907;-21.5353214021915
344.704121382598;-21.6523344862376
344.725727287289;-21.8334292296109
344.74733319198;-22.0638215165129
344.768939096671;-22.3169891988646
344.790545001362;-22.5748364664629
344.812150906053;-22.8426648346887
344.833756810744;-23.1053721211861
344.855362715435;-23.331933679672
344.876968620125;-23.5251507656888
344.898574524816;-23.7000967200534
344.920180429507;-23.8640274782078
344.941786334198;-24.0046176288594
344.963392238889;-24.1116980263893
344.98499814358;-24.1907156870501
345.006604048271;-24.2501406611985
345.028209952962;-24.2972910205492
345.049815857653;-24.3326335386796
345.071421762344;-24.3553036148562
345.093027667034;-24.3772600539624
345.114633571725;-24.4041217829948
345.136239476416;-24.4362623974414
345.157845381107;-24.481490112883
345.179451285798;-24.5500946491793
345.201057190489;-24.6237297396948
345.22266309518;-24.6948477001585
345.244268999871;-24.7823581823734
345.265874904562;-24.9171441251451
345.287480809253;-25.1004892953473
345.309086713943;-25.3187474407532
345.330692618634;-25.573352512572
345.352298523325;-25.8613802026885
345.373904428016;-26.1702168350882
345.395510332707;-26.481287290681
345.417116237398;-26.7938327727347
345.438722142089;-27.1061085646639
345.46032804678;-27.4155129788259
345.481933951471;-27.7098837397329
345.503539856162;-27.9804912871285
345.525145760852;-28.2256160501218
345.546751665543;-28.4439179019918
345.568357570234;-28.6328549155358
345.589963474925;-28.7921352857121
345.611569379616;-28.9254290604179
345.633175284307;-29.0357132786374
345.654781188998;-29.1160758205866
345.676387093689;-29.1576228698057
345.69799299838;-29.1586264161227
345.719598903071;-29.1297851549376
345.741204807761;-29.0835997923062
345.762810712452;-29.0246786342975
345.784416617143;-28.9484932243754
345.806022521834;-28.8509843156829
345.827628426525;-28.7401981880287
345.849234331216;-28.6301660366781
345.870840235907;-28.5427553212519
345.892446140598;-28.4892852520868
345.914052045289;-28.4751085344878
345.935657949979;-28.5096368203395
345.95726385467;-28.5981991786506
345.978869759361;-28.728723967234
346.000475664052;-28.8891220696879
346.022081568743;-29.0806456880244
346.043687473434;-29.3026561359588
346.065293378125;-29.5382325353501
346.086899282816;-29.7632272363942
346.108505187507;-29.9608420080215
346.130111092198;-30.1295501004777
346.151716996888;-30.2704258018312
346.173322901579;-30.3850847885223
346.19492880627;-30.4774300900408
346.216534710961;-30.5481672403115
346.238140615652;-30.5960848706586
346.259746520343;-30.6264754041103
346.281352425034;-30.6447044448918
346.302958329725;-30.6514164470647
346.324564234416;-30.6425528736969
346.346170139107;-30.6197400633883
346.367776043797;-30.5967743125791
346.389381948488;-30.5868434863323
346.410987853179;-30.587856254034
346.43259375787;-30.5824368853614
346.454199662561;-30.5617098703946
346.475805567252;-30.5321128560325
346.497411471943;-30.5129361011388
346.519017376634;-30.4988172843687
346.540623281325;-30.475509493151
346.562229186016;-30.4358525715705
346.583835090706;-30.384023902368
346.605440995397;-30.3255377819739
346.627046900088;-30.2635366750977
346.648652804779;-30.2039466576501
346.67025870947;-30.1465933685821
346.691864614161;-30.0882917874472
346.713470518852;-30.0344105102608
346.735076423543;-29.9939637199903
346.756682328234;-29.9682269934113
346.778288232925;-29.9553268137944
346.799894137615;-29.9602996801447
346.821500042306;-29.9834155470124
346.843105946997;-30.0196415221944
346.864711851688;-30.0670053579237
346.886317756379;-30.1264629999897
346.90792366107;-30.1964996238678
346.929529565761;-30.2748641817434
346.951135470452;-30.3655426894696
346.972741375143;-30.4699672784745
346.994347279834;-30.5863688675825
347.015953184524;-30.71409940612
347.037559089215;-30.8515243627625
347.059164993906;-31.00099103535
347.080770898597;-31.1664090064435
347.102376803288;-31.3490384487188
347.123982707979;-31.543151128411
347.14558861267;-31.7309636377199
347.167194517361;-31.8990065287973
347.188800422052;-32.046290393938
347.210406326743;-32.179069504687
347.232012231433;-32.2977118779008
347.253618136124;-32.3967509218031
347.275224040815;-32.4670678490602
347.296829945506;-32.5061939748026
347.318435850197;-32.5122581681162
347.340041754888;-32.4749130678318
347.361647659579;-32.3834004617295
347.38325356427;-32.246960448582
347.404859468961;-32.0902951196474
347.426465373652;-31.9253945782279
347.448071278342;-31.7493597522009
347.469677183033;-31.5469076241238
347.491283087724;-31.3072695105642
347.512888992415;-31.0381915372427
347.534494897106;-30.7484652613069
347.556100801797;-30.4362208499485
347.577706706488;-30.1074309582637
347.599312611179;-29.7751445424959
347.62091851587;-29.4440243159868
347.642524420561;-29.1201497736962
347.664130325251;-28.8112544774765
347.685736229942;-28.5176249686352
347.707342134633;-28.2326355204542
347.728948039324;-27.9478632636195
347.750553944015;-27.6683334578476
347.772159848706;-27.406718913402
347.793765753397;-27.1696547295605
347.815371658088;-26.9505961954795
347.836977562779;-26.7403891301065
347.858583467469;-26.5483652022419
347.88018937216;-26.3928856963002
347.901795276851;-26.2690784802843
347.923401181542;-26.1524510772259
347.945007086233;-26.032700236415
347.966612990924;-25.9198349838811
347.988218895615;-25.8102452746065
348.009824800306;-25.6940138255346
348.031430704997;-25.5653768132649
348.053036609688;-25.4293971997404
348.074642514378;-25.2906538780605
348.096248419069;-25.126833984969
348.11785432376;-24.9247131077148
348.139460228451;-24.6705865900618
348.161066133142;-24.3846719186358
348.182672037833;-24.1057728077609
348.204277942524;-23.841487889942
348.225883847215;-23.6034614041682
348.247489751906;-23.3973557016789
348.269095656597;-23.2211494128996
348.290701561287;-23.0754386064877
348.312307465978;-22.9713567357305
348.333913370669;-22.9167708286511
348.35551927536;-22.9102020463823
348.377125180051;-22.9488058174581
348.398731084742;-23.0302436657926
348.420336989433;-23.1403857970149
348.441942894124;-23.2629324006926
348.463548798815;-23.3914159920857
348.485154703506;-23.5235941946261
348.506760608196;-23.6525073818585
348.528366512887;-23.7573476278272
348.549972417578;-23.8256222670221
348.571578322269;-23.8716629623956
348.59318422696;-23.8911603229389
348.614790131651;-23.884294126118
348.636396036342;-23.8550186392681
348.658001941033;-23.8133130769825
348.679607845724;-23.7697979618823
348.701213750415;-23.7325183872409
348.722819655105;-23.7144202671696
348.744425559796;-23.7169573036971
348.766031464487;-23.7323863239029
348.787637369178;-23.7586142489029
348.809243273869;-23.8014106736419
348.83084917856;-23.8630984841728
348.852455083251;-23.928878207014
348.874060987942;-23.986800217108
348.895666892633;-24.0377514620057
348.917272797324;-24.0765987020215
348.938878702014;-24.100237065236
348.960484606705;-24.1055370612396
348.982090511396;-24.0855539639188
349.003696416087;-24.0497081539425
349.025302320778;-24.009975728375
349.046908225469;-23.9738026007615
349.06851413016;-23.9444176570818
349.090120034851;-23.9210524364967
349.111725939542;-23.9033751422585
349.133331844233;-23.8992034875544
349.154937748923;-23.9209452864692
349.176543653614;-23.9661791329843
349.198149558305;-24.0324266442155
349.219755462996;-24.1251850978222
349.241361367687;-24.2478772920756
349.262967272378;-24.3948612436603
349.284573177069;-24.5527431653263
349.30617908176;-24.7124274330429
349.327784986451;-24.8651823494554
349.349390891142;-25.0025414488294
349.370996795832;-25.1141695555062
349.392602700523;-25.2012773482445
349.414208605214;-25.2635139934234
349.435814509905;-25.2941658395631
349.457420414596;-25.2930702978754
349.479026319287;-25.2679312691316
349.500632223978;-25.2299812753724
349.522238128669;-25.1906941174276
349.54384403336;-25.1561890040663
349.565449938051;-25.1313911892446
349.587055842741;-25.1198917303369
349.608661747432;-25.1238329213493
349.630267652123;-25.156319729167
349.651873556814;-25.2260640682461
349.673479461505;-25.3314537809589
349.695085366196;-25.4614866900735
349.716691270887;-25.6050506172069
349.738297175578;-25.7609206492386
349.759903080269;-25.9306822019651
349.781508984959;-26.1086352931923
349.80311488965;-26.2788272500917
349.824720794341;-26.4372794881605
349.846326699032;-26.5836065900334
349.867932603723;-26.7105204682951
349.889538508414;-26.8143351117399
349.911144413105;-26.9015568076256
349.932750317796;-26.9712662127137
349.954356222487;-27.023461696808
349.975962127178;-27.0585096980822
349.997568031868;-27.0791739551372
350.019173936559;-27.0917589742977
350.04077984125;-27.0978621093906
350.062385745941;-27.1075348035994
350.083991650632;-27.1410979389411
350.105597555323;-27.2080447542664
350.127203460014;-27.306190663457
350.148809364705;-27.4408702196557
350.170415269396;-27.6187128204691
350.192021174087;-27.8427893282745
350.213627078777;-28.1128648285072
350.235232983468;-28.425212486776
350.256838888159;-28.7572030565994
350.27844479285;-29.0714935389539
350.300050697541;-29.3599599080705
350.321656602232;-29.6235811230434
350.343262506923;-29.8505827160528
350.364868411614;-30.0163843033186
350.386474316305;-30.1059107947384
350.408080220996;-30.1247126088799
350.429686125686;-30.0752089234917
350.451292030377;-29.9525241472978
350.472897935068;-29.7739854578025
350.494503839759;-29.5669130010838
350.51610974445;-29.3394211522018
350.537715649141;-29.0900556513708
350.559321553832;-28.8234894383642
350.580927458523;-28.5550896540215
350.602533363214;-28.3043007904136
350.624139267905;-28.060509132781
350.645745172595;-27.8134298761024
350.667351077286;-27.5634666747226
350.688956981977;-27.3082905330379
350.710562886668;-27.0480361327114
350.732168791359;-26.7849486293851
350.75377469605;-26.5233247147916
350.775380600741;-26.2725698697983
350.796986505432;-26.0498045038049
350.818592410123;-25.8737014493541
350.840198314814;-25.747640733196
350.861804219504;-25.6665441647655
350.883410124195;-25.6351632944819
350.905016028886;-25.6639167763175
350.926621933577;-25.7603435342969
350.948227838268;-25.9254205912809
350.969833742959;-26.1519488552594
350.99143964765;-26.4189983566705
351.013045552341;-26.705265399711
351.034651457032;-27.0083318486959
351.056257361722;-27.3342509622954
351.077863266413;-27.6647706947281
351.099469171104;-27.9696718849026
351.121075075795;-28.2380508223817
351.142680980486;-28.4651828229171
351.164286885177;-28.6439737135262
351.185892789868;-28.7701229929678
351.207498694559;-28.8436985924127
351.22910459925;-28.8648356909327
351.250710503941;-28.8287632331857
351.272316408631;-28.7368962525435
351.293922313322;-28.6046355800589
351.315528218013;-28.4497573947099
351.337134122704;-28.2750131032403
351.358740027395;-28.0825762631764
351.380345932086;-27.891497514618
351.401951836777;-27.7266690091299
351.423557741468;-27.5973953765221
351.445163646159;-27.5008586031231
351.46676955085;-27.4351347618433
351.48837545554;-27.3973328571611
351.509981360231;-27.3844523748251
351.531587264922;-27.3933019112701
351.553193169613;-27.419999793566
351.574799074304;-27.4566821997536
351.596404978995;-27.4812714708358
351.618010883686;-27.4756582194572
351.639616788377;-27.4358298359106
351.661222693068;-27.3564841095291
351.682828597759;-27.2297566418742
351.704434502449;-27.0566333806209
351.72604040714;-26.8473145652975
351.747646311831;-26.6093243430944
351.769252216522;-26.3353833496188
351.790858121213;-26.0179127551451
351.812464025904;-25.6874715887319
351.834069930595;-25.3621067218695
351.855675835286;-25.0397045064985
351.877281739977;-24.7275686915949
351.898887644668;-24.4364999151193
351.920493549358;-24.1718125926903
351.942099454049;-23.9340317169498
351.96370535874;-23.7120157435999
351.985311263431;-23.4972556315552
352.006917168122;-23.2994831099463
352.028523072813;-23.1211264807065
352.050128977504;-22.9474743172293
352.071734882195;-22.7655998565422
352.093340786886;-22.5644833180195
352.114946691577;-22.3332846854337
352.136552596267;-22.0661592648764
352.158158500958;-21.762227620618
352.179764405649;-21.4205736113034
352.20137031034;-21.0400118549374
352.222976215031;-20.6228741450144
352.244582119722;-20.1835765514147
352.266188024413;-19.7439406971822
352.287793929104;-19.3153673125871
352.309399833795;-18.8926088956163
352.331005738486;-18.4817225145297
352.352611643176;-18.1040001234174
352.374217547867;-17.7808264196034
352.395823452558;-17.5285350925442
352.417429357249;-17.3460155129278
352.43903526194;-17.2264637039298
352.460641166631;-17.1663055371317
352.482247071322;-17.173531173871
352.503852976013;-17.2562923871021
352.525458880704;-17.3976913713897
352.547064785395;-17.5742964514171
352.568670690085;-17.7833685459861
352.590276594776;-18.0349430565252
352.611882499467;-18.3244321208852
352.633488404158;-18.6136641081454
352.655094308849;-18.8855548845668
352.67670021354;-19.147864540355
352.698306118231;-19.4051675364497
352.719912022922;-19.645183495246
352.741517927613;-19.8550982009105
352.763123832304;-20.0144293846716
352.784729736994;-20.1087787356836
352.806335641685;-20.1344542635342
352.827941546376;-20.0891013294056
352.849547451067;-19.9755509345593
352.871153355758;-19.7988976688548
352.892759260449;-19.5577963254659
352.91436516514;-19.2600147658698
352.935971069831;-18.9209000662403
352.957576974522;-18.555745649249
352.979182879212;-18.180819173726
353.000788783903;-17.8027490695435
353.022394688594;-17.4220236738826
353.044000593285;-17.0454525186481
353.065606497976;-16.6845421972328
353.087212402667;-16.3539614957131
353.108818307358;-16.0541981601194
353.130424212049;-15.7825372262647
353.15203011674;-15.5333185116126
353.173636021431;-15.3092760881937
353.195241926121;-15.1131933733759
353.216847830812;-14.9418791339445
353.238453735503;-14.7935050017992
353.260059640194;-14.6702310916992
353.281665544885;-14.5742830622
353.303271449576;-14.5115234941255
353.324877354267;-14.4941182177113
353.346483258958;-14.5221962954935
353.368089163649;-14.5943771218336
353.38969506834;-14.713937825903
353.41130097303;-14.8824660044459
353.432906877721;-15.1008042559219
353.454512782412;-15.3747194401298
353.476118687103;-15.7093814607385
353.497724591794;-16.0948542087168
353.519330496485;-16.517075571674
353.540936401176;-16.9732525340041
353.562542305867;-17.453743946633
353.584148210558;-17.9432331870137
353.605754115249;-18.4304850460426
353.627360019939;-18.888101305905
353.64896592463;-19.3257358339575
353.670571829321;-19.735848449419
353.692177734012;-20.1201373795964
353.713783638703;-20.4814776419689
353.735389543394;-20.8134862151483
353.756995448085;-21.1027535890649
353.778601352776;-21.348047166386
353.800207257467;-21.5558345617812
353.821813162158;-21.7293758860665
353.843419066848;-21.8737393865542
353.865024971539;-22.0009882234319
353.88663087623;-22.1164211438643
353.908236780921;-22.209731316512
353.929842685612;-22.2766144671488
353.951448590303;-22.3275471144116
353.973054494994;-22.3735967530247
353.994660399685;-22.4178325473309
354.016266304376;-22.4564350231704
354.037872209067;-22.4891140171737
354.059478113757;-22.5207286106163
354.081084018448;-22.5557074411567
354.102689923139;-22.5931010139599
354.12429582783;-22.634058114079
354.145901732521;-22.6857448720781
354.167507637212;-22.7560365605684
354.189113541903;-22.8511094601421
354.210719446594;-22.9798835385052
354.232325351285;-23.1398746309352
354.253931255976;-23.3300961665129
354.275537160666;-23.5619993935739
354.297143065357;-23.8409455228791
354.318748970048;-24.1435438005365
354.340354874739;-24.4557567128142
354.36196077943;-24.7850163002941
354.383566684121;-25.1380409573208
354.405172588812;-25.4983956714714
354.426778493503;-25.8378934713482
354.448384398194;-26.1501993642256
354.469990302885;-26.4380858165089
354.491596207575;-26.6928204164557
354.513202112266;-26.9008180478023
354.534808016957;-27.0528103697897
354.556413921648;-27.1558249361011
354.578019826339;-27.2152931570557
354.59962573103;-27.2373339405345
354.621231635721;-27.2278013884169
354.642837540412;-27.191584122187
354.664443445103;-27.1340946309773
354.686049349794;-27.0666825389658
354.707655254484;-27.0067103112107
354.729261159175;-26.9570378354196
354.750867063866;-26.9162028052481
354.772472968557;-26.8860991064655
354.794078873248;-26.8676950601849
354.815684777939;-26.8543197565724
354.83729068263;-26.8388901220674
354.858896587321;-26.8154546601775
354.880502492012;-26.7778869640087
354.902108396702;-26.7175893857989
354.923714301393;-26.6245502228308
354.945320206084;-26.4878387384804
354.966926110775;-26.3157667385679
354.988532015466;-26.1063355524427
355.010137920157;-25.8549792137333
355.031743824848;-25.5648349077031
355.053349729539;-25.2453973234309
355.07495563423;-24.8984977231066
355.096561538921;-24.5366634722714
355.118167443611;-24.1873810096672
355.139773348302;-23.8700836474741
355.161379252993;-23.5818430461041
355.182985157684;-23.3204031640646
355.204591062375;-23.1009429474508
355.226196967066;-22.9373351085197
355.247802871757;-22.8262032690812
355.269408776448;-22.7558112820606
355.291014681139;-22.7160552495
355.31262058583;-22.7033087475469
355.33422649052;-22.7215375956658
355.355832395211;-22.7695527006089
355.377438299902;-22.8324056895066
355.399044204593;-22.8962753163135
355.420650109284;-22.9624119904129
355.442256013975;-23.0336669666123
355.463861918666;-23.1081792512569
355.485467823357;-23.1785458376889
355.507073728048;-23.2420602798927
355.528679632739;-23.3050375479109
355.550285537429;-23.3732945997635
355.57189144212;-23.4469921945047
355.593497346811;-23.5227921905506
355.615103251502;-23.5968415161415
355.636709156193;-23.6663520853543
355.658315060884;-23.7279871522996
355.679920965575;-23.7780660728659
355.701526870266;-23.8082394035363
355.723132774957;-23.8098885922316
355.744738679648;-23.7770106813323
355.766344584338;-23.7086717069048
355.787950489029;-23.6080438501626
355.80955639372;-23.4870836912419
355.831162298411;-23.3544897900076
355.852768203102;-23.2101680096332
355.874374107793;-23.060046702504
355.895980012484;-22.9129870128256
355.917585917175;-22.7760264909813
355.939191821866;-22.6573355604935
355.960797726557;-22.5696959828779
355.982403631247;-22.5142260422315
356.004009535938;-22.4802077792761
356.025615440629;-22.45566388231
356.04722134532;-22.433380486482
356.068827250011;-22.4094022951972
356.090433154702;-22.3755775522036
356.112039059393;-22.3214085350882
356.133644964084;-22.2472253382872
356.155250868775;-22.1521634112191
356.176856773465;-22.0358607082374
356.198462678156;-21.9049087599696
356.220068582847;-21.7593455807182
356.241674487538;-21.5955841119547
356.263280392229;-21.4273422300085
356.28488629692;-21.2706226305473
356.306492201611;-21.131075391343
356.328098106302;-21.0079926600133
356.349704010993;-20.8987320740964
356.371309915684;-20.7960937708702
356.392915820374;-20.6967546326306
356.414521725065;-20.6047290779255
356.436127629756;-20.5245890046395
356.457733534447;-20.4514286786787
356.479339439138;-20.3749858147054
356.500945343829;-20.2917857792974
356.52255124852;-20.2082847995048
356.544157153211;-20.1339768527183
356.565763057902;-20.0740675924562
356.587368962593;-20.0228332928837
356.608974867284;-19.9796832209131
356.630580771974;-19.9565933055946
356.652186676665;-19.9670873642542
356.673792581356;-20.0109895849845
356.695398486047;-20.0828830400515
356.717004390738;-20.181918062874
356.738610295429;-20.3073486180323
356.76021620012;-20.4515395285189
356.781822104811;-20.5973613112679
356.803428009502;-20.7316312106237
356.825033914192;-20.8526055401237
356.846639818883;-20.9649707956599
356.868245723574;-21.0628121050721
356.889851628265;-21.1271978762646
356.911457532956;-21.1473819210066
356.933063437647;-21.1338535690422
356.954669342338;-21.0995232006745
356.976275247029;-21.048815138397
356.99788115172;-20.9830915589122
357.019487056411;-20.9041050503272
357.041092961101;-20.8164267209317
357.062698865792;-20.7321697762954
357.084304770483;-20.6639090464343
357.105910675174;-20.6085423193013
357.127516579865;-20.5649101293508
357.149122484556;-20.5443219779821
357.170728389247;-20.5550204404887
357.192334293938;-20.5955403643739
357.213940198629;-20.6662479817681
357.23554610332;-20.7625819134228
357.25715200801;-20.8741600137695
357.278757912701;-20.9948357848178
357.300363817392;-21.1258195021389
357.321969722083;-21.2674008069811
357.343575626774;-21.4173834864574
357.365181531465;-21.5747990017032
357.386787436156;-21.7354653524849
357.408393340847;-21.896144366043
357.429999245538;-22.0564606296561
357.451605150229;-22.2084579622695
357.473211054919;-22.348640001249
357.49481695961;-22.4682973959211
357.516422864301;-22.5599841187537
357.538028768992;-22.6260862304135
357.559634673683;-22.6679710659698
357.581240578374;-22.6832354530899
357.602846483065;-22.6728141060994
357.624452387756;-22.6370236011743
357.646058292447;-22.5767696218597
357.667664197138;-22.4992285356151
357.689270101828;-22.414886100478
357.710876006519;-22.3276385545752
357.73248191121;-22.2439703926111
357.754087815901;-22.1717265190699
357.775693720592;-22.1122977698945
357.797299625283;-22.0642467545115
357.818905529974;-22.0270496523991
357.840511434665;-22.0002637015131
357.862117339356;-21.978469739225
357.883723244047;-21.9541370579338
357.905329148737;-21.9213149952468
357.926935053428;-21.8696486900324
357.948540958119;-21.7842636032893
357.97014686281;-21.6668064612156
357.991752767501;-21.5254863149737
358.013358672192;-21.3700035687463
358.034964576883;-21.2024016807154
358.056570481574;-21.0253610285035
358.078176386265;-20.8595650728922
358.099782290955;-20.7244476066444
358.121388195646;-20.6272191170534
358.142994100337;-20.5746009395889
358.164600005028;-20.5671498889206
358.186205909719;-20.5971870626963
358.20781181441;-20.6546985783421
358.229417719101;-20.7251857409803
358.251023623792;-20.8035619279892
358.272629528483;-20.8886392892008
358.294235433174;-20.9669917653238
358.315841337864;-21.0277412729309
358.337447242555;-21.0735506133125
358.359053147246;-21.1065772221298
358.380659051937;-21.1153438694953
358.402264956628;-21.0968519862597
358.423870861319;-21.0531361575644
358.44547676601;-20.9824826412217
358.467082670701;-20.8687079536592
358.488688575392;-20.7370009702255
358.510294480083;-20.615436382698
358.531900384774;-20.5058663286192
358.553506289464;-20.4071238412222
358.575112194155;-20.3193402008833
358.596718098846;-20.2400752555982
358.618324003537;-20.1702573341144
358.639929908228;-20.1168321241175
358.661535812919;-20.0679767268859
358.68314171761;-20.0067722589541
358.704747622301;-19.9245073723675
358.726353526992;-19.824933847656
358.747959431682;-19.7168637438935
358.769565336373;-19.5992912779306
358.791171241064;-19.4679650186672
358.812777145755;-19.3242341802329
358.834383050446;-19.1905250171162
358.855988955137;-19.0925699795263
358.877594859828;-19.033562851645
358.899200764519;-19.0020665887936
358.92080666921;-18.9889945668943
358.942412573901;-19.0194064923093
358.964018478591;-19.1101180708598
358.985624383282;-19.2526800545386
359.007230287973;-19.414297995603
359.028836192664;-19.5790035579795
359.050442097355;-19.7444144573137
359.072048002046;-19.898124690177
359.093653906737;-20.0351313482266
359.115259811428;-20.1564951241447
359.136865716119;-20.2459768473394
359.15847162081;-20.2969016862501
359.1800775255;-20.318095092905
359.201683430191;-20.3144668099802
359.223289334882;-20.2956431173438
359.244895239573;-20.2660726408679
359.266501144264;-20.2281199730953
359.288107048955;-20.1755342137923
359.309712953646;-20.1032829337797
359.331318858337;-20.019456781668
359.352924763028;-19.9431214981531
359.374530667719;-19.8898924909704
359.396136572409;-19.8718228030794
359.4177424771;-19.897547567931
359.439348381791;-19.9642699803417
359.460954286482;-20.0725037373377
359.482560191173;-20.2211757818338
359.504166095864;-20.4045405913881
359.525772000555;-20.6309403248115
359.547377905246;-20.9021894103457
359.568983809937;-21.2290306991524
359.590589714628;-21.6073708620053
359.612195619318;-22.0178533370233
359.633801524009;-22.4366489178935
359.6554074287;-22.8550540224993
359.677013333391;-23.2750768219308
359.698619238082;-23.6987229997228
359.720225142773;-24.1247087649965
359.741831047464;-24.5415636396435
359.763436952155;-24.9450511224295
359.785042856846;-25.327167594464
359.806648761537;-25.6651121850502
359.828254666227;-25.9486750133799
359.849860570918;-26.1740849564251
359.871466475609;-26.3360857468652
359.8930723803;-26.4332845194978
359.914678284991;-26.4638011362878
359.936284189682;-26.4319776945593
359.957890094373;-26.3494075596568
359.979495999064;-26.2176761003838
360.001101903755;-26.0422011053589
360.022707808445;-25.834789415423
360.044313713136;-25.6013642028904
360.065919617827;-25.3396592029203
360.087525522518;-25.0546393246481
360.109131427209;-24.7674528664212
360.1307373319;-24.4913416603193
360.152343236591;-24.2283131856166
360.173949141282;-23.9781416795441
360.195555045973;-23.7395921971011
360.217160950664;-23.5153329002821
360.238766855354;-23.3068942957457
360.260372760045;-23.1161968452395
360.281978664736;-22.9518954958024
360.303584569427;-22.8167150775898
360.325190474118;-22.7076082597648
360.346796378809;-22.6189997359837
360.3684022835;-22.5451081919306
360.390008188191;-22.4811710376522
360.411614092882;-22.4283850503459
360.433219997573;-22.389155720303
360.454825902263;-22.3619001573853
360.476431806954;-22.3385509475662
360.498037711645;-22.3094165369449
360.519643616336;-22.2691052123388
360.541249521027;-22.2186723087041
360.562855425718;-22.1637267679354
360.584461330409;-22.1066142722364
360.6060672351;-22.0468228686772
360.627673139791;-21.9874989997188
360.649279044482;-21.9383482632961
360.670884949172;-21.9165634365979
360.692490853863;-21.9265655663277
360.714096758554;-21.9737545219075
360.735702663245;-22.0682230405855
360.757308567936;-22.21391318507
360.778914472627;-22.4041934200172
360.800520377318;-22.6301432801687
360.822126282009;-22.8956044652961
360.8437321867;-23.192333813142
360.865338091391;-23.5139956743274
360.886943996081;-23.8534516324137
360.908549900772;-24.1883174663091
360.930155805463;-24.4982017361926
360.951761710154;-24.7754366530644
360.973367614845;-25.0200835779562
360.994973519536;-25.2296312470827
361.016579424227;-25.384523295212
361.038185328918;-25.4627040695299
361.059791233609;-25.4654160932188
361.0813971383;-25.4011220075237
361.10300304299;-25.2661399578609
361.124608947681;-25.0588790109364
361.146214852372;-24.8000224459312
361.167820757063;-24.506189023078
361.189426661754;-24.1822451793967
361.211032566445;-23.8414826421325
361.232638471136;-23.4964350534342
361.254244375827;-23.1658658126261
361.275850280518;-22.8706295762147
361.297456185208;-22.6183705539063
361.319062089899;-22.4017955256198
361.34066799459;-22.2150667052853
361.362273899281;-22.0677575590843
361.383879803972;-21.9721503690873
361.405485708663;-21.9279915113516
361.427091613354;-21.927692110842
361.448697518045;-21.9587857103598
361.470303422736;-22.0064859740886
361.491909327427;-22.0643366887491
361.513515232118;-22.1338994260128
361.535121136808;-22.207456968666
361.556727041499;-22.2694521761043
361.57833294619;-22.3119959164647
361.599938850881;-22.3312718653798
361.621544755572;-22.3310107877936
361.643150660263;-22.3152473911643
361.664756564954;-22.2857620807233
361.686362469645;-22.243376753967
361.707968374336;-22.1876589806386
361.729574279027;-22.1152620105401
361.751180183717;-22.0356849059754
361.772786088408;-21.9630696886717
361.794391993099;-21.9037214908566
361.81599789779;-21.8551565130211
361.837603802481;-21.8172254634281
361.859209707172;-21.7950882004198
361.880815611863;-21.7905376753344
361.902421516554;-21.8043952506727
361.924027421245;-21.8408420163823
361.945633325935;-21.8964942714853
361.967239230626;-21.9692453848845
361.988845135317;-22.0648892627382
362.010451040008;-22.1894761288863
362.032056944699;-22.3375789297362
362.05366284939;-22.4922091441263
362.075268754081;-22.6373589923067
362.096874658772;-22.7657978443917
362.118480563463;-22.8681919195509
362.140086468154;-22.9411368505797
362.161692372844;-22.9905273822144
362.183298277535;-23.0307203469504
362.204904182226;-23.0597792533211
362.226510086917;-23.056885012767
362.248115991608;-23.0224465826099
362.269721896299;-22.975772805263
362.29132780099;-22.9425600140616
362.312933705681;-22.9310651782562
362.334539610372;-22.9359122980231
362.356145515063;-22.9427429921792
362.377751419753;-22.9522544312217
362.399357324444;-22.9792380190565
362.420963229135;-23.0202511095354
362.442569133826;-23.068056389215
362.464175038517;-23.1253673667888
362.485780943208;-23.1973961267036
362.507386847899;-23.2812502812607
362.52899275259;-23.3692574050727
362.550598657281;-23.4593118711947
362.572204561972;-23.5574545056908
362.593810466662;-23.6657521074041
362.615416371353;-23.7795222149851
362.637022276044;-23.8981953646749
362.658628180735;-24.0333586479811
362.680234085426;-24.1928005523298
362.701839990117;-24.3621329793201
362.723445894808;-24.5285217540251
362.745051799499;-24.6906973088152
362.76665770419;-24.854180077354
362.788263608881;-25.0230930208439
362.809869513571;-25.1906460271027
362.831475418262;-25.3527172398094
362.853081322953;-25.5039003430024
362.874687227644;-25.6387997143708
362.896293132335;-25.7513473940746
362.917899037026;-25.8432039004326
362.939504941717;-25.9139930753826
362.961110846408;-25.9622431658191
362.982716751099;-25.9835077298107
