Name;BF_ESR_01_Natural_Z_gon_180dg_result

Recipe
Accumulations;5;Number of accumulations
RetryCount;0;Number of retries on error
AbortOnError;True;Abort on error
EnableQFactorMeasurement;False;Enable/Disable q-Factor measurement
Bfrom;313;B from
Bto;363;B to
SweepTime;60;Sweep time
Modulation;0.2;Modulation
ModulationFreq;100;Modulation
BHoldEnabled;False;B hold enabled
BHold;0;B hold
MicrowavePower;2;Microwave power
MarkerEnabled;False;
MarkerStartField;0;
MarkerEndField;0;
Mode;;
KineticGFact;0;
KineticTotalTransientTime;0;
KineticTimeResolution;0;
TempFrom;5;
TempUseSlope;False;
TempTo;5;
TempdT;1;
TempSetupTime;0;
GonFrom;0;
GonTo;180;
GonSteps;20;
XRayEnabled;False;
XRayTime;3;
XRayVoltage;40;
XRayCurrent;0.5;
UVEnabled;False;
UVIntensity;0;
UVTime;0;
UVLeadTime;0;
UVWavelength;0;
PowSweepFrom;1;
PowSweepTo;5;
PowSweepSteps;5;
AmpModSweepFrom;0;
AmpModSweepTo;1;
AmpModSweepSteps;10;
ExtTriggerEnabled;False;
ExtTrigLeadTime;0;
ExtTrigOnTime;5;

Meas
BField [mT];MW_Absorption []
313.028890838623;49.4545570518135
313.050509120127;49.3870109246573
313.072127401632;49.3755908911388
313.093745683136;49.4155733955504
313.11536396464;49.4961947233242
313.136982246145;49.6014113558811
313.158600527649;49.7138130772917
313.180218809153;49.8254084391848
313.201837090658;49.9282135889108
313.223455372162;50.0229491525525
313.245073653666;50.1214554909177
313.266691935171;50.2283301832999
313.288310216675;50.3303302535959
313.309928498179;50.427357233945
313.331546779684;50.5320578586404
313.353165061188;50.65405852464
313.374783342692;50.7968039390127
313.396401624197;50.9576424542898
313.418019905701;51.1316661970007
313.439638187205;51.3172622059588
313.46125646871;51.5210176933258
313.482874750214;51.7434257077512
313.504493031718;51.9809066626867
313.526111313223;52.2211101006821
313.547729594727;52.4438774138535
313.569347876231;52.6360878835907
313.590966157736;52.8025840520616
313.61258443924;52.9548393930185
313.634202720744;53.0750473808006
313.655821002249;53.1448303955228
313.677439283753;53.168023355787
313.699057565257;53.1567656092588
313.720675846762;53.1249148816021
313.742294128266;53.0783274894392
313.76391240977;53.0209755164925
313.785530691275;52.9666400245367
313.807148972779;52.9101303864408
313.828767254283;52.8453786800622
313.850385535788;52.7817459258323
313.872003817292;52.733542938493
313.893622098796;52.6991360063971
313.915240380301;52.6728518890915
313.936858661805;52.6499261320471
313.958476943309;52.6274937037895
313.980095224814;52.6032247214473
314.001713506318;52.5696165035863
314.023331787822;52.5230084783936
314.044950069327;52.4657899622547
314.066568350831;52.3982252170497
314.088186632335;52.3239636432517
314.10980491384;52.2456097911948
314.131423195344;52.1558791925675
314.153041476849;52.0568625191246
314.174659758353;51.9476017175923
314.196278039857;51.8302602496846
314.217896321361;51.7137653798108
314.239514602866;51.5954517994128
314.26113288437;51.4712874883986
314.282751165875;51.3439489570642
314.304369447379;51.2246811455694
314.325987728883;51.1238844155873
314.347606010387;51.0385440001697
314.369224291892;50.962847785654
314.390842573396;50.8940364258031
314.412460854901;50.829091941175
314.434079136405;50.7664066039475
314.455697417909;50.7014216470797
314.477315699414;50.6332908305902
314.498933980918;50.5743494054808
314.520552262422;50.5267078154662
314.542170543927;50.4766632293675
314.563788825431;50.4134581101133
314.585407106935;50.3511024718784
314.60702538844;50.2987878654694
314.628643669944;50.2601017570066
314.650261951448;50.2403443748573
314.671880232953;50.2425672871513
314.693498514457;50.2622954372754
314.715116795961;50.297820062792
314.736735077466;50.351249039765
314.75835335897;50.4152631020011
314.779971640474;50.4844821424556
314.801589921979;50.5445397754576
314.823208203483;50.5807588916183
314.844826484987;50.5863606345272
314.866444766492;50.5498597665711
314.888063047996;50.4709506976106
314.9096813295;50.351501966911
314.931299611005;50.1958898082716
314.952917892509;50.0242009872158
314.974536174013;49.854601468675
314.996154455518;49.6917875575772
315.017772737022;49.5407203820205
315.039391018526;49.4069321076278
315.061009300031;49.2974424529636
315.082627581535;49.223965995282
315.104245863039;49.1912321174237
315.125864144544;49.1880209314414
315.147482426048;49.204971343845
315.169100707552;49.2443219663984
315.190718989057;49.3081449628619
315.212337270561;49.3973499038266
315.233955552065;49.5043244575726
315.25557383357;49.6143620788052
315.277192115074;49.7222741723277
315.298810396578;49.8362895566372
315.320428678083;49.9663034871439
315.342046959587;50.1168813088348
315.363665241091;50.287873823844
315.385283522596;50.4713961631622
315.4069018041;50.6609151822936
315.428520085604;50.8719398889577
315.450138367109;51.1111174690872
315.471756648613;51.366571685624
315.493374930117;51.6360414558944
315.514993211622;51.9216226975253
315.536611493126;52.2108638986046
315.55822977463;52.4812391855341
315.579848056135;52.7247567139099
315.601466337639;52.9319815467045
315.623084619143;53.0886846773278
315.644702900648;53.1895397129884
315.666321182152;53.2442530429814
315.687939463656;53.2605517421887
315.709557745161;53.2314391590569
315.731176026665;53.1582598155512
315.752794308169;53.0531011139051
315.774412589674;52.9203792259898
315.796030871178;52.758267285093
315.817649152682;52.5622112583971
315.839267434187;52.32683193878
315.860885715691;52.0485368760699
315.882503997195;51.7327063176417
315.9041222787;51.3924394243447
315.925740560204;51.0256355494485
315.947358841708;50.6290946127694
315.968977123213;50.232375126383
315.990595404717;49.8542096395386
316.012213686221;49.49039696879
316.033831967726;49.1382319335318
316.05545024923;48.8036356145484
316.077068530734;48.4958188593314
316.098686812239;48.2215893412155
316.120305093743;47.9741978067764
316.141923375247;47.7412540966003
316.163541656752;47.5185762812306
316.185159938256;47.3095602753185
316.20677821976;47.1117309212297
316.228396501265;46.9178157984636
316.250014782769;46.7227875252831
316.271633064273;46.5284904813918
316.293251345778;46.3475190056848
316.314869627282;46.1857056754027
316.336487908786;46.0382591402735
316.358106190291;45.8997601952351
316.379724471795;45.769477322129
316.401342753299;45.6505329888946
316.422961034804;45.5508846876985
316.444579316308;45.4710348383449
316.466197597812;45.4042889754643
316.487815879317;45.3434772898868
316.509434160821;45.2899195465938
316.531052442325;45.2513533271331
316.55267072383;45.2307756355402
316.574289005334;45.2254254249638
316.595907286838;45.235819574145
316.617525568343;45.267094902638
316.639143849847;45.3188981609735
316.660762131351;45.384229460101
316.682380412856;45.4541548889698
316.70399869436;45.5262714013521
316.725616975864;45.5957881367056
316.747235257369;45.6432941434375
316.768853538873;45.6507574792656
316.790471820377;45.6043679951792
316.812090101882;45.5077491441408
316.833708383386;45.3573514254005
316.85532666489;45.1400625765779
316.876944946395;44.8586726994517
316.898563227899;44.5428959193763
316.920181509403;44.219745214139
316.941799790908;43.8964510425649
316.963418072412;43.5672929016679
316.985036353916;43.2469344134546
317.006654635421;42.9704297827682
317.028272916925;42.7732242472746
317.049891198429;42.6610223183396
317.071509479934;42.6178805957068
317.093127761438;42.642143949811
317.114746042942;42.7305240297096
317.136364324447;42.8456698607014
317.157982605951;42.9816462976523
317.179600887455;43.1447941363815
317.20121916896;43.3219861511154
317.222837450464;43.4845030129196
317.244455731968;43.6177051753267
317.266074013473;43.7301876552249
317.287692294977;43.8371398904722
317.309310576481;43.9471180093124
317.330928857986;44.0629283956703
317.35254713949;44.1856639002089
317.374165420994;44.3159845248928
317.395783702499;44.4363267808985
317.417401984003;44.5388948999772
317.439020265507;44.6343564865825
317.460638547012;44.7293412343718
317.482256828516;44.8247465258635
317.50387511002;44.9199740612785
317.525493391525;45.0241213745185
317.547111673029;45.1390223217975
317.568729954533;45.2589828492085
317.590348236038;45.3907407014455
317.611966517542;45.5476638579599
317.633584799046;45.7327960386261
317.655203080551;45.9294975323364
317.676821362055;46.1176058540178
317.698439643559;46.2904853116254
317.720057925064;46.4480214428618
317.741676206568;46.5886122646799
317.763294488072;46.7071869089746
317.784912769577;46.7946559748832
317.806531051081;46.8428639247626
317.828149332585;46.8494068804484
317.84976761409;46.8100717066017
317.871385895594;46.7333301096033
317.893004177098;46.6342192769098
317.914622458603;46.5196906931252
317.936240740107;46.390920106411
317.957859021611;46.249835050397
317.979477303116;46.1004731225473
318.00109558462;45.9485731769299
318.022713866124;45.7999686299234
318.044332147629;45.6515512404777
318.065950429133;45.4940770533973
318.087568710637;45.3254793459815
318.109186992142;45.1460640291269
318.130805273646;44.9498951467688
318.152423555151;44.7359462710847
318.174041836655;44.5092988538641
318.195660118159;44.2696950018028
318.217278399663;44.016942595631
318.238896681168;43.7617484224601
318.260514962672;43.5181557742903
318.282133244177;43.2855949063937
318.303751525681;43.0674989454795
318.325369807185;42.8708760772404
318.34698808869;42.697987221094
318.368606370194;42.5457672196385
318.390224651698;42.4116858733101
318.411842933203;42.2975140588217
318.433461214707;42.2047998996816
318.455079496211;42.126368147198
318.476697777716;42.0617919313817
318.49831605922;42.0252737901336
318.519934340724;42.0253675449122
318.541552622229;42.0567416804235
318.563170903733;42.1118913104496
318.584789185237;42.1917377972747
318.606407466742;42.3006246120648
318.628025748246;42.4423854689642
318.64964402975;42.6172953995062
318.671262311255;42.8217014137036
318.692880592759;43.0564503028492
318.714498874263;43.3125220217828
318.736117155768;43.564876862144
318.757735437272;43.8061044888062
318.779353718776;44.0441816495375
318.800972000281;44.2833116038138
318.822590281785;44.5172960227462
318.844208563289;44.7440095832459
318.865826844794;44.9655965377939
318.887445126298;45.1753864947754
318.909063407802;45.3634759078408
318.930681689307;45.5262461477557
318.952299970811;45.6665454443872
318.973918252315;45.7892060138738
318.99553653382;45.8963168246493
319.017154815324;45.9810907616192
319.038773096828;46.0456329142102
319.060391378333;46.1040084207296
319.082009659837;46.1727640389294
319.103627941341;46.2602816873281
319.125246222846;46.3652012647924
319.14686450435;46.4945621673285
319.168482785854;46.6612845301077
319.190101067359;46.8602589088229
319.211719348863;47.0759508101053
319.233337630367;47.3122587942319
319.254955911872;47.575598440984
319.276574193376;47.8649699006524
319.29819247488;48.1681517991251
319.319810756385;48.4574675784426
319.341429037889;48.7080419072823
319.363047319393;48.917874573525
319.384665600898;49.0938939101908
319.406283882402;49.2253454884333
319.427902163906;49.2953003979885
319.449520445411;49.2985365786868
319.471138726915;49.2346681185132
319.492757008419;49.0884200604621
319.514375289924;48.848559028979
319.535993571428;48.5163897434161
319.557611852932;48.1057453546651
319.579230134437;47.6699223592379
319.600848415941;47.2122066705918
319.622466697445;46.7117326294714
319.64408497895;46.1947128710135
319.665703260454;45.6979012166123
319.687321541958;45.2116599629816
319.708939823463;44.7198920134475
319.730558104967;44.2456471518296
319.752176386471;43.8269604533478
319.773794667976;43.4499777538233
319.79541294948;43.1086830609293
319.817031230984;42.8157785482473
319.838649512489;42.5801494670851
319.860267793993;42.3976340204165
319.881886075497;42.2559360356393
319.903504357002;42.1501592241666
319.925122638506;42.0917504297012
319.94674092001;42.0756786821141
319.968359201515;42.0896403792892
319.989977483019;42.1318728987422
320.011595764523;42.1977751706823
320.033214046028;42.2797373213278
320.054832327532;42.3691518282578
320.076450609036;42.4674423367778
320.098068890541;42.5761425116243
320.119687172045;42.6990685204858
320.141305453549;42.8350778852803
320.162923735054;42.9738233808718
320.184542016558;43.1088630024391
320.206160298062;43.2334341970362
320.227778579567;43.3499164112129
320.249396861071;43.4624898892857
320.271015142575;43.5679923615186
320.29263342408;43.6591541662928
320.314251705584;43.7332690590094
320.335869987088;43.7956599250141
320.357488268593;43.8523634834023
320.379106550097;43.9066377014266
320.400724831601;43.9592117292903
320.422343113106;44.012018537966
320.44396139461;44.0704964340367
320.465579676114;44.1410335342868
320.487197957619;44.2308872364675
320.508816239123;44.3509905361961
320.530434520627;44.4999437556318
320.552052802132;44.6698689016619
320.573671083636;44.8576389821126
320.59528936514;45.0604952803039
320.616907646645;45.2773784663894
320.638525928149;45.5092600433274
320.660144209653;45.7510054933584
320.681762491158;45.9863330469637
320.703380772662;46.1990387871058
320.724999054166;46.3812878192318
320.746617335671;46.5293398639749
320.768235617175;46.6359251966624
320.789853898679;46.6947933659637
320.811472180184;46.7004913641814
320.833090461688;46.6534204283781
320.854708743192;46.5578025555064
320.876327024697;46.414947118751
320.897945306201;46.2216188911056
320.919563587705;45.9719255048996
320.94118186921;45.6719706267934
320.962800150714;45.3331571911406
320.984418432218;44.9627075969191
321.006036713723;44.5657407963079
321.027654995227;44.1485619741734
321.049273276731;43.7175763564179
321.070891558236;43.2782437696097
321.09250983974;42.8346640363967
321.114128121244;42.3892270039065
321.135746402749;41.9385783017344
321.157364684253;41.4805041550863
321.178982965757;41.014356352339
321.200601247262;40.5464350347024
321.222219528766;40.1072577072031
321.24383781027;39.7210201687098
321.265456091775;39.380302219478
321.287074373279;39.0699553219169
321.308692654783;38.7876626417575
321.330310936288;38.5463866032397
321.351929217792;38.3542936739526
321.373547499296;38.2046577950418
321.395165780801;38.0909826111521
321.416784062305;38.0053802953238
321.438402343809;37.940980008526
321.460020625314;37.8940765366829
321.481638906818;37.856734815748
321.503257188322;37.816066718888
321.524875469827;37.7627320172444
321.546493751331;37.6941403427445
321.568112032835;37.613242834256
321.58973031434;37.5266096745879
321.611348595844;37.4377576174571
321.632966877348;37.3431761889834
321.654585158853;37.2443701682934
321.676203440357;37.1474832434378
321.697821721861;37.0577538568908
321.719440003366;36.9792916454384
321.74105828487;36.914368407704
321.762676566374;36.8663257286478
321.784294847879;36.8382272589208
321.805913129383;36.8297367040844
321.827531410887;36.8435362433819
321.849149692392;36.8751600613493
321.870767973896;36.9184593494184
321.8923862554;36.9779788094442
321.914004536905;37.0552424370201
321.935622818409;37.1380143349629
321.957241099913;37.2152100385422
321.978859381418;37.2899455220948
322.000477662922;37.3739390455091
322.022095944427;37.477305258414
322.043714225931;37.5989017205073
322.065332507435;37.7356461700621
322.086950788939;37.8884834725425
322.108569070444;38.0548701925896
322.130187351948;38.2379356159196
322.151805633453;38.4497394748333
322.173423914957;38.6897569732583
322.195042196461;38.9490396451876
322.216660477965;39.206815602712
322.23827875947;39.4390345665213
322.259897040974;39.6355749614456
322.281515322479;39.7930176737624
322.303133603983;39.9117309317906
322.324751885487;39.9915784406499
322.346370166992;40.030654395291
322.367988448496;40.023653694797
322.38960673;39.9709133051278
322.411225011505;39.8712872016801
322.432843293009;39.7190774934105
322.454461574513;39.5360691025019
322.476079856018;39.3406668412602
322.497698137522;39.1250441469604
322.519316419026;38.8755412787366
322.540934700531;38.6000423195152
322.562552982035;38.31525332306
322.584171263539;38.0234242201745
322.605789545044;37.7221152625104
322.627407826548;37.414579976352
322.649026108052;37.1074355650057
322.670644389557;36.8050497294079
322.692262671061;36.5115053021675
322.713880952565;36.2351777990429
322.73549923407;35.9788388065189
322.757117515574;35.7396023222824
322.778735797078;35.5123633166685
322.800354078583;35.2955662734761
322.821972360087;35.0983173540785
322.843590641591;34.9194157030039
322.865208923096;34.7391294509131
322.8868272046;34.5474526384339
322.908445486104;34.3375145506912
322.930063767609;34.1096009087485
322.951682049113;33.8657640076422
322.973300330617;33.6126589154956
322.994918612122;33.3717102203256
323.016536893626;33.1432140483541
323.03815517513;32.9140249698778
323.059773456635;32.6804038332799
323.081391738139;32.4582884070061
323.103010019643;32.2576771782407
323.124628301148;32.0753216772209
323.146246582652;31.9123363036572
323.167864864156;31.7690611576589
323.189483145661;31.6501021556711
323.211101427165;31.5571341980437
323.232719708669;31.4842588698815
323.254337990174;31.4201963453621
323.275956271678;31.3639304923192
323.297574553182;31.3352747715298
323.319192834687;31.3396887470541
323.340811116191;31.3673754970879
323.362429397695;31.4227568168559
323.3840476792;31.5084697780095
323.405665960704;31.6194462591034
323.427284242208;31.750461783401
323.448902523713;31.9028268121499
323.470520805217;32.0779566504928
323.492139086721;32.2748483570041
323.513757368226;32.4900925874885
323.53537564973;32.7315167197581
323.556993931234;32.9985824878051
323.578612212739;33.2755828561686
323.600230494243;33.5489343747858
323.621848775747;33.8206531724569
323.643467057252;34.0913747789481
323.665085338756;34.346891872829
323.68670362026;34.5671667815011
323.708321901765;34.7436895925081
323.729940183269;34.8787485242883
323.751558464773;34.9742671171594
323.773176746278;35.0096066626114
323.794795027782;34.9846865307087
323.816413309286;34.9051417261436
323.838031590791;34.7701118422553
323.859649872295;34.5923030836984
323.881268153799;34.3795354596729
323.902886435304;34.1277851944983
323.924504716808;33.8589677744375
323.946122998312;33.615566899854
323.967741279817;33.4059612049994
323.989359561321;33.2238383172453
324.010977842825;33.0652736568816
324.03259612433;32.936413876038
324.054214405834;32.8580700131037
324.075832687338;32.8352132165963
324.097450968843;32.8594440722723
324.119069250347;32.9220405787614
324.140687531851;33.0233365354879
324.162305813356;33.1543032878865
324.18392409486;33.303423348197
324.205542376364;33.4626521174342
324.227160657869;33.6270221475439
324.248778939373;33.7867803788002
324.270397220877;33.9275470255937
324.292015502382;34.0408273406063
324.313633783886;34.1249770671293
324.33525206539;34.1738826929042
324.356870346895;34.1796360313461
324.378488628399;34.1407353562438
324.400106909903;34.058076873644
324.421725191408;33.9334930270216
324.443343472912;33.7751333945117
324.464961754416;33.5922943596901
324.486580035921;33.3891143245401
324.508198317425;33.1764350087657
324.529816598929;32.9702455610323
324.551434880434;32.7783525445607
324.573053161938;32.5922978255896
324.594671443442;32.407192903094
324.616289724947;32.2258290712742
324.637908006451;32.0519630531567
324.659526287955;31.8841299604171
324.68114456946;31.7124438006142
324.702762850964;31.5235004144052
324.724381132468;31.3067386580471
324.745999413973;31.0562488456963
324.767617695477;30.7610380336754
324.789235976981;30.4173117403938
324.810854258486;30.0186855629648
324.83247253999;29.5864052526802
324.854090821494;29.1484320951346
324.875709102999;28.7166450655878
324.897327384503;28.2938325982017
324.918945666007;27.901235310286
324.940563947512;27.5617283698291
324.962182229016;27.2776028756873
324.98380051052;27.0565898736937
325.005418792025;26.9073351585377
325.027037073529;26.8269688543271
325.048655355033;26.8182186884616
325.070273636538;26.8810224870807
325.091891918042;26.9995023524756
325.113510199546;27.1683059028339
325.135128481051;27.3800864238502
325.156746762555;27.6381238023547
325.178365044059;27.9474042160107
325.199983325564;28.278737418834
325.221601607068;28.6042452966477
325.243219888572;28.9121077885441
325.264838170077;29.2125695164025
325.286456451581;29.4997267034922
325.308074733085;29.752258838776
325.32969301459;29.9545936992927
325.351311296094;30.1051497678966
325.372929577598;30.2094719118504
325.394547859103;30.2713845413081
325.416166140607;30.2826521556091
325.437784422111;30.2388342753962
325.459402703616;30.1325695196773
325.48102098512;29.9744103757064
325.502639266624;29.7755786089761
325.524257548129;29.5478756514695
325.545875829633;29.3075851775278
325.567494111137;29.0664384475174
325.589112392642;28.8272526772517
325.610730674146;28.5882940690989
325.63234895565;28.3529411760153
325.653967237155;28.1302730913213
325.675585518659;27.9163279372797
325.697203800163;27.7060807327847
325.718822081668;27.5035519597651
325.740440363172;27.3079501879764
325.762058644676;27.1116703164687
325.783676926181;26.90928451908
325.805295207685;26.6924343464094
325.826913489189;26.4496622274924
325.848531770694;26.1719553646826
325.870150052198;25.8617751311652
325.891768333702;25.5275287445691
325.913386615207;25.1657151507799
325.935004896711;24.766760500545
325.956623178215;24.330736902337
325.97824145972;23.869614715367
325.999859741224;23.3946050023738
326.021478022729;22.9074030003259
326.043096304233;22.4057285728015
326.064714585737;21.8959422918343
326.086332867241;21.38962916831
326.107951148746;20.8991809553432
326.12956943025;20.4404678509625
326.151187711755;20.0204530072991
326.172805993259;19.6326723173566
326.194424274763;19.270191991135
326.216042556268;18.936089493629
326.237660837772;18.6388723927385
326.259279119276;18.3848154224878
326.280897400781;18.1707750715873
326.302515682285;17.992369635003
326.324133963789;17.8528702232997
326.345752245294;17.7518315598079
326.367370526798;17.6828808991871
326.388988808302;17.6446764376273
326.410607089807;17.6415907923329
326.432225371311;17.6734148659263
326.453843652815;17.7267879985654
326.47546193432;17.7877587087168
326.497080215824;17.8508630188918
326.518698497328;17.9126323166336
326.540316778833;17.9688956566446
326.561935060337;18.0117964340849
326.583553341841;18.0322279554145
326.605171623346;18.0165334336926
326.62678990485;17.9551742014573
326.648408186354;17.8464260694399
326.670026467859;17.685320931872
326.691644749363;17.476757064959
326.713263030867;17.2131816298542
326.734881312372;16.884363803383
326.756499593876;16.4975451714795
326.77811787538;16.0778898810593
326.799736156885;15.6307502001924
326.821354438389;15.1519701842881
326.842972719893;14.6503434246564
326.864591001398;14.1456293354474
326.886209282902;13.6517386693507
326.907827564406;13.1656025121711
326.929445845911;12.6788837050205
326.951064127415;12.198183013014
326.972682408919;11.7423138658714
326.994300690424;11.3222777450003
327.015918971928;10.9572602432453
327.037537253432;10.6473762571545
327.059155534937;10.3800804443475
327.080773816441;10.1427283186366
327.102392097945;9.93188175677648
327.12401037945;9.75754586028713
327.145628660954;9.62179646861296
327.167246942458;9.52047775019518
327.188865223963;9.44710343925968
327.210483505467;9.38881232841293
327.232101786971;9.34101498827039
327.253720068476;9.30671391649005
327.27533834998;9.28384407650497
327.296956631484;9.26848394871011
327.318574912989;9.25680903098111
327.340193194493;9.24385865254124
327.361811475997;9.23228066324204
327.383429757502;9.22489917408534
327.405048039006;9.21226875685967
327.42666632051;9.18979801778037
327.448284602015;9.15685305197631
327.469902883519;9.10673338401859
327.491521165023;9.03793623565761
327.513139446528;8.95749829472357
327.534757728032;8.87515079443425
327.556376009536;8.78994870538396
327.577994291041;8.69177677602826
327.599612572545;8.57976966793949
327.621230854049;8.45391458236735
327.642849135554;8.30531256563618
327.664467417058;8.13098194999498
327.686085698562;7.93745383749893
327.707703980067;7.72469405746418
327.729322261571;7.48821165443818
327.750940543075;7.2169754812064
327.77255882458;6.91843082881132
327.794177106084;6.59157199847448
327.815795387588;6.23548488826723
327.837413669093;5.86086021216412
327.859031950597;5.47704421257212
327.880650232101;5.09598997079502
327.902268513606;4.72276168327154
327.92388679511;4.36146053324458
327.945505076614;4.02124049705729
327.967123358119;3.70765802716983
327.988741639623;3.41257387529
328.010359921127;3.12939021424797
328.031978202632;2.84091450656863
328.053596484136;2.53694487648516
328.07521476564;2.22830354098463
328.096833047145;1.92816654783486
328.118451328649;1.64265103638287
328.140069610153;1.36872971502279
328.161687891658;1.1018865293649
328.183306173162;0.835067210746551
328.204924454666;0.56838370541341
328.226542736171;0.316726016570946
328.248161017675;0.0969355521370758
328.269779299179;-0.0909141427761853
328.291397580684;-0.255487945773638
328.313015862188;-0.401845243192156
328.334634143692;-0.524055823652503
328.356252425197;-0.625293691917882
328.377870706701;-0.699714083505185
328.399488988205;-0.743330775602125
328.42110726971;-0.768242341832483
328.442725551214;-0.790099484497745
328.464343832718;-0.813543569878306
328.485962114223;-0.841223170757125
328.507580395727;-0.873114180091221
328.529198677231;-0.909907461051695
328.550816958736;-0.943718043130211
328.57243524024;-0.971822349917865
328.594053521744;-0.991658648728709
328.615671803249;-0.994751873141077
328.637290084753;-0.967801583259046
328.658908366257;-0.893818287501922
328.680526647762;-0.766609152668622
328.702144929266;-0.593083476365948
328.72376321077;-0.379821652571117
328.745381492275;-0.118196096646031
328.766999773779;0.206692140223936
328.788618055283;0.598199923328608
328.810236336788;1.04539894301179
328.831854618292;1.52356822940855
328.853472899796;1.99272024424841
328.875091181301;2.42723026797013
328.896709462805;2.82947244953935
328.918327744309;3.20040848675086
328.939946025814;3.52840992311688
328.961564307318;3.7980602149599
328.983182588822;3.99696824965088
329.004800870327;4.1099249040703
329.026419151831;4.13343090409754
329.048037433335;4.08088740575681
329.06965571484;3.97506449440171
329.091273996344;3.82822685909987
329.112892277848;3.63991757940511
329.134510559353;3.42382664446887
329.156128840857;3.20014518419296
329.177747122361;2.97755935499023
329.199365403866;2.75179817616761
329.22098368537;2.51723085368129
329.242601966874;2.27274032082813
329.264220248379;2.02054964485654
329.285838529883;1.75907929386631
329.307456811387;1.48490184170592
329.329075092892;1.19543543782608
329.350693374396;0.887850256589076
329.3723116559;0.560878270735934
329.393929937405;0.220503791302804
329.415548218909;-0.114247469194446
329.437166500413;-0.427240062215709
329.458784781918;-0.696166420329881
329.480403063422;-0.902231924936878
329.502021344926;-1.03743374189263
329.523639626431;-1.09918430952415
329.545257907935;-1.08190060182319
329.566876189439;-0.981600482356896
329.588494470944;-0.800225785482411
329.610112752448;-0.542446210616575
329.631731033952;-0.223293242659949
329.653349315457;0.110287945041009
329.674967596961;0.424720107678155
329.696585878466;0.704349284856981
329.71820415997;0.936268928006285
329.739822441474;1.10975097333809
329.761440722978;1.21523756004485
329.783059004483;1.24710464659491
329.804677285987;1.20076967565767
329.826295567491;1.07968015119868
329.847913848996;0.910230367747246
329.8695321305;0.716342062762379
329.891150412004;0.515933928781138
329.912768693509;0.334136628069423
329.934386975013;0.205625682387378
329.956005256517;0.155713750761294
329.977623538022;0.194281554496094
329.999241819526;0.319639456398825
330.020860101031;0.513381134886345
330.042478382535;0.76275832977781
330.064096664039;1.06633470109763
330.085714945543;1.4208016018035
330.107333227048;1.81791913850813
330.128951508552;2.21461788354979
330.150569790057;2.57272549039979
330.172188071561;2.88402883390908
330.193806353065;3.14298887119394
330.21542463457;3.33764806205687
330.237042916074;3.46079457766977
330.258661197578;3.50279014752037
330.280279479083;3.46390543234549
330.301897760587;3.35815101242233
330.323516042091;3.20454987850214
330.345134323596;3.02327629878695
330.3667526051;2.82386846163493
330.388370886604;2.61675677955891
330.409989168109;2.41442529165165
330.431607449613;2.22902078817454
330.453225731117;2.06966417773474
330.474844012622;1.94583196492061
330.496462294126;1.85865667456836
330.51808057563;1.81641709662382
330.539698857135;1.82962405742185
330.561317138639;1.90176611528117
330.582935420143;2.02381723655423
330.604553701648;2.18997299379035
330.626171983152;2.40405183313071
330.647790264656;2.66146034058348
330.669408546161;2.94846482843844
330.691026827665;3.25392030848045
330.712645109169;3.56632393913944
330.734263390674;3.86132280497664
330.755881672178;4.12207747627361
330.777499953682;4.34605154410851
330.799118235187;4.53587376242547
330.820736516691;4.69410123150887
330.842354798195;4.82137342237182
330.8639730797;4.92814837920572
330.885591361204;5.02166202166648
330.907209642708;5.10191933854048
330.928827924213;5.176356136932
330.950446205717;5.25522235986048
330.972064487221;5.34296964699429
330.993682768726;5.4343508910212
331.01530105023;5.51838133949853
331.036919331734;5.58185978417799
331.058537613239;5.60108589529628
331.080155894743;5.54032020211098
331.101774176247;5.37375701112555
331.123392457752;5.10504013109822
331.145010739256;4.74751234665618
331.16662902076;4.30964103146398
331.188247302265;3.79700270534716
331.209865583769;3.19745156858504
331.231483865273;2.53806308141575
331.253102146778;1.88530265040558
331.274720428282;1.29803580244914
331.296338709786;0.807314100644618
331.317956991291;0.424363422775699
331.339575272795;0.161446638996232
331.361193554299;0.0352447642632256
331.382811835804;0.0367012782375227
331.404430117308;0.124230704372799
331.426048398812;0.243665715621823
331.447666680317;0.349718166543532
331.469284961821;0.399761944465347
331.490903243325;0.335916431708853
331.51252152483;0.101846990044969
331.534139806334;-0.341411317480819
331.555758087838;-0.995385474852711
331.577376369343;-1.85166770153758
331.598994650847;-2.86924455446509
331.620612932351;-4.00215536723474
331.642231213856;-5.18939063541389
331.66384949536;-6.32076484495062
331.685467776864;-7.27827211144612
331.707086058369;-7.97748569582388
331.728704339873;-8.37131588883677
331.750322621377;-8.40844361243038
331.771940902882;-8.10633472145651
331.793559184386;-7.45553898239854
331.81517746589;-6.45638828277666
331.836795747395;-5.13828218648795
331.858414028899;-3.54557572407399
331.880032310403;-1.71575108747992
331.901650591908;0.315724203958034
331.923268873412;2.45818416054935
331.944887154916;4.54963499911671
331.966505436421;6.46792697083989
331.988123717925;8.18069596695788
332.009741999429;9.68760062743954
332.031360280934;10.9187684256336
332.052978562438;11.8068230710961
332.074596843942;12.3532075614082
332.096215125447;12.5641166913773
332.117833406951;12.4586076936368
332.139451688455;12.0571255106036
332.16106996996;11.4033362747867
332.182688251464;10.6023553519907
332.204306532968;9.75380598367836
332.225924814473;8.93784386991407
332.247543095977;8.21718408364821
332.269161377481;7.64937953286204
332.290779658986;7.28043841185011
332.31239794049;7.18088051496979
332.334016221994;7.37758586357447
332.355634503499;7.87624223368079
332.377252785003;8.65663212600644
332.398871066507;9.70398356837675
332.420489348012;11.0010977649562
332.442107629516;12.5463815507118
332.46372591102;14.3399199337934
332.485344192525;16.3343500218351
332.506962474029;18.442371663925
332.528580755533;20.6708321415871
332.550199037038;23.1038288160695
332.571817318542;25.6998544310302
332.593435600046;28.3011556559648
332.615053881551;30.8555444699612
332.636672163055;33.3953569044805
332.658290444559;35.8816188851602
332.679908726064;38.1715779420763
332.701527007568;40.2110697744925
332.723145289072;42.0071317168115
332.744763570577;43.5804108738532
332.766381852081;44.8994196713316
332.788000133585;45.9264432540897
332.80961841509;46.6625668624119
332.831236696594;47.1237940797208
332.852854978098;47.3392974401178
332.874473259603;47.3407192031613
332.896091541107;47.1981871382295
332.917709822611;46.9787796706868
332.939328104116;46.7505937611112
332.96094638562;46.5761234767085
332.982564667124;46.5289701220808
333.004182948629;46.6483757802771
333.025801230133;46.9962960490788
333.047419511637;47.6711200352665
333.069037793142;48.6816295706188
333.090656074646;50.0157228449062
333.11227435615;51.5889938251093
333.133892637655;53.3574687622636
333.155510919159;55.2618885861056
333.177129200663;57.2061985883608
333.198747482168;59.0872900850884
333.220365763672;60.8062486531873
333.241984045176;62.2212787871105
333.263602326681;63.2694506349842
333.285220608185;63.8981583736947
333.306838889689;63.9641645054225
333.328457171194;63.317477874002
333.350075452698;61.944135339694
333.371693734202;59.8529292611968
333.393312015707;57.2186791621872
333.414930297211;54.1209467139853
333.436548578715;50.6252735891524
333.45816686022;46.7703226395304
333.479785141724;42.7358504898538
333.501403423228;38.6012581172084
333.523021704733;34.5566239353613
333.544639986237;30.7870160194473
333.566258267741;27.2539017021258
333.587876549246;23.9766062924898
333.60949483075;21.0593768497205
333.631113112254;18.5657518571352
333.652731393759;16.5613147015075
333.674349675263;15.0875297479683
333.695967956768;14.1216014003085
333.717586238272;13.6686687100109
333.739204519776;13.7586693260629
333.76082280128;14.3666951399059
333.782441082785;15.4873109818594
333.804059364289;17.2626365020986
333.825677645793;19.9084087730169
333.847295927298;23.39200725238
333.868914208802;27.5746488626742
333.890532490307;32.4403814842044
333.912150771811;38.001369975712
333.933769053315;44.3565091312144
333.955387334819;51.4349667103754
333.977005616324;59.1873658373965
333.998623897828;67.7000472545965
334.020242179333;76.9723928000035
334.041860460837;86.6851238016706
334.063478742341;96.3805559764386
334.085097023845;105.927638155736
334.10671530535;115.464174902407
334.128333586854;124.886996573319
334.149951868359;133.968875955959
334.171570149863;142.391227699883
334.193188431367;149.881770948368
334.214806712872;156.322950968171
334.236424994376;161.741560208018
334.25804327588;166.16725711094
334.279661557385;169.587178916498
334.301279838889;172.161627760743
334.322898120393;174.084765383242
334.344516401898;175.519938096495
334.366134683402;176.63306458101
334.387752964906;177.642351744781
334.409371246411;178.743046150614
334.430989527915;180.094157434799
334.452607809419;181.818849402655
334.474226090924;184.087210611706
334.495844372428;187.02490315565
334.517462653932;190.48004465171
334.539080935437;194.318007452671
334.560699216941;198.397949138113
334.582317498445;202.731873803161
334.60393577995;207.55994387264
334.625554061454;212.982039919411
334.647172342958;218.653827246677
334.668790624463;224.459290621321
334.690408905967;230.613762351185
334.712027187471;237.304780160235
334.733645468976;244.731801066783
334.75526375048;253.140619568963
334.776882031984;262.807810300285
334.798500313489;274.202186035891
334.820118594993;287.534627006557
334.841736876497;302.619727930714
334.863355158002;319.437811341559
334.884973439506;337.909688542484
334.90659172101;358.815736983921
334.928210002515;383.068141522533
334.949828284019;410.791309933939
334.971446565523;441.379824961155
334.993064847028;474.864503280641
335.014683128532;512.256007937616
335.036301410036;554.730035993677
335.057919691541;602.244954070679
335.079537973045;654.111593976802
335.101156254549;711.149947025817
335.122774536054;775.160755672686
335.144392817558;848.660256811438
335.166011099062;932.903014062395
335.187629380567;1024.51735427671
335.209247662071;1126.98656590445
335.230865943575;1243.75661834872
335.25248422508;1374.41264243862
335.274102506584;1521.80046923516
335.295720788088;1690.31300510039
335.317339069593;1883.29148550242
335.338957351097;2102.41909420587
335.360575632601;2348.78001894223
335.382193914106;2618.1227304647
335.40381219561;2894.94262821247
335.425430477114;3172.09467481868
335.447048758619;3455.16220454271
335.468667040123;3740.17486522535
335.490285321627;4007.7116762109
335.511903603132;4248.10666841864
335.533521884636;4454.84825484192
335.55514016614;4628.23097686674
335.576758447645;4752.5475361017
335.598376729149;4811.171759413
335.619995010653;4793.69622620517
335.641613292158;4698.21623518019
335.663231573662;4523.1745969554
335.684849855166;4268.97399234079
335.706468136671;3939.38005975821
335.728086418175;3550.75423936633
335.749704699679;3105.854214422
335.771322981184;2604.54023285849
335.792941262688;2063.4972039846
335.814559544192;1506.44713533491
335.836177825697;948.984442000874
335.857796107201;399.924555481173
335.879414388705;-124.955805234735
335.90103267021;-610.648226320536
335.922650951714;-1053.90733683687
335.944269233218;-1438.48687562133
335.965887514723;-1745.83973437511
335.987505796227;-1973.54492088839
336.009124077731;-2128.50765445482
336.030742359236;-2221.23812093143
336.05236064074;-2258.8729088654
336.073978922244;-2244.93998805858
336.095597203749;-2184.98089263123
336.117215485253;-2089.80588931162
336.138833766757;-1969.07751965265
336.160452048262;-1829.17913451663
336.182070329766;-1677.64628202912
336.20368861127;-1522.8293954378
336.225306892775;-1373.69888552043
336.246925174279;-1242.40247539655
336.268543455783;-1138.32100082452
336.290161737288;-1062.95894404925
336.311780018792;-1019.05521663993
336.333398300296;-1010.47862236006
336.355016581801;-1040.72971146024
336.376634863305;-1111.18065314527
336.398253144809;-1219.35219773651
336.419871426314;-1359.95791047484
336.441489707818;-1529.49779948569
336.463107989322;-1725.43431451662
336.484726270827;-1942.2567078952
336.506344552331;-2169.8840136562
336.527962833835;-2397.17915813621
336.54958111534;-2614.55540049167
336.571199396844;-2813.20106175049
336.592817678348;-2986.550457631
336.614435959853;-3129.83086467575
336.636054241357;-3238.54879233881
336.657672522861;-3307.51804165217
336.679290804366;-3332.77827493602
336.70090908587;-3314.54075351066
336.722527367374;-3255.5676065
336.744145648879;-3158.97101859694
336.765763930383;-3028.18649165906
336.787382211887;-2868.78169258853
336.809000493392;-2690.4858226989
336.830618774896;-2503.81042345957
336.8522370564;-2314.09141491611
336.873855337905;-2122.18851070121
336.895473619409;-1930.37387486932
336.917091900913;-1740.91176600294
336.938710182418;-1556.42691439476
336.960328463922;-1383.04965682612
336.981946745426;-1229.13940213612
337.003565026931;-1096.71533899806
337.025183308435;-980.55454586279
337.046801589939;-876.971192089066
337.068419871444;-786.695427561977
337.090038152948;-709.567422610778
337.111656434452;-642.768392626381
337.133274715957;-583.505063864429
337.154892997461;-530.616345371999
337.176511278965;-484.243495521187
337.19812956047;-443.826082686528
337.219747841974;-407.963385013447
337.241366123478;-375.702266807195
337.262984404983;-346.455907711957
337.284602686487;-319.322975040649
337.306220967991;-293.583823444276
337.327839249496;-269.005902798664
337.349457531;-245.794521867831
337.371075812504;-224.022549256899
337.392694094009;-203.613083467651
337.414312375513;-184.723992421805
337.435930657017;-167.868570074578
337.457548938522;-153.006199415554
337.479167220026;-139.626002391671
337.50078550153;-127.248246405044
337.522403783035;-115.756424502868
337.544022064539;-105.349679407016
337.565640346043;-96.1760784967452
337.587258627548;-88.4302490515349
337.608876909052;-82.4399156722806
337.630495190556;-78.2266886798412
337.652113472061;-75.5436471194819
337.673731753565;-74.2276138308933
337.69535003507;-74.295477366802
337.716968316574;-75.8078436436256
337.738586598078;-78.5795542288903
337.760204879582;-82.363997683337
337.781823161087;-87.0103877804801
337.803441442591;-92.4074336343613
337.825059724095;-98.2836319202774
337.8466780056;-104.105928365067
337.868296287104;-109.545796350415
337.889914568609;-114.60117581667
337.911532850113;-119.183035693345
337.933151131617;-123.01955290743
337.954769413121;-125.877939657432
337.976387694626;-127.732315999132
337.99800597613;-128.686843824607
338.019624257635;-128.839563176983
338.041242539139;-128.261369381112
338.062860820643;-127.047079351814
338.084479102148;-125.33029932944
338.106097383652;-123.160848363432
338.127715665156;-120.576407289469
338.149333946661;-117.80812554205
338.170952228165;-115.020134263073
338.192570509669;-112.189261586565
338.214188791174;-109.371341853367
338.235807072678;-106.733751517395
338.257425354182;-104.410689310539
338.279043635687;-102.385756112103
338.300661917191;-100.542942386099
338.322280198695;-98.7880457114323
338.3438984802;-97.0716875933471
338.365516761704;-95.3948852863416
338.387135043208;-93.7652615903115
338.408753324713;-92.160121851942
338.430371606217;-90.5304865492788
338.451989887721;-88.7977536757905
338.473608169226;-86.8692555430051
338.49522645073;-84.745942216194
338.516844732234;-82.4986588256115
338.538463013739;-80.2115344356736
338.560081295243;-77.8713463802671
338.581699576747;-75.4418045673078
338.603317858252;-72.8922209000273
338.624936139756;-70.2222985777235
338.64655442126;-67.5332877873766
338.668172702765;-64.866605197741
338.689790984269;-62.1542190355754
338.711409265773;-59.3746443863905
338.733027547278;-56.6127767934419
338.754645828782;-53.9635202974752
338.776264110286;-51.3854753336141
338.797882391791;-48.9393431282086
338.819500673295;-46.64534731084
338.841118954799;-44.4319477553934
338.862737236304;-42.2692609822764
338.884355517808;-40.1701950745796
338.905973799312;-38.1771417160998
338.927592080817;-36.3567282210907
338.949210362321;-34.7251272712128
338.970828643825;-33.2563808990173
338.99244692533;-31.9647549920177
339.014065206834;-30.8991646047564
339.035683488338;-30.1166273246566
339.057301769843;-29.6314738502535
339.078920051347;-29.4782560761927
339.100538332851;-29.78118929549
339.122156614356;-30.4620556708999
339.14377489586;-31.4688157661469
339.165393177364;-32.7305852090046
339.187011458869;-34.2132553085042
339.208629740373;-35.8845760058533
339.230248021877;-37.7515015998187
339.251866303382;-39.7206972837848
339.273484584886;-41.604093997127
339.29510286639;-43.1522533419202
339.316721147895;-44.2703536142277
339.338339429399;-44.9554917535718
339.359957710903;-45.1830737363747
339.381575992408;-44.9026254819686
339.403194273912;-44.1215426159094
339.424812555416;-42.9251060610607
339.446430836921;-41.3504680709916
339.468049118425;-39.4251406392575
339.489667399929;-37.2213126923159
339.511285681434;-34.8353232795834
339.532903962938;-32.4047391703645
339.554522244442;-30.1281089788834
339.576140525947;-28.1301186622492
339.597758807451;-26.4452103386094
339.619377088955;-25.1250198149726
339.64099537046;-24.2010180066953
339.662613651964;-23.6801095088578
339.684231933468;-23.5936046722443
339.705850214973;-24.0119246301431
339.727468496477;-24.9356200037564
339.749086777981;-26.210151167234
339.770705059486;-27.7642976884986
339.79232334099;-29.5228748953233
339.813941622494;-31.4848606266641
339.835559903999;-33.6542470333346
339.857178185503;-35.9502562046345
339.878796467007;-38.2198246560929
339.900414748512;-40.2995345912654
339.922033030016;-42.1574977862141
339.94365131152;-43.7234650705437
339.965269593025;-44.9799819134872
339.986887874529;-45.9268971901675
340.008506156033;-46.5659482752762
340.030124437538;-46.905911036461
340.051742719042;-46.945402470322
340.073361000546;-46.7095281877956
340.094979282051;-46.2384676953996
340.116597563555;-45.6202422312918
340.138215845059;-44.9344063838247
340.159834126564;-44.2204513838253
340.181452408068;-43.5137466171721
340.203070689572;-42.8605182921748
340.224688971077;-42.317652553454
340.246307252581;-41.8984540004526
340.267925534085;-41.5975058359258
340.28954381559;-41.4283651333883
340.311162097094;-41.4297240957759
340.332780378598;-41.5640930378185
340.354398660103;-41.8064145165553
340.376016941607;-42.136466747292
340.397635223111;-42.4970575186401
340.419253504616;-42.854207228297
340.44087178612;-43.1874017741246
340.462490067624;-43.4798460799316
340.484108349129;-43.6976849200169
340.505726630633;-43.802784554187
340.527344912137;-43.7912114655071
340.548963193642;-43.6742400868971
340.570581475146;-43.4457410932828
340.59219975665;-43.1025348295538
340.613818038155;-42.6436725271382
340.635436319659;-42.0956404115827
340.657054601163;-41.4729169809267
340.678672882668;-40.7888613627151
340.700291164172;-40.0520673305808
340.721909445676;-39.2641657161335
340.743527727181;-38.4407758282357
340.765146008685;-37.6235210037702
340.786764290189;-36.8340056785561
340.808382571694;-36.0524625385202
340.830000853198;-35.2738123916996
340.851619134702;-34.5063611370578
340.873237416207;-33.7621204492974
340.894855697711;-33.0391303893211
340.916473979215;-32.3365136242673
340.93809226072;-31.6530907499424
340.959710542224;-30.9850260091342
340.981328823728;-30.3487222802129
341.002947105233;-29.7701236995806
341.024565386737;-29.246925759094
341.046183668241;-28.7553748208897
341.067801949746;-28.3051417736558
341.08942023125;-27.9018975793352
341.111038512754;-27.5358202570801
341.132656794259;-27.2003882457548
341.154275075763;-26.8960420641976
341.175893357267;-26.621189637911
341.197511638772;-26.3699633078907
341.219129920276;-26.1409190951504
341.24074820178;-25.9284019985504
341.262366483285;-25.7284113414903
341.283984764789;-25.5360758835481
341.305603046293;-25.3485898519175
341.327221327798;-25.1621982352341
341.348839609302;-24.9708376305825
341.370457890806;-24.7797326238925
341.392076172311;-24.5995986231111
341.413694453815;-24.4353317582167
341.435312735319;-24.2860500016875
341.456931016824;-24.1484616134972
341.478549298328;-24.019957783377
341.500167579832;-23.9032907595681
341.521785861337;-23.8024437880448
341.543404142841;-23.7202308282141
341.565022424346;-23.6514329831447
341.58664070585;-23.587155712809
341.608258987354;-23.5207676967068
341.629877268858;-23.4640767978314
341.651495550363;-23.430098187964
341.673113831867;-23.4088553928602
341.694732113372;-23.4000572860149
341.716350394876;-23.3938199795502
341.73796867638;-23.3861014143749
341.759586957884;-23.3927279462168
341.781205239389;-23.4264656088239
341.802823520893;-23.4806476054261
341.824441802397;-23.566753155486
341.846060083902;-23.7020376900232
341.867678365406;-23.8878928321113
341.889296646911;-24.1225426228225
341.910914928415;-24.4133824396422
341.932533209919;-24.7734613212323
341.954151491423;-25.1977160343029
341.975769772928;-25.6720675382278
341.997388054432;-26.1775604023402
342.019006335937;-26.6821381368127
342.040624617441;-27.1562604760129
342.062242898945;-27.5768337855703
342.08386118045;-27.9315874571918
342.105479461954;-28.2216310407169
342.127097743458;-28.4418852517074
342.148716024963;-28.5782706721133
342.170334306467;-28.6218026692009
342.191952587971;-28.5728219793679
342.213570869476;-28.4381618499423
342.23518915098;-28.2305376710358
342.256807432484;-27.9678878615527
342.278425713989;-27.6713926411821
342.300043995493;-27.3608642190279
342.321662276997;-27.0506546925058
342.343280558502;-26.7503695942454
342.364898840006;-26.4707547229099
342.38651712151;-26.2264929908437
342.408135403015;-26.0254833521565
342.429753684519;-25.8640015834278
342.451371966023;-25.740372558442
342.472990247528;-25.6585252167164
342.494608529032;-25.6166349646072
342.516226810536;-25.6036920152088
342.537845092041;-25.6058706258067
342.559463373545;-25.6135601978347
342.581081655049;-25.6211386774239
342.602699936554;-25.6238575944761
342.624318218058;-25.6138970953749
342.645936499562;-25.5837975823176
342.667554781067;-25.5295251098037
342.689173062571;-25.4487373378063
342.710791344075;-25.3391731500651
342.73240962558;-25.194544872699
342.754027907084;-25.0033241403908
342.775646188588;-24.7733883959781
342.797264470093;-24.532461487833
342.818882751597;-24.2951912496496
342.840501033101;-24.0562046540244
342.862119314606;-23.8121455327295
342.88373759611;-23.5701233076277
342.905355877614;-23.3360662800811
342.926974159119;-23.1124116474618
342.948592440623;-22.898109476159
342.970210722127;-22.6862419399174
342.991829003632;-22.4681422949285
343.013447285136;-22.2348977592745
343.03506556664;-21.9909816001338
343.056683848145;-21.7503289595691
343.078302129649;-21.5227782031222
343.099920411153;-21.3086900253192
343.121538692658;-21.0992357047586
343.143156974162;-20.8890996325977
343.164775255666;-20.6909214313046
343.186393537171;-20.5279049197734
343.208011818675;-20.4092717704687
343.229630100179;-20.3305530630234
343.251248381684;-20.2881943499066
343.272866663188;-20.2825040704591
343.294484944692;-20.3142596505505
343.316103226197;-20.3755267815377
343.337721507701;-20.4502918951027
343.359339789205;-20.5287865726975
343.38095807071;-20.6105663858355
343.402576352214;-20.6931608747814
343.424194633718;-20.7672624885429
343.445812915223;-20.8246128464675
343.467431196727;-20.8589835562099
343.489049478231;-20.8587620026873
343.510667759736;-20.8189963074075
343.53228604124;-20.7455535910235
343.553904322744;-20.6480798431315
343.575522604249;-20.5379851867369
343.597140885753;-20.4234067451265
343.618759167257;-20.3156956879101
343.640377448762;-20.2333846233619
343.661995730266;-20.1894975565089
343.68361401177;-20.188136158726
343.705232293275;-20.2306888869432
343.726850574779;-20.318981561087
343.748468856283;-20.4528805761208
343.770087137788;-20.6329984538744
343.791705419292;-20.8498467529711
343.813323700796;-21.0917445149778
343.834941982301;-21.3352488234616
343.856560263805;-21.5541549218304
343.878178545309;-21.7382278718149
343.899796826814;-21.8841822880109
343.921415108318;-21.9826799282577
343.943033389822;-22.019056054947
343.964651671327;-21.9858313592565
343.986269952831;-21.8863233242408
344.007888234335;-21.7227221204518
344.02950651584;-21.5045475288677
344.051124797344;-21.2545864185436
344.072743078848;-20.9816402188323
344.094361360353;-20.6747460137552
344.115979641857;-20.3290934615429
344.137597923361;-19.9672924477583
344.159216204866;-19.6186893060823
344.18083448637;-19.2865035953502
344.202452767874;-18.9685476183031
344.224071049379;-18.6693232860403
344.245689330883;-18.3918529590482
344.267307612387;-18.1279275750335
344.288925893892;-17.8532943654636
344.310544175396;-17.5823833189123
344.3321624569;-17.3399629531476
344.353780738405;-17.1272277799369
344.375399019909;-16.9364964485122
344.397017301413;-16.7593179335133
344.418635582918;-16.5889910333164
344.440253864422;-16.4263594999552
344.461872145926;-16.2912732407365
344.483490427431;-16.2044509698633
344.505108708935;-16.1772989780567
344.526726990439;-16.2233621750083
344.548345271944;-16.3689514404226
344.569963553448;-16.6369168477919
344.591581834952;-17.0272534011379
344.613200116457;-17.5131230985175
344.634818397961;-18.0893960415449
344.656436679465;-18.7509814279239
344.67805496097;-19.4923109420935
344.699673242474;-20.3063750643281
344.721291523978;-21.1790187942963
344.742909805483;-22.0745291349241
344.764528086987;-22.9592979958954
344.786146368491;-23.8016366110676
344.807764649996;-24.5694213712934
344.8293829315;-25.2733010894399
344.851001213004;-25.9147228229746
344.872619494509;-26.4846113683629
344.894237776013;-26.9767689078765
344.915856057517;-27.3938353904174
344.937474339022;-27.7353801796967
344.959092620526;-28.0017540095918
344.98071090203;-28.1973203512005
345.002329183535;-28.3325927904385
345.023947465039;-28.4144095673088
345.045565746543;-28.4449614583012
345.067184028048;-28.428819924116
345.088802309552;-28.374524655442
345.110420591056;-28.2908088762576
345.132038872561;-28.1837493617267
345.153657154065;-28.0555195976835
345.175275435569;-27.9080773780473
345.196893717074;-27.7459886038112
345.218511998578;-27.5788834712654
345.240130280082;-27.4112696292833
345.261748561587;-27.2434146053897
345.283366843091;-27.0824476621518
345.304985124595;-26.9376948634175
345.3266034061;-26.8082345810823
345.348221687604;-26.6825001122386
345.369839969108;-26.5485361013154
345.391458250613;-26.4025088699987
345.413076532117;-26.2479568321791
345.434694813621;-26.0771418441365
345.456313095126;-25.8822485615468
345.47793137663;-25.6603150296444
345.499549658134;-25.4135693606642
345.521167939639;-25.1509010470202
345.542786221143;-24.8816337660203
345.564404502648;-24.6131302545683
345.586022784152;-24.3641304459777
345.607641065656;-24.1532913608219
345.62925934716;-23.9753841160464
345.650877628665;-23.839363195751
345.672495910169;-23.7546225547814
345.694114191674;-23.7288839519174
345.715732473178;-23.7594709434497
345.737350754682;-23.8285845173661
345.758969036187;-23.9238505764336
345.780587317691;-24.0353080021322
345.802205599195;-24.1426172619408
345.823823880699;-24.2268193770522
345.845442162204;-24.278616237161
345.867060443708;-24.285865564842
345.888678725213;-24.2381459086554
345.910297006717;-24.136239623263
345.931915288221;-23.9825296108898
345.953533569726;-23.7790066408622
345.97515185123;-23.532832891064
345.996770132734;-23.2607680127096
346.018388414239;-22.9761095750849
346.040006695743;-22.6840283230706
346.061624977247;-22.3931860907044
346.083243258752;-22.1204773721156
346.104861540256;-21.8848618042376
346.12647982176;-21.6946811018597
346.148098103265;-21.5431778501631
346.169716384769;-21.4257573318277
346.191334666273;-21.3509294338426
346.212952947778;-21.3289027934813
346.234571229282;-21.3547903340749
346.256189510786;-21.4173090674189
346.277807792291;-21.5091867042254
346.299426073795;-21.6270618462967
346.321044355299;-21.7679697064505
346.342662636804;-21.9175073567714
346.364280918308;-22.060429896835
346.385899199812;-22.1901766639748
346.407517481317;-22.3002477326897
346.429135762821;-22.3747831828835
346.450754044325;-22.3991855904482
346.47237232583;-22.3860961503866
346.493990607334;-22.3417546847239
346.515608888838;-22.2717141502378
346.537227170343;-22.1842980995479
346.558845451847;-22.0837899546434
346.580463733351;-21.9751105253283
346.602082014856;-21.8737622153322
346.62370029636;-21.7960034011957
346.645318577864;-21.7448587201722
346.666936859369;-21.718663856357
346.688555140873;-21.7287970405775
346.710173422377;-21.7946636133616
346.731791703882;-21.9117203215398
346.753409985386;-22.0658259148818
346.77502826689;-22.2451005567713
346.796646548395;-22.4508346028933
346.818264829899;-22.6918711974912
346.839883111403;-22.9653519810299
346.861501392908;-23.2509719680872
346.883119674412;-23.5318037036482
346.904737955916;-23.8033035114361
346.926356237421;-24.0657260535575
346.947974518925;-24.3082576061796
346.969592800429;-24.5115355125309
346.991211081934;-24.6690240293959
347.012829363438;-24.7868705138865
347.034447644942;-24.8749242804324
347.056065926447;-24.9340487669225
347.077684207951;-24.9547672931952
347.099302489455;-24.9299832692807
347.12092077096;-24.8554221844602
347.142539052464;-24.7297840012837
347.164157333968;-24.5582334506665
347.185775615473;-24.3425315895406
347.207393896977;-24.0780485153488
347.229012178481;-23.7621852779352
347.250630459986;-23.3970655022288
347.27224874149;-23.0014236576161
347.293867022994;-22.5964835761031
347.315485304499;-22.1814265772724
347.337103586003;-21.7466920026078
347.358721867507;-21.2976168656646
347.380340149012;-20.8609793509232
347.401958430516;-20.4629949232001
347.42357671202;-20.09764585359
347.445194993525;-19.7497067095525
347.466813275029;-19.413454441811
347.488431556533;-19.0853705921289
347.510049838038;-18.7631865366047
347.531668119542;-18.4515375873267
347.553286401046;-18.1427546192233
347.574904682551;-17.8265514188958
347.596522964055;-17.4976817554957
347.618141245559;-17.1769223966188
347.639759527064;-16.8840656732748
347.661377808568;-16.6158716691428
347.682996090072;-16.364604041389
347.704614371577;-16.1346837631593
347.726232653081;-15.9374338326639
347.747850934585;-15.7818196506587
347.76946921609;-15.672353992984
347.791087497594;-15.5989425352557
347.812705779098;-15.5534900578251
347.834324060603;-15.5364367284468
347.855942342107;-15.5523223775564
347.877560623611;-15.5985455307755
347.899178905116;-15.6662674875538
347.92079718662;-15.7490852001626
347.942415468124;-15.8424689739922
347.964033749629;-15.9372931447467
347.985652031133;-16.0287315972372
348.007270312637;-16.1162380612683
348.028888594142;-16.2003360620461
348.050506875646;-16.2788521655654
348.07212515715;-16.3437626951596
348.093743438655;-16.3859609902087
348.115361720159;-16.4029795369374
348.136980001663;-16.4030496469964
348.158598283168;-16.3966787746704
348.180216564672;-16.3830805164408
348.201834846176;-16.3552766464177
348.223453127681;-16.3144469493461
348.245071409185;-16.2649008086686
348.266689690689;-16.2096577894897
348.288307972194;-16.149132936945
348.309926253698;-16.0927415458699
348.331544535202;-16.0439473441894
348.353162816707;-15.9850647351805
348.374781098211;-15.8884272421844
348.396399379715;-15.7589336314319
348.41801766122;-15.6233962622943
348.439635942724;-15.4963990197118
348.461254224228;-15.3710113999367
348.482872505733;-15.2398705655885
348.504490787237;-15.098497693113
348.526109068741;-14.9562249823676
348.547727350246;-14.8252034206191
348.56934563175;-14.7145068577612
348.590963913254;-14.6255064463278
348.612582194759;-14.5722416205369
348.634200476263;-14.5722147275486
348.655818757767;-14.6391820709419
348.677437039272;-14.7671792249284
348.699055320776;-14.9523977205481
348.72067360228;-15.1995153097817
348.742291883785;-15.5017951158774
348.763910165289;-15.8428950604767
348.785528446793;-16.2194192489774
348.807146728298;-16.6240139689477
348.828765009802;-17.0307515750634
348.850383291306;-17.4106780250835
348.872001572811;-17.7563073446301
348.893619854315;-18.0736219810632
348.915238135819;-18.3745166922858
348.936856417324;-18.6564386091982
348.958474698828;-18.9042351356994
348.980092980332;-19.1093322875264
349.001711261837;-19.2789784325217
349.023329543341;-19.4189369831352
349.044947824845;-19.5381405843279
349.06656610635;-19.6349632464572
349.088184387854;-19.7070774481174
349.109802669358;-19.7560146228974
349.131420950863;-19.7843255379852
349.153039232367;-19.7946894909077
349.174657513871;-19.7882139396775
349.196275795376;-19.7569421307801
349.21789407688;-19.6850094068528
349.239512358384;-19.5717704425429
349.261130639889;-19.4352531311938
349.282748921393;-19.2839461728367
349.304367202897;-19.1143091537014
349.325985484402;-18.9238572748748
349.347603765906;-18.7205880592634
349.36922204741;-18.5067965885912
349.390840328915;-18.2811833258896
349.412458610419;-18.0576563777129
349.434076891924;-17.8621538647062
349.455695173428;-17.7058545971726
349.477313454932;-17.5840596383891
349.498931736436;-17.4901047741941
349.520550017941;-17.4251089082136
349.542168299445;-17.3997944919302
349.56378658095;-17.4208227561433
349.585404862454;-17.4890458295271
349.607023143958;-17.6044730848916
349.628641425462;-17.7641926282175
349.650259706967;-17.9717141499492
349.671877988471;-18.2080155715985
349.693496269976;-18.4544874597647
349.71511455148;-18.7054358039526
349.736732832984;-18.9585961655687
349.758351114489;-19.2054521363977
349.779969395993;-19.4289306804904
349.801587677497;-19.6031774011478
349.823205959001;-19.7275867293745
349.844824240506;-19.7900704050595
349.86644252201;-19.7956845609827
349.888060803515;-19.7385226969313
349.909679085019;-19.6095199673905
349.931297366523;-19.4222821401193
349.952915648028;-19.2010809920684
349.974533929532;-18.9517951851348
349.996152211036;-18.679946317983
350.017770492541;-18.4015698558085
350.039388774045;-18.1354469386054
350.061007055549;-17.8966454226142
350.082625337054;-17.6918084797995
350.104243618558;-17.518747463736
350.125861900062;-17.3837734309328
350.147480181567;-17.2887769550623
350.169098463071;-17.2311121024052
350.190716744575;-17.2045533060791
350.21233502608;-17.2173823253776
350.233953307584;-17.2773343148752
350.255571589088;-17.378448195664
350.277189870593;-17.5128530717962
350.298808152097;-17.6828437863616
350.320426433601;-17.8717823189995
350.342044715106;-18.0574769608532
350.36366299661;-18.237218884013
350.385281278114;-18.4233768503693
350.406899559619;-18.6116240850758
350.428517841123;-18.7850411347107
350.450136122627;-18.9349696732484
350.471754404132;-19.0568464522725
350.493372685636;-19.1466927946186
350.51499096714;-19.192832391549
350.536609248645;-19.1859006798915
350.558227530149;-19.1188360975649
350.579845811653;-18.9825286833152
350.601464093158;-18.7773495373475
350.623082374662;-18.5196367504374
350.644700656166;-18.2162479528687
350.666318937671;-17.8669245254594
350.687937219175;-17.472757663355
350.709555500679;-17.0403725337171
350.731173782184;-16.5959970354788
350.752792063688;-16.1674571862137
350.774410345192;-15.7722416225116
350.796028626697;-15.4181852304471
350.817646908201;-15.101742609312
350.839265189705;-14.8182297261126
350.86088347121;-14.5685699990816
350.882501752714;-14.3667172467981
350.904120034218;-14.2154532644942
350.925738315723;-14.0944327661716
350.947356597227;-13.9887274722664
350.968974878731;-13.8869387918148
350.990593160236;-13.7800032759195
351.01221144174;-13.6631776493418
351.033829723244;-13.5329070703501
351.055448004749;-13.3848195396966
351.077066286253;-13.21841048305
351.098684567757;-13.032970534809
351.120302849262;-12.8352987087833
351.141921130766;-12.633697055015
351.16353941227;-12.4250803139599
351.185157693775;-12.20757023339
351.206775975279;-11.9919999529883
351.228394256783;-11.7921240477898
351.250012538288;-11.6057867082118
351.271630819792;-11.4298052148717
351.293249101296;-11.2656255426682
351.314867382801;-11.1123616143151
351.336485664305;-10.9741279548131
351.358103945809;-10.8514550219164
351.379722227314;-10.7465322968806
351.401340508818;-10.6628668595117
351.422958790322;-10.5986862097788
351.444577071827;-10.5505746477973
351.466195353331;-10.5125108092331
351.487813634835;-10.4903401405077
351.50943191634;-10.5070388011124
351.531050197844;-10.5725644918126
351.552668479348;-10.6898882799925
351.574286760853;-10.8393178141224
351.595905042357;-10.9895831254673
351.617523323861;-11.1307590452657
351.639141605366;-11.2732396722899
351.66075988687;-11.4213131317252
351.682378168374;-11.5748611406495
351.703996449879;-11.7358101802416
351.725614731383;-11.901437530597
351.747233012887;-12.0601912582597
351.768851294392;-12.1999630749646
351.790469575896;-12.3266650855625
351.8120878574;-12.4490843687912
351.833706138905;-12.575477035181
351.855324420409;-12.7096989886519
351.876942701913;-12.8494132369657
351.898560983418;-12.995725486301
351.920179264922;-13.1450070454857
351.941797546426;-13.2906608239102
351.963415827931;-13.427206251964
351.985034109435;-13.5489870358946
352.006652390939;-13.6478923658604
352.028270672444;-13.7206468447532
352.049888953948;-13.7667807698715
352.071507235452;-13.7855343820949
352.093125516957;-13.7773635138665
352.114743798461;-13.744004834814
352.136362079965;-13.6853487704275
352.15798036147;-13.5977849757721
352.179598642974;-13.4898550923235
352.201216924478;-13.3769425112462
352.222835205983;-13.267831105997
352.244453487487;-13.1656548468493
352.266071768991;-13.0697278272861
352.287690050496;-12.9792542814348
352.309308332;-12.8982206482425
352.330926613504;-12.8337737302444
352.352544895009;-12.7851924259202
352.374163176513;-12.7538177552252
352.395781458017;-12.7359032811055
352.417399739522;-12.7241492042682
352.439018021026;-12.7162289926162
352.46063630253;-12.7113706220418
352.482254584035;-12.7085004448566
352.503872865539;-12.707389245895
352.525491147043;-12.7061249984802
352.547109428548;-12.7086487259525
352.568727710052;-12.7219628157592
352.590345991556;-12.7473616741674
352.611964273061;-12.7787745194835
352.633582554565;-12.812135431898
352.655200836069;-12.8489209701584
352.676819117574;-12.8967749105726
352.698437399078;-12.9595280713592
352.720055680582;-13.0272651555849
352.741673962087;-13.0891117182865
352.763292243591;-13.1351711411887
352.784910525095;-13.1579508729565
352.8065288066;-13.1624788335703
352.828147088104;-13.1583135944551
352.849765369608;-13.1460132048664
352.871383651113;-13.1212446158141
352.893001932617;-13.0816877085852
352.914620214121;-13.0220611582036
352.936238495626;-12.9387952123367
352.95785677713;-12.8376686378514
352.979475058634;-12.7256743885193
353.001093340139;-12.6050364992929
353.022711621643;-12.4770900367109
353.044329903147;-12.3501070150791
353.065948184652;-12.2418754788803
353.087566466156;-12.1630901103384
353.10918474766;-12.1167108941222
353.130803029165;-12.1047414650395
353.152421310669;-12.1276199386003
353.174039592173;-12.1911291071763
353.195657873678;-12.312576617617
353.217276155182;-12.5074507019323
353.238894436686;-12.7634617872299
353.260512718191;-13.0465148107885
353.282130999695;-13.3252143108478
353.303749281199;-13.6040537405473
353.325367562704;-13.8950135374402
353.346985844208;-14.1849547130151
353.368604125712;-14.4268235313388
353.390222407217;-14.6067441452127
353.411840688721;-14.7322035537848
353.433458970226;-14.8014933071894
353.45507725173;-14.8114940983362
353.476695533234;-14.7606602009533
353.498313814738;-14.6522558893002
353.519932096243;-14.4969700620104
353.541550377747;-14.3119193814966
353.563168659252;-14.1083568391142
353.584786940756;-13.8952775542016
353.60640522226;-13.6860989688279
353.628023503765;-13.4864956051371
353.649641785269;-13.3033514540818
353.671260066773;-13.148892693985
353.692878348278;-13.0311665513511
353.714496629782;-12.9418219590119
353.736114911286;-12.8697258044579
353.757733192791;-12.8147089464885
353.779351474295;-12.7826650276207
353.800969755799;-12.7727386725981
353.822588037304;-12.7814780619995
353.844206318808;-12.8032420831209
353.865824600312;-12.8368668971348
353.887442881817;-12.882611794322
353.909061163321;-12.9343093295579
353.930679444825;-12.9827060027331
353.95229772633;-13.0277876480891
353.973916007834;-13.070490314309
353.995534289338;-13.1069297147503
354.017152570843;-13.1269766230273
354.038770852347;-13.127710850273
354.060389133851;-13.1103515599623
354.082007415356;-13.0743519535875
354.10362569686;-13.0201323461151
354.125243978364;-12.9492853412624
354.146862259869;-12.8666570757486
354.168480541373;-12.7839529743572
354.190098822877;-12.7104327281728
354.211717104382;-12.6531329780545
354.233335385886;-12.618398551071
354.25495366739;-12.6076166137551
354.276571948895;-12.6189140332382
354.298190230399;-12.6437720236893
354.319808511903;-12.6814008789334
354.341426793408;-12.7318864047252
354.363045074912;-12.787946471175
354.384663356416;-12.8396010112376
354.406281637921;-12.8810785717596
354.427899919425;-12.9112907273049
354.449518200929;-12.9147967370835
354.471136482434;-12.8889772724735
354.492754763938;-12.8397099865531
354.514373045442;-12.7609878041478
354.535991326947;-12.646710891037
354.557609608451;-12.5028205600954
354.579227889955;-12.3476858388325
354.60084617146;-12.1917010304636
354.622464452964;-12.0298075912104
354.644082734468;-11.8436975122487
354.665701015973;-11.6274727124882
354.687319297477;-11.4130138096292
354.708937578981;-11.2198876468771
354.730555860486;-11.0497110114695
354.75217414199;-10.9009726482317
354.773792423494;-10.772002303274
354.795410704999;-10.6674860986759
354.817028986503;-10.5945424891985
354.838647268007;-10.5569288949565
354.860265549512;-10.5610978559409
354.881883831016;-10.6176856998262
354.90350211252;-10.738174085718
354.925120394025;-10.915879845827
354.946738675529;-11.1327850302297
354.968356957033;-11.3813751085549
354.989975238538;-11.6692917712195
355.011593520042;-12.007634750538
355.033211801546;-12.3931060105707
355.054830083051;-12.7934564891654
355.076448364555;-13.1771368705957
355.098066646059;-13.5535073050317
355.119684927564;-13.9360321294587
355.141303209068;-14.3327779045205
355.162921490572;-14.7324297474668
355.184539772077;-15.1151038213926
355.206158053581;-15.4615391003877
355.227776335085;-15.7627146374325
355.24939461659;-16.0199402058661
355.271012898094;-16.2294605323316
355.292631179598;-16.3859207130496
355.314249461103;-16.4878164085575
355.335867742607;-16.5362772605759
355.357486024111;-16.5297855520621
355.379104305616;-16.4647018385926
355.40072258712;-16.340618864385
355.422340868624;-16.1615148180368
355.443959150129;-15.9386630781942
355.465577431633;-15.6874641042013
355.487195713137;-15.4115045999531
355.508813994642;-15.1074582403287
355.530432276146;-14.7768074425855
355.55205055765;-14.4178902776236
355.573668839155;-14.0271302869321
355.595287120659;-13.6077251684723
355.616905402163;-13.1735586774259
355.638523683668;-12.7354701191329
355.660141965172;-12.3017477296738
355.681760246676;-11.8823153537923
355.703378528181;-11.4848279335884
355.724996809685;-11.1131047195619
355.746615091189;-10.7647456193947
355.768233372694;-10.4387549935141
355.789851654198;-10.1469927513016
355.811469935702;-9.90924790490026
355.833088217207;-9.73949586676601
355.854706498711;-9.63981062009807
355.876324780215;-9.5962030096781
355.89794306172;-9.60257604026948
355.919561343224;-9.66235162845165
355.941179624728;-9.77905810159611
355.962797906233;-9.9452826300739
355.984416187737;-10.1492706172965
356.006034469241;-10.375921523985
356.027652750746;-10.6131815430475
356.04927103225;-10.855369180527
356.070889313754;-11.1005413858072
356.092507595259;-11.3498124743719
356.114125876763;-11.598140370874
356.135744158267;-11.8326713139556
356.157362439772;-12.0398157273166
356.178980721276;-12.2189517269482
356.20059900278;-12.37924433212
356.222217284285;-12.524019280102
356.243835565789;-12.65902224245
356.265453847293;-12.7920746993249
356.287072128798;-12.9262655426945
356.308690410302;-13.0588669549172
356.330308691806;-13.191775818175
356.351926973311;-13.3285889346078
356.373545254815;-13.4665642806643
356.395163536319;-13.5975221769848
356.416781817824;-13.7120900052589
356.438400099328;-13.7964493393371
356.460018380832;-13.8434831101275
356.481636662337;-13.8517019713545
356.503254943841;-13.8162043791776
356.524873225345;-13.7304790794671
356.54649150685;-13.5942092772421
356.568109788354;-13.4115440533105
356.589728069858;-13.1912860407195
356.611346351363;-12.9312644006465
356.632964632867;-12.6339410899468
356.654582914371;-12.3026700566327
356.676201195876;-11.9441412293513
356.69781947738;-11.5712812459308
356.719437758884;-11.1987227780511
356.741056040389;-10.8389730908453
356.762674321893;-10.5070670727096
356.784292603397;-10.2077657937739
356.805910884902;-9.93910220993329
356.827529166406;-9.70008106354232
356.84914744791;-9.4950201389768
356.870765729415;-9.32224161239544
356.892384010919;-9.18313608443712
356.914002292423;-9.0871317187525
356.935620573928;-9.04176531128019
356.957238855432;-9.05191593443885
356.978857136936;-9.11620749867112
357.000475418441;-9.23369979262097
357.022093699945;-9.40133806942821
357.043711981449;-9.60947797469334
357.065330262954;-9.84261539683471
357.086948544458;-10.0885987943008
357.108566825963;-10.3402836376302
357.130185107467;-10.5913722895536
357.151803388971;-10.8394669729529
357.173421670475;-11.0766312100588
357.19503995198;-11.2857978802088
357.216658233484;-11.455490007779
357.238276514988;-11.5832005235814
357.259894796493;-11.6696229407844
357.281513077997;-11.7171570407577
357.303131359501;-11.7257660311519
357.324749641006;-11.6974830199299
357.34636792251;-11.6393506409493
357.367986204014;-11.5568985324094
357.389604485519;-11.4524740449113
357.411222767023;-11.3274664576375
357.432841048528;-11.183954300696
357.454459330032;-11.0336765405273
357.476077611536;-10.8880346992878
357.49769589304;-10.7529076097645
357.519314174545;-10.6323228472786
357.540932456049;-10.5334267370299
357.562550737554;-10.4596864252645
357.584169019058;-10.4142339136972
357.605787300562;-10.4078955501678
357.627405582067;-10.4471149336035
357.649023863571;-10.5212535254735
357.670642145075;-10.621300644774
357.69226042658;-10.7467103730049
357.713878708084;-10.8958898478511
357.735496989588;-11.0602730871603
357.757115271093;-11.2283728125109
357.778733552597;-11.3820792059776
357.800351834101;-11.5083642573489
357.821970115606;-11.6005972848359
357.84358839711;-11.6620415953607
357.865206678614;-11.6910879039677
357.886824960119;-11.6812416731376
357.908443241623;-11.6300104939643
357.930061523127;-11.5367810971815
357.951679804632;-11.4028430780605
357.973298086136;-11.2329491231609
357.99491636764;-11.0420031332865
358.016534649145;-10.8395542183692
358.038152930649;-10.6190952389318
358.059771212153;-10.3713970458223
358.081389493658;-10.1027061604287
358.103007775162;-9.81954570088807
358.124626056666;-9.52117288503258
358.146244338171;-9.22028477363821
358.167862619675;-8.93222964164693
358.189480901179;-8.66724900163003
358.211099182684;-8.42849116834646
358.232717464188;-8.21315907644303
358.254335745692;-8.01510346666308
358.275954027197;-7.82869913170502
358.297572308701;-7.65120453579647
358.319190590205;-7.4805041359664
358.34080887171;-7.30887225668155
358.362427153214;-7.12808693285254
358.384045434718;-6.93483349320041
358.405663716223;-6.72191309602648
358.427281997727;-6.48015556239327
358.448900279231;-6.19735921681973
358.470518560736;-5.89091721333839
358.49213684224;-5.59661871905589
358.513755123744;-5.3355485185443
358.535373405249;-5.11506986853814
358.556991686753;-4.94638774723242
358.578609968257;-4.84165501777311
358.600228249762;-4.8245349632348
358.621846531266;-4.90458491586582
358.64346481277;-5.07813525031914
358.665083094275;-5.34500306621594
358.686701375779;-5.71666762991245
358.708319657283;-6.18161308702201
358.729937938788;-6.70266191447295
358.751556220292;-7.25539261406631
358.773174501796;-7.82504729847015
358.794792783301;-8.38664281260166
358.816411064805;-8.91822877601386
358.838029346309;-9.42356418435864
358.859647627814;-9.91518077817894
358.881265909318;-10.3785593501208
358.902884190822;-10.7901082860915
358.924502472327;-11.1414576903964
358.946120753831;-11.4337660016116
358.967739035335;-11.6665278821191
358.98935731684;-11.8407935459179
359.010975598344;-11.9743480095705
359.032593879848;-12.0926449359877
359.054212161353;-12.2030672813504
359.075830442857;-12.306147688059
359.097448724361;-12.4102442876241
359.119067005866;-12.5149197912436
359.14068528737;-12.622230770488
359.162303568874;-12.7403836493869
359.183921850379;-12.8725824500546
359.205540131883;-13.0247139967495
359.227158413387;-13.203565598014
359.248776694892;-13.4011745313306
359.270394976396;-13.604164530083
359.2920132579;-13.7968209343963
359.313631539405;-13.9660907633005
359.335249820909;-14.1052442590915
359.356868102413;-14.2091940265697
359.378486383918;-14.2675023319173
359.400104665422;-14.265136647043
359.421722946926;-14.1967673766208
359.443341228431;-14.0663658296227
359.464959509935;-13.8741837543392
359.486577791439;-13.6275604062312
359.508196072944;-13.3433137463464
359.529814354448;-13.0390206923029
359.551432635952;-12.7356154936153
359.573050917457;-12.4350256295325
359.594669198961;-12.1374885312623
359.616287480465;-11.849446844548
359.63790576197;-11.5885529526559
359.659524043474;-11.3637294011253
359.681142324978;-11.1806250648379
359.702760606483;-11.0359546909563
359.724378887987;-10.9228717341776
359.745997169491;-10.8333032063845
359.767615450996;-10.7669626331276
359.7892337325;-10.7248404876376
359.810852014004;-10.6997351079341
359.832470295509;-10.6772743542337
359.854088577013;-10.6389639866586
359.875706858517;-10.5681644945953
359.897325140022;-10.4574381243186
359.918943421526;-10.3143698257083
359.94056170303;-10.1504279015199
359.962179984535;-9.97633999201029
359.983798266039;-9.80363441718526
360.005416547543;-9.63670628811395
360.027034829048;-9.47694728419025
360.048653110552;-9.32939502666317
360.070271392056;-9.20403722584737
360.091889673561;-9.11796192903054
360.113507955065;-9.08863606085619
360.135126236569;-9.12434589215336
360.156744518074;-9.21778528081624
360.178362799578;-9.3557329696481
360.199981081082;-9.53075566363756
360.221599362587;-9.73798102068243
360.243217644091;-9.97452520079867
360.264835925595;-10.232123100168
360.2864542071;-10.4861810859311
360.308072488604;-10.7196094358657
360.329690770108;-10.9325241430308
360.351309051613;-11.1271724193516
360.372927333117;-11.2947544514048
360.394545614621;-11.4217691689205
360.416163896126;-11.5001160422992
360.43778217763;-11.5263823274883
360.459400459134;-11.5004566299768
360.481018740639;-11.4412929909155
360.502637022143;-11.375991493682
360.524255303647;-11.2966054189367
360.545873585152;-11.1884624750317
360.567491866656;-11.0592155836253
360.58911014816;-10.9306338261311
360.610728429665;-10.8161477260604
360.632346711169;-10.7175905555992
360.653964992673;-10.6353249353114
360.675583274178;-10.560237175312
360.697201555682;-10.4892838966229
360.718819837186;-10.4259026127889
360.740438118691;-10.3732819049685
360.762056400195;-10.3289337930152
360.783674681699;-10.2828345705882
360.805292963204;-10.2272389595286
360.826911244708;-10.160065147911
360.848529526212;-10.0817241610881
360.870147807717;-9.98008564962552
360.891766089221;-9.82756611122165
360.913384370725;-9.60607302001903
360.93500265223;-9.33086533488076
360.956620933734;-9.04128314719986
360.978239215238;-8.75172387262631
360.999857496743;-8.45554937407258
361.021475778247;-8.15203870626345
361.043094059751;-7.85058602354001
361.064712341256;-7.56546097598792
361.08633062276;-7.31752417017806
361.107948904265;-7.11863124540169
361.129567185769;-6.96682786477756
361.151185467273;-6.85080392925092
361.172803748777;-6.76693762852202
361.194422030282;-6.71530670031986
361.216040311786;-6.68161478223488
361.23765859329;-6.64765038059745
361.259276874795;-6.59852028645894
361.280895156299;-6.52844896486251
361.302513437804;-6.43381470684184
361.324131719308;-6.30494122455431
361.345750000812;-6.13362447990739
361.367368282316;-5.92631941397147
361.388986563821;-5.69241307609227
361.410604845325;-5.4310501979494
361.43222312683;-5.14032568358692
361.453841408334;-4.83506585286792
361.475459689838;-4.5433093320319
361.497077971342;-4.28604367581575
361.518696252847;-4.06734756461987
361.540314534351;-3.88929571431348
361.561932815856;-3.77488450827744
361.58355109736;-3.74002053186425
361.605169378864;-3.77387295708974
361.626787660369;-3.8683772463674
361.648405941873;-4.02944395603637
361.670024223377;-4.26230625459518
361.691642504882;-4.55019122846165
361.713260786386;-4.8656431220402
361.73487906789;-5.19247262113841
361.756497349395;-5.51079940924858
361.778115630899;-5.80175862224609
361.799733912403;-6.05644184892479
361.821352193908;-6.26864861529416
361.842970475412;-6.43259152186131
361.864588756916;-6.54557266994007
361.886207038421;-6.61224064002394
361.907825319925;-6.64639642219137
361.929443601429;-6.65994329652562
361.951061882934;-6.65670707022922
361.972680164438;-6.63989231470508
361.994298445942;-6.62462290881259
362.015916727447;-6.63151317564584
362.037535008951;-6.67358308258871
362.059153290455;-6.75564053660526
362.08077157196;-6.86772040795443
362.102389853464;-6.99475219614637
362.124008134968;-7.13768284667231
362.145626416473;-7.29994543362252
362.167244697977;-7.47685236609111
362.188862979481;-7.66405809185087
362.210481260986;-7.86262344612501
362.23209954249;-8.06178248600869
362.253717823994;-8.25118395028408
362.275336105499;-8.42923240483089
362.296954387003;-8.59753557538811
362.318572668507;-8.75664547456894
362.340190950012;-8.90788038757049
362.361809231516;-9.04754878299882
362.38342751302;-9.16837911800311
362.405045794525;-9.2651608876171
362.426664076029;-9.33749167319036
362.448282357533;-9.38136190239225
362.469900639038;-9.38714672599613
362.491518920542;-9.35693384752637
362.513137202046;-9.29372246344583
362.534755483551;-9.188162619279
362.556373765055;-9.02572542582622
362.577992046559;-8.79445532717018
362.599610328064;-8.50073651082459
362.621228609568;-8.16981319492527
362.642846891072;-7.81789849085204
362.664465172577;-7.4504986650135
362.686083454081;-7.07532120135469
362.707701735585;-6.69576529384061
362.72932001709;-6.31709817139598
362.750938298594;-5.98979136013298
362.772556580098;-5.73497186633442
362.794174861603;-5.5385051934763
362.815793143107;-5.38093502853495
362.837411424611;-5.25994818337485
362.859029706116;-5.18036799305387
362.88064798762;-5.13957098699116
362.902266269124;-5.13167642063981
362.923884550629;-5.14310897784545
362.945502832133;-5.15524289834683
362.967121113637;-5.15625911879303
362.988739395142;-5.15600820039988
