Name;BF_ESR_01_1800s_X_gon_60dg_result

Recipe
Accumulations;5;Number of accumulations
RetryCount;0;Number of retries on error
AbortOnError;True;Abort on error
EnableQFactorMeasurement;False;Enable/Disable q-Factor measurement
Bfrom;313;B from
Bto;363;B to
SweepTime;60;Sweep time
Modulation;0.2;Modulation
ModulationFreq;100;Modulation
BHoldEnabled;False;B hold enabled
BHold;0;B hold
MicrowavePower;2;Microwave power
MarkerEnabled;False;
MarkerStartField;0;
MarkerEndField;0;
Mode;;
KineticGFact;0;
KineticTotalTransientTime;0;
KineticTimeResolution;0;
TempFrom;5;
TempUseSlope;False;
TempTo;5;
TempdT;1;
TempSetupTime;0;
GonFrom;0;
GonTo;180;
GonSteps;20;
XRayEnabled;False;
XRayTime;3;
XRayVoltage;40;
XRayCurrent;0.5;
UVEnabled;False;
UVIntensity;0;
UVTime;0;
UVLeadTime;0;
UVWavelength;0;
PowSweepFrom;1;
PowSweepTo;5;
PowSweepSteps;5;
AmpModSweepFrom;0;
AmpModSweepTo;1;
AmpModSweepSteps;10;
ExtTriggerEnabled;False;
ExtTrigLeadTime;0;
ExtTrigOnTime;5;

Meas
BField [mT];MW_Absorption []
313.019857330322;109.386468919609
313.04146556521;109.510330020561
313.063073800097;109.635960583142
313.084682034984;109.782137918989
313.106290269872;109.951884974766
313.127898504759;110.143167931496
313.149506739646;110.359510575311
313.171114974533;110.606514999985
313.192723209421;110.881842125653
313.214331444308;111.178573222586
313.235939679195;111.490408827083
313.257547914083;111.803886398382
313.27915614897;112.100967361223
313.300764383857;112.375809700941
313.322372618745;112.619232010577
313.343980853632;112.825920358094
313.365589088519;113.000846548726
313.387197323406;113.144781162921
313.408805558294;113.253512154998
313.430413793181;113.320767904587
313.452022028068;113.34842886977
313.473630262956;113.344540714679
313.495238497843;113.3123371257
313.51684673273;113.254142332662
313.538454967618;113.17584929231
313.560063202505;113.078541126201
313.581671437392;112.960084794719
313.603279672279;112.822350875213
313.624887907167;112.670604019264
313.646496142054;112.502680628465
313.668104376941;112.316391787583
313.689712611829;112.11523040168
313.711320846716;111.89789407703
313.732929081603;111.648833508712
313.754537316491;111.367921665367
313.776145551378;111.076102835599
313.797753786265;110.780339779019
313.819362021153;110.460362979516
313.84097025604;110.109552332572
313.862578490927;109.751964428607
313.884186725814;109.401836019189
313.905794960702;109.059591206262
313.927403195589;108.725522093976
313.949011430476;108.411069794732
313.970619665364;108.122736537718
313.992227900251;107.859296895362
314.013836135138;107.621509647215
314.035444370026;107.41796500245
314.057052604913;107.244983172177
314.0786608398;107.086424642587
314.100269074688;106.92942093128
314.121877309575;106.773869169702
314.143485544462;106.620677107792
314.165093779349;106.474004288185
314.186702014237;106.325399287348
314.208310249124;106.167087899928
314.229918484011;105.987302908227
314.251526718899;105.77938427609
314.273134953786;105.53942686709
314.294743188673;105.276053758106
314.316351423561;104.992383770207
314.337959658448;104.688996970562
314.359567893335;104.372980681938
314.381176128222;104.049114834767
314.40278436311;103.706650668202
314.424392597997;103.337966811575
314.446000832884;102.957576813092
314.467609067772;102.587688514563
314.489217302659;102.223506309038
314.510825537546;101.870339033761
314.532433772434;101.540695584339
314.554042007321;101.238804955416
314.575650242208;100.961572833699
314.597258477096;100.705469878295
314.618866711983;100.46050605667
314.64047494687;100.221070808219
314.662083181757;100.010180070995
314.683691416645;99.8477900166814
314.705299651532;99.7184986000981
314.726907886419;99.6097698874314
314.748516121307;99.5180027258991
314.770124356194;99.4418123125832
314.791732591081;99.3807763606453
314.813340825969;99.3299186519426
314.834949060856;99.2915266817799
314.856557295743;99.268189463681
314.878165530631;99.2616186607329
314.899773765518;99.2792036397351
314.921382000405;99.3259906286983
314.942990235292;99.3960108157472
314.96459847018;99.4827489339901
314.986206705067;99.5835513101482
315.007814939954;99.6954751494241
315.029423174842;99.8170737327789
315.051031409729;99.9484048100262
315.072639644616;100.079678868462
315.094247879504;100.19321380527
315.115856114391;100.289991217682
315.137464349278;100.371621918689
315.159072584165;100.440264377853
315.180680819053;100.4980679602
315.20228905394;100.546125725892
315.223897288827;100.58563971193
315.245505523715;100.615352608711
315.267113758602;100.633921076129
315.288721993489;100.6367324331
315.310330228377;100.614184363035
315.331938463264;100.562682195674
315.353546698151;100.481476456673
315.375154933038;100.369854258675
315.396763167926;100.229406103646
315.418371402813;100.060764267829
315.4399796377;99.8574469604058
315.461587872588;99.6222097973408
315.483196107475;99.3657445263724
315.504804342362;99.0904479255546
315.52641257725;98.79843908266
315.548020812137;98.4896864801603
315.569629047024;98.1582819987706
315.591237281912;97.802206166258
315.612845516799;97.4227057233407
315.634453751686;97.0366655874986
315.656061986573;96.670270870636
315.677670221461;96.3288208017008
315.699278456348;96.005470635334
315.720886691235;95.6934514412008
315.742494926123;95.386949807336
315.76410316101;95.0955082611521
315.785711395897;94.8455443413972
315.807319630785;94.6383520523524
315.828927865672;94.4599682561312
315.850536100559;94.3031373854835
315.872144335446;94.1640405629406
315.893752570334;94.0390122820666
315.915360805221;93.9110633564487
315.936969040108;93.7647023323383
315.958577274996;93.5932410801619
315.980185509883;93.3904942245929
316.00179374477;93.1514503513121
316.023401979658;92.873952884314
316.045010214545;92.5530279206864
316.066618449432;92.1875852727952
316.08822668432;91.7935978823505
316.109834919207;91.3779496453027
316.131443154094;90.944387179359
316.153051388981;90.4977067769088
316.174659623869;90.0272458446065
316.196267858756;89.5218216870868
316.217876093643;88.9986031173157
316.239484328531;88.4776889267895
316.261092563418;87.9642962677841
316.282700798305;87.4604281924987
316.304309033193;86.9612351824369
316.32591726808;86.4577849483571
316.347525502967;85.94328390052
316.369133737855;85.4225454730868
316.390741972742;84.9020192246381
316.412350207629;84.3585408045293
316.433958442516;83.7836843307264
316.455566677404;83.2091364032165
316.477174912291;82.6562590708143
316.498783147178;82.1164031933608
316.520391382066;81.5730756615789
316.541999616953;81.0212455275617
316.56360785184;80.4660707248562
316.585216086728;79.9173423056525
316.606824321615;79.3785527198276
316.628432556502;78.8467839455173
316.650040791389;78.33943871791
316.671649026277;77.883204198369
316.693257261164;77.4779168436283
316.714865496051;77.1176193396953
316.736473730939;76.8233523645089
316.758081965826;76.6070186891007
316.779690200713;76.4679028587382
316.801298435601;76.4121424114932
316.822906670488;76.4413649952935
316.844514905375;76.549587885851
316.866123140263;76.731334126823
316.88773137515;76.9742098398829
316.909339610037;77.2642843926259
316.930947844924;77.5976290459778
316.952556079812;77.9648421330881
316.974164314699;78.3471947813605
316.995772549586;78.7371586107955
317.017380784474;79.1376463785277
317.038989019361;79.5510135786648
317.060597254248;79.9915348867187
317.082205489136;80.4657518625227
317.103813724023;80.9709635105122
317.12542195891;81.4951371282988
317.147030193797;82.0315426877668
317.168638428685;82.5846481360706
317.190246663572;83.1572165291306
317.211854898459;83.7444982012531
317.233463133347;84.3451283513633
317.255071368234;84.9847776156025
317.276679603121;85.6520023605594
317.298287838009;86.3242674986067
317.319896072896;87.0014670991676
317.341504307783;87.6931869187035
317.363112542671;88.3962152718398
317.384720777558;89.0972624277865
317.406329012445;89.8088475943442
317.427937247332;90.5503992226453
317.44954548222;91.315763311748
317.471153717107;92.0668142079519
317.492761951994;92.776924544876
317.514370186882;93.4610278265555
317.535978421769;94.1346172479262
317.557586656656;94.7869409594164
317.579194891544;95.4061577337146
317.600803126431;95.9995126132006
317.622411361318;96.5695798056823
317.644019596205;97.1181996566892
317.665627831093;97.648629439358
317.68723606598;98.1633317977713
317.708844300867;98.6712732174701
317.730452535755;99.1843947668799
317.752060770642;99.7031083842919
317.773669005529;100.232192472007
317.795277240417;100.778258281337
317.816885475304;101.341012143952
317.838493710191;101.922444697429
317.860101945079;102.526019800567
317.881710179966;103.148301422753
317.903318414853;103.797659128645
317.92492664974;104.472539528388
317.946534884628;105.145546725501
317.968143119515;105.793487343498
317.989751354402;106.416379567062
318.01135958929;107.014242988914
318.032967824177;107.569939074178
318.054576059064;108.089754644987
318.076184293952;108.594561893339
318.097792528839;109.071936880138
318.119400763726;109.502386783422
318.141008998613;109.891648377523
318.162617233501;110.250713335935
318.184225468388;110.581133536922
318.205833703275;110.878986534362
318.227441938163;111.140139122916
318.24905017305;111.356214656906
318.270658407937;111.518553777427
318.292266642825;111.622417759497
318.313874877712;111.66295313213
318.335483112599;111.634986180054
318.357091347487;111.5548244631
318.378699582374;111.429341098491
318.400307817261;111.254552610557
318.421916052148;111.026997163256
318.443524287036;110.751901338457
318.465132521923;110.457003175692
318.48674075681;110.161486320257
318.508348991698;109.879803120729
318.529957226585;109.617723587359
318.551565461472;109.372989088684
318.57317369636;109.142979242263
318.594781931247;108.935022412157
318.616390166134;108.753497606673
318.637998401021;108.58647858194
318.659606635909;108.424186739591
318.681214870796;108.267072554441
318.702823105683;108.108801107925
318.724431340571;107.938443696155
318.746039575458;107.751809096641
318.767647810345;107.554360640415
318.789256045233;107.352237434684
318.81086428012;107.133566444431
318.832472515007;106.879961873848
318.854080749895;106.597417349355
318.875688984782;106.308736888516
318.897297219669;106.024292267311
318.918905454556;105.735647178406
318.940513689444;105.414227564011
318.962121924331;105.068077786305
318.983730159218;104.692259199498
319.005338394106;104.288888803771
319.026946628993;103.866681606253
319.04855486388;103.419591789361
319.070163098768;102.950656360067
319.091771333655;102.478237260755
319.113379568542;102.017238480466
319.13498780343;101.579802373671
319.156596038317;101.170273246739
319.178204273204;100.782978125687
319.199812508091;100.418529439748
319.221420742979;100.086455845811
319.243028977866;99.7928368373782
319.264637212753;99.5364028899757
319.286245447641;99.3017470171609
319.307853682528;99.0856623749537
319.329461917415;98.8990318465074
319.351070152303;98.7360576576329
319.37267838719;98.5826387266156
319.394286622077;98.425340286963
319.415894856964;98.2724124117008
319.437503091852;98.1117135513465
319.459111326739;97.9335460647496
319.480719561626;97.7293377811871
319.502327796514;97.4973256283233
319.523936031401;97.2385301191973
319.545544266288;96.9460896652377
319.567152501176;96.6175407583963
319.588760736063;96.2475224415053
319.61036897095;95.8418519968424
319.631977205837;95.3995694375442
319.653585440725;94.8995984136519
319.675193675612;94.3417238140478
319.696801910499;93.7355249781203
319.718410145387;93.1148253686295
319.740018380274;92.4959963973205
319.761626615161;91.8412186200209
319.783234850049;91.1513203191217
319.804843084936;90.4532427688683
319.826451319823;89.7544206287973
319.848059554711;89.0442892500295
319.869667789598;88.3214416129584
319.891276024485;87.5972768597862
319.912884259372;86.889136114131
319.93449249426;86.2146863542213
319.956100729147;85.5649284094592
319.977708964034;84.9220202386585
319.999317198922;84.2799263384186
320.020925433809;83.6377315437949
320.042533668696;82.9994622264453
320.064141903584;82.3771376587921
320.085750138471;81.7669155042555
320.107358373358;81.1423372167077
320.128966608245;80.4882081538739
320.150574843133;79.8167853539498
320.17218307802;79.1411490259927
320.193791312907;78.4669631644116
320.215399547795;77.7936233754754
320.237007782682;77.1132093471387
320.258616017569;76.4231877155942
320.280224252457;75.7255422880116
320.301832487344;75.0167230154117
320.323440722231;74.2934215796331
320.345048957119;73.5638726780267
320.366657192006;72.8291325039464
320.388265426893;72.0751229430935
320.40987366178;71.2986650655958
320.431481896668;70.5210211412632
320.453090131555;69.7456767574011
320.474698366442;68.9636069236894
320.49630660133;68.1685161970004
320.517914836217;67.3675285766749
320.539523071104;66.5723802082373
320.561131305992;65.7747630866207
320.582739540879;64.9505492679239
320.604347775766;64.0902990709906
320.625956010654;63.2369945446286
320.647564245541;62.4335675222745
320.669172480428;61.6633261134288
320.690780715315;60.893704882566
320.712388950203;60.1152420272849
320.73399718509;59.3453333671039
320.755605419977;58.5883988980606
320.777213654865;57.8212326924728
320.798821889752;57.0195742176541
320.820430124639;56.20591766489
320.842038359527;55.4333247440818
320.863646594414;54.7038384504365
320.885254829301;53.9897646575691
320.906863064188;53.2956322427193
320.928471299076;52.6364180749261
320.950079533963;52.0069639354102
320.97168776885;51.3933449552375
320.993296003738;50.7887484305598
321.014904238625;50.1972583684212
321.036512473512;49.6141207766247
321.0581207084;49.022623505347
321.079728943287;48.4227711721003
321.101337178174;47.8321980166036
321.122945413062;47.2497348104999
321.144553647949;46.664100869859
321.166161882836;46.0878669960759
321.187770117723;45.5503303292681
321.209378352611;45.0680136457733
321.230986587498;44.6433830242514
321.252594822385;44.2778005026308
321.274203057273;43.9744387524557
321.29581129216;43.7328530904458
321.317419527047;43.5553951395804
321.339027761935;43.4520521315773
321.360635996822;43.4274191701507
321.382244231709;43.4745577791552
321.403852466596;43.5759618005202
321.425460701484;43.7117613601165
321.447068936371;43.8696023714835
321.468677171258;44.048097313625
321.490285406146;44.2490424604998
321.511893641033;44.4713123255184
321.53350187592;44.7157519939698
321.555110110808;44.9915258497688
321.576718345695;45.3161973801112
321.598326580582;45.6837696953232
321.619934815469;46.0639847612541
321.641543050357;46.4637490041974
321.663151285244;46.9080900281001
321.684759520131;47.4011547867168
321.706367755019;47.9264895760995
321.727975989906;48.4679100790251
321.749584224793;49.004314327543
321.771192459681;49.512416503748
321.792800694568;49.997139503507
321.814408929455;50.4849330490893
321.836017164343;50.9937737810258
321.85762539923;51.5347721566234
321.879233634117;52.1120820251097
321.900841869004;52.7291926462917
321.922450103892;53.3838974281319
321.944058338779;54.059716267904
321.965666573666;54.7487056411171
321.987274808554;55.4625198426054
322.008883043441;56.2243379165706
322.030491278328;57.0326783261913
322.052099513216;57.869444479641
322.073707748103;58.7131827564433
322.09531598299;59.53714700459
322.116924217878;60.317540727055
322.138532452765;61.0453217497589
322.160140687652;61.7365094483915
322.181748922539;62.4053102930904
322.203357157427;63.0389322865655
322.224965392314;63.5944560510976
322.246573627201;64.0786260257839
322.268181862089;64.5151530465155
322.289790096976;64.9129240562144
322.311398331863;65.2504460294851
322.333006566751;65.5385893153768
322.354614801638;65.8093178208502
322.376223036525;66.0675719345204
322.397831271412;66.3001392869731
322.4194395063;66.5103938999541
322.441047741187;66.7042554418787
322.462655976074;66.8838842913014
322.484264210962;67.0586507111411
322.505872445849;67.2281526207679
322.527480680736;67.380315903085
322.549088915624;67.507117765127
322.570697150511;67.6085410450121
322.592305385398;67.6872009775468
322.613913620286;67.7390504601136
322.635521855173;67.75324255204
322.65713009006;67.7320940853899
322.678738324947;67.6804792372375
322.700346559835;67.5912945186384
322.721954794722;67.4571513924924
322.743563029609;67.2851637849522
322.765171264497;67.087220494695
322.786779499384;66.8715291516268
322.808387734271;66.6427027457476
322.829995969159;66.3953326162982
322.851604204046;66.1323600680948
322.873212438933;65.8772896427925
322.894820673821;65.6467621003231
322.916428908708;65.4485064383253
322.938037143595;65.2791599306543
322.959645378482;65.1357781467765
322.98125361337;65.0086537596441
323.002861848257;64.8962275667611
323.024470083144;64.7934657128636
323.046078318032;64.6876525388513
323.067686552919;64.5853595451244
323.089294787806;64.5084896570393
323.110903022694;64.4636027401225
323.132511257581;64.4281011704421
323.154119492468;64.3771695595495
323.175727727355;64.3236339937165
323.197335962243;64.2927201029469
323.21894419713;64.2836933007306
323.240552432017;64.2825083620008
323.262160666905;64.2783487726343
323.283768901792;64.2720451982273
323.305377136679;64.2636438882483
323.326985371567;64.2460392222177
323.348593606454;64.2121560354069
323.370201841341;64.1603750184173
323.391810076228;64.0900369790416
323.413418311116;63.9921587664465
323.435026546003;63.8681584817261
323.45663478089;63.7383663927639
323.478243015778;63.6039851735283
323.499851250665;63.4457752568025
323.521459485552;63.2543031841227
323.54306772044;63.0446296046142
323.564675955327;62.8238522980485
323.586284190214;62.5779598396434
323.607892425102;62.2974464281084
323.629500659989;61.9877716526398
323.651108894876;61.6596840680049
323.672717129763;61.3112365740892
323.694325364651;60.9434387753693
323.715933599538;60.5668936276254
323.737541834425;60.1835136406454
323.759150069313;59.7899685009448
323.7807583042;59.3784892677631
323.802366539087;58.9317944242013
323.823974773975;58.4519653380129
323.845583008862;57.9405213204896
323.867191243749;57.3932202057936
323.888799478636;56.8237898970441
323.910407713524;56.2345085471255
323.932015948411;55.6236509063616
323.953624183298;55.0351339929214
323.975232418186;54.4864124473955
323.996840653073;53.9580322429634
324.01844888796;53.4328199504419
324.040057122848;52.9098410398164
324.061665357735;52.4221310432117
324.083273592622;51.9946174480375
324.10488182751;51.6212822937709
324.126490062397;51.2923702198296
324.148098297284;51.0058714336835
324.169706532171;50.7665014486074
324.191314767059;50.5840659205469
324.212923001946;50.4704937222769
324.234531236833;50.428351663861
324.256139471721;50.455603808732
324.277747706608;50.5551701782271
324.299355941495;50.7253569676172
324.320964176383;50.954407969411
324.34257241127;51.2267003113411
324.364180646157;51.5332011514015
324.385788881045;51.8669111876013
324.407397115932;52.213273385448
324.429005350819;52.5613920169545
324.450613585706;52.8914975011487
324.472221820594;53.1816433096189
324.493830055481;53.4245006414297
324.515438290368;53.6179883662943
324.537046525256;53.7669692522659
324.558654760143;53.8593165484222
324.58026299503;53.8802664577755
324.601871229918;53.8333812797381
324.623479464805;53.7292751240268
324.645087699692;53.5830515557196
324.666695934579;53.4030978500046
324.688304169467;53.1892573717357
324.709912404354;52.9487287647799
324.731520639241;52.7029506587678
324.753128874129;52.4681343044682
324.774737109016;52.2488173376728
324.796345343903;52.0534163828118
324.817953578791;51.8931024000101
324.839561813678;51.7701213383061
324.861170048565;51.6745375167324
324.882778283453;51.6009990654943
324.90438651834;51.5729071262294
324.925994753227;51.5952641451974
324.947602988114;51.6392068018086
324.969211223002;51.6894731980035
324.990819457889;51.7411684566803
325.012427692776;51.7978459056061
325.034035927664;51.8656432144781
325.055644162551;51.933061633076
325.077252397438;51.9898131985738
325.098860632326;52.0326309384687
325.120468867213;52.062947648644
325.1420771021;52.0854313094875
325.163685336988;52.0948366406058
325.185293571875;52.0849438970442
325.206901806762;52.0550314032287
325.228510041649;51.9999773878614
325.250118276537;51.9215069837353
325.271726511424;51.8386694612536
325.293334746311;51.7635544525072
325.314942981199;51.6949970973064
325.336551216086;51.6362976537162
325.358159450973;51.6058206668246
325.379767685861;51.6249262016648
325.401375920748;51.6973514952881
325.422984155635;51.8194306387568
325.444592390522;51.977786023682
325.46620062541;52.1552782801334
325.487808860297;52.3494475262843
325.509417095184;52.5464849162368
325.531025330072;52.7177302622003
325.552633564959;52.8485363624551
325.574241799846;52.9311963472322
325.595850034734;52.9588254710659
325.617458269621;52.9325092169387
325.639066504508;52.8564547480834
325.660674739395;52.7306566674212
325.682282974283;52.555324776826
325.70389120917;52.3387579483829
325.725499444057;52.0973923782443
325.747107678945;51.8490065343666
325.768715913832;51.6064583045626
325.790324148719;51.3597782666592
325.811932383607;51.1050605241114
325.833540618494;50.8561384490026
325.855148853381;50.6160589652328
325.876757088269;50.3785694661791
325.898365323156;50.1334458539575
325.919973558043;49.8778473339365
325.94158179293;49.6014524961011
325.963190027818;49.2956222079723
325.984798262705;48.9552501447364
326.006406497592;48.5673396876582
326.02801473248;48.1148690511804
326.049622967367;47.5822177926245
326.071231202254;46.9501290205605
326.092839437142;46.2370260844449
326.114447672029;45.4991922461004
326.136055906916;44.7406879814682
326.157664141803;43.9438247922369
326.179272376691;43.1052308080897
326.200880611578;42.2295322651248
326.222488846465;41.350294641568
326.244097081353;40.5130026350438
326.26570531624;39.7260445500328
326.287313551127;38.9738064044992
326.308921786015;38.2273025607124
326.330530020902;37.4848860486029
326.352138255789;36.7714580152684
326.373746490677;36.1006077205678
326.395354725564;35.4719816837014
326.416962960451;34.8692119226681
326.438571195338;34.2764571569622
326.460179430226;33.6950336817288
326.481787665113;33.1271777036225
326.5033959;32.5628456476444
326.525004134888;31.9841319289732
326.546612369775;31.4020667063873
326.568220604662;30.8554219787516
326.58982883955;30.3726657981524
326.611437074437;29.9484983890744
326.633045309324;29.5649482825934
326.654653544212;29.2139417092424
326.676261779099;28.9112265164058
326.697870013986;28.6830645166511
326.719478248873;28.5350165304153
326.741086483761;28.4386003126434
326.762694718648;28.3709266085675
326.784302953535;28.3228108962476
326.805911188423;28.2815577468645
326.82751942331;28.2327143978205
326.849127658197;28.1640977944552
326.870735893085;28.0640115973994
326.892344127972;27.9176131804674
326.913952362859;27.7161463394223
326.935560597746;27.4709187441925
326.957168832634;27.1902385350579
326.978777067521;26.8732095107496
327.000385302408;26.5160996042285
327.021993537296;26.1165599004231
327.043601772183;25.6712406809104
327.06521000707;25.1894938900359
327.086818241958;24.6791140342106
327.108426476845;24.1427278929027
327.130034711732;23.5806751962716
327.15164294662;22.9835596431981
327.173251181507;22.3416719598923
327.194859416394;21.6637777114223
327.216467651281;20.9690794005665
327.238075886169;20.2885939884213
327.259684121056;19.6122252644207
327.281292355943;18.9176667588041
327.302900590831;18.20808203726
327.324508825718;17.5078296221741
327.346117060605;16.8183238692466
327.367725295493;16.1200261433478
327.38933353038;15.4184282179417
327.410941765267;14.7342500926978
327.432550000154;14.0809472589736
327.454158235042;13.448921117579
327.475766469929;12.8087563962476
327.497374704816;12.1378947402455
327.518982939704;11.4203234534913
327.540591174591;10.6601715142887
327.562199409478;9.86559560611322
327.583807644366;9.03732859713067
327.605415879253;8.17116602774874
327.62702411414;7.2441459222488
327.648632349027;6.24474048736329
327.670240583915;5.20413476681988
327.691848818802;4.15495032632094
327.713457053689;3.08219433448467
327.735065288577;1.97361230344713
327.756673523464;0.879177610202106
327.778281758351;-0.163364579357733
327.799889993239;-1.15790317750721
327.821498228126;-2.10433727829147
327.843106463013;-2.99430807651245
327.864714697901;-3.82665875421127
327.886322932788;-4.61088077944389
327.907931167675;-5.35056604023943
327.929539402562;-6.04200673076889
327.95114763745;-6.68780678033563
327.972755872337;-7.30635882173623
327.994364107224;-7.91304369897469
328.015972342112;-8.51422212364835
328.037580576999;-9.11002465067668
328.059188811886;-9.69173053056116
328.080797046774;-10.2532249724214
328.102405281661;-10.8053692437898
328.124013516548;-11.3584929174647
328.145621751436;-11.8976745397771
328.167229986323;-12.3931044930442
328.18883822121;-12.8284884111482
328.210446456097;-13.2062434052543
328.232054690985;-13.5209782263712
328.253662925872;-13.7596290974849
328.275271160759;-13.9163692885534
328.296879395647;-13.9820336538705
328.318487630534;-13.950501486988
328.340095865421;-13.8257634079558
328.361704100309;-13.6211513177441
328.383312335196;-13.3427603108308
328.404920570083;-12.9943038505897
328.42652880497;-12.5878442043776
328.448137039858;-12.1320907558954
328.469745274745;-11.633866915213
328.491353509632;-11.1002686231803
328.51296174452;-10.5314689177038
328.534569979407;-9.92495970213568
328.556178214294;-9.28506079263417
328.577786449182;-8.60241149026855
328.599394684069;-7.87808940372324
328.621002918956;-7.13321230277482
328.642611153844;-6.36234556536333
328.664219388731;-5.55703398673319
328.685827623618;-4.73969090866099
328.707435858505;-3.93229845195738
328.729044093393;-3.1301792500406
328.75065232828;-2.3245551573747
328.772260563167;-1.49765987577361
328.793868798055;-0.664954713957556
328.815477032942;0.149376625628975
328.837085267829;0.949263100979834
328.858693502717;1.74558375567049
328.880301737604;2.52049676294546
328.901909972491;3.24207060690163
328.923518207378;3.90856439849165
328.945126442266;4.53826564680105
328.966734677153;5.145727692905
328.98834291204;5.72586860611453
329.009951146928;6.27023385831518
329.031559381815;6.77501887741984
329.053167616702;7.23733895625379
329.07477585159;7.66489095406612
329.096384086477;8.07878334551869
329.117992321364;8.48790525050177
329.139600556252;8.87875015514179
329.161208791139;9.23695593486244
329.182817026026;9.57825353304827
329.204425260913;9.90967427268002
329.226033495801;10.2253753994455
329.247641730688;10.5442522365434
329.269249965575;10.8961195655783
329.290858200463;11.3001580959627
329.31246643535;11.7512046236366
329.334074670237;12.2385037227291
329.355682905125;12.773671453801
329.377291140012;13.3789912440085
329.398899374899;14.0589015540312
329.420507609786;14.8032194184793
329.442115844674;15.5798407019266
329.463724079561;16.3345551847837
329.485332314448;17.0429404344831
329.506940549336;17.7052714079261
329.528548784223;18.328306357698
329.55015701911;18.896405467737
329.571765253998;19.3846902609319
329.593373488885;19.7792331064586
329.614981723772;20.0858906287294
329.63658995866;20.3206314757669
329.658198193547;20.5003160778423
329.679806428434;20.6372675635593
329.701414663321;20.7425863891288
329.723022898209;20.8217951679019
329.744631133096;20.8840508112562
329.766239367983;20.9436084239586
329.787847602871;21.0090058714768
329.809455837758;21.083278569354
329.831064072645;21.1693417007683
329.852672307533;21.2723722726546
329.87428054242;21.3877029893919
329.895888777307;21.5004875191216
329.917497012194;21.6070767106904
329.939105247082;21.7052007673873
329.960713481969;21.7880289066144
329.982321716856;21.8559890539127
330.003929951744;21.9201878597952
330.025538186631;21.9933617887207
330.047146421518;22.0783413965483
330.068754656406;22.1713103719157
330.090362891293;22.2654712396696
330.11197112618;22.3539468882816
330.133579361068;22.4420684212389
330.155187595955;22.5394223788816
330.176795830842;22.6491214555136
330.198404065729;22.7679490880477
330.220012300617;22.8865541627295
330.241620535504;23.0008231247424
330.263228770391;23.1056937727539
330.284837005279;23.2115337816655
330.306445240166;23.3329426067496
330.328053475053;23.4562175902004
330.349661709941;23.565446176742
330.371269944828;23.673129328033
330.392878179715;23.7782061202861
330.414486414602;23.872402472962
330.43609464949;23.9482293115934
330.457702884377;23.9998464423058
330.479311119264;24.0123037065431
330.500919354152;23.9698906270136
330.522527589039;23.8606351998776
330.544135823926;23.6732569799688
330.565744058814;23.3976426468029
330.587352293701;23.0230303595067
330.608960528588;22.5469022558471
330.630568763476;21.9957501187285
330.652176998363;21.3887259095685
330.67378523325;20.7347980179399
330.695393468137;20.0476968979216
330.717001703025;19.3269358024884
330.738609937912;18.5738368329867
330.760218172799;17.8114202714153
330.781826407687;17.0569293679066
330.803434642574;16.3064147508989
330.825042877461;15.5424054262527
330.846651112349;14.734794518033
330.868259347236;13.8591827358552
330.889867582123;12.9064997155351
330.911475817011;11.8560000273123
330.933084051898;10.6915666677834
330.954692286785;9.42330967750861
330.976300521672;8.08946187716164
330.99790875656;6.74826107565646
331.019516991447;5.42344170281632
331.041125226334;4.11687872141215
331.062733461222;2.82589267638457
331.084341696109;1.59623405671002
331.105949930996;0.520842953068012
331.127558165884;-0.353123621561579
331.149166400771;-1.03060609381158
331.170774635658;-1.51392458180551
331.192382870545;-1.80109038077406
331.213991105433;-1.9128277317588
331.23559934032;-1.90066977031294
331.257207575207;-1.82807419489154
331.278815810095;-1.75966055376146
331.300424044982;-1.75495411608907
331.322032279869;-1.87084440501624
331.343640514757;-2.16767193281775
331.365248749644;-2.68608730987388
331.386856984531;-3.39576594004726
331.408465219419;-4.24273703910291
331.430073454306;-5.18174388869369
331.451681689193;-6.15880854331412
331.47328992408;-7.12061157441781
331.494898158968;-8.03669205901357
331.516506393855;-8.87596144636947
331.538114628742;-9.5362612668531
331.55972286363;-9.93850994368833
331.581331098517;-10.0518463099747
331.602939333404;-9.87936618063277
331.624547568292;-9.42069797517958
331.646155803179;-8.68511638320109
331.667764038066;-7.65839832469136
331.689372272953;-6.32360358044048
331.710980507841;-4.73686144568255
331.732588742728;-3.06457932899148
331.754196977615;-1.40933754334394
331.775805212503;0.245006949380723
331.79741344739;1.92606875857791
331.819021682277;3.58579486709536
331.840629917165;5.09591794905171
331.862238152052;6.36785139222248
331.883846386939;7.40159279382239
331.905454621826;8.20238184128193
331.927062856714;8.75988120671032
331.948671091601;9.07858427181411
331.970279326488;9.16611975199162
331.991887561376;9.05599912612706
332.013495796263;8.80169029505311
332.03510403115;8.4681926405238
332.056712266038;8.11853285932965
332.078320500925;7.811999148411
332.099928735812;7.62580807477264
332.1215369707;7.62218478788847
332.143145205587;7.81729002943443
332.164753440474;8.24404485538059
332.186361675361;8.94745888344308
332.207969910249;9.95788351453227
332.229578145136;11.2656298592047
332.251186380023;12.8715626068771
332.272794614911;14.796454599006
332.294402849798;17.0099058522635
332.316011084685;19.4421726308208
332.337619319573;22.094221069364
332.35922755446;24.9906159641901
332.380835789347;28.0237732704055
332.402444024235;31.0955699300849
332.424052259122;34.0419211464376
332.445660494009;36.828777562074
332.467268728896;39.4523137627369
332.488876963784;41.9147418788765
332.510485198671;44.2153582855465
332.532093433558;46.2941572934291
332.553701668446;48.1342672625608
332.575309903333;49.7140159837051
332.59691813822;51.00166133462
332.618526373108;51.9658270983606
332.640134607995;52.6897751303663
332.661742842882;53.2613326230536
332.683351077769;53.7288144992824
332.704959312657;54.1363738230297
332.726567547544;54.5521252414968
332.748175782431;55.0562842370628
332.769784017319;55.7245507899522
332.791392252206;56.5738178269786
332.813000487093;57.5834389377431
332.834608721981;58.7474387420038
332.856216956868;60.1160663558415
332.877825191755;61.7626855420633
332.899433426643;63.7234320806502
332.92104166153;65.9460180671522
332.942649896417;68.35546130187
332.964258131304;70.8716262384987
332.985866366192;73.3621490591534
333.007474601079;75.667144125199
333.029082835966;77.7009658500574
333.050691070854;79.3368617064887
333.072299305741;80.4120709384218
333.093907540628;80.9375084813894
333.115515775516;80.8652527293786
333.137124010403;80.1420742046707
333.15873224529;78.7905870637899
333.180340480178;76.9341478816009
333.201948715065;74.5786682700492
333.223556949952;71.7184734279525
333.245165184839;68.7075061174928
333.266773419727;65.7783607465901
333.288381654614;63.0822217673206
333.309989889501;60.7253484492237
333.331598124389;58.6702605686213
333.353206359276;57.1527126596326
333.374814594163;56.4063396608028
333.396422829051;56.3553637452668
333.418031063938;57.0717717109453
333.439639298825;58.5283004241674
333.461247533712;60.7510819709319
333.4828557686;63.7821313888865
333.504464003487;67.5801897503454
333.526072238374;71.9958813053903
333.547680473262;76.9657485547611
333.569288708149;82.4662087080098
333.590896943036;88.4227826584333
333.612505177924;94.906192884068
333.634113412811;102.217782230433
333.655721647698;110.406342146188
333.677329882585;119.135718356461
333.698938117473;128.424354395803
333.72054635236;138.236340847096
333.742154587247;148.595358222277
333.763762822135;159.539570751934
333.785371057022;170.915109702412
333.806979291909;182.556010610953
333.828587526797;194.472667228884
333.850195761684;205.870892226514
333.871803996571;216.484338412223
333.893412231459;226.534365529327
333.915020466346;235.89903727059
333.936628701233;244.435240255978
333.95823693612;252.038665070539
333.979845171008;258.462829047063
334.001453405895;263.464648992311
334.023061640782;267.046014421728
334.04466987567;269.195408596483
334.066278110557;270.066627899772
334.087886345444;269.928775926729
334.109494580332;268.978389727913
334.131102815219;267.516883604867
334.152711050106;265.865205161228
334.174319284993;264.368808815879
334.195927519881;263.290265386853
334.217535754768;262.864205528881
334.239143989655;263.149612916866
334.260752224543;264.275275873792
334.28236045943;266.177394519819
334.303968694317;268.797585484901
334.325576929205;272.072173962877
334.347185164092;275.879757495725
334.368793398979;280.211054363555
334.390401633867;284.933204190021
334.412009868754;289.979883158349
334.433618103641;295.251318883247
334.455226338528;300.598058565457
334.476834573416;306.100487643253
334.498442808303;311.987825536509
334.52005104319;318.424142418176
334.541659278078;325.376573946915
334.563267512965;332.965662318322
334.584875747852;341.736841797747
334.60648398274;352.154215043397
334.628092217627;364.212247431455
334.649700452514;378.145900376377
334.671308687402;394.571580944063
334.692916922289;413.44569788689
334.714525157176;435.190058632111
334.736133392063;460.465444914396
334.757741626951;490.392554718536
334.779349861838;526.045575420084
334.800958096725;568.83052323604
334.822566331613;617.228444373646
334.8441745665;670.77888187677
334.865782801387;730.952564580239
334.887391036275;799.923994855399
334.908999271162;879.895026472197
334.930607506049;973.153223725325
334.952215740936;1079.65139846489
334.973823975824;1202.41273236439
334.995432210711;1346.28242080396
335.017040445598;1514.74650138672
335.038648680486;1709.94480800268
335.060256915373;1933.01027920186
335.08186515026;2183.10033674641
335.103473385148;2460.12509699693
335.125081620035;2772.55481351382
335.146689854922;3124.17812239892
335.16829808981;3512.05945115825
335.189906324697;3925.77448568448
335.211514559584;4355.26724644091
335.233122794471;4789.59186788497
335.254731029359;5213.17023496758
335.276339264246;5627.53548193633
335.297947499133;6023.09381417468
335.319555734021;6384.62454939555
335.341163968908;6683.14808882537
335.362772203795;6896.6980580018
335.384380438683;7020.10479975092
335.40598867357;7038.70308342909
335.427596908457;6930.08929746008
335.449205143344;6679.62030350235
335.470813378232;6303.4272809683
335.492421613119;5818.67995435647
335.514029848006;5230.04386210388
335.535638082894;4543.57113392002
335.557246317781;3774.58994350456
335.578854552668;2940.35665053898
335.600462787556;2042.49710017211
335.622071022443;1087.3769151206
335.64367925733;119.706599898115
335.665287492218;-801.803308272556
335.686895727105;-1637.15726022169
335.708503961992;-2384.95448626735
335.730112196879;-3052.1080298966
335.751720431767;-3628.24210680373
335.773328666654;-4088.89650124704
335.794936901541;-4427.00173471962
335.816545136429;-4660.8752126845
335.838153371316;-4806.1162753373
335.859761606203;-4872.87813790223
335.881369841091;-4868.05131465306
335.902978075978;-4798.49807834031
335.924586310865;-4675.11987802302
335.946194545752;-4508.31231687914
335.96780278064;-4324.45057800111
335.989411015527;-4138.87337702071
336.011019250414;-3949.93004387791
336.032627485302;-3765.87822999192
336.054235720189;-3595.4808289468
336.075843955076;-3439.05024283105
336.097452189964;-3295.21416331007
336.119060424851;-3160.62033952342
336.140668659738;-3042.41097958196
336.162276894626;-2948.51961982154
336.183885129513;-2875.92738507963
336.2054933644;-2818.4041168587
336.227101599287;-2773.51346235206
336.248709834175;-2740.32993404304
336.270318069062;-2716.34491685624
336.291926303949;-2696.96717857837
336.313534538837;-2679.22308389938
336.335142773724;-2660.89295373097
336.356751008611;-2639.46793808063
336.378359243499;-2612.30052753956
336.399967478386;-2576.61690362793
336.421575713273;-2529.44643041573
336.44318394816;-2469.55716585722
336.464792183048;-2399.70055704916
336.486400417935;-2318.67792726494
336.508008652822;-2224.96815826775
336.52961688771;-2121.25823270291
336.551225122597;-2011.78865119052
336.572833357484;-1899.62111466148
336.594441592372;-1785.48312212898
336.616049827259;-1669.07499579697
336.637658062146;-1550.00296495864
336.659266297034;-1428.71645602773
336.680874531921;-1308.50208110677
336.702482766808;-1194.88287775923
336.724091001695;-1090.56757153401
336.745699236583;-995.587594482997
336.76730747147;-910.082419248269
336.788915706357;-833.786541687216
336.810523941245;-764.864070666762
336.832132176132;-700.663403086299
336.853740411019;-640.378000304072
336.875348645907;-586.052671714303
336.896956880794;-539.210965294106
336.918565115681;-498.953411506364
336.940173350569;-462.567281543949
336.961781585456;-428.615437246957
336.983389820343;-397.828499353656
337.00499805523;-370.915357254921
337.026606290118;-346.598082859836
337.048214525005;-323.70261635064
337.069822759892;-301.774567427382
337.09143099478;-280.501430812881
337.113039229667;-259.822357369126
337.134647464554;-239.837700832517
337.156255699442;-220.808282289607
337.177863934329;-202.873843828173
337.199472169216;-185.912341658673
337.221080404103;-169.816015818762
337.242688638991;-154.744655777795
337.264296873878;-141.042619065287
337.285905108765;-128.790138675107
337.307513343653;-117.763983161433
337.32912157854;-107.750156391398
337.350729813427;-98.7359460078304
337.372338048315;-90.9504690552803
337.393946283202;-84.605899759638
337.415554518089;-79.7975869358747
337.437162752977;-76.3870993277391
337.458770987864;-74.2022565527091
337.480379222751;-73.2403951531487
337.501987457638;-73.5554982051251
337.523595692526;-75.0432366404166
337.545203927413;-77.4638983654359
337.5668121623;-80.6209273909318
337.588420397188;-84.4144707062359
337.610028632075;-88.6771088259753
337.631636866962;-93.1490569356496
337.65324510185;-97.4654580202381
337.674853336737;-101.388313671476
337.696461571624;-104.897569496766
337.718069806511;-107.967592704504
337.739678041399;-110.471516519307
337.761286276286;-112.289394200887
337.782894511173;-113.465895995091
337.804502746061;-114.048191403759
337.826110980948;-114.028262621361
337.847719215835;-113.46047929386
337.869327450723;-112.508764488898
337.89093568561;-111.293110970388
337.912543920497;-109.894021800146
337.934152155384;-108.425666344951
337.955760390272;-106.960265202933
337.977368625159;-105.561639443574
337.998976860046;-104.297858209502
338.020585094934;-103.190244299673
338.042193329821;-102.208694779504
338.063801564708;-101.302184900153
338.085409799596;-100.415806259284
338.107018034483;-99.5009084968208
338.12862626937;-98.5340201343533
338.150234504258;-97.4813105983562
338.171842739145;-96.2589159850403
338.193450974032;-94.7900194392614
338.215059208919;-93.0666768204035
338.236667443807;-91.0906133575037
338.258275678694;-88.8223685444012
338.279883913581;-86.2367445137639
338.301492148469;-83.4112082776407
338.323100383356;-80.4685684465122
338.344708618243;-77.4006189076807
338.366316853131;-74.1560855080466
338.387925088018;-70.789069582579
338.409533322905;-67.4442926837561
338.431141557793;-64.1378610313226
338.45274979268;-60.8863314436221
338.474358027567;-57.7104289911535
338.495966262454;-54.518252079537
338.517574497342;-51.2580253006696
338.539182732229;-48.0769747130112
338.560790967116;-45.1405164307612
338.582399202004;-42.415868101512
338.604007436891;-39.7850579080423
338.625615671778;-37.1825674987754
338.647223906666;-34.5846979157389
338.668832141553;-32.0648814300616
338.69044037644;-29.6688096314455
338.712048611327;-27.4299609485853
338.733656846215;-25.4605106047519
338.755265081102;-23.8422574388126
338.776873315989;-22.5642936600605
338.798481550877;-21.6028477865395
338.820089785764;-21.0121122422933
338.841698020651;-20.8757827097289
338.863306255539;-21.1919131205874
338.884914490426;-21.920447837138
338.906522725313;-23.0474941957776
338.928130960201;-24.6157161722644
338.949739195088;-26.6106042085024
338.971347429975;-28.9340601332248
338.992955664862;-31.4579417118039
339.01456389975;-34.1660967710766
339.036172134637;-36.8862043059345
339.057780369524;-39.3240288458032
339.079388604412;-41.4279989978971
339.100996839299;-43.2099855747227
339.122605074186;-44.6031339969914
339.144213309074;-45.4698143282262
339.165821543961;-45.7440896648612
339.187429778848;-45.4675289858897
339.209038013735;-44.7233188294762
339.230646248623;-43.5835949934821
339.25225448351;-42.07449172377
339.273862718397;-40.1841209175056
339.295470953285;-38.0262740199169
339.317079188172;-35.8079702084316
339.338687423059;-33.6351911522392
339.360295657947;-31.631809500694
339.381903892834;-29.8778067680054
339.403512127721;-28.428677854159
339.425120362609;-27.3516104447653
339.446728597496;-26.7056730184785
339.468336832383;-26.4919477113094
339.48994506727;-26.683784088007
339.511553302158;-27.2678619859925
339.533161537045;-28.2557975992768
339.554769771932;-29.6481815661837
339.57637800682;-31.342896666306
339.597986241707;-33.1897596830182
339.619594476594;-35.1270577280706
339.641202711482;-37.1788527844579
339.662810946369;-39.2607632131253
339.684419181256;-41.1865498045308
339.706027416143;-42.8882839266704
339.727635651031;-44.3368952953773
339.749243885918;-45.5005723911588
339.770852120805;-46.4018833448364
339.792460355693;-47.0689529663656
339.81406859058;-47.4941602878193
339.835676825467;-47.6348711388381
339.857285060355;-47.5078515834056
339.878893295242;-47.1720237788872
339.900501530129;-46.6545427170284
339.922109765017;-46.0039147198498
339.943717999904;-45.2787552300569
339.965326234791;-44.5249254896664
339.986934469678;-43.76099902149
340.008542704566;-43.0107618224599
340.030150939453;-42.3077866272848
340.05175917434;-41.6637996808817
340.073367409228;-41.0837787464724
340.094975644115;-40.589393827369
340.116583879002;-40.1881788975383
340.13819211389;-39.8513504751666
340.159800348777;-39.5722676266769
340.181408583664;-39.3272527925623
340.203016818551;-39.0969563440932
340.224625053439;-38.8701847054744
340.246233288326;-38.6236084494835
340.267841523213;-38.3299053176074
340.289449758101;-37.9828217137175
340.311057992988;-37.5888893021381
340.332666227875;-37.1523399878449
340.354274462763;-36.6601944301915
340.37588269765;-36.1258297335319
340.397490932537;-35.5874132966526
340.419099167425;-35.0719094048753
340.440707402312;-34.5828969347049
340.462315637199;-34.1236328323221
340.483923872086;-33.7090834062918
340.505532106974;-33.3592558010171
340.527140341861;-33.0829284820663
340.548748576748;-32.8780213592495
340.570356811636;-32.7369624250239
340.591965046523;-32.650915521657
340.61357328141;-32.619940588525
340.635181516298;-32.637843563335
340.656789751185;-32.6931674731893
340.678397986072;-32.7662396717938
340.700006220959;-32.8403113657581
340.721614455847;-32.9043645666675
340.743222690734;-32.9510377765108
340.764830925621;-32.9722516633657
340.786439160509;-32.9577079138978
340.808047395396;-32.8936312009409
340.829655630283;-32.7729424427647
340.851263865171;-32.5837622493576
340.872872100058;-32.3482357750066
340.894480334945;-32.099766669968
340.916088569833;-31.8372595347368
340.93769680472;-31.5594674292843
340.959305039607;-31.2724164852846
340.980913274494;-30.9824038756988
341.002521509382;-30.6989656497156
341.024129744269;-30.4323840569524
341.045737979156;-30.2074118609646
341.067346214044;-30.0398310677881
341.088954448931;-29.9317801422676
341.110562683818;-29.8829568239242
341.132170918706;-29.8970828366421
341.153779153593;-29.9783906152723
341.17538738848;-30.1250176157786
341.196995623368;-30.3390459505573
341.218603858255;-30.6284057268225
341.240212093142;-30.9962952356528
341.261820328029;-31.4389438284537
341.283428562917;-31.9396385903195
341.305036797804;-32.4822821470623
341.326645032691;-33.0655214373946
341.348253267579;-33.6858774466933
341.369861502466;-34.3288151352578
341.391469737353;-34.9722268500781
341.413077972241;-35.5914628345034
341.434686207128;-36.1805187590626
341.456294442015;-36.7505274323324
341.477902676902;-37.3060640708626
341.49951091179;-37.8093631844856
341.521119146677;-38.2321089674243
341.542727381564;-38.5787869159643
341.564335616452;-38.867108194341
341.585943851339;-39.1183475206617
341.607552086226;-39.3429377104782
341.629160321114;-39.5412853003523
341.650768556001;-39.7254578592479
341.672376790888;-39.9231264513675
341.693985025775;-40.1546269338111
341.715593260663;-40.4150143080554
341.73720149555;-40.6921195288349
341.758809730437;-40.9730139835491
341.780417965325;-41.2434439547007
341.802026200212;-41.4956772609616
341.823634435099;-41.7257262200434
341.845242669987;-41.9291891531343
341.866850904874;-42.0991024573295
341.888459139761;-42.2210267112057
341.910067374649;-42.2813803284172
341.931675609536;-42.2813598617276
341.953283844423;-42.2221475427227
341.97489207931;-42.1071427164882
341.996500314198;-41.9487019870873
342.018108549085;-41.7617268761675
342.039716783972;-41.5595499746849
342.06132501886;-41.3473707465004
342.082933253747;-41.125334322309
342.104541488634;-40.899901710873
342.126149723522;-40.6889469795019
342.147757958409;-40.4950425516249
342.169366193296;-40.309091230448
342.190974428183;-40.1213052704474
342.212582663071;-39.9333038915977
342.234190897958;-39.7484732401553
342.255799132845;-39.5566481199283
342.277407367733;-39.3433218419417
342.29901560262;-39.0951076452773
342.320623837507;-38.8112138846623
342.342232072395;-38.5023473711447
342.363840307282;-38.1778629511163
342.385448542169;-37.8360069139502
342.407056777057;-37.4644834129018
342.428665011944;-37.0625183733199
342.450273246831;-36.6635906686679
342.471881481718;-36.2836660335866
342.493489716606;-35.9101458697202
342.515097951493;-35.5342401779181
342.53670618638;-35.1612156665554
342.558314421268;-34.7965204039984
342.579922656155;-34.4296997691305
342.601530891042;-34.0528515110349
342.62313912593;-33.6736790408566
342.644747360817;-33.3110128736762
342.666355595704;-32.9709225268803
342.687963830592;-32.649844454228
342.709572065479;-32.350135024872
342.731180300366;-32.0757405873163
342.752788535253;-31.8206303161553
342.774396770141;-31.5912814973147
342.796005005028;-31.4055506893719
342.817613239915;-31.2588028437402
342.839221474803;-31.1449038786154
342.86082970969;-31.067400764474
342.882437944577;-31.0342897021544
342.904046179465;-31.0493522504894
342.925654414352;-31.1082347052901
342.947262649239;-31.2051711558594
342.968870884126;-31.3369304765055
342.990479119014;-31.5028069222907
343.012087353901;-31.7013338291453
343.033695588788;-31.9223225886798
343.055303823676;-32.1456841052991
343.076912058563;-32.3604788069764
343.09852029345;-32.5636369504329
343.120128528338;-32.7569137081914
343.141736763225;-32.9415392918
343.163344998112;-33.1071979804353
343.184953233;-33.252196663045
343.206561467887;-33.3866679431362
343.228169702774;-33.5243663369783
343.249777937661;-33.655695085968
343.271386172549;-33.7656418295771
343.292994407436;-33.8635766798502
343.314602642323;-33.9621041705178
343.336210877211;-34.0555659085807
343.357819112098;-34.1292051271324
343.379427346985;-34.1740987824834
343.401035581873;-34.1891525372886
343.42264381676;-34.1775533531927
343.444252051647;-34.1354878081828
343.465860286535;-34.0537488212621
343.487468521422;-33.9265474028789
343.509076756309;-33.7500663456523
343.530684991196;-33.5173634534794
343.552293226084;-33.2466745840151
343.573901460971;-32.9659869095484
343.595509695858;-32.6719792332809
343.617117930746;-32.3540057044405
343.638726165633;-32.0163053268488
343.66033440052;-31.6745334509161
343.681942635408;-31.3382206254495
343.703550870295;-31.01526432332
343.725159105182;-30.717140325624
343.746767340069;-30.4476038787557
343.768375574957;-30.2020841413523
343.789983809844;-29.9817543241503
343.811592044731;-29.7951796880701
343.833200279619;-29.6521315002542
343.854808514506;-29.5477969225155
343.876416749393;-29.4674956027715
343.898024984281;-29.3962694737532
343.919633219168;-29.3253437903821
343.941241454055;-29.2494456727469
343.962849688942;-29.1581883257669
343.98445792383;-29.04204274675
344.006066158717;-28.8906807715895
344.027674393604;-28.6985722334891
344.049282628492;-28.4676674544408
344.070890863379;-28.1995289747174
344.092499098266;-27.8889373543284
344.114107333154;-27.527669742874
344.135715568041;-27.1530456348552
344.157323802928;-26.7898782888901
344.178932037816;-26.4571368167296
344.200540272703;-26.1615571125326
344.22214850759;-25.9189977007796
344.243756742477;-25.7499368892103
344.265364977365;-25.6700587959211
344.286973212252;-25.6806559466733
344.308581447139;-25.7799192331424
344.330189682027;-25.9542278076279
344.351797916914;-26.1846785436419
344.373406151801;-26.4579793390624
344.395014386689;-26.7743008934201
344.416622621576;-27.1190846814014
344.438230856463;-27.4847581584995
344.45983909135;-27.853436065859
344.481447326238;-28.2035714609372
344.503055561125;-28.5342138778275
344.524663796012;-28.8469494826301
344.5462720309;-29.1328745127432
344.567880265787;-29.3937315645431
344.589488500674;-29.6460930001068
344.611096735562;-29.8962856362422
344.632704970449;-30.1490158272094
344.654313205336;-30.4143819176246
344.675921440224;-30.6737667366268
344.697529675111;-30.9321284331247
344.719137909998;-31.1993400810708
344.740746144885;-31.4631651885012
344.762354379773;-31.7178446863747
344.78396261466;-31.974753279757
344.805570849547;-32.2381744084748
344.827179084435;-32.5086057324204
344.848787319322;-32.783740153096
344.870395554209;-33.0602441983757
344.892003789097;-33.3374030557909
344.913612023984;-33.618776212478
344.935220258871;-33.9083558155503
344.956828493759;-34.1984232304833
344.978436728646;-34.4804110244329
345.000044963533;-34.7544078016936
345.02165319842;-35.0178819005816
345.043261433308;-35.2667129228054
345.064869668195;-35.4820890674262
345.086477903082;-35.6531895158444
345.10808613797;-35.778177464516
345.129694372857;-35.8489998014882
345.151302607744;-35.8538830929225
345.172910842632;-35.79791772034
345.194519077519;-35.6878218029461
345.216127312406;-35.5214739789548
345.237735547293;-35.3006088961167
345.259343782181;-35.0340299854191
345.280952017068;-34.7260382800135
345.302560251955;-34.3939413491203
345.324168486843;-34.0567740193428
345.34577672173;-33.7260350859457
345.367384956617;-33.3982647437155
345.388993191505;-33.0665408262204
345.410601426392;-32.7355451589237
345.432209661279;-32.4349878350474
345.453817896167;-32.1804544108569
345.475426131054;-31.9471342241473
345.497034365941;-31.7120003263336
345.518642600828;-31.4787648678462
345.540250835716;-31.2660109921928
345.561859070603;-31.071026505574
345.58346730549;-30.872294637338
345.605075540378;-30.6556943306312
345.626683775265;-30.4180657854173
345.648292010152;-30.15088696482
345.66990024504;-29.8574550431159
345.691508479927;-29.5570948005616
345.713116714814;-29.2426920479111
345.734724949701;-28.9100973883572
345.756333184589;-28.573201874084
345.777941419476;-28.2584633420568
345.799549654363;-27.9856089499802
345.821157889251;-27.7565117442882
345.842766124138;-27.574078462003
345.864374359025;-27.4451878960968
345.885982593913;-27.3735921004122
345.9075908288;-27.3604380209943
345.929199063687;-27.4079419977532
345.950807298574;-27.5166791612242
345.972415533462;-27.6807630161744
345.994023768349;-27.8838653491989
346.015632003236;-28.1131764617424
346.037240238124;-28.3633646920809
346.058848473011;-28.6324779533791
346.080456707898;-28.9200637658829
346.102064942786;-29.2304840296657
346.123673177673;-29.5709633079668
346.14528141256;-29.9396736107761
346.166889647448;-30.3355848625518
346.188497882335;-30.7472626886253
346.210106117222;-31.1485000240002
346.231714352109;-31.5263529820004
346.253322586997;-31.8848465062392
346.274930821884;-32.230318069167
346.296539056771;-32.5661661978395
346.318147291659;-32.8913102753456
346.339755526546;-33.1865181943361
346.361363761433;-33.4282455649932
346.382971996321;-33.610759826678
346.404580231208;-33.7470949308036
346.426188466095;-33.837072145056
346.447796700983;-33.8840016714692
346.46940493587;-33.8865370434676
346.491013170757;-33.841892682473
346.512621405644;-33.7736792876317
346.534229640532;-33.7107134818811
346.555837875419;-33.653475908634
346.577446110306;-33.5883842472247
346.599054345194;-33.4991406737006
346.620662580081;-33.396051655799
346.642270814968;-33.3075982327128
346.663879049856;-33.2232646367504
346.685487284743;-33.1280146942038
346.70709551963;-33.018856664533
346.728703754517;-32.9053839813646
346.750311989405;-32.7847662336398
346.771920224292;-32.6483956020792
346.793528459179;-32.4964906556132
346.815136694067;-32.3415115283083
346.836744928954;-32.1826886656141
346.858353163841;-32.0149451533121
346.879961398729;-31.8484274108394
346.901569633616;-31.7099769955678
346.923177868503;-31.5995018993486
346.944786103391;-31.5091725644202
346.966394338278;-31.4392442189024
346.988002573165;-31.4018225906868
347.009610808052;-31.4079120479829
347.03121904294;-31.4586723091588
347.052827277827;-31.5505982684384
347.074435512714;-31.6726176880682
347.096043747602;-31.8222079892503
347.117651982489;-31.9914713828739
347.139260217376;-32.1705763879802
347.160868452264;-32.3526779335643
347.182476687151;-32.5369916704047
347.204084922038;-32.7249400720748
347.225693156926;-32.9184928344035
347.247301391813;-33.1193768264813
347.2689096267;-33.3166636418898
347.290517861587;-33.5040383315444
347.312126096475;-33.6888965372152
347.333734331362;-33.8793238026383
347.355342566249;-34.0815749910534
347.376950801137;-34.2878851724349
347.398559036024;-34.4878802357895
347.420167270911;-34.6850008106439
347.441775505799;-34.8852262325302
347.463383740686;-35.0925169185531
347.484991975573;-35.3040917188321
347.50660021046;-35.509853993105
347.528208445348;-35.7026786610846
347.549816680235;-35.8811778077452
347.571424915122;-36.0506996207008
347.59303315001;-36.2200655905875
347.614641384897;-36.3994968971668
347.636249619784;-36.5969202252066
347.657857854672;-36.81165119214
347.679466089559;-37.0462995222212
347.701074324446;-37.3086326694195
347.722682559334;-37.6123109882256
347.744290794221;-37.9682723504919
347.765899029108;-38.3671704789766
347.787507263995;-38.7891641017017
347.809115498883;-39.2243837441271
347.83072373377;-39.6803413220202
347.852331968657;-40.1741437201517
347.873940203545;-40.715844783691
347.895548438432;-41.2978859705616
347.917156673319;-41.8983026751449
347.938764908207;-42.4892346483756
347.960373143094;-43.0524704606971
347.981981377981;-43.5960293083384
348.003589612868;-44.1331525677122
348.025197847756;-44.6622376229266
348.046806082643;-45.1721946556402
348.06841431753;-45.6593616958398
348.090022552418;-46.1270581403823
348.111630787305;-46.5663190341387
348.133239022192;-46.9646465662379
348.15484725708;-47.3300025584379
348.176455491967;-47.6734954441887
348.198063726854;-48.0076955321712
348.219671961741;-48.3264702768066
348.241280196629;-48.6249935686482
348.262888431516;-48.9176065278417
348.284496666403;-49.2175630170049
348.306104901291;-49.5238316535437
348.327713136178;-49.827465154364
348.349321371065;-50.1258108335598
348.370929605953;-50.4262649979089
348.39253784084;-50.7414572627235
348.414146075727;-51.0862089698705
348.435754310615;-51.4630044361623
348.457362545502;-51.8674501635654
348.478970780389;-52.2845633384285
348.500579015276;-52.6938869283995
348.522187250164;-53.0995041871831
348.543795485051;-53.5122898458458
348.565403719938;-53.9333581040148
348.587011954826;-54.34173918609
348.608620189713;-54.7283644396692
348.6302284246;-55.0997659883504
348.651836659488;-55.4630010733832
348.673444894375;-55.8186201267041
348.695053129262;-56.1636596407824
348.71666136415;-56.4963964025361
348.738269599037;-56.818141059823
348.759877833924;-57.1345890525311
348.781486068811;-57.4463074813732
348.803094303699;-57.7442799636934
348.824702538586;-58.0228139237077
348.846310773473;-58.2883665313468
348.867919008361;-58.5399211263802
348.889527243248;-58.7834441172688
348.911135478135;-59.0263213164832
348.932743713023;-59.2694070002403
348.95435194791;-59.5015533050707
348.975960182797;-59.7111928689148
348.997568417684;-59.9084992501283
349.019176652572;-60.1080838013419
349.040784887459;-60.3130111813846
349.062393122346;-60.5118448661176
349.084001357234;-60.7026781750007
349.105609592121;-60.8967410747376
349.127217827008;-61.1021707635649
349.148826061896;-61.3137615748489
349.170434296783;-61.5247997875541
349.19204253167;-61.7322013702505
349.213650766558;-61.934896990331
349.235259001445;-62.1343151431291
349.256867236332;-62.3360327516371
349.278475471219;-62.5250903988134
349.300083706107;-62.6879928997212
349.321691940994;-62.82849111497
349.343300175881;-62.9612607703265
349.364908410769;-63.0928542939433
349.386516645656;-63.20853521203
349.408124880543;-63.2940090068287
349.429733115431;-63.3543962319917
349.451341350318;-63.3967332239449
349.472949585205;-63.4217265672741
349.494557820093;-63.4256118242968
349.51616605498;-63.4059410631155
349.537774289867;-63.3614039842126
349.559382524754;-63.2951917350423
349.580990759642;-63.2127411564618
349.602598994529;-63.1232653250165
349.624207229416;-63.0345759783165
349.645815464304;-62.9505487235301
349.667423699191;-62.8724311458944
349.689031934078;-62.8080093712013
349.710640168965;-62.7611696347958
349.732248403853;-62.7277032926734
349.75385663874;-62.7036613412012
349.775464873627;-62.6915771245479
349.797073108515;-62.6804971550721
349.818681343402;-62.6573524184718
349.840289578289;-62.6149257680718
349.861897813177;-62.5460656187109
349.883506048064;-62.4410302032709
349.905114282951;-62.289491051789
349.926722517839;-62.0967557266984
349.948330752726;-61.8688129671054
349.969938987613;-61.5897990529894
349.9915472225;-61.2629849237175
350.013155457388;-60.9063397332388
350.034763692275;-60.5267758051063
350.056371927162;-60.1304608463604
350.07798016205;-59.7191105858093
350.099588396937;-59.2824240780117
350.121196631824;-58.8177474505431
350.142804866712;-58.3285853136856
350.164413101599;-57.8311869518944
350.186021336486;-57.3367079335085
350.207629571374;-56.8458152413783
350.229237806261;-56.3631531442196
350.250846041148;-55.9198184999681
350.272454276035;-55.5270131352623
350.294062510923;-55.1693072226913
350.31567074581;-54.8302209752575
350.337278980697;-54.5045980236979
350.358887215585;-54.1881973573213
350.380495450472;-53.873981075131
350.402103685359;-53.5656136342434
350.423711920247;-53.2698583392079
350.445320155134;-52.9760874582145
350.466928390021;-52.6744995910973
350.488536624908;-52.3640990822507
350.510144859796;-52.0470282534747
350.531753094683;-51.7207106957117
350.55336132957;-51.3779252865686
350.574969564458;-51.0182501130128
350.596577799345;-50.6553895036814
350.618186034232;-50.2951348459503
350.63979426912;-49.934137512763
350.661402504007;-49.5777991474786
350.683010738894;-49.2414277513213
350.704618973782;-48.9310668314356
350.726227208669;-48.6397918732623
350.747835443556;-48.3706967548938
350.769443678443;-48.1256137063699
350.791051913331;-47.9034894918404
350.812660148218;-47.6988086557936
350.834268383105;-47.5107574790961
350.855876617993;-47.3457960312878
350.87748485288;-47.2017430390015
350.899093087767;-47.0724492395721
350.920701322655;-46.9483947799325
350.942309557542;-46.8198203044245
350.963917792429;-46.692264820288
350.985526027317;-46.5828156358034
351.007134262204;-46.4916476821238
351.028742497091;-46.4078106681148
351.050350731978;-46.3321711098474
351.071958966866;-46.2674018119103
351.093567201753;-46.2176464880836
351.11517543664;-46.1922100008198
351.136783671528;-46.1999146748796
351.158391906415;-46.233815580885
351.180000141302;-46.2884803750046
351.20160837619;-46.3709066954357
351.223216611077;-46.4935908512512
351.244824845964;-46.6689542745373
351.266433080851;-46.8870587481087
351.288041315739;-47.1265796891764
351.309649550626;-47.3820160302947
351.331257785513;-47.6598107424985
351.352866020401;-47.9633065881782
351.374474255288;-48.294295046111
351.396082490175;-48.6525018158729
351.417690725063;-49.0339938600185
351.43929895995;-49.4340518012899
351.460907194837;-49.8578603288745
351.482515429725;-50.3148185478546
351.504123664612;-50.7951542379562
351.525731899499;-51.2656382030937
351.547340134386;-51.7336407777428
351.568948369274;-52.2232639771104
351.590556604161;-52.7276866745646
351.612164839048;-53.2317919954617
351.633773073936;-53.7035776914168
351.655381308823;-54.1199626135315
351.67698954371;-54.4821684713678
351.698597778598;-54.7968805943594
351.720206013485;-55.0613319333508
351.741814248372;-55.2637338405071
351.763422483259;-55.3912104524207
351.785030718147;-55.4392576113135
351.806638953034;-55.4039370406392
351.828247187921;-55.2791400519638
351.849855422809;-55.06467488187
351.871463657696;-54.7675509032553
351.893071892583;-54.3954163350062
351.914680127471;-53.9424364020642
351.936288362358;-53.4123912223795
351.957896597245;-52.8340527881304
351.979504832132;-52.2307599177044
352.00111306702;-51.6236084662108
352.022721301907;-51.0227569520191
352.044329536794;-50.4211466854999
352.065937771682;-49.8335748690443
352.087546006569;-49.2934145515447
352.109154241456;-48.8075201562433
352.130762476344;-48.3694548670407
352.152370711231;-47.9841605941772
352.173978946118;-47.6628416543171
352.195587181006;-47.3983494390106
352.217195415893;-47.1736270797957
352.23880365078;-46.9759637488554
352.260411885667;-46.8004140279715
352.282020120555;-46.6472079763459
352.303628355442;-46.5120825435544
352.325236590329;-46.3910912268263
352.346844825217;-46.2800230402182
352.368453060104;-46.1738782998815
352.390061294991;-46.0682598247597
352.411669529879;-45.9592094809014
352.433277764766;-45.8459065784459
352.454885999653;-45.7285810081912
352.476494234541;-45.6052665887851
352.498102469428;-45.4835695198617
352.519710704315;-45.3703467337658
352.541318939202;-45.2639447214006
352.56292717409;-45.1587775804453
352.584535408977;-45.0481409038763
352.606143643864;-44.9237220415111
352.627751878752;-44.7795029579537
352.649360113639;-44.6180533971837
352.670968348526;-44.4444918526516
352.692576583414;-44.2595208425891
352.714184818301;-44.0632124501447
352.735793053188;-43.8678685242184
352.757401288075;-43.6931838080332
352.779009522963;-43.5478096573105
352.80061775785;-43.4370640596638
352.822225992737;-43.3757587988847
352.843834227625;-43.3948855912578
352.865442462512;-43.5151348285627
352.887050697399;-43.7324519467357
352.908658932287;-44.0359218712612
352.930267167174;-44.4189210700259
352.951875402061;-44.8916262653295
352.973483636949;-45.4670486003507
352.995091871836;-46.125979815599
353.016700106723;-46.842537850125
353.03830834161;-47.6072740930819
353.059916576498;-48.3979831856359
353.081524811385;-49.1819372555794
353.103133046272;-49.9387355588337
353.12474128116;-50.6557620563622
353.146349516047;-51.3101791665904
353.167957750934;-51.8710345534382
353.189565985822;-52.3245904135686
353.211174220709;-52.6840995685479
353.232782455596;-52.967488884214
353.254390690483;-53.1781050125162
353.275998925371;-53.3106146501494
353.297607160258;-53.3802264584778
353.319215395145;-53.4065969275017
353.340823630033;-53.4103521286001
353.36243186492;-53.4087947392305
353.384040099807;-53.4132416642756
353.405648334695;-53.4311798704147
353.427256569582;-53.477115959363
353.448864804469;-53.5715410073804
353.470473039357;-53.7246665684067
353.492081274244;-53.9366041817644
353.513689509131;-54.20348990884
353.535297744018;-54.5235566834204
353.556905978906;-54.8958675872772
353.578514213793;-55.316191099379
353.60012244868;-55.7714803102167
353.621730683568;-56.2432790705879
353.643338918455;-56.7178764471759
353.664947153342;-57.1786732700989
353.68655538823;-57.6086825385046
353.708163623117;-58.0011556073195
353.729771858004;-58.3518314412799
353.751380092891;-58.6524418974852
353.772988327779;-58.8921466763874
353.794596562666;-59.0880183266279
353.816204797553;-59.2269344614801
353.837813032441;-59.2779345216302
353.859421267328;-59.2355920797217
353.881029502215;-59.1412010621798
353.902637737103;-59.0093538477202
353.92424597199;-58.8417619244136
353.945854206877;-58.641860435256
353.967462441765;-58.4148707761731
353.989070676652;-58.1715785416735
354.010678911539;-57.9164067527388
354.032287146426;-57.6504630343432
354.053895381314;-57.3894944306659
354.075503616201;-57.1451290675837
354.097111851088;-56.9176974449172
354.118720085976;-56.6970517928336
354.140328320863;-56.4664862392199
354.16193655575;-56.2141500864147
354.183544790638;-55.9374149254996
354.205153025525;-55.6473030887533
354.226761260412;-55.347854641495
354.248369495299;-55.027018913201
354.269977730187;-54.6774996686868
354.291585965074;-54.3035158451321
354.313194199961;-53.899783574841
354.334802434849;-53.4305544208533
354.356410669736;-52.8811693323725
354.378018904623;-52.3173517020516
354.399627139511;-51.7531997537398
354.421235374398;-51.1606492309845
354.442843609285;-50.5101091762008
354.464451844173;-49.7906107923787
354.48606007906;-49.037053152487
354.507668313947;-48.27660846474
354.529276548834;-47.5064774176384
354.550884783722;-46.7393437065555
354.572493018609;-45.9847644121867
354.594101253496;-45.2140589092151
354.615709488384;-44.4098616039043
354.637317723271;-43.5990125206437
354.658925958158;-42.8145785236953
354.680534193046;-42.0380185208148
354.702142427933;-41.2509084667849
354.72375066282;-40.4584687912135
354.745358897707;-39.6764904602438
354.766967132595;-38.9096279369289
354.788575367482;-38.1669159060375
354.810183602369;-37.4448136933992
354.831791837257;-36.7229718635371
354.853400072144;-35.9793789377062
354.875008307031;-35.2197956067762
354.896616541919;-34.4596168071303
354.918224776806;-33.6867674224148
354.939833011693;-32.8838132277782
354.961441246581;-32.0428186198695
354.983049481468;-31.1517231010116
355.004657716355;-30.223575338188
355.026265951242;-29.3167914491531
355.04787418613;-28.4698382072512
355.069482421017;-27.6790775451278
355.091090655904;-26.9203994911732
355.112698890792;-26.1690765730489
355.134307125679;-25.4156520278541
355.155915360566;-24.6756775834477
355.177523595454;-23.994488583421
355.199131830341;-23.3497720268497
355.220740065228;-22.725529327531
355.242348300116;-22.1376954415728
355.263956535003;-21.5862683097873
355.28556476989;-21.0448969005834
355.307173004777;-20.4977380266038
355.328781239665;-19.9450763174282
355.350389474552;-19.3893533301864
355.371997709439;-18.8389887975786
355.393605944327;-18.2908529648009
355.415214179214;-17.7320864621734
355.436822414101;-17.1731518975473
355.458430648989;-16.6365023351532
355.480038883876;-16.1428883392085
355.501647118763;-15.6991241155039
355.52325535365;-15.2979009517224
355.544863588538;-14.9327612142605
355.566471823425;-14.5941650266196
355.588080058312;-14.2736036189134
355.6096882932;-13.9642757444798
355.631296528087;-13.6655967758164
355.652904762974;-13.3714352270206
355.674512997862;-13.067491178233
355.696121232749;-12.7404939743996
355.717729467636;-12.3904036528143
355.739337702523;-12.0169761520243
355.760945937411;-11.6108896675091
355.782554172298;-11.1664134115367
355.804162407185;-10.7035581340846
355.825770642073;-10.2375812729836
355.84737887696;-9.7633307139627
355.868987111847;-9.27728035423648
355.890595346735;-8.78124340277095
355.912203581622;-8.28667206966671
355.933811816509;-7.81389040374634
355.955420051397;-7.38364243527832
355.977028286284;-7.0012670929413
355.998636521171;-6.65879888721868
356.020244756058;-6.35457259197604
356.041852990946;-6.09364808388297
356.063461225833;-5.8817821249213
356.08506946072;-5.73138093515185
356.106677695608;-5.65724007030937
356.128285930495;-5.66091169571567
356.149894165382;-5.74005480331353
356.17150240027;-5.89890956388064
356.193110635157;-6.14041833742704
356.214718870044;-6.4440447260786
356.236327104931;-6.80920361783335
356.257935339819;-7.2343789818337
356.279543574706;-7.71000025434334
356.301151809593;-8.22054928388553
356.322760044481;-8.7492780197056
356.344368279368;-9.2886212709147
356.365976514255;-9.83595075527171
356.387584749143;-10.3723122964094
356.40919298403;-10.9001258546817
356.430801218917;-11.4386195778599
356.452409453805;-12.0001375416653
356.474017688692;-12.5874930636482
356.495625923579;-13.1876987757719
356.517234158466;-13.7929573769417
356.538842393354;-14.415360204127
356.560450628241;-15.0641386340661
356.582058863128;-15.7344466831459
356.603667098016;-16.4344493122227
356.625275332903;-17.1870582028263
356.64688356779;-17.9838075183953
356.668491802678;-18.7926742718116
356.690100037565;-19.6044465519191
356.711708272452;-20.4178959122314
356.73331650734;-21.2511781535376
356.754924742227;-22.1247117989843
356.776532977114;-23.0304632493648
356.798141212001;-23.9384192859326
356.819749446889;-24.8294486190173
356.841357681776;-25.6987810313338
356.862965916663;-26.5551055806952
356.884574151551;-27.4037506799977
356.906182386438;-28.216993394922
356.927790621325;-28.9667394836262
356.949398856213;-29.6642609497538
356.9710070911;-30.3232671810469
356.992615325987;-30.9394024165616
357.014223560874;-31.5113096032638
357.035831795762;-32.045972435473
357.057440030649;-32.5439247510886
357.079048265536;-32.992324213172
357.100656500424;-33.3918907928226
357.122264735311;-33.7637085695836
357.143872970198;-34.1234036739176
357.165481205086;-34.475861562309
357.187089439973;-34.8196511202897
357.20869767486;-35.1548146211965
357.230305909748;-35.4859103454039
357.251914144635;-35.8147713115169
357.273522379522;-36.1304114581441
357.295130614409;-36.4210887294418
357.316738849297;-36.6790029566119
357.338347084184;-36.9005829504556
357.359955319071;-37.0839237342044
357.381563553959;-37.223183344825
357.403171788846;-37.3072098581217
357.424780023733;-37.3256168868789
357.446388258621;-37.2808033364131
357.467996493508;-37.1866747674226
357.489604728395;-37.0516184644601
357.511212963282;-36.875512877243
357.53282119817;-36.6490625465406
357.554429433057;-36.3672573580179
357.576037667944;-36.045098476547
357.597645902832;-35.7002111572188
357.619254137719;-35.3391116521523
357.640862372606;-34.9559946593333
357.662470607494;-34.5430193034526
357.684078842381;-34.1030155580106
357.705687077268;-33.6521346021862
357.727295312156;-33.2060815480964
357.748903547043;-32.7715078514417
357.77051178193;-32.3422333813831
357.792120016817;-31.899969551196
357.813728251705;-31.4302929966741
357.835336486592;-30.9565646073298
357.856944721479;-30.5200980122147
357.878552956367;-30.1274781042711
357.900161191254;-29.7676995708832
357.921769426141;-29.4311772847349
357.943377661029;-29.1139572719823
357.964985895916;-28.8236080871509
357.986594130803;-28.5763594024886
358.00820236569;-28.3659232439905
358.029810600578;-28.1722108862632
358.051418835465;-27.9848298649515
358.073027070352;-27.815157784687
358.09463530524;-27.6696222646791
358.116243540127;-27.5352445765632
358.137851775014;-27.3944491077329
358.159460009902;-27.2352243558255
358.181068244789;-27.0498747108223
358.202676479676;-26.8250171319587
358.224284714564;-26.5515858077176
358.245892949451;-26.2298269856082
358.267501184338;-25.8720237328678
358.289109419225;-25.4945698124595
358.310717654113;-25.1004174274727
358.332325889;-24.6944766573437
358.353934123887;-24.2926358440234
358.375542358775;-23.9070490279621
358.397150593662;-23.5495018111756
358.418758828549;-23.2321527051351
358.440367063437;-22.967713209886
358.461975298324;-22.7649889081882
358.483583533211;-22.6374863203498
358.505191768098;-22.59071621472
358.526800002986;-22.6311963244689
358.548408237873;-22.748502973502
358.57001647276;-22.9457660441518
358.591624707648;-23.2136274847443
358.613232942535;-23.5326461161442
358.634841177422;-23.8728310451517
358.65644941231;-24.2059093045137
358.678057647197;-24.526317834271
358.699665882084;-24.8283845438495
358.721274116972;-25.0952334978635
358.742882351859;-25.3123937652965
358.764490586746;-25.4764359713557
358.786098821633;-25.5847873527209
358.807707056521;-25.6357779133422
358.829315291408;-25.6241928965892
358.850923526295;-25.5506094791698
358.872531761183;-25.4298880498068
358.89413999607;-25.2763646535662
358.915748230957;-25.0976962927984
358.937356465845;-24.8943558237196
358.958964700732;-24.672391350502
358.980572935619;-24.4564862237396
359.002181170507;-24.2700540040093
359.023789405394;-24.1305993720145
359.045397640281;-24.0464309120497
359.067005875168;-24.0108721524641
359.088614110056;-24.0231375234297
359.110222344943;-24.0900311506536
359.13183057983;-24.2371946831779
359.153438814718;-24.471963552994
359.175047049605;-24.7923024611407
359.196655284492;-25.1859362009293
359.21826351938;-25.6186137916333
359.239871754267;-26.059411955343
359.261479989154;-26.508590152839
359.283088224041;-26.9860852462786
359.304696458929;-27.4961732757134
359.326304693816;-27.9975704405725
359.347912928703;-28.4571535986575
359.369521163591;-28.8756671372686
359.391129398478;-29.2617746219478
359.412737633365;-29.6174275117156
359.434345868253;-29.9401916322548
359.45595410314;-30.229500692665
359.477562338027;-30.5029836492474
359.499170572915;-30.775494079704
359.520778807802;-31.0555702652205
359.542387042689;-31.3533341701365
359.563995277576;-31.6802154841503
359.585603512464;-32.0414823221993
359.607211747351;-32.4394099082951
359.628819982238;-32.8822008899734
359.650428217126;-33.3814148765706
359.672036452013;-33.948619936885
359.6936446869;-34.5929128144432
359.715252921788;-35.2771540114205
359.736861156675;-35.959430242799
359.758469391562;-36.6421159604805
359.780077626449;-37.3506157562206
359.801685861337;-38.0901949436642
359.823294096224;-38.8209579144485
359.844902331111;-39.52561344838
359.866510565999;-40.2042621453366
359.888118800886;-40.8513672584387
359.909727035773;-41.4622728874663
359.931335270661;-42.0426938890182
359.952943505548;-42.6089387483737
359.974551740435;-43.1566231617646
359.996159975322;-43.6765004900671
360.01776821021;-44.1635590479262
360.039376445097;-44.6225009870294
360.060984679984;-45.0706175654811
360.082592914872;-45.5173128808516
360.104201149759;-45.9473896480911
360.125809384646;-46.3418039111304
360.147417619534;-46.6918717597359
360.169025854421;-47.0016776047979
360.190634089308;-47.2689608269805
360.212242324196;-47.4946005400189
360.233850559083;-47.6830219078461
360.25545879397;-47.8378817946176
360.277067028857;-47.9554586789962
360.298675263745;-48.0319506082306
360.320283498632;-48.0716171989072
360.341891733519;-48.0817360702958
360.363499968407;-48.0700606186862
360.385108203294;-48.0416989390415
360.406716438181;-48.0003313200088
360.428324673069;-47.9487901975615
360.449932907956;-47.8970123330535
360.471541142843;-47.8481544626205
360.493149377731;-47.7907694065949
360.514757612618;-47.7224482916908
360.536365847505;-47.6525115446913
360.557974082392;-47.5950008083715
360.57958231728;-47.556943714389
360.601190552167;-47.5309536029054
360.622798787054;-47.5090748949655
360.644407021942;-47.4862693670872
360.666015256829;-47.4552351260456
360.687623491716;-47.4150038725506
360.709231726604;-47.38407147728
360.730839961491;-47.3684203626366
360.752448196378;-47.363277404528
360.774056431265;-47.3690040255981
360.795664666153;-47.384680197629
360.81727290104;-47.4049230285864
360.838881135927;-47.4335227051811
360.860489370815;-47.4793173809332
360.882097605702;-47.5458080958229
360.903705840589;-47.6375949244833
360.925314075477;-47.7568479675327
360.946922310364;-47.909024466682
360.968530545251;-48.1026471503364
360.990138780139;-48.3368706323534
361.011747015026;-48.5973110499031
361.033355249913;-48.8726767946288
361.0549634848;-49.1613561160528
361.076571719688;-49.4623206239934
361.098179954575;-49.7805336282306
361.119788189462;-50.1162587696136
361.14139642435;-50.4551129894343
361.163004659237;-50.784765803945
361.184612894124;-51.1021361879339
361.206221129012;-51.4128514030457
361.227829363899;-51.7244238497768
361.249437598786;-52.0313870750629
361.271045833674;-52.3264328245623
361.292654068561;-52.6147637244112
361.314262303448;-52.9026427030153
361.335870538335;-53.1857731709212
361.357478773223;-53.4550138956936
361.37908700811;-53.7100527409768
361.400695242997;-53.9516324946968
361.422303477885;-54.1725592256724
361.443911712772;-54.3662296805447
361.465519947659;-54.5324210086116
361.487128182547;-54.6832261624639
361.508736417434;-54.8290821352377
361.530344652321;-54.9648143130084
361.551952887208;-55.082640198716
361.573561122096;-55.1835040296731
361.595169356983;-55.2715654906301
361.61677759187;-55.3504757132543
361.638385826758;-55.4244323144433
361.659994061645;-55.4962737610503
361.681602296532;-55.5715650836193
361.70321053142;-55.6571515283171
361.724818766307;-55.7502880158066
361.746427001194;-55.8405531110365
361.768035236081;-55.9259157100724
361.789643470969;-56.0099752582891
361.811251705856;-56.0936905644768
361.832859940743;-56.1786182858761
361.854468175631;-56.2635041009679
361.876076410518;-56.3447376319588
361.897684645405;-56.4178575330839
361.919292880293;-56.4827306952331
361.94090111518;-56.5386234588518
361.962509350067;-56.5807221750277
361.984117584955;-56.6039648764271
362.005725819842;-56.6071583730103
362.027334054729;-56.5868911523767
362.048942289616;-56.5471458247724
362.070550524504;-56.487706130541
362.092158759391;-56.4053608981406
362.113766994278;-56.297957129385
362.135375229166;-56.1702043630982
362.156983464053;-56.0290386182386
362.17859169894;-55.8684169171806
362.200199933828;-55.6817523882298
362.221808168715;-55.4675830831753
362.243416403602;-55.231282314234
362.265024638489;-54.9764461917241
362.286632873377;-54.6975251398355
362.308241108264;-54.3811995284154
362.329849343151;-54.0224680515019
362.351457578039;-53.6408484488304
362.373065812926;-53.244669809004
362.394674047813;-52.8239604478304
362.416282282701;-52.3723449262708
362.437890517588;-51.9021332736489
362.459498752475;-51.4267587876165
362.481106987363;-50.9555483306515
362.50271522225;-50.4949541730927
362.524323457137;-50.0475257981667
362.545931692024;-49.6067559117065
362.567539926912;-49.1850707010503
362.589148161799;-48.8180213876498
362.610756396686;-48.521281644812
362.632364631574;-48.282624461394
362.653972866461;-48.0890219672892
362.675581101348;-47.938309745678
362.697189336236;-47.8319162246124
362.718797571123;-47.7676730686215
362.74040580601;-47.7403106420188
362.762014040898;-47.7379941305135
362.783622275785;-47.7424079938368
362.805230510672;-47.7471274745969
362.826838745559;-47.7411582125221
362.848446980447;-47.7158951136452
362.870055215334;-47.6655685390908
362.891663450221;-47.6031155952329
362.913271685109;-47.5212740840035
362.934879919996;-47.4007322339027
362.956488154883;-47.235535555056
362.978096389771;-47.0673406723872
