Name;BF_ESR_01_14400s_Z_gon_140dg_result

Recipe
Accumulations;5;Number of accumulations
RetryCount;0;Number of retries on error
AbortOnError;True;Abort on error
EnableQFactorMeasurement;False;Enable/Disable q-Factor measurement
Bfrom;313;B from
Bto;363;B to
SweepTime;60;Sweep time
Modulation;0.2;Modulation
ModulationFreq;100;Modulation
BHoldEnabled;False;B hold enabled
BHold;0;B hold
MicrowavePower;2;Microwave power
MarkerEnabled;False;
MarkerStartField;0;
MarkerEndField;0;
Mode;;
KineticGFact;0;
KineticTotalTransientTime;0;
KineticTimeResolution;0;
TempFrom;5;
TempUseSlope;False;
TempTo;5;
TempdT;1;
TempSetupTime;0;
GonFrom;0;
GonTo;180;
GonSteps;20;
XRayEnabled;False;
XRayTime;3;
XRayVoltage;40;
XRayCurrent;0.5;
UVEnabled;False;
UVIntensity;0;
UVTime;0;
UVLeadTime;0;
UVWavelength;0;
PowSweepFrom;1;
PowSweepTo;5;
PowSweepSteps;5;
AmpModSweepFrom;0;
AmpModSweepTo;1;
AmpModSweepSteps;10;
ExtTriggerEnabled;False;
ExtTrigLeadTime;0;
ExtTrigOnTime;5;

Meas
BField [mT];MW_Absorption []
313.025657806396;44.9317173943517
313.047277893793;44.7792357488855
313.06889798119;44.6563052884249
313.090518068586;44.5670061555647
313.112138155983;44.5225606715281
313.133758243379;44.5260689632913
313.155378330776;44.5662702233565
313.176998418172;44.6558326892102
313.198618505569;44.8190011773612
313.220238592965;45.0488897778395
313.241858680362;45.3275783840592
313.263478767758;45.6419575053979
313.285098855155;45.977877329609
313.306718942551;46.3265919690825
313.328339029948;46.6942063361378
313.349959117344;47.0758832239088
313.371579204741;47.4315757756318
313.393199292137;47.7376429825674
313.414819379534;48.0010598331305
313.436439466931;48.2195567949572
313.458059554327;48.380881094111
313.479679641724;48.482852042621
313.50129972912;48.5268833290543
313.522919816517;48.5138767517868
313.544539903913;48.4506035195418
313.56615999131;48.347769640476
313.587780078706;48.2155236244999
313.609400166103;48.0658433599713
313.631020253499;47.9113038228092
313.652640340896;47.7552075604463
313.674260428292;47.603752286975
313.695880515689;47.4602232757346
313.717500603085;47.3268685986763
313.739120690482;47.2140725604008
313.760740777878;47.1297818693301
313.782360865275;47.0681954397717
313.803980952672;47.0361180394422
313.825601040068;47.0381844874866
313.847221127465;47.0659696038368
313.868841214861;47.1049996318665
313.890461302258;47.1423284865462
313.912081389654;47.1754150717846
313.933701477051;47.2181944369962
313.955321564447;47.2603117982707
313.976941651844;47.2856581703517
313.99856173924;47.2965178198226
314.020181826637;47.2959958831565
314.041801914033;47.2763280832908
314.06342200143;47.2131995178615
314.085042088826;47.1078440954153
314.106662176223;46.9770242059651
314.12828226362;46.8244062340137
314.149902351016;46.6499524827213
314.171522438413;46.4630079324569
314.193142525809;46.2735870702518
314.214762613206;46.0831292712599
314.236382700602;45.9032011364942
314.258002787999;45.7579914776714
314.279622875395;45.6470363698572
314.301242962792;45.5699189478796
314.322863050188;45.5318132113735
314.344483137585;45.5358967315443
314.366103224981;45.583249287507
314.387723312378;45.6784104441752
314.409343399774;45.8174279428662
314.430963487171;45.9878817128407
314.452583574567;46.1875730214393
314.474203661964;46.4216368069873
314.495823749361;46.6834818868707
314.517443836757;46.9576131389872
314.539063924154;47.2404538494276
314.56068401155;47.5192749265762
314.582304098947;47.7840957769333
314.603924186343;48.0411903253283
314.62554427374;48.2735205554104
314.647164361136;48.4700245687071
314.668784448533;48.6359572403198
314.690404535929;48.7633224617315
314.712024623326;48.843416394165
314.733644710722;48.8776247463992
314.755264798119;48.8724582906687
314.776884885515;48.8323824800369
314.798504972912;48.7576867191143
314.820125060309;48.6359966011458
314.841745147705;48.4722088675223
314.863365235102;48.2704323880452
314.884985322498;48.0469758843205
314.906605409895;47.8160315423104
314.928225497291;47.580566765464
314.949845584688;47.3363565442593
314.971465672084;47.0843212100062
314.993085759481;46.8328894692077
315.014705846877;46.5881778133692
315.036325934274;46.3473160866676
315.05794602167;46.1132156841473
315.079566109067;45.8940860576927
315.101186196463;45.7018852861149
315.12280628386;45.5491791117388
315.144426371256;45.4438672928444
315.166046458653;45.3915253850616
315.18766654605;45.3909555908678
315.209286633446;45.4371066155163
315.230906720843;45.5319156467075
315.252526808239;45.6794703657087
315.274146895636;45.8808531094541
315.295766983032;46.1283593195464
315.317387070429;46.3947068746809
315.339007157825;46.6566858250187
315.360627245222;46.910954283617
315.382247332618;47.1595015447109
315.403867420015;47.391454120701
315.425487507411;47.586482574606
315.447107594808;47.7328795700217
315.468727682204;47.8320528665362
315.490347769601;47.8923509758716
315.511967856998;47.9121907662595
315.533587944394;47.8915863464632
315.555208031791;47.8333156871313
315.576828119187;47.7450376290611
315.598448206584;47.6348973861399
315.62006829398;47.5122894673112
315.641688381377;47.3846321973398
315.663308468773;47.2592383201956
315.68492855617;47.1333032659355
315.706548643566;47.0022037285209
315.728168730963;46.8805012211203
315.749788818359;46.7993922800385
315.771408905756;46.7572596623791
315.793028993152;46.7405726359687
315.814649080549;46.7428946403706
315.836269167945;46.7671810242299
315.857889255342;46.8129814371648
315.879509342739;46.8764599844203
315.901129430135;46.9572962100653
315.922749517532;47.0542498909206
315.944369604928;47.1592101438345
315.965989692325;47.2634418732071
315.987609779721;47.3659816743115
316.009229867118;47.4663590934797
316.030849954514;47.5655292947448
316.052470041911;47.660763257558
316.074090129307;47.7537559012203
316.095710216704;47.8457185218226
316.1173303041;47.9316985493899
316.138950391497;48.0093096978129
316.160570478893;48.0829482003192
316.18219056629;48.1639473015556
316.203810653687;48.2601697044774
316.225430741083;48.3619482674433
316.24705082848;48.4576622705719
316.268670915876;48.544726362475
316.290291003273;48.6208156106268
316.311911090669;48.6959738771293
316.333531178066;48.7828315672335
316.355151265462;48.8828632558315
316.376771352859;48.9948900525639
316.398391440255;49.11180760282
316.420011527652;49.2223730648927
316.441631615048;49.320575266521
316.463251702445;49.4115376365651
316.484871789841;49.5020083344888
316.506491877238;49.5887500903919
316.528111964634;49.6761784302324
316.549732052031;49.7668200136777
316.571352139428;49.8596085276738
316.592972226824;49.956417597497
316.614592314221;50.0578018098576
316.636212401617;50.1506179977148
316.657832489014;50.2226968590727
316.67945257641;50.2809052321431
316.701072663807;50.3303847935695
316.722692751203;50.3737649803871
316.7443128386;50.4130625948349
316.765932925996;50.4480800378478
316.787553013393;50.4778696400228
316.809173100789;50.5099353707626
316.830793188186;50.5452730714901
316.852413275582;50.5812587973176
316.874033362979;50.6196098708657
316.895653450376;50.6666240078919
316.917273537772;50.7283097839267
316.938893625169;50.8038905328219
316.960513712565;50.8912497267397
316.982133799962;50.9855530936689
317.003753887358;51.0820451737098
317.025373974755;51.180064400864
317.046994062151;51.2800195123171
317.068614149548;51.3802883803687
317.090234236944;51.4771856059957
317.111854324341;51.5696650656867
317.133474411737;51.6609326751472
317.155094499134;51.7471306377951
317.17671458653;51.826175584322
317.198334673927;51.8975204031625
317.219954761323;51.9634070356971
317.24157484872;52.0250619692921
317.263194936117;52.0816726298075
317.284815023513;52.1351241139257
317.30643511091;52.1948085959635
317.328055198306;52.2687160594027
317.349675285703;52.3585501670986
317.371295373099;52.4587710186751
317.392915460496;52.5635851472119
317.414535547892;52.658862999031
317.436155635289;52.7272381489313
317.457775722685;52.7608864013754
317.479395810082;52.7606449251844
317.501015897478;52.722209403303
317.522635984875;52.6375922377088
317.544256072271;52.5052048395058
317.565876159668;52.324411125518
317.587496247064;52.1004260018816
317.609116334461;51.8286732120534
317.630736421858;51.5162264975792
317.652356509254;51.1926918554268
317.673976596651;50.8774230878212
317.695596684047;50.5719505423933
317.717216771444;50.2833735724292
317.73883685884;50.0171701878785
317.760456946237;49.7717052493976
317.782077033633;49.5398378431314
317.80369712103;49.3090953491469
317.825317208426;49.0647804122887
317.846937295823;48.7877424721212
317.868557383219;48.4678399950756
317.890177470616;48.1214541010242
317.911797558012;47.7618956841816
317.933417645409;47.3862011460185
317.955037732806;46.9966233099777
317.976657820202;46.5953922451324
317.998277907599;46.1787290104947
318.019897994995;45.7511738322546
318.041518082392;45.3421951177868
318.063138169788;44.9691316219197
318.084758257185;44.6222524339058
318.106378344581;44.2931818894489
318.127998431978;43.9896658144112
318.149618519374;43.7172884275297
318.171238606771;43.4872942683811
318.192858694167;43.3131389121613
318.214478781564;43.2040759604377
318.23609886896;43.1572982608013
318.257718956357;43.1595110110034
318.279339043753;43.204654718731
318.30095913115;43.2978180785533
318.322579218547;43.4326458845023
318.344199305943;43.5917086054422
318.36581939334;43.7706432531441
318.387439480736;43.9806077893437
318.409059568133;44.224221616124
318.430679655529;44.4830390167618
318.452299742926;44.7435053245535
318.473919830322;45.0071592974961
318.495539917719;45.2854956160646
318.517160005115;45.5834279760789
318.538780092512;45.8873808727751
318.560400179908;46.1879281108172
318.582020267305;46.4702105069022
318.603640354701;46.7187705307157
318.625260442098;46.9527751229417
318.646880529494;47.1792033828396
318.668500616891;47.3936277068001
318.690120704288;47.5878383818548
318.711740791684;47.7653921980941
318.733360879081;47.9358686831426
318.754980966477;48.0947015569772
318.776601053874;48.2436662882434
318.79822114127;48.3927306254438
318.819841228667;48.5575382004041
318.841461316063;48.734245033329
318.86308140346;48.9059073325525
318.884701490856;49.0656194506843
318.906321578253;49.2093933898783
318.927941665649;49.3388319819639
318.949561753046;49.4585792187893
318.971181840442;49.565406862305
318.992801927839;49.6516895279384
319.014422015236;49.708923355029
319.036042102632;49.7348584743075
319.057662190029;49.7317621961959
319.079282277425;49.7045370257536
319.100902364822;49.6483913706583
319.122522452218;49.552602376875
319.144142539615;49.4159226377555
319.165762627011;49.2381671938878
319.187382714408;49.013946014578
319.209002801804;48.7489766113152
319.230622889201;48.4762893522641
319.252242976597;48.1997177602238
319.273863063994;47.9080291834633
319.29548315139;47.5973992263659
319.317103238787;47.2685536120828
319.338723326183;46.9252298836497
319.36034341358;46.5825827364609
319.381963500977;46.2609316443404
319.403583588373;45.9600369991584
319.42520367577;45.6707474396436
319.446823763166;45.4124008457981
319.468443850563;45.2024967648187
319.490063937959;45.0353811675192
319.511684025356;44.906056688907
319.533304112752;44.804918973873
319.554924200149;44.7304014982583
319.576544287545;44.6862133472093
319.598164374942;44.6711559374604
319.619784462338;44.6809879236682
319.641404549735;44.7109037332032
319.663024637131;44.7603629559993
319.684644724528;44.8323085284957
319.706264811924;44.9322600077365
319.727884899321;45.0662358721345
319.749504986718;45.2284311569859
319.771125074114;45.4103012448712
319.792745161511;45.6077686533025
319.814365248907;45.8348460606908
319.835985336304;46.0892080888101
319.8576054237;46.3465680382568
319.879225511097;46.5782502026492
319.900845598493;46.7748774561176
319.92246568589;46.9441672917943
319.944085773286;47.0911258942974
319.965705860683;47.1964101028777
319.987325948079;47.2498165775452
320.008946035476;47.2571548680268
320.030566122872;47.2224254693255
320.052186210269;47.1428038140478
320.073806297666;47.0212091935245
320.095426385062;46.8660334128956
320.117046472459;46.6768604259486
320.138666559855;46.4514199313263
320.160286647252;46.1996679922627
320.181906734648;45.9257395985823
320.203526822045;45.6179220079786
320.225146909441;45.2888939618335
320.246766996838;44.9555072024382
320.268387084234;44.6367940022304
320.290007171631;44.3362804074116
320.311627259027;44.0499286157974
320.333247346424;43.7855824124424
320.35486743382;43.5582628826764
320.376487521217;43.3720063058773
320.398107608613;43.2273017698847
320.41972769601;43.1318243928208
320.441347783407;43.0834815097351
320.462967870803;43.0788738119263
320.4845879582;43.1026728472941
320.506208045596;43.1453178459834
320.527828132993;43.2003334921783
320.549448220389;43.2528000845846
320.571068307786;43.2948609940066
320.592688395182;43.3229546044412
320.614308482579;43.3252412309115
320.635928569975;43.2908821092247
320.657548657372;43.2228691683096
320.679168744768;43.135380894482
320.700788832165;43.0352565884566
320.722408919561;42.9216963461294
320.744029006958;42.8080777965073
320.765649094355;42.7195569442158
320.787269181751;42.6641756895561
320.808889269148;42.6456028533154
320.830509356544;42.6603672834187
320.852129443941;42.702811038013
320.873749531337;42.7752671886059
320.895369618734;42.8808538582558
320.91698970613;43.0027309783888
320.938609793527;43.1294897660665
320.960229880923;43.2556663930356
320.98184996832;43.3727329765176
321.003470055716;43.4682064079691
321.025090143113;43.5356193497962
321.046710230509;43.5763731060161
321.068330317906;43.5874763116975
321.089950405302;43.5649024563961
321.111570492699;43.5105305175922
321.133190580096;43.4314125267205
321.154810667492;43.3351427957953
321.176430754889;43.2296764901483
321.198050842285;43.1172079025163
321.219670929682;42.9949343664589
321.241291017078;42.8700679968371
321.262911104475;42.7502992514487
321.284531191871;42.6378929147982
321.306151279268;42.5359179709488
321.327771366664;42.4450674647816
321.349391454061;42.3592413665261
321.371011541457;42.2765949891507
321.392631628854;42.1968346282616
321.41425171625;42.1155502573138
321.435871803647;42.0303771975908
321.457491891044;41.940231435621
321.47911197844;41.8401779625877
321.500732065837;41.7186817815042
321.522352153233;41.5729599118934
321.54397224063;41.4200152643778
321.565592328026;41.2711090422261
321.587212415423;41.1204808482276
321.608832502819;40.9602891910551
321.630452590216;40.7958244913911
321.652072677612;40.6368708516613
321.673692765009;40.5044951681767
321.695312852405;40.4140539443671
321.716932939802;40.3674790594585
321.738553027198;40.3643710908761
321.760173114595;40.4032011181319
321.781793201991;40.4924991101625
321.803413289388;40.6417247515173
321.825033376785;40.8488407673715
321.846653464181;41.110846319643
321.868273551578;41.4241731244776
321.889893638974;41.7681020125539
321.911513726371;42.1139666863764
321.933133813767;42.4454165523084
321.954753901164;42.7524986896304
321.97637398856;43.0267690983577
321.997994075957;43.2649273079717
322.019614163353;43.464199234123
322.04123425075;43.6241876394224
322.062854338146;43.7475039766719
322.084474425543;43.8381382999505
322.106094512939;43.8995954505332
322.127714600336;43.9437495024746
322.149334687733;43.9774434313097
322.170954775129;44.0059091717516
322.192574862526;44.0325050217278
322.214194949922;44.0548341511452
322.235815037319;44.0769308567582
322.257435124715;44.1055499023926
322.279055212112;44.1389784039057
322.300675299508;44.171146356526
322.322295386905;44.2054511822247
322.343915474301;44.2464138121209
322.365535561698;44.2872734111655
322.387155649094;44.3273214177361
322.408775736491;44.3685012275497
322.430395823887;44.4082567370346
322.452015911284;44.4451617082068
322.47363599868;44.4819016717204
322.495256086077;44.5168273240672
322.516876173474;44.5456890810569
322.53849626087;44.5659940653953
322.560116348267;44.5759262872219
322.581736435663;44.5741822943567
322.60335652306;44.5594826243259
322.624976610456;44.5303232903301
322.646596697853;44.4812136484083
322.668216785249;44.3939996438722
322.689836872646;44.2606594749057
322.711456960042;44.0617069571313
322.733077047439;43.8063354692005
322.754697134835;43.5108242215384
322.776317222232;43.1849482165479
322.797937309628;42.8357272582282
322.819557397025;42.465643883354
322.841177484422;42.080577330976
322.862797571818;41.6965239128298
322.884417659215;41.3089520409017
322.906037746611;40.9076955845512
322.927657834008;40.512153411902
322.949277921404;40.1362335889537
322.970898008801;39.7952399254154
322.992518096197;39.4932203268375
323.014138183594;39.2153421629357
323.03575827099;38.9509542331027
323.057378358387;38.6988122162512
323.078998445783;38.4675556313946
323.10061853318;38.2680485268982
323.122238620576;38.1002446374296
323.143858707973;37.9692631521174
323.165478795369;37.8905204199709
323.187098882766;37.8572928626215
323.208718970163;37.8511283698596
323.230339057559;37.8801667645118
323.251959144956;37.9485218211624
323.273579232352;38.0351557474888
323.295199319749;38.1261748324176
323.316819407145;38.2215076218942
323.338439494542;38.3254068399772
323.360059581938;38.4390509990218
323.381679669335;38.5514834357701
323.403299756731;38.6474014187002
323.424919844128;38.722373671135
323.446539931524;38.7863567772692
323.468160018921;38.8486723659097
323.489780106317;38.9173921866498
323.511400193714;38.998822664155
323.53302028111;39.0941648944376
323.554640368507;39.209787701481
323.576260455904;39.3528601682253
323.5978805433;39.5119101011395
323.619500630697;39.6819560360532
323.641120718093;39.8672303106651
323.66274080549;40.0730141247441
323.684360892886;40.2950630225608
323.705980980283;40.5210332322989
323.727601067679;40.744187515443
323.749221155076;40.9678001786507
323.770841242472;41.1907459966974
323.792461329869;41.4025159133497
323.814081417265;41.6004628974456
323.835701504662;41.7873933392935
323.857321592058;41.9685814989713
323.878941679455;42.1353784416237
323.900561766852;42.268548937432
323.922181854248;42.3717444132003
323.943801941645;42.4575552391873
323.965422029041;42.5245912927786
323.987042116438;42.5743327727324
324.008662203834;42.6076901279947
324.030282291231;42.6237685286028
324.051902378627;42.6212990335842
324.073522466024;42.5996734467998
324.09514255342;42.5622557654474
324.116762640817;42.5070284034603
324.138382728213;42.4267031839633
324.16000281561;42.3226307199088
324.181622903006;42.2023675811834
324.203242990403;42.0714671584477
324.224863077799;41.9292290768155
324.246483165196;41.7668681449514
324.268103252593;41.5850234404033
324.289723339989;41.3939853526688
324.311343427386;41.2069696733753
324.332963514782;41.0373239894785
324.354583602179;40.8800843861665
324.376203689575;40.7232789061902
324.397823776972;40.5650052742567
324.419443864368;40.4136042655955
324.441063951765;40.267666678868
324.462684039161;40.1197881587136
324.484304126558;39.9730039238942
324.505924213954;39.8352508513766
324.527544301351;39.7021312810031
324.549164388747;39.5660535833037
324.570784476144;39.4323872390485
324.59240456354;39.3110578101767
324.614024650937;39.1914714517916
324.635644738334;39.0633842599196
324.65726482573;38.9247553165201
324.678884913127;38.7716030337929
324.700505000523;38.5972626839095
324.72212508792;38.4015460064938
324.743745175316;38.1868906561057
324.765365262713;37.9510717215138
324.786985350109;37.6954989029051
324.808605437506;37.4268930036174
324.830225524902;37.1494733088781
324.851845612299;36.8688274547102
324.873465699695;36.588853468165
324.895085787092;36.3094697496123
324.916705874488;36.0334734157299
324.938325961885;35.7755967446941
324.959946049281;35.5493647055709
324.981566136678;35.3567168215765
325.003186224075;35.1958750363421
325.024806311471;35.0645073005456
325.046426398868;34.9654489188432
325.068046486264;34.9106073185827
325.089666573661;34.8910247406
325.111286661057;34.8925940561609
325.132906748454;34.9105043905516
325.15452683585;34.9495616123911
325.176146923247;35.010628142134
325.197767010643;35.0863017601613
325.21938709804;35.1711362328276
325.241007185436;35.262103810632
325.262627272833;35.3523249528988
325.284247360229;35.4419612294372
325.305867447626;35.5280348237395
325.327487535023;35.6026185112503
325.349107622419;35.6696489484428
325.370727709816;35.7389017474904
325.392347797212;35.812524076922
325.413967884609;35.8877300856846
325.435587972005;35.96240945788
325.457208059402;36.0278383419544
325.478828146798;36.0732786172797
325.500448234195;36.0963721347327
325.522068321591;36.0981872809823
325.543688408988;36.0715392526844
325.565308496384;36.0019594928028
325.586928583781;35.891424890428
325.608548671177;35.7535727714154
325.630168758574;35.600384247493
325.65178884597;35.434789570167
325.673408933367;35.2499801707195
325.695029020764;35.0320087807349
325.71664910816;34.7729596131338
325.738269195557;34.4914407141991
325.759889282953;34.2093688929488
325.78150937035;33.9324094427874
325.803129457746;33.6602365997266
325.824749545143;33.3976238085015
325.846369632539;33.1511323980376
325.867989719936;32.9205435364299
325.889609807332;32.7059806913007
325.911229894729;32.5121812758247
325.932849982125;32.3314559443951
325.954470069522;32.1539738113452
325.976090156918;31.9824879481817
325.997710244315;31.8204087838054
326.019330331712;31.660720255844
326.040950419108;31.506935779221
326.062570506505;31.3605528230068
326.084190593901;31.2130250225108
326.105810681298;31.0660706020269
326.127430768694;30.9243788758126
326.149050856091;30.7856620068639
326.170670943487;30.6466124382383
326.192291030884;30.4998183351341
326.21391111828;30.3425301581805
326.235531205677;30.1917687885333
326.257151293073;30.0595349562117
326.27877138047;29.9385447756614
326.300391467866;29.8197010484188
326.322011555263;29.6945133931904
326.343631642659;29.5663733728622
326.365251730056;29.4425547151494
326.386871817453;29.3283516498129
326.408491904849;29.2138872172039
326.430111992246;29.0874467430454
326.451732079642;28.9512847646818
326.473352167039;28.8049940323448
326.494972254435;28.6383202533131
326.516592341832;28.4404765058772
326.538212429228;28.2002108812072
326.559832516625;27.9108712229144
326.581452604021;27.5952642937464
326.603072691418;27.2594320243581
326.624692778814;26.8874271038178
326.646312866211;26.4793186877381
326.667932953607;26.0470406050032
326.689553041004;25.6036551760626
326.711173128401;25.1576551401193
326.732793215797;24.7048201435374
326.754413303194;24.2405486683876
326.77603339059;23.7701146184044
326.797653477987;23.3044174675654
326.819273565383;22.8498054272589
326.84089365278;22.4171563424586
326.862513740176;21.9954149861906
326.884133827573;21.5729806838409
326.905753914969;21.1731776603774
326.927374002366;20.8280370675359
326.948994089762;20.5271261496269
326.970614177159;20.2529778925406
326.992234264555;19.9961902843236
327.013854351952;19.7553814240728
327.035474439348;19.5441885815053
327.057094526745;19.3525057047303
327.078714614142;19.1560083077885
327.100334701538;18.9412461629125
327.121954788935;18.7126785664264
327.143574876331;18.461602953245
327.165194963728;18.1616622167115
327.186815051124;17.8048479244438
327.208435138521;17.3993934499447
327.230055225917;16.9627473018585
327.251675313314;16.5172383350265
327.27329540071;16.0714070724499
327.294915488107;15.6269361704191
327.316535575503;15.188324803819
327.3381556629;14.7604105785041
327.359775750296;14.3645024072862
327.381395837693;14.0160611026269
327.40301592509;13.7175383629214
327.424636012486;13.4677341277143
327.446256099883;13.2670275050582
327.467876187279;13.1025846343015
327.489496274676;12.9572660628469
327.511116362072;12.8210190705826
327.532736449469;12.6894441830396
327.554356536865;12.5540540603937
327.575976624262;12.4012536932932
327.597596711658;12.218211069663
327.619216799055;12.0074682330935
327.640836886451;11.7688211117674
327.662456973848;11.4974222968714
327.684077061244;11.205461824786
327.705697148641;10.9055734696059
327.727317236037;10.5966418986801
327.748937323434;10.2803714234703
327.770557410831;9.96519994623219
327.792177498227;9.66196017395843
327.813797585624;9.37698903866587
327.83541767302;9.09537030917334
327.857037760417;8.80307102901097
327.878657847813;8.50492684100598
327.90027793521;8.21494738842246
327.921898022606;7.92850213328947
327.943518110003;7.63569399182558
327.965138197399;7.341230982285
327.986758284796;7.04932658103279
328.008378372192;6.75757266122951
328.029998459589;6.47747918790881
328.051618546985;6.2217948632503
328.073238634382;5.99972929027999
328.094858721779;5.81434432968679
328.116478809175;5.67121709106812
328.138098896572;5.58000849404124
328.159718983968;5.55142251970809
328.181339071365;5.59266872207981
328.202959158761;5.70980655836988
328.224579246158;5.89239478363386
328.246199333554;6.12437052693092
328.267819420951;6.39928824886817
328.289439508347;6.72128683672931
328.311059595744;7.09783221061689
328.33267968314;7.50680619092632
328.354299770537;7.9019983597606
328.375919857933;8.25594433254326
328.39753994533;8.56132590855494
328.419160032726;8.81078361362525
328.440780120123;8.98711530943972
328.46240020752;9.08531793824969
328.484020294916;9.12344097488931
328.505640382313;9.10175825234209
328.527260469709;9.02413256835238
328.548880557106;8.90106740538719
328.570500644502;8.75517691615261
328.592120731899;8.61318378195967
328.613740819295;8.49709202378625
328.635360906692;8.4187582940634
328.656980994088;8.38238348227299
328.678601081485;8.39424219329245
328.700221168881;8.46251426366398
328.721841256278;8.5860060140565
328.743461343674;8.75730657970814
328.765081431071;8.98183205184603
328.786701518467;9.25710849989338
328.808321605864;9.55578081720218
328.829941693261;9.86224924054938
328.851561780657;10.1829018456603
328.873181868054;10.5167238208725
328.89480195545;10.8502105978845
328.916422042847;11.18027221719
328.938042130243;11.5108281973117
328.95966221764;11.8429813377648
328.981282305036;12.1707227375668
329.002902392433;12.4877890996821
329.024522479829;12.7978207612375
329.046142567226;13.1047913447909
329.067762654622;13.4134277029391
329.089382742019;13.7207324593688
329.111002829415;14.0094390968926
329.132622916812;14.263540900576
329.154243004209;14.4818089886524
329.175863091605;14.6674178406822
329.197483179002;14.8197659589903
329.219103266398;14.9332952089815
329.240723353795;15.0015322728091
329.262343441191;15.0188913645369
329.283963528588;14.9740976960625
329.305583615984;14.8645398142354
329.327203703381;14.6908665471393
329.348823790777;14.4494374453378
329.370443878174;14.1491923035267
329.39206396557;13.8073536889751
329.413684052967;13.4295905945614
329.435304140363;13.0094529647113
329.45692422776;12.5662766150823
329.478544315156;12.1434520497223
329.500164402553;11.7691736105315
329.52178448995;11.4466009851606
329.543404577346;11.1717681532985
329.565024664743;10.9465965109482
329.586644752139;10.7836072825082
329.608264839536;10.6858785029976
329.629884926932;10.6461257176424
329.651505014329;10.659022582211
329.673125101725;10.7132934087571
329.694745189122;10.7940656204759
329.716365276518;10.8959117358008
329.737985363915;11.0206755665281
329.759605451311;11.1703258718338
329.781225538708;11.3429657417885
329.802845626104;11.532872956546
329.824465713501;11.7409323749009
329.846085800897;11.971926668863
329.867705888294;12.221405749433
329.889325975691;12.4710988846727
329.910946063087;12.7149725810201
329.932566150484;12.9554325835344
329.95418623788;13.1953433445191
329.975806325277;13.4268047471116
329.997426412673;13.6422521698065
330.01904650007;13.8318123540737
330.040666587466;13.9936752950932
330.062286674863;14.1334648889163
330.083906762259;14.2657190510761
330.105526849656;14.3989118503878
330.127146937052;14.5315521167561
330.148767024449;14.6657196646705
330.170387111845;14.8052723039885
330.192007199242;14.950877311908
330.213627286639;15.1033783780198
330.235247374035;15.2630882605833
330.256867461432;15.4313963701782
330.278487548828;15.6128909725059
330.300107636225;15.8128966807731
330.321727723621;16.0263154691173
330.343347811018;16.2405079464799
330.364967898414;16.4512128256776
330.386587985811;16.6586920938924
330.408208073207;16.8641574057501
330.429828160604;17.0691499377347
330.451448248;17.2696417371317
330.473068335397;17.4482365036266
330.494688422793;17.6144054111756
330.51630851019;17.769773229932
330.537928597586;17.9079777301057
330.559548684983;18.0326003492777
330.58116877238;18.1552395925953
330.602788859776;18.2932473225136
330.624408947173;18.4511670490139
330.646029034569;18.6287373671866
330.667649121966;18.8385158375069
330.689269209362;19.0922354179253
330.710889296759;19.3859951329831
330.732509384155;19.7083324917348
330.754129471552;20.0620062656429
330.775749558948;20.4514314865253
330.797369646345;20.8636870528546
330.818989733741;21.2735652269648
330.840609821138;21.6703364692561
330.862229908534;22.0530878586237
330.883849995931;22.4172664703978
330.905470083327;22.7559508716372
330.927090170724;23.0577500393803
330.948710258121;23.3170647376221
330.970330345517;23.5301655677103
330.991950432914;23.7016001245504
331.01357052031;23.8388636966053
331.035190607707;23.9458072726708
331.056810695103;24.027483702318
331.0784307825;24.0889651440257
331.100050869896;24.1131755875647
331.121670957293;24.0701516238513
331.143291044689;23.9563978853675
331.164911132086;23.7629813195584
331.186531219482;23.4826251927131
331.208151306879;23.1372954095759
331.229771394275;22.7488624875232
331.251391481672;22.3287374558099
331.273011569069;21.8873474449679
331.294631656465;21.4411243131277
331.316251743862;21.0231740697403
331.337871831258;20.6613838554183
331.359491918655;20.4138762896357
331.381112006051;20.2880904455491
331.402732093448;20.2816381301531
331.424352180844;20.3730849499891
331.445972268241;20.5482944970307
331.467592355637;20.8091850123512
331.489212443034;21.1296320648319
331.51083253043;21.4409005938859
331.532452617827;21.7008995050989
331.554072705223;21.8939773676827
331.57569279262;22.0175735817532
331.597312880016;22.0786604607585
331.618932967413;22.0862045751307
331.64055305481;22.0636284058287
331.662173142206;22.0619689868697
331.683793229603;22.1420505259209
331.705413316999;22.3618723494618
331.727033404396;22.7996188864089
331.748653491792;23.5633910468986
331.770273579189;24.7090450974582
331.791893666585;26.2150987394613
331.813513753982;28.0890138426082
331.835133841378;30.4124432851393
331.856753928775;33.1954044822643
331.878374016171;36.3094691650378
331.899994103568;39.6060734880614
331.921614190964;43.121471531762
331.943234278361;47.0345775764215
331.964854365758;51.5252199603475
331.986474453154;56.4374597529312
332.008094540551;61.4201508523711
332.029714627947;66.3792013279866
332.051334715344;71.3604524405877
332.07295480274;76.3446913608675
332.094574890137;81.1870699215972
332.116194977533;85.7567982081016
332.13781506493;89.99403290821
332.159435152326;93.8471595263676
332.181055239723;97.2591399614321
332.202675327119;100.322133587573
332.224295414516;103.179626631164
332.245915501912;105.794163658225
332.267535589309;108.044323520628
332.289155676705;109.885142068227
332.310775764102;111.379400229519
332.332395851499;112.661560134379
332.354015938895;113.844822179435
332.375636026292;114.999088096502
332.397256113688;116.227909580242
332.418876201085;117.6892269671
332.440496288481;119.494112330989
332.462116375878;121.749674924293
332.483736463274;124.58138581179
332.505356550671;128.007468051023
332.526976638067;131.930117887633
332.548596725464;136.312466715786
332.57021681286;141.120614250108
332.591836900257;146.274680708197
332.613456987653;151.773204154867
332.63507707505;157.574040217714
332.656697162447;163.490128785206
332.678317249843;169.344910386534
332.69993733724;175.206475270704
332.721557424636;181.141259233719
332.743177512033;187.064091156788
332.764797599429;192.731547933234
332.786417686826;197.934782149481
332.808037774222;202.657622055607
332.829657861619;207.018915705554
332.851277949015;210.953717633973
332.872898036412;214.359327435081
332.894518123808;217.297291752278
332.916138211205;219.89864409272
332.937758298601;222.130223859841
332.959378385998;224.042183590427
332.980998473394;225.690354512561
333.002618560791;227.149013721324
333.024238648188;228.547585647403
333.045858735584;229.973597792091
333.067478822981;231.465436635974
333.089098910377;233.033545872944
333.110718997774;234.69717149677
333.13233908517;236.518917837569
333.153959172567;238.549693284052
333.175579259963;240.774641213948
333.19719934736;243.188107504404
333.218819434756;245.74603193296
333.240439522153;248.277574088866
333.262059609549;250.575285608813
333.283679696946;252.54399444223
333.305299784342;254.160831774887
333.326919871739;255.378493480821
333.348539959136;256.041771122138
333.370160046532;255.973451121732
333.391780133929;255.198690224136
333.413400221325;253.838413117798
333.435020308722;251.953497598749
333.456640396118;249.588750742287
333.478260483515;246.809054642091
333.499880570911;243.738711913964
333.521500658308;240.59728790984
333.543120745704;237.694691176601
333.564740833101;235.414174428022
333.586360920497;233.804910570074
333.607981007894;233.029234882805
333.62960109529;233.369402390747
333.651221182687;234.982313502183
333.672841270083;237.894863317374
333.69446135748;242.229564958621
333.716081444877;248.177519910525
333.737701532273;256.004593097029
333.75932161967;265.733259493488
333.780941707066;277.339389895805
333.802561794463;291.276017676402
333.824181881859;307.32329804318
333.845801969256;324.388002647942
333.867422056652;342.105294452175
333.889042144049;360.898501603778
333.910662231445;381.252282903101
333.932282318842;403.326935822284
333.953902406238;426.523405853694
333.975522493635;448.892336944546
333.997142581031;469.795512141335
334.018762668428;488.954199536222
334.040382755825;506.11735234686
334.062002843221;520.969704115127
334.083622930618;532.774730443754
334.105243018014;540.779391244316
334.126863105411;544.533864967038
334.148483192807;544.094531927861
334.170103280204;539.377675499125
334.1917233676;530.077820907166
334.213343454997;516.705689648329
334.234963542393;500.310968040174
334.25658362979;481.753405219208
334.278203717186;461.438213848159
334.299823804583;440.046879502311
334.321443891979;418.890214560334
334.343063979376;398.649202275174
334.364684066772;379.982023226892
334.386304154169;363.961165329087
334.407924241566;351.165224412873
334.429544328962;342.057141444489
334.451164416359;336.916795985562
334.472784503755;335.565742324105
334.494404591152;337.341505441784
334.516024678548;341.574272432247
334.537644765945;347.733213199428
334.559264853341;355.411898027415
334.580884940738;364.317480278741
334.602505028134;374.108663372752
334.624125115531;384.46427954076
334.645745202927;395.204055417877
334.667365290324;406.067043197645
334.68898537772;416.848395381497
334.710605465117;427.492225089357
334.732225552513;438.125321732012
334.75384563991;449.001026008322
334.775465727307;460.695663949685
334.797085814703;473.70389022147
334.8187059021;487.84483062799
334.840325989496;502.938187556201
334.861946076893;519.292845512711
334.883566164289;537.673692426971
334.905186251686;558.97651801012
334.926806339082;583.807274043983
334.948426426479;613.043236736743
334.970046513875;646.724627655524
334.991666601272;684.622987355181
335.013286688668;727.524867579813
335.034906776065;777.683557698503
335.056526863461;838.268955055453
335.078146950858;912.795367788083
335.099767038255;1002.30065689332
335.121387125651;1106.32732216006
335.143007213048;1226.22896378723
335.164627300444;1365.41387465268
335.186247387841;1524.1124504445
335.207867475237;1699.63381312539
335.229487562634;1896.75830679731
335.25110765003;2124.1397305573
335.272727737427;2388.69391492871
335.294347824823;2690.66118017429
335.31596791222;3019.6221301713
335.337587999616;3362.31214164778
335.359208087013;3711.82708734696
335.380828174409;4073.92769944557
335.402448261806;4460.54676688998
335.424068349202;4880.3722112216
335.445688436599;5323.4398981019
335.467308523996;5764.09231342417
335.488928611392;6185.35083836898
335.510548698789;6581.64216966473
335.532168786185;6956.36218217793
335.553788873582;7307.59710530361
335.575408960978;7620.7198253507
335.597029048375;7880.66825795956
335.618649135771;8075.17134611712
335.640269223168;8197.79458951878
335.661889310564;8246.73684201832
335.683509397961;8215.58087907257
335.705129485357;8099.06196540757
335.726749572754;7900.63129362722
335.74836966015;7617.65236806309
335.769989747547;7240.74692519205
335.791609834943;6772.5079488947
335.81322992234;6231.63457600354
335.834850009737;5642.41661368442
335.856470097133;5018.70454413978
335.87809018453;4348.73958158033
335.899710271926;3614.16019926682
335.921330359323;2821.25024149524
335.942950446719;1999.0599068382
335.964570534116;1185.79283595581
335.986190621512;408.802666463983
336.007810708909;-336.038329541913
336.029430796305;-1059.92438535849
336.051050883702;-1756.48077056939
336.072670971098;-2416.43230214828
336.094291058495;-3024.63487838772
336.115911145891;-3560.03982669109
336.137531233288;-4031.48539312698
336.159151320685;-4447.11714083617
336.180771408081;-4807.12095544214
336.202391495478;-5113.15596927149
336.224011582874;-5367.03677013104
336.245631670271;-5570.27668544296
336.267251757667;-5732.34315116416
336.288871845064;-5864.88844925715
336.31049193246;-5974.58747286657
336.332112019857;-6066.63854350382
336.353732107253;-6145.60994143196
336.37535219465;-6215.38651583981
336.396972282046;-6276.8242841978
336.418592369443;-6331.01436569806
336.440212456839;-6378.4571191747
336.461832544236;-6418.65359737854
336.483452631632;-6450.26402354696
336.505072719029;-6469.79675828429
336.526692806426;-6471.750617802
336.548312893822;-6453.20796849782
336.569932981219;-6412.88874069485
336.591553068615;-6348.14480867314
336.613173156012;-6255.10292798857
336.634793243408;-6131.28056474293
336.656413330805;-5977.13473185567
336.678033418201;-5798.15234911678
336.699653505598;-5594.33899037085
336.721273592994;-5358.35586687973
336.742893680391;-5096.16819508301
336.764513767787;-4818.07238414396
336.786133855184;-4523.44412998571
336.80775394258;-4218.46354700226
336.829374029977;-3914.11513461936
336.850994117373;-3616.9276867734
336.87261420477;-3333.156629319
336.894234292167;-3069.48033505166
336.915854379563;-2823.80082118699
336.93747446696;-2587.85635192686
336.959094554356;-2359.46291216882
336.980714641753;-2142.62792963507
337.002334729149;-1936.67814150249
337.023954816546;-1742.89043774336
337.045574903942;-1564.7334116722
337.067194991339;-1406.95695574526
337.088815078735;-1269.03221375527
337.110435166132;-1149.48867283212
337.132055253528;-1044.15370844991
337.153675340925;-948.509661426289
337.175295428321;-861.674065530467
337.196915515718;-784.131716069797
337.218535603115;-716.187475690617
337.240155690511;-657.656095165875
337.261775777908;-605.979369606321
337.283395865304;-558.563066180923
337.305015952701;-514.711567237356
337.326636040097;-474.398111721076
337.348256127494;-436.918682164953
337.36987621489;-401.443772603443
337.391496302287;-368.709225908206
337.413116389683;-339.769073387346
337.43473647708;-314.191097631886
337.456356564476;-290.99520185785
337.477976651873;-269.684892211939
337.499596739269;-250.162163744175
337.521216826666;-232.31126851165
337.542836914062;-216.09601589013
337.564457001459;-201.630594295412
337.586077088856;-189.196792780281
337.607697176252;-178.900154160936
337.629317263649;-170.618420469762
337.650937351045;-164.243105928117
337.672557438442;-159.622776684172
337.694177525838;-156.543895104777
337.715797613235;-154.96986916808
337.737417700631;-154.886988791888
337.759037788028;-156.122157829981
337.780657875424;-158.502810151058
337.802277962821;-161.833885193341
337.823898050217;-165.860807966686
337.845518137614;-170.460059854594
337.86713822501;-175.307973832014
337.888758312407;-180.037041010456
337.910378399804;-184.48733963256
337.9319984872;-188.550390293814
337.953618574597;-192.049302902963
337.975238661993;-194.896248736476
337.99685874939;-197.055755604065
338.018478836786;-198.485825399982
338.040098924183;-199.16922107117
338.061719011579;-199.140879780441
338.083339098976;-198.470807471548
338.104959186372;-197.194062520654
338.126579273769;-195.38057368858
338.148199361165;-193.190323228186
338.169819448562;-190.793581493875
338.191439535958;-188.240202978781
338.213059623355;-185.427040863556
338.234679710751;-182.343104584538
338.256299798148;-179.180590860407
338.277919885545;-176.01160325885
338.299539972941;-172.795293684392
338.321160060338;-169.538022096147
338.342780147734;-166.377167232068
338.364400235131;-163.317170720755
338.386020322527;-160.174821204175
338.407640409924;-156.777790647462
338.42926049732;-153.148010374342
338.450880584717;-149.432598332287
338.472500672113;-145.691193820472
338.49412075951;-141.862372576226
338.515740846906;-137.87351666954
338.537360934303;-133.635461749801
338.558981021699;-129.122444897368
338.580601109096;-124.45403752618
338.602221196493;-119.824875869785
338.623841283889;-115.300775426957
338.645461371286;-110.869359622512
338.667081458682;-106.460524809111
338.688701546079;-102.045327441046
338.710321633475;-97.6556762773881
338.731941720872;-93.3311597240197
338.753561808268;-89.0208121561857
338.775181895665;-84.6578702534237
338.796801983061;-80.2312272173889
338.818422070458;-75.7511585831573
338.840042157854;-71.3249104002856
338.861662245251;-67.1027222165173
338.883282332647;-63.1642951325257
338.904902420044;-59.4694171284291
338.926522507441;-55.9829013118027
338.948142594837;-52.775163608798
338.969762682234;-49.9702605235803
338.99138276963;-47.6916481754002
339.013002857027;-45.944247096897
339.034622944423;-44.7198392789042
339.05624303182;-44.0705701034914
339.077863119216;-44.1128905810951
339.099483206613;-44.9627951590408
339.121103294009;-46.3419444753036
339.142723381406;-48.2510255258039
339.164343468802;-50.5469919142983
339.185963556199;-53.1635525243578
339.207583643595;-55.9964997280533
339.229203730992;-58.8486840589659
339.250823818388;-61.4328902718051
339.272443905785;-63.5713059029915
339.294063993182;-65.188938527623
339.315684080578;-66.1923242478766
339.337304167975;-66.5441384654601
339.358924255371;-66.3003071574634
339.380544342768;-65.4041428174352
339.402164430164;-63.7815742108274
339.423784517561;-61.6841219001585
339.445404604957;-59.3404257737752
339.467024692354;-56.7397871805543
339.48864477975;-53.9136425973729
339.510264867147;-50.988279524058
339.531884954543;-48.0305314185003
339.55350504194;-45.1424689637402
339.575125129336;-42.4794500451889
339.596745216733;-40.1158231593228
339.618365304129;-38.0641621400443
339.639985391526;-36.3267669540965
339.661605478923;-34.9247524053205
339.683225566319;-33.9104725653387
339.704845653716;-33.2932418032093
339.726465741112;-33.0485539062949
339.748085828509;-33.1671047823562
339.769705915905;-33.6439942803684
339.791326003302;-34.4497041391813
339.812946090698;-35.532486059992
339.834566178095;-36.8292348542865
339.856186265491;-38.2486681322604
339.877806352888;-39.7032665606224
339.899426440284;-41.1469620699207
339.921046527681;-42.5619285473451
339.942666615077;-43.9328029292367
339.964286702474;-45.2564161007363
339.985906789871;-46.5002801227562
340.007526877267;-47.5865350063672
340.029146964664;-48.4488472266931
340.05076705206;-49.073969407803
340.072387139457;-49.50608420862
340.094007226853;-49.7655371167291
340.11562731425;-49.8705041824731
340.137247401646;-49.8437366517595
340.158867489043;-49.7184213454814
340.180487576439;-49.5271678279951
340.202107663836;-49.2910998376242
340.223727751232;-49.0257667057896
340.245347838629;-48.7576353672118
340.266967926025;-48.5403753213388
340.288588013422;-48.3969952179781
340.310208100818;-48.3235644854781
340.331828188215;-48.3151243395211
340.353448275612;-48.3782569644771
340.375068363008;-48.5043317163489
340.396688450405;-48.6674312938394
340.418308537801;-48.8411811687323
340.439928625198;-49.0021476183191
340.461548712594;-49.1294657659896
340.483168799991;-49.1941683688706
340.504788887387;-49.1594205723077
340.526408974784;-49.0090589925176
340.54802906218;-48.7521742448839
340.569649149577;-48.3882757949459
340.591269236973;-47.917040114735
340.61288932437;-47.3469595299319
340.634509411766;-46.6736995571175
340.656129499163;-45.9048611149097
340.677749586559;-45.0653950440863
340.699369673956;-44.2141188028914
340.720989761353;-43.3932672520736
340.742609848749;-42.5958175712754
340.764229936146;-41.7996889313186
340.785850023542;-41.0147589658281
340.807470110939;-40.2723184515603
340.829090198335;-39.5701284924724
340.850710285732;-38.8784048957586
340.872330373128;-38.1921158759563
340.893950460525;-37.5200499984576
340.915570547921;-36.8392190679394
340.937190635318;-36.1295915443649
340.958810722714;-35.4092004653231
340.980430810111;-34.6993996639319
341.002050897507;-33.9815606135163
341.023670984904;-33.2483775678217
341.045291072301;-32.5106877010138
341.066911159697;-31.7821878122831
341.088531247094;-31.0716807657016
341.11015133449;-30.3877898806612
341.131771421887;-29.7355442646546
341.153391509283;-29.1098881802292
341.17501159668;-28.5062451163843
341.196631684076;-27.9401927408585
341.218251771473;-27.4351032816486
341.239871858869;-26.9898414765662
341.261491946266;-26.592183811874
341.283112033662;-26.2265215022165
341.304732121059;-25.8892032590287
341.326352208455;-25.5857889634619
341.347972295852;-25.3128760068916
341.369592383248;-25.0590250544322
341.391212470645;-24.8111512806321
341.412832558042;-24.5650302952568
341.434452645438;-24.3365969193633
341.456072732835;-24.1412834784439
341.477692820231;-23.9791200707797
341.499312907628;-23.8536973605666
341.520932995024;-23.7740912253883
341.542553082421;-23.7314871167256
341.564173169817;-23.7115510511082
341.585793257214;-23.718562134373
341.60741334461;-23.7647576743896
341.629033432007;-23.8479107993064
341.650653519403;-23.9542745763456
341.6722736068;-24.0761139846261
341.693893694196;-24.2102185314436
341.715513781593;-24.3573947887197
341.737133868989;-24.5142775160694
341.758753956386;-24.6782302073321
341.780374043783;-24.8583846017377
341.801994131179;-25.0690296582858
341.823614218576;-25.3100757822005
341.845234305972;-25.5667508058771
341.866854393369;-25.8350178716093
341.888474480765;-26.1240267075762
341.910094568162;-26.441941378886
341.931714655558;-26.7792516837616
341.953334742955;-27.1112529370997
341.974954830351;-27.4322634557616
341.996574917748;-27.7476762777365
342.018195005144;-28.0589776019149
342.039815092541;-28.3617286573203
342.061435179937;-28.6543824949749
342.083055267334;-28.9151533247276
342.10467535473;-29.1258060152893
342.126295442127;-29.2809838538044
342.147915529524;-29.3703861320622
342.16953561692;-29.3950163541867
342.191155704317;-29.3568392069751
342.212775791713;-29.2435645787041
342.23439587911;-29.0551193333965
342.256015966506;-28.8077684070367
342.277636053903;-28.5109153810029
342.299256141299;-28.1613460105168
342.320876228696;-27.7593635430697
342.342496316092;-27.3243591138445
342.364116403489;-26.8847370909813
342.385736490885;-26.4429997848727
342.407356578282;-25.9925777052609
342.428976665678;-25.5528137918126
342.450596753075;-25.1575968338837
342.472216840472;-24.8188057173665
342.493836927868;-24.5295837184203
342.515457015265;-24.2942580233023
342.537077102661;-24.1141890434779
342.558697190058;-23.9818987085959
342.580317277454;-23.8885341344134
342.601937364851;-23.8236834282126
342.623557452247;-23.7742285031025
342.645177539644;-23.7274325870403
342.66679762704;-23.6721566860553
342.688417714437;-23.6017347293166
342.710037801833;-23.5116020654937
342.73165788923;-23.3943594498367
342.753277976626;-23.24240154358
342.774898064023;-23.0556181454817
342.796518151419;-22.8421814058335
342.818138238816;-22.605476772625
342.839758326213;-22.3430773219517
342.861378413609;-22.0574898533142
342.882998501006;-21.7477273792441
342.904618588402;-21.4100429218703
342.926238675799;-21.0457769642561
342.947858763195;-20.660449781597
342.969478850592;-20.2572045468274
342.991098937988;-19.8346936565011
343.012719025385;-19.398683810419
343.034339112781;-18.9682654998833
343.055959200178;-18.5381700550061
343.077579287574;-18.0949805615216
343.099199374971;-17.6612376246655
343.120819462367;-17.2741017459141
343.142439549764;-16.9311904360341
343.164059637161;-16.6233798206155
343.185679724557;-16.3498323287897
343.207299811954;-16.1197236465855
343.22891989935;-15.9469406525904
343.250539986747;-15.836078117654
343.272160074143;-15.7846194203446
343.29378016154;-15.792318183337
343.315400248936;-15.8616471576217
343.337020336333;-15.9894238167538
343.358640423729;-16.1590474454122
343.380260511126;-16.3530691409926
343.401880598522;-16.5640287537409
343.423500685919;-16.7872356006607
343.445120773315;-17.0101700049542
343.466740860712;-17.2101596376285
343.488360948108;-17.3681495556776
343.509981035505;-17.472838180729
343.531601122902;-17.5135025733529
343.553221210298;-17.4843570885604
343.574841297695;-17.3890123426578
343.596461385091;-17.2439596550438
343.618081472488;-17.0535369775042
343.639701559884;-16.8308393554732
343.661321647281;-16.5926076818543
343.682941734677;-16.3506626377319
343.704561822074;-16.1029522083946
343.72618190947;-15.8561972800742
343.747801996867;-15.6178397759241
343.769422084263;-15.3844949761901
343.79104217166;-15.1560397112788
343.812662259056;-14.9568746994613
343.834282346453;-14.781016047194
343.85590243385;-14.6054965032286
343.877522521246;-14.4195603721697
343.899142608643;-14.2298043216749
343.920762696039;-14.0381849440776
343.942382783436;-13.8438368006901
343.964002870832;-13.6471045965086
343.985622958229;-13.4560721631241
344.007243045625;-13.283676820117
344.028863133022;-13.1350431908414
344.050483220418;-13.0179204946596
344.072103307815;-12.950237218667
344.093723395211;-12.9428150640757
344.115343482608;-12.9879825585122
344.136963570004;-13.0811580961239
344.158583657401;-13.2210452168466
344.180203744798;-13.4047809347463
344.201823832194;-13.6229524810756
344.223443919591;-13.8753228030251
344.245064006987;-14.1623469424731
344.266684094384;-14.4763874872491
344.28830418178;-14.8112014163532
344.309924269177;-15.156811084334
344.331544356573;-15.5024011769807
344.35316444397;-15.8413339620603
344.374784531366;-16.1704178666204
344.396404618763;-16.4811463998435
344.418024706159;-16.7703023207892
344.439644793556;-17.0292244799333
344.461264880952;-17.2609519287686
344.482884968349;-17.4729209688379
344.504505055745;-17.6737191104087
344.526125143142;-17.8732147455794
344.547745230539;-18.086674334432
344.569365317935;-18.3272758955331
344.590985405332;-18.5958875885292
344.612605492728;-18.8809267279949
344.634225580125;-19.1776341018297
344.655845667521;-19.4963023314317
344.677465754918;-19.8595788387478
344.699085842314;-20.2814882050968
344.720705929711;-20.7449776027934
344.742326017107;-21.2286069391304
344.763946104504;-21.7246957167917
344.7855661919;-22.2338862223118
344.807186279297;-22.7628698360254
344.828806366693;-23.3160528659265
344.85042645409;-23.8911693308803
344.872046541487;-24.4836555313667
344.893666628883;-25.083282804236
344.91528671628;-25.6811183009199
344.936906803676;-26.2700220382177
344.958526891073;-26.8312755343035
344.980146978469;-27.3683047538603
345.001767065866;-27.8906366558361
345.023387153262;-28.3755984253008
345.045007240659;-28.8016405856587
345.066627328055;-29.1562548294371
345.088247415452;-29.4449247698516
345.109867502848;-29.6664130788289
345.131487590245;-29.79729471332
345.153107677641;-29.812729425869
345.174727765038;-29.7481960736828
345.196347852434;-29.6268840175309
345.217967939831;-29.4531166026659
345.239588027228;-29.2300259492297
345.261208114624;-28.9586205323028
345.282828202021;-28.6563133642896
345.304448289417;-28.3392625819472
345.326068376814;-28.023055396281
345.34768846421;-27.7262074082396
345.369308551607;-27.4689850251274
345.390928639003;-27.2717172071813
345.4125487264;-27.142540494529
345.434168813796;-27.0847023744703
345.455788901193;-27.0981821948567
345.477408988589;-27.1719369612968
345.499029075986;-27.289457130914
345.520649163382;-27.4425933322831
345.542269250779;-27.6294599211747
345.563889338175;-27.8372820996775
345.585509425572;-28.0371164247844
345.607129512969;-28.1996293711889
345.628749600365;-28.3163944135406
345.650369687762;-28.3839298299125
345.671989775158;-28.3912948572387
345.693609862555;-28.3331916319128
345.715229949951;-28.2192199694181
345.736850037348;-28.0578162068777
345.758470124744;-27.8486247493583
345.780090212141;-27.5967969941519
345.801710299537;-27.3219574383526
345.823330386934;-27.0273341018117
345.84495047433;-26.7104386058524
345.866570561727;-26.3765145711798
345.888190649123;-26.0356369569172
345.90981073652;-25.7010450507686
345.931430823916;-25.3870640973963
345.953050911313;-25.1012125090119
345.97467099871;-24.8332505810633
345.996291086106;-24.5669555407973
346.017911173503;-24.3010973790152
346.039531260899;-24.0514573724893
346.061151348296;-23.8211054469038
346.082771435692;-23.6033409123464
346.104391523089;-23.3875270885007
346.126011610485;-23.1704429707714
346.147631697882;-22.9724829791479
346.169251785278;-22.814529358826
346.190871872675;-22.6948136962869
346.212491960071;-22.594475044322
346.234112047468;-22.5040824401989
346.255732134864;-22.4274552978416
346.277352222261;-22.3695541543798
346.298972309658;-22.3252977912637
346.320592397054;-22.2832006691055
346.342212484451;-22.2344154715179
346.363832571847;-22.181042877346
346.385452659244;-22.1328596003377
346.40707274664;-22.0914020392219
346.428692834037;-22.0525224349545
346.450312921433;-22.0120012718561
346.47193300883;-21.9579327627668
346.493553096226;-21.8861774707974
346.515173183623;-21.8048976280464
346.536793271019;-21.7251261364084
346.558413358416;-21.6452907822614
346.580033445812;-21.5498303329537
346.601653533209;-21.4217417744295
346.623273620605;-21.2578774311508
346.644893708002;-21.0741693819521
346.666513795399;-20.8859686878388
346.688133882795;-20.6955220337173
346.709753970192;-20.5022775231506
346.731374057588;-20.3111293202032
346.752994144985;-20.1342214323416
346.774614232381;-19.9854689851184
346.796234319778;-19.8698349863172
346.817854407174;-19.7759473895931
346.839474494571;-19.6980011264511
346.861094581967;-19.6578779134046
346.882714669364;-19.6491493902753
346.90433475676;-19.6459232261978
346.925954844157;-19.6395773369123
346.947574931553;-19.6390079085896
346.96919501895;-19.6534000226344
346.990815106346;-19.6861671809723
347.012435193743;-19.7341989855973
347.03405528114;-19.7895052502805
347.055675368536;-19.8501182997378
347.077295455933;-19.9201120297849
347.098915543329;-19.9963663323411
347.120535630726;-20.0728226818204
347.142155718122;-20.151386956945
347.163775805519;-20.2366402850959
347.185395892915;-20.3238635071311
347.207015980312;-20.4027137195853
347.228636067708;-20.4582103720205
347.250256155105;-20.4826236540723
347.271876242501;-20.491357793863
347.293496329898;-20.4906405165969
347.315116417294;-20.4747531351674
347.336736504691;-20.4377787658959
347.358356592088;-20.3842242070323
347.379976679484;-20.3257199148598
347.401596766881;-20.2655038121467
347.423216854277;-20.1987242857964
347.444836941674;-20.1204679328724
347.46645702907;-20.0385394051926
347.488077116467;-19.9684131549046
347.509697203863;-19.9180892935051
347.53131729126;-19.8887286915917
347.552937378656;-19.8837722700574
347.574557466053;-19.9087966529349
347.596177553449;-19.9615684498367
347.617797640846;-20.0405989862759
347.639417728242;-20.1468638848608
347.661037815639;-20.2839428243984
347.682657903035;-20.463325205253
347.704277990432;-20.662436678748
347.725898077829;-20.8507923943319
347.747518165225;-21.0167212405333
347.769138252622;-21.1559867488446
347.790758340018;-21.2728060107983
347.812378427415;-21.3758276117718
347.833998514811;-21.4665445993613
347.855618602208;-21.5459045745254
347.877238689604;-21.6159937682214
347.898858777001;-21.6763137318958
347.920478864397;-21.7305669229744
347.942098951794;-21.7767908759927
347.96371903919;-21.8090176401828
347.985339126587;-21.8265384081107
348.006959213983;-21.8330370231901
348.02857930138;-21.8338129114465
348.050199388776;-21.8302782804632
348.071819476173;-21.8167390020288
348.09343956357;-21.7911795054499
348.115059650966;-21.7562512798878
348.136679738363;-21.7151522952063
348.158299825759;-21.6697323909125
348.179919913156;-21.6166803921261
348.201540000552;-21.5606444709375
348.223160087949;-21.5098421784881
348.244780175345;-21.4657122446137
348.266400262742;-21.4237266029346
348.288020350138;-21.3906641437719
348.309640437535;-21.3833466867473
348.331260524931;-21.3877570319699
348.352880612328;-21.3924292612654
348.374500699724;-21.4051312250783
348.396120787121;-21.4223722620074
348.417740874518;-21.4395052275651
348.439360961914;-21.458427569981
348.460981049311;-21.4766477864117
348.482601136707;-21.4861272246789
348.504221224104;-21.4796531714845
348.5258413115;-21.4539587052914
348.547461398897;-21.4044466706117
348.569081486293;-21.3306221514249
348.59070157369;-21.2552894121778
348.612321661086;-21.1927947188882
348.633941748483;-21.1463411581377
348.655561835879;-21.1184132882492
348.677181923276;-21.1198820280298
348.698802010672;-21.1777469143359
348.720422098069;-21.3043505973624
348.742042185465;-21.5070283238644
348.763662272862;-21.7869370834472
348.785282360259;-22.1341609123444
348.806902447655;-22.5352006677369
348.828522535052;-22.9759902208811
348.850142622448;-23.4668763439892
348.871762709845;-23.9935189520377
348.893382797241;-24.46441384673
348.915002884638;-24.8348624054193
348.936622972034;-25.085962881742
348.958243059431;-25.2530619738799
348.979863146827;-25.3482402730582
349.001483234224;-25.3445599969307
349.02310332162;-25.2266368282082
349.044723409017;-25.0162234922759
349.066343496413;-24.7351890609854
349.08796358381;-24.4004868261421
349.109583671207;-24.0171538407034
349.131203758603;-23.6072958425145
349.152823846;-23.2129704329786
349.174443933396;-22.8627305115292
349.196064020793;-22.5714877104302
349.217684108189;-22.342993123166
349.239304195586;-22.1687720420358
349.260924282982;-22.0406158568909
349.282544370379;-21.9590617530526
349.304164457775;-21.9236396556364
349.325784545172;-21.9214603261307
349.347404632568;-21.9457351699041
349.369024719965;-21.9938421072584
349.390644807361;-22.0713506703386
349.412264894758;-22.1689054846943
349.433884982155;-22.2617173485496
349.455505069551;-22.3386219003057
349.477125156948;-22.410345042465
349.498745244344;-22.4762023213521
349.520365331741;-22.527783044278
349.541985419137;-22.5608805717939
349.563605506534;-22.5734789522706
349.58522559393;-22.5651895209185
349.606845681327;-22.5439204301145
349.628465768723;-22.5150560376104
349.65008585612;-22.4876922331375
349.671705943516;-22.4676163900299
349.693326030913;-22.45962342684
349.714946118309;-22.4680194130923
349.736566205706;-22.4951409235281
349.758186293102;-22.5452071612448
349.779806380499;-22.6199483942237
349.801426467896;-22.7085966670444
349.823046555292;-22.816696661758
349.844666642689;-22.9524217958885
349.866286730085;-23.1140557416909
349.887906817482;-23.2926409494778
349.909526904878;-23.4823351920177
349.931146992275;-23.6830894167363
349.952767079671;-23.8959128105948
349.974387167068;-24.1035703267612
349.996007254464;-24.2985387824263
350.017627341861;-24.4843618011459
350.039247429257;-24.6536075752511
350.060867516654;-24.7976054143501
350.08248760405;-24.9108918018753
350.104107691447;-24.9862197668701
350.125727778844;-25.0165990905833
350.14734786624;-24.9993979086121
350.168967953637;-24.9349789221619
350.190588041033;-24.8310442552063
350.21220812843;-24.6968288193936
350.233828215826;-24.5346906639867
350.255448303223;-24.3443618159259
350.277068390619;-24.1275971033248
350.298688478016;-23.8875349186446
350.320308565412;-23.6325676103328
350.341928652809;-23.3745750116118
350.363548740205;-23.1171073884198
350.385168827602;-22.8562601159277
350.406788914998;-22.5846504966958
350.428409002395;-22.2986065018064
350.450029089791;-22.0009786933026
350.471649177188;-21.7183593134305
350.493269264585;-21.4775274477488
350.514889351981;-21.2702502802726
350.536509439378;-21.0796930006083
350.558129526774;-20.9115501680206
350.579749614171;-20.7887945152838
350.601369701567;-20.7206653003264
350.622989788964;-20.7015746146669
350.64460987636;-20.7287589714254
350.666229963757;-20.8001037337388
350.687850051153;-20.9153645333266
350.70947013855;-21.071459837754
350.731090225946;-21.2576532362487
350.752710313343;-21.4664142548297
350.774330400739;-21.6953042259222
350.795950488136;-21.9413137452914
350.817570575533;-22.1889127903851
350.839190662929;-22.4164575547361
350.860810750326;-22.6146746440562
350.882430837722;-22.7788673682289
350.904050925119;-22.9023883217946
350.925671012515;-22.9803249686647
350.947291099912;-23.0117963600535
350.968911187308;-22.9964631562657
350.990531274705;-22.9362995877807
351.012151362101;-22.8352056109549
351.033771449498;-22.6983816707183
351.055391536894;-22.537762311675
351.077011624291;-22.3677848169788
351.098631711687;-22.1982535012493
351.120251799084;-22.0338664253758
351.14187188648;-21.8771075738933
351.163491973877;-21.7274313404167
351.185112061274;-21.5788557116654
351.20673214867;-21.4348151990133
351.228352236067;-21.3053036236903
351.249972323463;-21.1837138906482
351.27159241086;-21.0562932808952
351.293212498256;-20.9254757947504
351.314832585653;-20.7976862240683
351.336452673049;-20.6659402449341
351.358072760446;-20.5158564390689
351.379692847842;-20.3319227243154
351.401312935239;-20.1174588290891
351.422933022635;-19.8922026219299
351.444553110032;-19.6632698567345
351.466173197428;-19.4222688836976
351.487793284825;-19.1644592662459
351.509413372221;-18.8936188235929
351.531033459618;-18.616191095469
351.552653547015;-18.342185937762
351.574273634411;-18.0780303634023
351.595893721808;-17.821983749618
351.617513809204;-17.5685349812014
351.639133896601;-17.3166207279595
351.660753983997;-17.0684377189226
351.682374071394;-16.8275178220926
351.70399415879;-16.6021643811743
351.725614246187;-16.3888521260863
351.747234333583;-16.176984010606
351.76885442098;-15.9651052642812
351.790474508376;-15.7633195553854
351.812094595773;-15.5761820139666
351.833714683169;-15.4001515233257
351.855334770566;-15.2294644999331
351.876954857962;-15.0635545791324
351.898574945359;-14.9027595185635
351.920195032756;-14.7432732209359
351.941815120152;-14.5810973959064
351.963435207549;-14.4131695027642
351.985055294945;-14.2392132825107
352.006675382342;-14.0583578225349
352.028295469738;-13.8662674931789
352.049915557135;-13.6607057616738
352.071535644531;-13.4493192814164
352.093155731928;-13.2275374358561
352.114775819324;-12.9992188250071
352.136395906721;-12.7650320872473
352.158015994117;-12.5184528060244
352.179636081514;-12.2619101723885
352.20125616891;-11.9973885378828
352.222876256307;-11.7261703328242
352.244496343704;-11.4639050135795
352.2661164311;-11.2295214766869
352.287736518497;-11.0290021375404
352.309356605893;-10.8653525245025
352.33097669329;-10.7474446122781
352.352596780686;-10.6737237285584
352.374216868083;-10.6390622843644
352.395836955479;-10.6414956414399
352.417457042876;-10.6822683115946
352.439077130272;-10.7596322998366
352.460697217669;-10.866845043964
352.482317305065;-10.9946961118669
352.503937392462;-11.1346583801383
352.525557479858;-11.2807898934419
352.547177567255;-11.4331130224755
352.568797654651;-11.5908606733047
352.590417742048;-11.7483289225713
352.612037829445;-11.9090376622988
352.633657916841;-12.0873039508428
352.655278004238;-12.2968218492332
352.676898091634;-12.5388733989506
352.698518179031;-12.8054118780388
352.720138266427;-13.0893675729622
352.741758353824;-13.3993753835896
352.76337844122;-13.7420739503768
352.784998528617;-14.1143780918975
352.806618616013;-14.5047616290265
352.82823870341;-14.9014344829257
352.849858790806;-15.2995459025536
352.871478878203;-15.6921890833606
352.893098965599;-16.0694095120498
352.914719052996;-16.4266135390103
352.936339140392;-16.7539508154822
352.957959227789;-17.0371382823463
352.979579315186;-17.2747229504373
353.001199402582;-17.4724928869204
353.022819489979;-17.62772303682
353.044439577375;-17.7390592991887
353.066059664772;-17.8185913366764
353.087679752168;-17.8654699776236
353.109299839565;-17.8848625358886
353.130919926961;-17.8891768751363
353.152540014358;-17.8901326749546
353.174160101754;-17.8960457804068
353.195780189151;-17.9083863903963
353.217400276547;-17.9255393911437
353.239020363944;-17.9466365589481
353.26064045134;-17.9687659294471
353.282260538737;-17.9879747513172
353.303880626133;-18.0038865146975
353.32550071353;-18.0168087483547
353.347120800927;-18.029984499043
353.368740888323;-18.0388035578523
353.39036097572;-18.0319701476023
353.411981063116;-18.0029808538169
353.433601150513;-17.9536017294837
353.455221237909;-17.8934502539551
353.476841325306;-17.8277547036548
353.498461412702;-17.7503310987416
353.520081500099;-17.6532465551745
353.541701587495;-17.5426594866786
353.563321674892;-17.422040652956
353.584941762288;-17.2899463093579
353.606561849685;-17.1490072734392
353.628181937081;-17.013434088823
353.649802024478;-16.8992807599294
353.671422111875;-16.8100452518261
353.693042199271;-16.7485537074775
353.714662286668;-16.7215186152896
353.736282374064;-16.7362109010819
353.757902461461;-16.8005179050709
353.779522548857;-16.9230702287767
353.801142636254;-17.1008016168566
353.82276272365;-17.3198640356031
353.844382811047;-17.5659222753022
353.866002898443;-17.8361149355339
353.88762298584;-18.1435311845051
353.909243073236;-18.4894926073389
353.930863160633;-18.8425303332203
353.952483248029;-19.1719666276241
353.974103335426;-19.4817678093901
353.995723422822;-19.7775281973408
354.017343510219;-20.0598443134606
354.038963597616;-20.3320699904566
354.060583685012;-20.5951593816589
354.082203772409;-20.8522733244108
354.103823859805;-21.1011364899205
354.125443947202;-21.3306143473664
354.147064034598;-21.5281196712369
354.168684121995;-21.6927202291825
354.190304209391;-21.8272338297779
354.211924296788;-21.9192749830289
354.233544384184;-21.9601190086144
354.255164471581;-21.9548080594665
354.276784558977;-21.9020455205152
354.298404646374;-21.81418393888
354.32002473377;-21.684355857511
354.341644821167;-21.5053549885438
354.363264908564;-21.2665055193219
354.38488499596;-20.9736256979835
354.406505083357;-20.6688962881412
354.428125170753;-20.3705306971728
354.44974525815;-20.0639600254884
354.471365345546;-19.754210094624
354.492985432943;-19.4438919512854
354.514605520339;-19.1379083526408
354.536225607736;-18.8437144939257
354.557845695132;-18.5678659668825
354.579465782529;-18.3184217170124
354.601085869925;-18.1100135881929
354.622705957322;-17.948421139719
354.644326044718;-17.8270679753863
354.665946132115;-17.7372897605297
354.687566219512;-17.6762962422493
354.709186306908;-17.634960031141
354.730806394305;-17.6006655343147
354.752426481701;-17.56342697449
354.774046569098;-17.5166623303049
354.795666656494;-17.460255445367
354.817286743891;-17.3967071546858
354.838906831287;-17.3241396884339
354.860526918684;-17.2372954440398
354.88214700608;-17.1302280960225
354.903767093477;-17.0027474910277
354.925387180873;-16.8585833183869
354.94700726827;-16.7046431136753
354.968627355666;-16.5504008569476
354.990247443063;-16.4060692817147
355.011867530459;-16.2809484735003
355.033487617856;-16.1823104305479
355.055107705253;-16.1124839668728
355.076727792649;-16.0734673540656
355.098347880046;-16.0706624755878
355.119967967442;-16.1068661651812
355.141588054839;-16.1821929495716
355.163208142235;-16.2992338899995
355.184828229632;-16.4574044995262
355.206448317028;-16.6483226508223
355.228068404425;-16.8643318976186
355.249688491821;-17.1030188694056
355.271308579218;-17.3621720748104
355.292928666614;-17.6292136227857
355.314548754011;-17.8853329819051
355.336168841407;-18.1218858977351
355.357788928804;-18.337982580785
355.379409016201;-18.531223884469
355.401029103597;-18.6926134392042
355.422649190994;-18.8088751152432
355.44426927839;-18.8737503920108
355.465889365787;-18.8895256535176
355.487509453183;-18.861879152815
355.50912954058;-18.8003496738466
355.530749627976;-18.7111830359738
355.552369715373;-18.5958960841517
355.573989802769;-18.4532479553832
355.595609890166;-18.2858927913112
355.617229977562;-18.105310945086
355.638850064959;-17.9140234148546
355.660470152355;-17.7068145247274
355.682090239752;-17.4839276724096
355.703710327148;-17.2443053642676
355.725330414545;-16.9803777455727
355.746950501942;-16.6910488080914
355.768570589338;-16.3970796547291
355.790190676735;-16.1213869278716
355.811810764131;-15.8724536921696
355.833430851528;-15.6410774464201
355.855050938924;-15.4256148339644
355.876671026321;-15.2368214288689
355.898291113717;-15.0948028467056
355.919911201114;-15.0003212424659
355.94153128851;-14.9371321175182
355.963151375907;-14.8924447217237
355.984771463303;-14.8636124403342
356.0063915507;-14.8430884553723
356.028011638096;-14.8119867244845
356.049631725493;-14.7533230822541
356.07125181289;-14.6539510165881
356.092871900286;-14.5157846090457
356.114491987683;-14.3443155759518
356.136112075079;-14.1354030502727
356.157732162476;-13.8869491642732
356.179352249872;-13.6079154665893
356.200972337269;-13.3060912679499
356.222592424665;-12.9892827214125
356.244212512062;-12.6636801944466
356.265832599458;-12.3284331404678
356.287452686855;-11.988293081187
356.309072774251;-11.6557644452208
356.330692861648;-11.3401413159964
356.352312949044;-11.0459459026243
356.373933036441;-10.7792105317493
356.395553123837;-10.5479160331084
356.417173211234;-10.3535280574093
356.438793298631;-10.1937661721899
356.460413386027;-10.0719208958745
356.482033473424;-10.0017458271122
356.50365356082;-9.99473250160229
356.525273648217;-10.0455480904794
356.546893735613;-10.1475027880351
356.56851382301;-10.3023847662691
356.590133910406;-10.5143161768762
356.611753997803;-10.7750086494874
356.633374085199;-11.0674883034086
356.654994172596;-11.3798889974002
356.676614259992;-11.7130486208636
356.698234347389;-12.0727756404428
356.719854434785;-12.4649971231693
356.741474522182;-12.8732768044327
356.763094609578;-13.2603467625873
356.784714696975;-13.602820995282
356.806334784372;-13.8927220838768
356.827954871768;-14.1391832342785
356.849574959165;-14.3536975478259
356.871195046561;-14.5387632151075
356.892815133958;-14.6885099665963
356.914435221354;-14.7910176662606
356.936055308751;-14.8429309081315
356.957675396147;-14.8601356802468
356.979295483544;-14.858070952697
357.00091557094;-14.8416518687389
357.022535658337;-14.8106326647888
357.044155745733;-14.7720025756314
357.06577583313;-14.7385485300948
357.087395920526;-14.7206713920127
357.109016007923;-14.7226152027023
357.130636095319;-14.7480337820732
357.152256182716;-14.79539761027
357.173876270113;-14.8659405023759
357.195496357509;-14.9638489912177
357.217116444906;-15.0907011112105
357.238736532302;-15.2471743902413
357.260356619699;-15.4174349875842
357.281976707095;-15.5763605113969
357.303596794492;-15.7211218154207
357.325216881888;-15.8620893712523
357.346836969285;-16.0002186190428
357.368457056681;-16.1161323484599
357.390077144078;-16.1970669587592
357.411697231474;-16.244041636274
357.433317318871;-16.2561799816632
357.454937406267;-16.2313800235831
357.476557493664;-16.1676415145516
357.498177581061;-16.0652125980613
357.519797668457;-15.9245864578373
357.541417755854;-15.7626882296045
357.56303784325;-15.5871445950999
357.584657930647;-15.3994123563477
357.606278018043;-15.1937385591182
357.62789810544;-14.9670247262472
357.649518192836;-14.7392831936976
357.671138280233;-14.5231582154459
357.692758367629;-14.3125064949786
357.714378455026;-14.1055469440805
357.735998542422;-13.9070882648887
357.757618629819;-13.7200537017576
357.779238717215;-13.5383406426648
357.800858804612;-13.3612460281449
357.822478892008;-13.1915689059427
357.844098979405;-13.0193470380731
357.865719066802;-12.8349445514352
357.887339154198;-12.6389242787803
357.908959241595;-12.4253370480638
357.930579328991;-12.1832330159397
357.952199416388;-11.9142429906167
357.973819503784;-11.6205158732205
357.995439591181;-11.3001973439159
358.017059678577;-10.9495420714795
358.038679765974;-10.579143959496
358.06029985337;-10.2001695867827
358.081919940767;-9.8274470333352
358.103540028163;-9.4697551173984
358.12516011556;-9.12736029814386
358.146780202956;-8.80426614860713
358.168400290353;-8.51412526681812
358.19002037775;-8.26415645225337
358.211640465146;-8.05419276989497
358.233260552543;-7.88263750337054
358.254880639939;-7.74205753990595
358.276500727336;-7.62385035677764
358.298120814732;-7.52130964058426
358.319740902129;-7.42815259654512
358.341360989525;-7.33324648876778
358.362981076922;-7.23714955838233
358.384601164318;-7.13671095381132
358.406221251715;-7.0351270718215
358.427841339111;-6.92963376327118
358.449461426508;-6.82290621980467
358.471081513904;-6.7255736517442
358.492701601301;-6.64815410225128
358.514321688697;-6.5968550618793
358.535941776094;-6.57554169719084
358.557561863491;-6.5943412081902
358.579181950887;-6.64935239240381
358.600802038284;-6.75181967151301
358.62242212568;-6.9069460515442
358.644042213077;-7.11556186257304
358.665662300473;-7.39242771095544
358.68728238787;-7.73370170715195
358.708902475266;-8.13145633405
358.730522562663;-8.57622747459821
358.752142650059;-9.07086111754817
358.773762737456;-9.63421501301105
358.795382824852;-10.2670952778923
358.817002912249;-10.9502742477643
358.838622999645;-11.6655657323121
358.860243087042;-12.4003831739464
358.881863174438;-13.1504673048677
358.903483261835;-13.9019752054649
358.925103349232;-14.6308967916903
358.946723436628;-15.3232114442684
358.968343524025;-15.9778280041385
358.989963611421;-16.5862043829025
359.011583698818;-17.117458653076
359.033203786214;-17.5514781043577
359.054823873611;-17.8889115787813
359.076443961007;-18.142921218611
359.098064048404;-18.3238673232351
359.1196841358;-18.4341895218638
359.141304223197;-18.4643568956058
359.162924310593;-18.4364271933608
359.18454439799;-18.3734911566332
359.206164485386;-18.2881036757499
359.227784572783;-18.1873952064807
359.249404660179;-18.0682662626064
359.271024747576;-17.9259412616541
359.292644834973;-17.7639542399427
359.314264922369;-17.5911896748914
359.335885009766;-17.4113212081656
359.357505097162;-17.2268008562737
359.379125184559;-17.0417570579757
359.400745271955;-16.8458103213062
359.422365359352;-16.6236192418498
359.443985446748;-16.3779581916147
359.465605534145;-16.1148488881402
359.487225621541;-15.8263365150009
359.508845708938;-15.5097978988733
359.530465796334;-15.1706693041483
359.552085883731;-14.8114002276376
359.573705971127;-14.433931152738
359.595326058524;-14.0440836782291
359.616946145921;-13.654201956719
359.638566233317;-13.2755068378897
359.660186320714;-12.9139785755182
359.68180640811;-12.5728351112184
359.703426495507;-12.2528117786942
359.725046582903;-11.9501049949156
359.7466666703;-11.6666248554522
359.768286757696;-11.4158179530864
359.789906845093;-11.2006270890041
359.811526932489;-11.0084338909192
359.833147019886;-10.8352903679295
359.854767107282;-10.6857394411413
359.876387194679;-10.5642087921535
359.898007282075;-10.4677721937674
359.919627369472;-10.3898849599304
359.941247456869;-10.326385930667
359.962867544265;-10.2775945797864
359.984487631662;-10.2477874873067
360.006107719058;-10.2412308727443
360.027727806455;-10.2641454016749
360.049347893851;-10.3001202741344
360.070967981248;-10.3423872096935
360.092588068644;-10.3938116236059
360.114208156041;-10.4709166049389
360.135828243437;-10.5777976344256
360.157448330834;-10.7091478616709
360.17906841823;-10.8595972311899
360.200688505627;-11.0290205230304
360.222308593023;-11.2206680734098
360.24392868042;-11.4271629834213
360.265548767816;-11.6413193266205
360.287168855213;-11.8632007434108
360.30878894261;-12.0952049843629
360.330409030006;-12.3356900484491
360.352029117403;-12.5789530125726
360.373649204799;-12.8194312811429
360.395269292196;-13.0486724312144
360.416889379592;-13.2581738501668
360.438509466989;-13.443379451892
360.460129554385;-13.6017082078168
360.481749641782;-13.7256306438454
360.503369729178;-13.8043823959794
360.524989816575;-13.8364537000416
360.546609903971;-13.8245527925882
360.568229991368;-13.7736945875671
360.589850078764;-13.6929496215585
360.611470166161;-13.5946642426924
360.633090253558;-13.4922822787467
360.654710340954;-13.4004641503093
360.676330428351;-13.3335119892448
360.697950515747;-13.3004637387658
360.719570603144;-13.3049030732813
360.74119069054;-13.3514120698964
360.762810777937;-13.4423600665373
360.784430865333;-13.5743973395658
360.80605095273;-13.7374289409951
360.827671040126;-13.9236561549064
360.849291127523;-14.1333350021086
360.870911214919;-14.3675529556487
360.892531302316;-14.6031323051954
360.914151389712;-14.8223904149304
360.935771477109;-15.0232988531492
360.957391564505;-15.2034206777943
360.979011651902;-15.3632568734169
361.000631739299;-15.507248822746
361.022251826695;-15.6376204419718
361.043871914092;-15.748794469568
361.065492001488;-15.8328278404127
361.087112088885;-15.8885094879982
361.108732176281;-15.9171583671168
361.130352263678;-15.9161544635622
361.151972351074;-15.8766822305862
361.173592438471;-15.7874472626747
361.195212525867;-15.6531232351555
361.216832613264;-15.4853709737297
361.23845270066;-15.2866610375435
361.260072788057;-15.0522994915811
361.281692875453;-14.78330423129
361.30331296285;-14.5006068989542
361.324933050247;-14.2238641855479
361.346553137643;-13.9616004781057
361.36817322504;-13.7200232887251
361.389793312436;-13.5018150455539
361.411413399833;-13.3183334906631
361.433033487229;-13.1857715253411
361.454653574626;-13.1067385400048
361.476273662022;-13.0784212832195
361.497893749419;-13.0994958625658
361.519513836815;-13.168309625834
361.541133924212;-13.2815625434325
361.562754011608;-13.4350094429971
361.584374099005;-13.6174357782684
361.605994186401;-13.8207782530618
361.627614273798;-14.0446581853898
361.649234361194;-14.289660763235
361.670854448591;-14.5548747033246
361.692474535988;-14.8328998723787
361.714094623384;-15.1048303156288
361.735714710781;-15.3750865954258
361.757334798177;-15.6506869900298
361.778954885574;-15.9317932561056
361.80057497297;-16.2059516818176
361.822195060367;-16.4522651566177
361.843815147763;-16.6619369636743
361.86543523516;-16.8393317641572
361.887055322556;-16.9842363597756
361.908675409953;-17.0894733948093
361.930295497349;-17.1499071867395
361.951915584746;-17.1621994536135
361.973535672142;-17.1217241400304
361.995155759539;-17.027117945164
362.016775846936;-16.8905144901086
362.038395934332;-16.7243398885799
362.060016021729;-16.5286000480003
362.081636109125;-16.2958419033351
362.103256196522;-16.0260329816537
362.124876283918;-15.7306379118681
362.146496371315;-15.4177754922729
362.168116458711;-15.0914629847194
362.189736546108;-14.7614614361008
362.211356633504;-14.4378568249334
362.232976720901;-14.107227684727
362.254596808297;-13.7643743631819
362.276216895694;-13.4263278716415
362.29783698309;-13.101715209505
362.319457070487;-12.7891599016414
362.341077157883;-12.4828160778305
362.36269724528;-12.1870013382473
362.384317332677;-11.9103556605049
362.405937420073;-11.6506591947199
362.42755750747;-11.4013725091824
362.449177594866;-11.1608644381859
362.470797682263;-10.9348440463288
362.492417769659;-10.7219971409138
362.514037857056;-10.504559697383
362.535657944452;-10.2868521920354
362.557278031849;-10.0883817621483
362.578898119245;-9.91372448056106
362.600518206642;-9.75833781304979
362.622138294038;-9.63058011790948
362.643758381435;-9.54024740559503
362.665378468831;-9.49165801859398
362.686998556228;-9.48420856908315
362.708618643624;-9.51202332856948
362.730238731021;-9.57266002836451
362.751858818418;-9.66223990339344
362.773478905814;-9.76820433865583
362.795098993211;-9.87838347965612
362.816719080607;-9.98372436633716
362.838339168004;-10.077240368637
362.8599592554;-10.1598637416305
362.881579342797;-10.236660143238
362.903199430193;-10.3122846886713
362.92481951759;-10.3842731243492
362.946439604986;-10.4482103035609
362.968059692383;-10.5019842713483
